<?xml version="1.0" encoding="UTF-8"?>

<!-- generated on 07/02/19 12:11:04 by Eclipse SUMO GUI Version 1.0.1
<configuration xmlns:xsi="http://www.w3.org/2001/XMLSchema-instance" xsi:noNamespaceSchemaLocation="http://sumo.dlr.de/xsd/sumoConfiguration.xsd">

    <input>
        <net-file value="F:\jiaotong\sumo\bin\new\gnet.net.xml"/>
        <route-files value="F:\jiaotong\sumo\bin\new\grou.rou.xml"/>
        <additional-files value="F:\jiaotong\sumo\bin\new\gadd.additional.xml"/>
    </input>

    <output>
        <queue-output value="F:\jiaotong\sumo\bin\new\Queue.xml"/>
        <summary-output value="F:\jiaotong\sumo\bin\new\Summary.xml"/>
    </output>

    <time>
        <begin value="0"/>
        <end value="11000"/>
    </time>

    <processing>
        <time-to-teleport value="11000"/>
    </processing>

    <gui_only>
        <gui-settings-file value="F:\jiaotong\sumo\bin\new\gview.view.xml"/>
        <quit-on-end value="true"/>
        <start value="true"/>
    </gui_only>

</configuration>
-->

<detector xmlns:xsi="http://www.w3.org/2001/XMLSchema-instance" xsi:noNamespaceSchemaLocation="http://sumo.dlr.de/xsd/det_e1_file.xsd">
    <interval begin="0.00" end="30.00" id="D1" nVehContrib="1" flow="120.00" occupancy="4.83" speed="3.45" length="5.00" nVehEntered="1"/>
    <interval begin="30.00" end="60.00" id="D1" nVehContrib="1" flow="120.00" occupancy="5.99" speed="2.78" length="5.00" nVehEntered="1"/>
    <interval begin="60.00" end="90.00" id="D1" nVehContrib="1" flow="120.00" occupancy="5.69" speed="2.93" length="5.00" nVehEntered="1"/>
    <interval begin="90.00" end="120.00" id="D1" nVehContrib="0" flow="0.00" occupancy="0.00" speed="-1.00" length="-1.00" nVehEntered="0"/>
    <interval begin="120.00" end="150.00" id="D1" nVehContrib="6" flow="720.00" occupancy="14.93" speed="7.93" length="5.00" nVehEntered="6"/>
    <interval begin="150.00" end="180.00" id="D1" nVehContrib="6" flow="720.00" occupancy="9.52" speed="12.99" length="5.00" nVehEntered="6"/>
    <interval begin="180.00" end="210.00" id="D1" nVehContrib="0" flow="0.00" occupancy="0.00" speed="-1.00" length="-1.00" nVehEntered="0"/>
    <interval begin="210.00" end="240.00" id="D1" nVehContrib="6" flow="720.00" occupancy="15.86" speed="7.26" length="5.00" nVehEntered="6"/>
    <interval begin="240.00" end="270.00" id="D1" nVehContrib="3" flow="360.00" occupancy="6.27" speed="11.93" length="5.00" nVehEntered="3"/>
    <interval begin="270.00" end="300.00" id="D1" nVehContrib="0" flow="0.00" occupancy="0.00" speed="-1.00" length="-1.00" nVehEntered="0"/>
    <interval begin="300.00" end="330.00" id="D1" nVehContrib="6" flow="720.00" occupancy="13.78" speed="9.33" length="5.00" nVehEntered="6"/>
    <interval begin="330.00" end="360.00" id="D1" nVehContrib="2" flow="240.00" occupancy="4.08" speed="17.66" length="5.00" nVehEntered="2"/>
    <interval begin="360.00" end="390.00" id="D1" nVehContrib="0" flow="0.00" occupancy="0.00" speed="-1.00" length="-1.00" nVehEntered="0"/>
    <interval begin="390.00" end="420.00" id="D1" nVehContrib="3" flow="360.00" occupancy="13.11" speed="4.06" length="5.00" nVehEntered="3"/>
    <interval begin="420.00" end="450.00" id="D1" nVehContrib="1" flow="120.00" occupancy="4.66" speed="3.57" length="5.00" nVehEntered="1"/>
    <interval begin="450.00" end="480.00" id="D1" nVehContrib="0" flow="0.00" occupancy="0.00" speed="-1.00" length="-1.00" nVehEntered="0"/>
    <interval begin="480.00" end="510.00" id="D1" nVehContrib="6" flow="720.00" occupancy="15.63" speed="7.56" length="5.00" nVehEntered="6"/>
    <interval begin="510.00" end="540.00" id="D1" nVehContrib="6" flow="720.00" occupancy="9.00" speed="12.84" length="5.00" nVehEntered="6"/>
    <interval begin="540.00" end="570.00" id="D1" nVehContrib="0" flow="0.00" occupancy="0.00" speed="-1.00" length="-1.00" nVehEntered="0"/>
    <interval begin="570.00" end="600.00" id="D1" nVehContrib="5" flow="600.00" occupancy="16.53" speed="5.98" length="5.00" nVehEntered="6"/>
    <interval begin="600.00" end="630.00" id="D1" nVehContrib="4" flow="480.00" occupancy="5.80" speed="11.13" length="5.00" nVehEntered="3"/>
    <interval begin="630.00" end="660.00" id="D1" nVehContrib="0" flow="0.00" occupancy="0.00" speed="-1.00" length="-1.00" nVehEntered="0"/>
    <interval begin="660.00" end="690.00" id="D1" nVehContrib="6" flow="720.00" occupancy="13.47" speed="9.11" length="5.00" nVehEntered="6"/>
    <interval begin="690.00" end="720.00" id="D1" nVehContrib="2" flow="240.00" occupancy="4.07" speed="16.88" length="5.00" nVehEntered="2"/>
    <interval begin="720.00" end="750.00" id="D1" nVehContrib="0" flow="0.00" occupancy="0.00" speed="-1.00" length="-1.00" nVehEntered="0"/>
    <interval begin="750.00" end="780.00" id="D1" nVehContrib="3" flow="360.00" occupancy="11.89" speed="4.48" length="5.00" nVehEntered="3"/>
    <interval begin="780.00" end="810.00" id="D1" nVehContrib="1" flow="120.00" occupancy="6.21" speed="2.68" length="5.00" nVehEntered="1"/>
    <interval begin="810.00" end="840.00" id="D1" nVehContrib="0" flow="0.00" occupancy="0.00" speed="-1.00" length="-1.00" nVehEntered="0"/>
    <interval begin="840.00" end="870.00" id="D1" nVehContrib="6" flow="720.00" occupancy="14.34" speed="8.15" length="5.00" nVehEntered="6"/>
    <interval begin="870.00" end="900.00" id="D1" nVehContrib="6" flow="720.00" occupancy="8.78" speed="13.08" length="5.00" nVehEntered="6"/>
    <interval begin="900.00" end="930.00" id="D1" nVehContrib="0" flow="0.00" occupancy="0.00" speed="-1.00" length="-1.00" nVehEntered="0"/>
    <interval begin="930.00" end="960.00" id="D1" nVehContrib="6" flow="720.00" occupancy="17.53" speed="6.53" length="5.00" nVehEntered="6"/>
    <interval begin="960.00" end="990.00" id="D1" nVehContrib="3" flow="360.00" occupancy="5.71" speed="10.38" length="5.00" nVehEntered="3"/>
    <interval begin="990.00" end="1020.00" id="D1" nVehContrib="0" flow="0.00" occupancy="0.00" speed="-1.00" length="-1.00" nVehEntered="0"/>
    <interval begin="1020.00" end="1050.00" id="D1" nVehContrib="6" flow="720.00" occupancy="15.58" speed="8.91" length="5.00" nVehEntered="6"/>
    <interval begin="1050.00" end="1080.00" id="D1" nVehContrib="2" flow="240.00" occupancy="3.60" speed="18.13" length="5.00" nVehEntered="2"/>
    <interval begin="1080.00" end="1110.00" id="D1" nVehContrib="0" flow="0.00" occupancy="0.00" speed="-1.00" length="-1.00" nVehEntered="0"/>
    <interval begin="1110.00" end="1140.00" id="D1" nVehContrib="3" flow="360.00" occupancy="11.87" speed="4.50" length="5.00" nVehEntered="3"/>
    <interval begin="1140.00" end="1170.00" id="D1" nVehContrib="1" flow="120.00" occupancy="6.81" speed="2.45" length="5.00" nVehEntered="1"/>
    <interval begin="1170.00" end="1200.00" id="D1" nVehContrib="0" flow="0.00" occupancy="0.00" speed="-1.00" length="-1.00" nVehEntered="0"/>
    <interval begin="1200.00" end="1230.00" id="D1" nVehContrib="6" flow="720.00" occupancy="15.04" speed="8.23" length="5.00" nVehEntered="6"/>
    <interval begin="1230.00" end="1260.00" id="D1" nVehContrib="6" flow="720.00" occupancy="8.90" speed="13.03" length="5.00" nVehEntered="6"/>
    <interval begin="1260.00" end="1290.00" id="D1" nVehContrib="0" flow="0.00" occupancy="0.00" speed="-1.00" length="-1.00" nVehEntered="0"/>
    <interval begin="1290.00" end="1320.00" id="D1" nVehContrib="6" flow="720.00" occupancy="16.75" speed="6.71" length="5.00" nVehEntered="6"/>
    <interval begin="1320.00" end="1350.00" id="D1" nVehContrib="3" flow="360.00" occupancy="6.03" speed="10.52" length="5.00" nVehEntered="3"/>
    <interval begin="1350.00" end="1380.00" id="D1" nVehContrib="0" flow="0.00" occupancy="0.00" speed="-1.00" length="-1.00" nVehEntered="0"/>
    <interval begin="1380.00" end="1410.00" id="D1" nVehContrib="6" flow="720.00" occupancy="16.12" speed="8.44" length="5.00" nVehEntered="6"/>
    <interval begin="1410.00" end="1440.00" id="D1" nVehContrib="2" flow="240.00" occupancy="4.91" speed="16.77" length="5.00" nVehEntered="2"/>
    <interval begin="1440.00" end="1470.00" id="D1" nVehContrib="0" flow="0.00" occupancy="0.00" speed="-1.00" length="-1.00" nVehEntered="0"/>
    <interval begin="1470.00" end="1500.00" id="D1" nVehContrib="3" flow="360.00" occupancy="12.65" speed="4.20" length="5.00" nVehEntered="3"/>
    <interval begin="1500.00" end="1530.00" id="D1" nVehContrib="1" flow="120.00" occupancy="4.91" speed="3.39" length="5.00" nVehEntered="1"/>
    <interval begin="1530.00" end="1560.00" id="D1" nVehContrib="0" flow="0.00" occupancy="0.00" speed="-1.00" length="-1.00" nVehEntered="0"/>
    <interval begin="1560.00" end="1590.00" id="D1" nVehContrib="6" flow="720.00" occupancy="15.37" speed="7.85" length="5.00" nVehEntered="6"/>
    <interval begin="1590.00" end="1620.00" id="D1" nVehContrib="6" flow="720.00" occupancy="9.54" speed="12.00" length="5.00" nVehEntered="6"/>
    <interval begin="1620.00" end="1650.00" id="D1" nVehContrib="0" flow="0.00" occupancy="0.00" speed="-1.00" length="-1.00" nVehEntered="0"/>
    <interval begin="1650.00" end="1680.00" id="D1" nVehContrib="6" flow="720.00" occupancy="16.27" speed="7.14" length="5.00" nVehEntered="6"/>
    <interval begin="1680.00" end="1710.00" id="D1" nVehContrib="3" flow="360.00" occupancy="5.91" speed="11.21" length="5.00" nVehEntered="3"/>
    <interval begin="1710.00" end="1740.00" id="D1" nVehContrib="0" flow="0.00" occupancy="0.00" speed="-1.00" length="-1.00" nVehEntered="0"/>
    <interval begin="1740.00" end="1770.00" id="D1" nVehContrib="5" flow="600.00" occupancy="13.91" speed="7.42" length="5.00" nVehEntered="5"/>
    <interval begin="1770.00" end="1800.00" id="D1" nVehContrib="3" flow="360.00" occupancy="4.71" speed="20.27" length="5.00" nVehEntered="3"/>
    <interval begin="1800.00" end="1830.00" id="D1" nVehContrib="0" flow="0.00" occupancy="0.00" speed="-1.00" length="-1.00" nVehEntered="0"/>
    <interval begin="1830.00" end="1860.00" id="D1" nVehContrib="3" flow="360.00" occupancy="12.04" speed="4.56" length="5.00" nVehEntered="3"/>
    <interval begin="1860.00" end="1890.00" id="D1" nVehContrib="1" flow="120.00" occupancy="6.65" speed="2.51" length="5.00" nVehEntered="1"/>
    <interval begin="1890.00" end="1920.00" id="D1" nVehContrib="0" flow="0.00" occupancy="0.00" speed="-1.00" length="-1.00" nVehEntered="0"/>
    <interval begin="1920.00" end="1950.00" id="D1" nVehContrib="6" flow="720.00" occupancy="14.15" speed="8.43" length="5.00" nVehEntered="6"/>
    <interval begin="1950.00" end="1980.00" id="D1" nVehContrib="6" flow="720.00" occupancy="9.68" speed="13.02" length="5.00" nVehEntered="6"/>
    <interval begin="1980.00" end="2010.00" id="D1" nVehContrib="0" flow="0.00" occupancy="0.00" speed="-1.00" length="-1.00" nVehEntered="0"/>
    <interval begin="2010.00" end="2040.00" id="D1" nVehContrib="6" flow="720.00" occupancy="17.23" speed="6.43" length="5.00" nVehEntered="6"/>
    <interval begin="2040.00" end="2070.00" id="D1" nVehContrib="3" flow="360.00" occupancy="5.58" speed="11.42" length="5.00" nVehEntered="3"/>
    <interval begin="2070.00" end="2100.00" id="D1" nVehContrib="0" flow="0.00" occupancy="0.00" speed="-1.00" length="-1.00" nVehEntered="0"/>
    <interval begin="2100.00" end="2130.00" id="D1" nVehContrib="6" flow="720.00" occupancy="14.73" speed="8.73" length="5.00" nVehEntered="6"/>
    <interval begin="2130.00" end="2160.00" id="D1" nVehContrib="2" flow="240.00" occupancy="3.83" speed="17.25" length="5.00" nVehEntered="2"/>
    <interval begin="2160.00" end="2190.00" id="D1" nVehContrib="0" flow="0.00" occupancy="0.00" speed="-1.00" length="-1.00" nVehEntered="0"/>
    <interval begin="2190.00" end="2220.00" id="D1" nVehContrib="3" flow="360.00" occupancy="10.99" speed="4.88" length="5.00" nVehEntered="3"/>
    <interval begin="2220.00" end="2250.00" id="D1" nVehContrib="1" flow="120.00" occupancy="5.36" speed="3.11" length="5.00" nVehEntered="1"/>
    <interval begin="2250.00" end="2280.00" id="D1" nVehContrib="0" flow="0.00" occupancy="0.00" speed="-1.00" length="-1.00" nVehEntered="0"/>
    <interval begin="2280.00" end="2310.00" id="D1" nVehContrib="6" flow="720.00" occupancy="14.54" speed="8.40" length="5.00" nVehEntered="6"/>
    <interval begin="2310.00" end="2340.00" id="D1" nVehContrib="6" flow="720.00" occupancy="9.42" speed="13.20" length="5.00" nVehEntered="6"/>
    <interval begin="2340.00" end="2370.00" id="D1" nVehContrib="0" flow="0.00" occupancy="0.00" speed="-1.00" length="-1.00" nVehEntered="0"/>
    <interval begin="2370.00" end="2400.00" id="D1" nVehContrib="6" flow="720.00" occupancy="15.47" speed="7.73" length="5.00" nVehEntered="6"/>
    <interval begin="2400.00" end="2430.00" id="D1" nVehContrib="3" flow="360.00" occupancy="5.20" speed="12.18" length="5.00" nVehEntered="3"/>
    <interval begin="2430.00" end="2460.00" id="D1" nVehContrib="0" flow="0.00" occupancy="0.00" speed="-1.00" length="-1.00" nVehEntered="0"/>
    <interval begin="2460.00" end="2490.00" id="D1" nVehContrib="6" flow="720.00" occupancy="14.14" speed="9.05" length="5.00" nVehEntered="6"/>
    <interval begin="2490.00" end="2520.00" id="D1" nVehContrib="2" flow="240.00" occupancy="3.64" speed="16.98" length="5.00" nVehEntered="2"/>
    <interval begin="2520.00" end="2550.00" id="D1" nVehContrib="0" flow="0.00" occupancy="0.00" speed="-1.00" length="-1.00" nVehEntered="0"/>
    <interval begin="2550.00" end="2580.00" id="D1" nVehContrib="3" flow="360.00" occupancy="12.91" speed="3.98" length="5.00" nVehEntered="3"/>
    <interval begin="2580.00" end="2610.00" id="D1" nVehContrib="1" flow="120.00" occupancy="6.47" speed="2.58" length="5.00" nVehEntered="1"/>
    <interval begin="2610.00" end="2640.00" id="D1" nVehContrib="0" flow="0.00" occupancy="0.00" speed="-1.00" length="-1.00" nVehEntered="0"/>
    <interval begin="2640.00" end="2670.00" id="D1" nVehContrib="6" flow="720.00" occupancy="14.64" speed="8.31" length="5.00" nVehEntered="6"/>
    <interval begin="2670.00" end="2700.00" id="D1" nVehContrib="5" flow="600.00" occupancy="8.31" speed="11.73" length="5.00" nVehEntered="5"/>
    <interval begin="2700.00" end="2730.00" id="D1" nVehContrib="0" flow="0.00" occupancy="0.00" speed="-1.00" length="-1.00" nVehEntered="0"/>
    <interval begin="2730.00" end="2760.00" id="D1" nVehContrib="6" flow="720.00" occupancy="15.84" speed="7.31" length="5.00" nVehEntered="6"/>
    <interval begin="2760.00" end="2790.00" id="D1" nVehContrib="4" flow="480.00" occupancy="7.63" speed="11.34" length="5.00" nVehEntered="4"/>
    <interval begin="2790.00" end="2820.00" id="D1" nVehContrib="0" flow="0.00" occupancy="0.00" speed="-1.00" length="-1.00" nVehEntered="0"/>
    <interval begin="2820.00" end="2850.00" id="D1" nVehContrib="6" flow="720.00" occupancy="13.81" speed="9.55" length="5.00" nVehEntered="6"/>
    <interval begin="2850.00" end="2880.00" id="D1" nVehContrib="2" flow="240.00" occupancy="4.46" speed="16.42" length="5.00" nVehEntered="2"/>
    <interval begin="2880.00" end="2910.00" id="D1" nVehContrib="0" flow="0.00" occupancy="0.00" speed="-1.00" length="-1.00" nVehEntered="0"/>
    <interval begin="2910.00" end="2940.00" id="D1" nVehContrib="3" flow="360.00" occupancy="12.24" speed="4.35" length="5.00" nVehEntered="3"/>
    <interval begin="2940.00" end="2970.00" id="D1" nVehContrib="1" flow="120.00" occupancy="5.44" speed="3.06" length="5.00" nVehEntered="1"/>
    <interval begin="2970.00" end="3000.00" id="D1" nVehContrib="0" flow="0.00" occupancy="0.00" speed="-1.00" length="-1.00" nVehEntered="0"/>
    <interval begin="3000.00" end="3030.00" id="D1" nVehContrib="6" flow="720.00" occupancy="15.13" speed="7.80" length="5.00" nVehEntered="6"/>
    <interval begin="3030.00" end="3060.00" id="D1" nVehContrib="6" flow="720.00" occupancy="9.73" speed="12.00" length="5.00" nVehEntered="6"/>
    <interval begin="3060.00" end="3090.00" id="D1" nVehContrib="0" flow="0.00" occupancy="0.00" speed="-1.00" length="-1.00" nVehEntered="0"/>
    <interval begin="3090.00" end="3120.00" id="D1" nVehContrib="5" flow="600.00" occupancy="16.62" speed="5.31" length="5.00" nVehEntered="5"/>
    <interval begin="3120.00" end="3150.00" id="D1" nVehContrib="4" flow="480.00" occupancy="8.29" speed="9.34" length="5.00" nVehEntered="4"/>
    <interval begin="3150.00" end="3180.00" id="D1" nVehContrib="0" flow="0.00" occupancy="0.00" speed="-1.00" length="-1.00" nVehEntered="0"/>
    <interval begin="3180.00" end="3210.00" id="D1" nVehContrib="6" flow="720.00" occupancy="14.84" speed="8.76" length="5.00" nVehEntered="6"/>
    <interval begin="3210.00" end="3240.00" id="D1" nVehContrib="1" flow="120.00" occupancy="4.75" speed="3.51" length="5.00" nVehEntered="1"/>
    <interval begin="3240.00" end="3270.00" id="D1" nVehContrib="0" flow="0.00" occupancy="0.00" speed="-1.00" length="-1.00" nVehEntered="0"/>
    <interval begin="3270.00" end="3300.00" id="D1" nVehContrib="4" flow="480.00" occupancy="12.55" speed="5.94" length="5.00" nVehEntered="4"/>
    <interval begin="3300.00" end="3330.00" id="D1" nVehContrib="1" flow="120.00" occupancy="6.70" speed="2.49" length="5.00" nVehEntered="1"/>
    <interval begin="3330.00" end="3360.00" id="D1" nVehContrib="0" flow="0.00" occupancy="0.00" speed="-1.00" length="-1.00" nVehEntered="0"/>
    <interval begin="3360.00" end="3390.00" id="D1" nVehContrib="6" flow="720.00" occupancy="14.95" speed="8.11" length="5.00" nVehEntered="6"/>
    <interval begin="3390.00" end="3420.00" id="D1" nVehContrib="7" flow="840.00" occupancy="10.10" speed="13.93" length="5.00" nVehEntered="7"/>
    <interval begin="3420.00" end="3450.00" id="D1" nVehContrib="0" flow="0.00" occupancy="0.00" speed="-1.00" length="-1.00" nVehEntered="0"/>
    <interval begin="3450.00" end="3480.00" id="D1" nVehContrib="6" flow="720.00" occupancy="16.05" speed="6.82" length="5.00" nVehEntered="6"/>
    <interval begin="3480.00" end="3510.00" id="D1" nVehContrib="2" flow="240.00" occupancy="3.77" speed="16.14" length="5.00" nVehEntered="2"/>
    <interval begin="3510.00" end="3540.00" id="D1" nVehContrib="0" flow="0.00" occupancy="0.00" speed="-1.00" length="-1.00" nVehEntered="0"/>
    <interval begin="3540.00" end="3570.00" id="D1" nVehContrib="6" flow="720.00" occupancy="13.92" speed="8.81" length="5.00" nVehEntered="6"/>
    <interval begin="3570.00" end="3600.00" id="D1" nVehContrib="2" flow="240.00" occupancy="4.14" speed="17.22" length="5.00" nVehEntered="2"/>
    <interval begin="3600.00" end="3630.00" id="D1" nVehContrib="0" flow="0.00" occupancy="0.00" speed="-1.00" length="-1.00" nVehEntered="0"/>
    <interval begin="3630.00" end="3660.00" id="D1" nVehContrib="3" flow="360.00" occupancy="12.20" speed="4.24" length="5.00" nVehEntered="3"/>
    <interval begin="3660.00" end="3690.00" id="D1" nVehContrib="1" flow="120.00" occupancy="5.94" speed="2.81" length="5.00" nVehEntered="1"/>
    <interval begin="3690.00" end="3720.00" id="D1" nVehContrib="0" flow="0.00" occupancy="0.00" speed="-1.00" length="-1.00" nVehEntered="0"/>
    <interval begin="3720.00" end="3750.00" id="D1" nVehContrib="6" flow="720.00" occupancy="14.03" speed="8.36" length="5.00" nVehEntered="6"/>
    <interval begin="3750.00" end="3780.00" id="D1" nVehContrib="5" flow="600.00" occupancy="9.55" speed="10.90" length="5.00" nVehEntered="5"/>
    <interval begin="3780.00" end="3810.00" id="D1" nVehContrib="0" flow="0.00" occupancy="0.00" speed="-1.00" length="-1.00" nVehEntered="0"/>
    <interval begin="3810.00" end="3840.00" id="D1" nVehContrib="6" flow="720.00" occupancy="13.84" speed="8.77" length="5.00" nVehEntered="6"/>
    <interval begin="3840.00" end="3870.00" id="D1" nVehContrib="3" flow="360.00" occupancy="11.78" speed="6.60" length="5.00" nVehEntered="3"/>
    <interval begin="3870.00" end="3900.00" id="D1" nVehContrib="0" flow="0.00" occupancy="0.00" speed="-1.00" length="-1.00" nVehEntered="0"/>
    <interval begin="3900.00" end="3930.00" id="D1" nVehContrib="6" flow="720.00" occupancy="16.45" speed="7.12" length="5.00" nVehEntered="6"/>
    <interval begin="3930.00" end="3960.00" id="D1" nVehContrib="5" flow="600.00" occupancy="8.74" speed="11.14" length="5.00" nVehEntered="5"/>
    <interval begin="3960.00" end="3990.00" id="D1" nVehContrib="0" flow="0.00" occupancy="0.00" speed="-1.00" length="-1.00" nVehEntered="0"/>
    <interval begin="3990.00" end="4020.00" id="D1" nVehContrib="6" flow="720.00" occupancy="14.94" speed="8.29" length="5.00" nVehEntered="6"/>
    <interval begin="4020.00" end="4050.00" id="D1" nVehContrib="3" flow="360.00" occupancy="5.39" speed="15.34" length="5.00" nVehEntered="3"/>
    <interval begin="4050.00" end="4080.00" id="D1" nVehContrib="1" flow="120.00" occupancy="3.50" speed="4.76" length="5.00" nVehEntered="1"/>
    <interval begin="4080.00" end="4110.00" id="D1" nVehContrib="6" flow="720.00" occupancy="16.85" speed="6.76" length="5.00" nVehEntered="6"/>
    <interval begin="4110.00" end="4140.00" id="D1" nVehContrib="3" flow="360.00" occupancy="5.07" speed="13.35" length="5.00" nVehEntered="3"/>
    <interval begin="4140.00" end="4170.00" id="D1" nVehContrib="0" flow="0.00" occupancy="0.00" speed="-1.00" length="-1.00" nVehEntered="0"/>
    <interval begin="4170.00" end="4200.00" id="D1" nVehContrib="5" flow="600.00" occupancy="15.93" speed="6.60" length="5.00" nVehEntered="6"/>
    <interval begin="4200.00" end="4230.00" id="D1" nVehContrib="4" flow="480.00" occupancy="6.37" speed="13.06" length="5.00" nVehEntered="3"/>
    <interval begin="4230.00" end="4260.00" id="D1" nVehContrib="0" flow="0.00" occupancy="0.00" speed="-1.00" length="-1.00" nVehEntered="0"/>
    <interval begin="4260.00" end="4290.00" id="D1" nVehContrib="2" flow="240.00" occupancy="8.72" speed="3.94" length="5.00" nVehEntered="2"/>
    <interval begin="4290.00" end="4320.00" id="D1" nVehContrib="1" flow="120.00" occupancy="6.09" speed="2.74" length="5.00" nVehEntered="1"/>
    <interval begin="4320.00" end="4350.00" id="D1" nVehContrib="0" flow="0.00" occupancy="0.00" speed="-1.00" length="-1.00" nVehEntered="0"/>
    <interval begin="4350.00" end="4380.00" id="D1" nVehContrib="5" flow="600.00" occupancy="15.54" speed="6.05" length="5.00" nVehEntered="6"/>
    <interval begin="4380.00" end="4410.00" id="D1" nVehContrib="6" flow="720.00" occupancy="11.76" speed="9.38" length="5.00" nVehEntered="5"/>
    <interval begin="4410.00" end="4440.00" id="D1" nVehContrib="0" flow="0.00" occupancy="0.00" speed="-1.00" length="-1.00" nVehEntered="0"/>
    <interval begin="4440.00" end="4470.00" id="D1" nVehContrib="5" flow="600.00" occupancy="17.80" speed="5.61" length="5.00" nVehEntered="6"/>
    <interval begin="4470.00" end="4500.00" id="D1" nVehContrib="4" flow="480.00" occupancy="12.01" speed="6.66" length="5.00" nVehEntered="3"/>
    <interval begin="4500.00" end="4530.00" id="D1" nVehContrib="0" flow="0.00" occupancy="0.00" speed="-1.00" length="-1.00" nVehEntered="0"/>
    <interval begin="4530.00" end="4560.00" id="D1" nVehContrib="6" flow="720.00" occupancy="14.02" speed="8.34" length="5.00" nVehEntered="6"/>
    <interval begin="4560.00" end="4590.00" id="D1" nVehContrib="5" flow="600.00" occupancy="10.74" speed="8.42" length="5.00" nVehEntered="5"/>
    <interval begin="4590.00" end="4620.00" id="D1" nVehContrib="0" flow="0.00" occupancy="0.00" speed="-1.00" length="-1.00" nVehEntered="0"/>
    <interval begin="4620.00" end="4650.00" id="D1" nVehContrib="6" flow="720.00" occupancy="15.53" speed="7.11" length="5.00" nVehEntered="6"/>
    <interval begin="4650.00" end="4680.00" id="D1" nVehContrib="4" flow="480.00" occupancy="12.63" speed="7.39" length="5.00" nVehEntered="4"/>
    <interval begin="4680.00" end="4710.00" id="D1" nVehContrib="0" flow="0.00" occupancy="0.00" speed="-1.00" length="-1.00" nVehEntered="0"/>
    <interval begin="4710.00" end="4740.00" id="D1" nVehContrib="6" flow="720.00" occupancy="14.03" speed="8.60" length="5.00" nVehEntered="6"/>
    <interval begin="4740.00" end="4770.00" id="D1" nVehContrib="3" flow="360.00" occupancy="4.83" speed="11.56" length="5.00" nVehEntered="3"/>
    <interval begin="4770.00" end="4800.00" id="D1" nVehContrib="1" flow="120.00" occupancy="3.26" speed="5.11" length="5.00" nVehEntered="1"/>
    <interval begin="4800.00" end="4830.00" id="D1" nVehContrib="6" flow="720.00" occupancy="13.53" speed="8.63" length="5.00" nVehEntered="6"/>
    <interval begin="4830.00" end="4860.00" id="D1" nVehContrib="2" flow="240.00" occupancy="5.37" speed="6.51" length="5.00" nVehEntered="2"/>
    <interval begin="4860.00" end="4890.00" id="D1" nVehContrib="0" flow="0.00" occupancy="0.00" speed="-1.00" length="-1.00" nVehEntered="0"/>
    <interval begin="4890.00" end="4920.00" id="D1" nVehContrib="2" flow="240.00" occupancy="9.41" speed="3.59" length="5.00" nVehEntered="2"/>
    <interval begin="4920.00" end="4950.00" id="D1" nVehContrib="1" flow="120.00" occupancy="5.75" speed="2.90" length="5.00" nVehEntered="1"/>
    <interval begin="4950.00" end="4980.00" id="D1" nVehContrib="0" flow="0.00" occupancy="0.00" speed="-1.00" length="-1.00" nVehEntered="0"/>
    <interval begin="4980.00" end="5010.00" id="D1" nVehContrib="6" flow="720.00" occupancy="15.19" speed="8.28" length="5.00" nVehEntered="6"/>
    <interval begin="5010.00" end="5040.00" id="D1" nVehContrib="4" flow="480.00" occupancy="10.84" speed="7.41" length="5.00" nVehEntered="4"/>
    <interval begin="5040.00" end="5070.00" id="D1" nVehContrib="0" flow="0.00" occupancy="0.00" speed="-1.00" length="-1.00" nVehEntered="0"/>
    <interval begin="5070.00" end="5100.00" id="D1" nVehContrib="6" flow="720.00" occupancy="14.04" speed="8.27" length="5.00" nVehEntered="6"/>
    <interval begin="5100.00" end="5130.00" id="D1" nVehContrib="5" flow="600.00" occupancy="15.43" speed="8.05" length="5.00" nVehEntered="5"/>
    <interval begin="5130.00" end="5160.00" id="D1" nVehContrib="0" flow="0.00" occupancy="0.00" speed="-1.00" length="-1.00" nVehEntered="0"/>
    <interval begin="5160.00" end="5190.00" id="D1" nVehContrib="6" flow="720.00" occupancy="15.30" speed="8.26" length="5.00" nVehEntered="6"/>
    <interval begin="5190.00" end="5220.00" id="D1" nVehContrib="5" flow="600.00" occupancy="10.87" speed="9.32" length="5.00" nVehEntered="5"/>
    <interval begin="5220.00" end="5250.00" id="D1" nVehContrib="0" flow="0.00" occupancy="0.00" speed="-1.00" length="-1.00" nVehEntered="0"/>
    <interval begin="5250.00" end="5280.00" id="D1" nVehContrib="6" flow="720.00" occupancy="14.23" speed="8.17" length="5.00" nVehEntered="6"/>
    <interval begin="5280.00" end="5310.00" id="D1" nVehContrib="2" flow="240.00" occupancy="10.35" speed="3.37" length="5.00" nVehEntered="2"/>
    <interval begin="5310.00" end="5340.00" id="D1" nVehContrib="0" flow="0.00" occupancy="0.00" speed="-1.00" length="-1.00" nVehEntered="0"/>
    <interval begin="5340.00" end="5370.00" id="D1" nVehContrib="5" flow="600.00" occupancy="16.90" speed="5.69" length="5.00" nVehEntered="6"/>
    <interval begin="5370.00" end="5400.00" id="D1" nVehContrib="6" flow="720.00" occupancy="9.48" speed="11.38" length="5.00" nVehEntered="5"/>
    <interval begin="5400.00" end="5430.00" id="D1" nVehContrib="0" flow="0.00" occupancy="0.00" speed="-1.00" length="-1.00" nVehEntered="0"/>
    <interval begin="5430.00" end="5460.00" id="D1" nVehContrib="5" flow="600.00" occupancy="16.94" speed="5.86" length="5.00" nVehEntered="6"/>
    <interval begin="5460.00" end="5490.00" id="D1" nVehContrib="5" flow="600.00" occupancy="9.68" speed="9.12" length="5.00" nVehEntered="4"/>
    <interval begin="5490.00" end="5520.00" id="D1" nVehContrib="0" flow="0.00" occupancy="0.00" speed="-1.00" length="-1.00" nVehEntered="0"/>
    <interval begin="5520.00" end="5550.00" id="D1" nVehContrib="5" flow="600.00" occupancy="15.20" speed="5.92" length="5.00" nVehEntered="5"/>
    <interval begin="5550.00" end="5580.00" id="D1" nVehContrib="4" flow="480.00" occupancy="7.58" speed="10.88" length="5.00" nVehEntered="4"/>
    <interval begin="5580.00" end="5610.00" id="D1" nVehContrib="0" flow="0.00" occupancy="0.00" speed="-1.00" length="-1.00" nVehEntered="0"/>
    <interval begin="5610.00" end="5640.00" id="D1" nVehContrib="5" flow="600.00" occupancy="15.69" speed="5.94" length="5.00" nVehEntered="5"/>
    <interval begin="5640.00" end="5670.00" id="D1" nVehContrib="4" flow="480.00" occupancy="9.00" speed="10.08" length="5.00" nVehEntered="4"/>
    <interval begin="5670.00" end="5700.00" id="D1" nVehContrib="0" flow="0.00" occupancy="0.00" speed="-1.00" length="-1.00" nVehEntered="0"/>
    <interval begin="5700.00" end="5730.00" id="D1" nVehContrib="2" flow="240.00" occupancy="9.81" speed="3.47" length="5.00" nVehEntered="2"/>
    <interval begin="5730.00" end="5760.00" id="D1" nVehContrib="1" flow="120.00" occupancy="5.38" speed="3.10" length="5.00" nVehEntered="1"/>
    <interval begin="5760.00" end="5790.00" id="D1" nVehContrib="0" flow="0.00" occupancy="0.00" speed="-1.00" length="-1.00" nVehEntered="0"/>
    <interval begin="5790.00" end="5820.00" id="D1" nVehContrib="6" flow="720.00" occupancy="15.96" speed="7.09" length="5.00" nVehEntered="6"/>
    <interval begin="5820.00" end="5850.00" id="D1" nVehContrib="5" flow="600.00" occupancy="8.24" speed="11.38" length="5.00" nVehEntered="5"/>
    <interval begin="5850.00" end="5880.00" id="D1" nVehContrib="0" flow="0.00" occupancy="0.00" speed="-1.00" length="-1.00" nVehEntered="0"/>
    <interval begin="5880.00" end="5910.00" id="D1" nVehContrib="6" flow="720.00" occupancy="15.06" speed="7.55" length="5.00" nVehEntered="6"/>
    <interval begin="5910.00" end="5940.00" id="D1" nVehContrib="3" flow="360.00" occupancy="10.58" speed="7.15" length="5.00" nVehEntered="3"/>
    <interval begin="5940.00" end="5970.00" id="D1" nVehContrib="0" flow="0.00" occupancy="0.00" speed="-1.00" length="-1.00" nVehEntered="0"/>
    <interval begin="5970.00" end="6000.00" id="D1" nVehContrib="6" flow="720.00" occupancy="16.43" speed="7.28" length="5.00" nVehEntered="6"/>
    <interval begin="6000.00" end="6030.00" id="D1" nVehContrib="5" flow="600.00" occupancy="10.10" speed="9.80" length="5.00" nVehEntered="5"/>
    <interval begin="6030.00" end="6060.00" id="D1" nVehContrib="0" flow="0.00" occupancy="0.00" speed="-1.00" length="-1.00" nVehEntered="0"/>
    <interval begin="6060.00" end="6090.00" id="D1" nVehContrib="5" flow="600.00" occupancy="15.69" speed="7.34" length="5.00" nVehEntered="6"/>
    <interval begin="6090.00" end="6120.00" id="D1" nVehContrib="5" flow="600.00" occupancy="14.45" speed="5.79" length="5.00" nVehEntered="4"/>
    <interval begin="6120.00" end="6150.00" id="D1" nVehContrib="0" flow="0.00" occupancy="0.00" speed="-1.00" length="-1.00" nVehEntered="0"/>
    <interval begin="6150.00" end="6180.00" id="D1" nVehContrib="6" flow="720.00" occupancy="13.69" speed="8.42" length="5.00" nVehEntered="6"/>
    <interval begin="6180.00" end="6210.00" id="D1" nVehContrib="4" flow="480.00" occupancy="9.51" speed="7.56" length="5.00" nVehEntered="4"/>
    <interval begin="6210.00" end="6240.00" id="D1" nVehContrib="0" flow="0.00" occupancy="0.00" speed="-1.00" length="-1.00" nVehEntered="0"/>
    <interval begin="6240.00" end="6270.00" id="D1" nVehContrib="6" flow="720.00" occupancy="15.32" speed="8.01" length="5.00" nVehEntered="6"/>
    <interval begin="6270.00" end="6300.00" id="D1" nVehContrib="2" flow="240.00" occupancy="4.76" speed="7.73" length="5.00" nVehEntered="2"/>
    <interval begin="6300.00" end="6330.00" id="D1" nVehContrib="0" flow="0.00" occupancy="0.00" speed="-1.00" length="-1.00" nVehEntered="0"/>
    <interval begin="6330.00" end="6360.00" id="D1" nVehContrib="2" flow="240.00" occupancy="9.53" speed="3.50" length="5.00" nVehEntered="2"/>
    <interval begin="6360.00" end="6390.00" id="D1" nVehContrib="1" flow="120.00" occupancy="6.65" speed="2.51" length="5.00" nVehEntered="1"/>
    <interval begin="6390.00" end="6420.00" id="D1" nVehContrib="0" flow="0.00" occupancy="0.00" speed="-1.00" length="-1.00" nVehEntered="0"/>
    <interval begin="6420.00" end="6450.00" id="D1" nVehContrib="6" flow="720.00" occupancy="15.10" speed="7.78" length="5.00" nVehEntered="6"/>
    <interval begin="6450.00" end="6480.00" id="D1" nVehContrib="5" flow="600.00" occupancy="13.37" speed="7.41" length="5.00" nVehEntered="5"/>
    <interval begin="6480.00" end="6510.00" id="D1" nVehContrib="0" flow="0.00" occupancy="0.00" speed="-1.00" length="-1.00" nVehEntered="0"/>
    <interval begin="6510.00" end="6540.00" id="D1" nVehContrib="6" flow="720.00" occupancy="14.33" speed="8.51" length="5.00" nVehEntered="6"/>
    <interval begin="6540.00" end="6570.00" id="D1" nVehContrib="4" flow="480.00" occupancy="13.99" speed="6.84" length="5.00" nVehEntered="4"/>
    <interval begin="6570.00" end="6600.00" id="D1" nVehContrib="0" flow="0.00" occupancy="0.00" speed="-1.00" length="-1.00" nVehEntered="0"/>
    <interval begin="6600.00" end="6630.00" id="D1" nVehContrib="6" flow="720.00" occupancy="13.97" speed="8.71" length="5.00" nVehEntered="6"/>
    <interval begin="6630.00" end="6660.00" id="D1" nVehContrib="5" flow="600.00" occupancy="9.88" speed="9.90" length="5.00" nVehEntered="5"/>
    <interval begin="6660.00" end="6690.00" id="D1" nVehContrib="0" flow="0.00" occupancy="0.00" speed="-1.00" length="-1.00" nVehEntered="0"/>
    <interval begin="6690.00" end="6720.00" id="D1" nVehContrib="6" flow="720.00" occupancy="13.44" speed="8.65" length="5.00" nVehEntered="6"/>
    <interval begin="6720.00" end="6750.00" id="D1" nVehContrib="2" flow="240.00" occupancy="10.51" speed="3.25" length="5.00" nVehEntered="2"/>
    <interval begin="6750.00" end="6780.00" id="D1" nVehContrib="0" flow="0.00" occupancy="0.00" speed="-1.00" length="-1.00" nVehEntered="0"/>
    <interval begin="6780.00" end="6810.00" id="D1" nVehContrib="6" flow="720.00" occupancy="16.31" speed="7.47" length="5.00" nVehEntered="6"/>
    <interval begin="6810.00" end="6840.00" id="D1" nVehContrib="5" flow="600.00" occupancy="8.32" speed="12.02" length="5.00" nVehEntered="5"/>
    <interval begin="6840.00" end="6870.00" id="D1" nVehContrib="0" flow="0.00" occupancy="0.00" speed="-1.00" length="-1.00" nVehEntered="0"/>
    <interval begin="6870.00" end="6900.00" id="D1" nVehContrib="6" flow="720.00" occupancy="15.75" speed="7.35" length="5.00" nVehEntered="6"/>
    <interval begin="6900.00" end="6930.00" id="D1" nVehContrib="4" flow="480.00" occupancy="9.12" speed="12.27" length="5.00" nVehEntered="4"/>
    <interval begin="6930.00" end="6960.00" id="D1" nVehContrib="0" flow="0.00" occupancy="0.00" speed="-1.00" length="-1.00" nVehEntered="0"/>
    <interval begin="6960.00" end="6990.00" id="D1" nVehContrib="6" flow="720.00" occupancy="16.11" speed="6.99" length="5.00" nVehEntered="6"/>
    <interval begin="6990.00" end="7020.00" id="D1" nVehContrib="3" flow="360.00" occupancy="6.05" speed="12.21" length="5.00" nVehEntered="3"/>
    <interval begin="7020.00" end="7050.00" id="D1" nVehContrib="0" flow="0.00" occupancy="0.00" speed="-1.00" length="-1.00" nVehEntered="0"/>
    <interval begin="7050.00" end="7080.00" id="D1" nVehContrib="6" flow="720.00" occupancy="16.18" speed="7.05" length="5.00" nVehEntered="6"/>
    <interval begin="7080.00" end="7110.00" id="D1" nVehContrib="3" flow="360.00" occupancy="6.07" speed="14.53" length="5.00" nVehEntered="3"/>
    <interval begin="7110.00" end="7140.00" id="D1" nVehContrib="0" flow="0.00" occupancy="0.00" speed="-1.00" length="-1.00" nVehEntered="0"/>
    <interval begin="7140.00" end="7170.00" id="D1" nVehContrib="2" flow="240.00" occupancy="7.64" speed="4.45" length="5.00" nVehEntered="2"/>
    <interval begin="7170.00" end="7200.00" id="D1" nVehContrib="1" flow="120.00" occupancy="5.33" speed="3.12" length="5.00" nVehEntered="1"/>
    <interval begin="7200.00" end="7230.00" id="D1" nVehContrib="0" flow="0.00" occupancy="0.00" speed="-1.00" length="-1.00" nVehEntered="0"/>
    <interval begin="7230.00" end="7260.00" id="D1" nVehContrib="6" flow="720.00" occupancy="16.35" speed="6.87" length="5.00" nVehEntered="6"/>
    <interval begin="7260.00" end="7290.00" id="D1" nVehContrib="5" flow="600.00" occupancy="10.55" speed="10.17" length="5.00" nVehEntered="5"/>
    <interval begin="7290.00" end="7320.00" id="D1" nVehContrib="0" flow="0.00" occupancy="0.00" speed="-1.00" length="-1.00" nVehEntered="0"/>
    <interval begin="7320.00" end="7350.00" id="D1" nVehContrib="5" flow="600.00" occupancy="16.58" speed="6.08" length="5.00" nVehEntered="6"/>
    <interval begin="7350.00" end="7380.00" id="D1" nVehContrib="4" flow="480.00" occupancy="11.26" speed="7.07" length="5.00" nVehEntered="3"/>
    <interval begin="7380.00" end="7410.00" id="D1" nVehContrib="0" flow="0.00" occupancy="0.00" speed="-1.00" length="-1.00" nVehEntered="0"/>
    <interval begin="7410.00" end="7440.00" id="D1" nVehContrib="6" flow="720.00" occupancy="16.00" speed="7.44" length="5.00" nVehEntered="6"/>
    <interval begin="7440.00" end="7470.00" id="D1" nVehContrib="4" flow="480.00" occupancy="11.51" speed="6.58" length="5.00" nVehEntered="4"/>
    <interval begin="7470.00" end="7500.00" id="D1" nVehContrib="0" flow="0.00" occupancy="0.00" speed="-1.00" length="-1.00" nVehEntered="0"/>
    <interval begin="7500.00" end="7530.00" id="D1" nVehContrib="6" flow="720.00" occupancy="14.56" speed="8.16" length="5.00" nVehEntered="6"/>
    <interval begin="7530.00" end="7560.00" id="D1" nVehContrib="5" flow="600.00" occupancy="14.84" speed="7.71" length="5.00" nVehEntered="5"/>
    <interval begin="7560.00" end="7590.00" id="D1" nVehContrib="0" flow="0.00" occupancy="0.00" speed="-1.00" length="-1.00" nVehEntered="0"/>
    <interval begin="7590.00" end="7620.00" id="D1" nVehContrib="6" flow="720.00" occupancy="14.93" speed="7.75" length="5.00" nVehEntered="6"/>
    <interval begin="7620.00" end="7650.00" id="D1" nVehContrib="4" flow="480.00" occupancy="8.31" speed="9.57" length="5.00" nVehEntered="4"/>
    <interval begin="7650.00" end="7680.00" id="D1" nVehContrib="0" flow="0.00" occupancy="0.00" speed="-1.00" length="-1.00" nVehEntered="0"/>
    <interval begin="7680.00" end="7710.00" id="D1" nVehContrib="6" flow="720.00" occupancy="15.29" speed="8.19" length="5.00" nVehEntered="6"/>
    <interval begin="7710.00" end="7740.00" id="D1" nVehContrib="3" flow="360.00" occupancy="6.53" speed="8.65" length="5.00" nVehEntered="3"/>
    <interval begin="7740.00" end="7770.00" id="D1" nVehContrib="0" flow="0.00" occupancy="0.00" speed="-1.00" length="-1.00" nVehEntered="0"/>
    <interval begin="7770.00" end="7800.00" id="D1" nVehContrib="1" flow="120.00" occupancy="6.62" speed="2.52" length="5.00" nVehEntered="1"/>
    <interval begin="7800.00" end="7830.00" id="D1" nVehContrib="1" flow="120.00" occupancy="5.87" speed="2.84" length="5.00" nVehEntered="1"/>
    <interval begin="7830.00" end="7860.00" id="D1" nVehContrib="0" flow="0.00" occupancy="0.00" speed="-1.00" length="-1.00" nVehEntered="0"/>
    <interval begin="7860.00" end="7890.00" id="D1" nVehContrib="6" flow="720.00" occupancy="14.74" speed="8.38" length="5.00" nVehEntered="7"/>
    <interval begin="7890.00" end="7920.00" id="D1" nVehContrib="5" flow="600.00" occupancy="13.28" speed="7.53" length="5.00" nVehEntered="4"/>
    <interval begin="7920.00" end="7950.00" id="D1" nVehContrib="0" flow="0.00" occupancy="0.00" speed="-1.00" length="-1.00" nVehEntered="0"/>
    <interval begin="7950.00" end="7980.00" id="D1" nVehContrib="6" flow="720.00" occupancy="14.15" speed="8.41" length="5.00" nVehEntered="6"/>
    <interval begin="7980.00" end="8010.00" id="D1" nVehContrib="4" flow="480.00" occupancy="13.89" speed="7.17" length="5.00" nVehEntered="4"/>
    <interval begin="8010.00" end="8040.00" id="D1" nVehContrib="0" flow="0.00" occupancy="0.00" speed="-1.00" length="-1.00" nVehEntered="0"/>
    <interval begin="8040.00" end="8070.00" id="D1" nVehContrib="6" flow="720.00" occupancy="14.19" speed="8.35" length="5.00" nVehEntered="6"/>
    <interval begin="8070.00" end="8100.00" id="D1" nVehContrib="5" flow="600.00" occupancy="10.16" speed="9.84" length="5.00" nVehEntered="5"/>
    <interval begin="8100.00" end="8130.00" id="D1" nVehContrib="0" flow="0.00" occupancy="0.00" speed="-1.00" length="-1.00" nVehEntered="0"/>
    <interval begin="8130.00" end="8160.00" id="D1" nVehContrib="6" flow="720.00" occupancy="14.33" speed="8.41" length="5.00" nVehEntered="7"/>
    <interval begin="8160.00" end="8190.00" id="D1" nVehContrib="2" flow="240.00" occupancy="10.38" speed="3.35" length="5.00" nVehEntered="1"/>
    <interval begin="8190.00" end="8220.00" id="D1" nVehContrib="0" flow="0.00" occupancy="0.00" speed="-1.00" length="-1.00" nVehEntered="0"/>
    <interval begin="8220.00" end="8250.00" id="D1" nVehContrib="6" flow="720.00" occupancy="17.11" speed="6.75" length="5.00" nVehEntered="6"/>
    <interval begin="8250.00" end="8280.00" id="D1" nVehContrib="5" flow="600.00" occupancy="9.38" speed="10.31" length="5.00" nVehEntered="5"/>
    <interval begin="8280.00" end="8310.00" id="D1" nVehContrib="0" flow="0.00" occupancy="0.00" speed="-1.00" length="-1.00" nVehEntered="0"/>
    <interval begin="8310.00" end="8340.00" id="D1" nVehContrib="6" flow="720.00" occupancy="14.54" speed="7.68" length="5.00" nVehEntered="6"/>
    <interval begin="8340.00" end="8370.00" id="D1" nVehContrib="4" flow="480.00" occupancy="8.36" speed="12.68" length="5.00" nVehEntered="4"/>
    <interval begin="8370.00" end="8400.00" id="D1" nVehContrib="0" flow="0.00" occupancy="0.00" speed="-1.00" length="-1.00" nVehEntered="0"/>
    <interval begin="8400.00" end="8430.00" id="D1" nVehContrib="6" flow="720.00" occupancy="15.93" speed="7.02" length="5.00" nVehEntered="6"/>
    <interval begin="8430.00" end="8460.00" id="D1" nVehContrib="3" flow="360.00" occupancy="5.79" speed="13.00" length="5.00" nVehEntered="3"/>
    <interval begin="8460.00" end="8490.00" id="D1" nVehContrib="0" flow="0.00" occupancy="0.00" speed="-1.00" length="-1.00" nVehEntered="0"/>
    <interval begin="8490.00" end="8520.00" id="D1" nVehContrib="6" flow="720.00" occupancy="16.21" speed="7.26" length="5.00" nVehEntered="6"/>
    <interval begin="8520.00" end="8550.00" id="D1" nVehContrib="3" flow="360.00" occupancy="5.17" speed="14.95" length="5.00" nVehEntered="3"/>
    <interval begin="8550.00" end="8580.00" id="D1" nVehContrib="0" flow="0.00" occupancy="0.00" speed="-1.00" length="-1.00" nVehEntered="0"/>
    <interval begin="8580.00" end="8610.00" id="D1" nVehContrib="2" flow="240.00" occupancy="8.27" speed="4.20" length="5.00" nVehEntered="2"/>
    <interval begin="8610.00" end="8640.00" id="D1" nVehContrib="1" flow="120.00" occupancy="7.47" speed="2.23" length="5.00" nVehEntered="1"/>
    <interval begin="8640.00" end="8670.00" id="D1" nVehContrib="0" flow="0.00" occupancy="0.00" speed="-1.00" length="-1.00" nVehEntered="0"/>
    <interval begin="8670.00" end="8700.00" id="D1" nVehContrib="6" flow="720.00" occupancy="15.88" speed="6.93" length="5.00" nVehEntered="6"/>
    <interval begin="8700.00" end="8730.00" id="D1" nVehContrib="5" flow="600.00" occupancy="9.31" speed="9.99" length="5.00" nVehEntered="5"/>
    <interval begin="8730.00" end="8760.00" id="D1" nVehContrib="0" flow="0.00" occupancy="0.00" speed="-1.00" length="-1.00" nVehEntered="0"/>
    <interval begin="8760.00" end="8790.00" id="D1" nVehContrib="6" flow="720.00" occupancy="16.70" speed="6.86" length="5.00" nVehEntered="6"/>
    <interval begin="8790.00" end="8820.00" id="D1" nVehContrib="3" flow="360.00" occupancy="11.59" speed="6.13" length="5.00" nVehEntered="3"/>
    <interval begin="8820.00" end="8850.00" id="D1" nVehContrib="0" flow="0.00" occupancy="0.00" speed="-1.00" length="-1.00" nVehEntered="0"/>
    <interval begin="8850.00" end="8880.00" id="D1" nVehContrib="6" flow="720.00" occupancy="14.91" speed="7.64" length="5.00" nVehEntered="6"/>
    <interval begin="8880.00" end="8910.00" id="D1" nVehContrib="5" flow="600.00" occupancy="11.94" speed="7.48" length="5.00" nVehEntered="5"/>
    <interval begin="8910.00" end="8940.00" id="D1" nVehContrib="0" flow="0.00" occupancy="0.00" speed="-1.00" length="-1.00" nVehEntered="0"/>
    <interval begin="8940.00" end="8970.00" id="D1" nVehContrib="5" flow="600.00" occupancy="16.16" speed="6.68" length="5.00" nVehEntered="6"/>
    <interval begin="8970.00" end="9000.00" id="D1" nVehContrib="5" flow="600.00" occupancy="14.45" speed="7.22" length="5.00" nVehEntered="4"/>
    <interval begin="9000.00" end="9030.00" id="D1" nVehContrib="0" flow="0.00" occupancy="0.00" speed="-1.00" length="-1.00" nVehEntered="0"/>
    <interval begin="9030.00" end="9060.00" id="D1" nVehContrib="6" flow="720.00" occupancy="14.29" speed="8.15" length="5.00" nVehEntered="6"/>
    <interval begin="9060.00" end="9090.00" id="D1" nVehContrib="4" flow="480.00" occupancy="8.36" speed="9.63" length="5.00" nVehEntered="4"/>
    <interval begin="9090.00" end="9120.00" id="D1" nVehContrib="0" flow="0.00" occupancy="0.00" speed="-1.00" length="-1.00" nVehEntered="0"/>
    <interval begin="9120.00" end="9150.00" id="D1" nVehContrib="6" flow="720.00" occupancy="14.98" speed="8.07" length="5.00" nVehEntered="6"/>
    <interval begin="9150.00" end="9180.00" id="D1" nVehContrib="2" flow="240.00" occupancy="5.01" speed="7.12" length="5.00" nVehEntered="2"/>
    <interval begin="9180.00" end="9210.00" id="D1" nVehContrib="0" flow="0.00" occupancy="0.00" speed="-1.00" length="-1.00" nVehEntered="0"/>
    <interval begin="9210.00" end="9240.00" id="D1" nVehContrib="2" flow="240.00" occupancy="9.61" speed="3.52" length="5.00" nVehEntered="2"/>
    <interval begin="9240.00" end="9270.00" id="D1" nVehContrib="1" flow="120.00" occupancy="6.35" speed="2.63" length="5.00" nVehEntered="1"/>
    <interval begin="9270.00" end="9300.00" id="D1" nVehContrib="0" flow="0.00" occupancy="0.00" speed="-1.00" length="-1.00" nVehEntered="0"/>
    <interval begin="9300.00" end="9330.00" id="D1" nVehContrib="6" flow="720.00" occupancy="14.88" speed="8.27" length="5.00" nVehEntered="6"/>
    <interval begin="9330.00" end="9360.00" id="D1" nVehContrib="5" flow="600.00" occupancy="10.88" speed="8.96" length="5.00" nVehEntered="5"/>
    <interval begin="9360.00" end="9390.00" id="D1" nVehContrib="0" flow="0.00" occupancy="0.00" speed="-1.00" length="-1.00" nVehEntered="0"/>
    <interval begin="9390.00" end="9420.00" id="D1" nVehContrib="6" flow="720.00" occupancy="13.81" speed="8.55" length="5.00" nVehEntered="6"/>
    <interval begin="9420.00" end="9450.00" id="D1" nVehContrib="4" flow="480.00" occupancy="12.99" speed="6.87" length="5.00" nVehEntered="4"/>
    <interval begin="9450.00" end="9480.00" id="D1" nVehContrib="0" flow="0.00" occupancy="0.00" speed="-1.00" length="-1.00" nVehEntered="0"/>
    <interval begin="9480.00" end="9510.00" id="D1" nVehContrib="6" flow="720.00" occupancy="15.49" speed="7.80" length="5.00" nVehEntered="6"/>
    <interval begin="9510.00" end="9540.00" id="D1" nVehContrib="5" flow="600.00" occupancy="11.10" speed="9.09" length="5.00" nVehEntered="5"/>
    <interval begin="9540.00" end="9570.00" id="D1" nVehContrib="0" flow="0.00" occupancy="0.00" speed="-1.00" length="-1.00" nVehEntered="0"/>
    <interval begin="9570.00" end="9600.00" id="D1" nVehContrib="6" flow="720.00" occupancy="14.65" speed="8.31" length="5.00" nVehEntered="6"/>
    <interval begin="9600.00" end="9630.00" id="D1" nVehContrib="2" flow="240.00" occupancy="9.64" speed="3.57" length="5.00" nVehEntered="2"/>
    <interval begin="9630.00" end="9660.00" id="D1" nVehContrib="0" flow="0.00" occupancy="0.00" speed="-1.00" length="-1.00" nVehEntered="0"/>
    <interval begin="9660.00" end="9690.00" id="D1" nVehContrib="5" flow="600.00" occupancy="16.58" speed="5.99" length="5.00" nVehEntered="6"/>
    <interval begin="9690.00" end="9720.00" id="D1" nVehContrib="6" flow="720.00" occupancy="9.53" speed="10.16" length="5.00" nVehEntered="5"/>
    <interval begin="9720.00" end="9750.00" id="D1" nVehContrib="0" flow="0.00" occupancy="0.00" speed="-1.00" length="-1.00" nVehEntered="0"/>
    <interval begin="9750.00" end="9780.00" id="D1" nVehContrib="5" flow="600.00" occupancy="14.36" speed="7.30" length="5.00" nVehEntered="6"/>
    <interval begin="9780.00" end="9810.00" id="D1" nVehContrib="5" flow="600.00" occupancy="11.30" speed="11.01" length="5.00" nVehEntered="4"/>
    <interval begin="9810.00" end="9840.00" id="D1" nVehContrib="0" flow="0.00" occupancy="0.00" speed="-1.00" length="-1.00" nVehEntered="0"/>
    <interval begin="9840.00" end="9870.00" id="D1" nVehContrib="6" flow="720.00" occupancy="16.02" speed="7.03" length="5.00" nVehEntered="6"/>
    <interval begin="9870.00" end="9900.00" id="D1" nVehContrib="3" flow="360.00" occupancy="5.43" speed="14.36" length="5.00" nVehEntered="3"/>
    <interval begin="9900.00" end="9930.00" id="D1" nVehContrib="0" flow="0.00" occupancy="0.00" speed="-1.00" length="-1.00" nVehEntered="0"/>
    <interval begin="9930.00" end="9960.00" id="D1" nVehContrib="5" flow="600.00" occupancy="14.24" speed="6.72" length="5.00" nVehEntered="5"/>
    <interval begin="9960.00" end="9990.00" id="D1" nVehContrib="4" flow="480.00" occupancy="8.51" speed="11.72" length="5.00" nVehEntered="4"/>
    <interval begin="9990.00" end="10020.00" id="D1" nVehContrib="0" flow="0.00" occupancy="0.00" speed="-1.00" length="-1.00" nVehEntered="0"/>
    <interval begin="10020.00" end="10050.00" id="D1" nVehContrib="2" flow="240.00" occupancy="8.68" speed="3.95" length="5.00" nVehEntered="2"/>
    <interval begin="10050.00" end="10080.00" id="D1" nVehContrib="1" flow="120.00" occupancy="6.18" speed="2.70" length="5.00" nVehEntered="1"/>
    <interval begin="10080.00" end="10110.00" id="D1" nVehContrib="0" flow="0.00" occupancy="0.00" speed="-1.00" length="-1.00" nVehEntered="0"/>
    <interval begin="10110.00" end="10140.00" id="D1" nVehContrib="6" flow="720.00" occupancy="15.55" speed="7.23" length="5.00" nVehEntered="6"/>
    <interval begin="10140.00" end="10170.00" id="D1" nVehContrib="6" flow="720.00" occupancy="9.36" speed="12.58" length="5.00" nVehEntered="6"/>
    <interval begin="10170.00" end="10200.00" id="D1" nVehContrib="0" flow="0.00" occupancy="0.00" speed="-1.00" length="-1.00" nVehEntered="0"/>
    <interval begin="10200.00" end="10230.00" id="D1" nVehContrib="6" flow="720.00" occupancy="17.23" speed="6.73" length="5.00" nVehEntered="6"/>
    <interval begin="10230.00" end="10260.00" id="D1" nVehContrib="2" flow="240.00" occupancy="9.71" speed="3.72" length="5.00" nVehEntered="2"/>
    <interval begin="10260.00" end="10290.00" id="D1" nVehContrib="0" flow="0.00" occupancy="0.00" speed="-1.00" length="-1.00" nVehEntered="0"/>
    <interval begin="10290.00" end="10320.00" id="D1" nVehContrib="6" flow="720.00" occupancy="16.11" speed="7.16" length="5.00" nVehEntered="6"/>
    <interval begin="10320.00" end="10350.00" id="D1" nVehContrib="4" flow="480.00" occupancy="11.40" speed="6.22" length="5.00" nVehEntered="4"/>
    <interval begin="10350.00" end="10380.00" id="D1" nVehContrib="0" flow="0.00" occupancy="0.00" speed="-1.00" length="-1.00" nVehEntered="0"/>
    <interval begin="10380.00" end="10410.00" id="D1" nVehContrib="6" flow="720.00" occupancy="16.64" speed="7.38" length="5.00" nVehEntered="6"/>
    <interval begin="10410.00" end="10440.00" id="D1" nVehContrib="5" flow="600.00" occupancy="15.87" speed="6.39" length="5.00" nVehEntered="5"/>
    <interval begin="10440.00" end="10470.00" id="D1" nVehContrib="0" flow="0.00" occupancy="0.00" speed="-1.00" length="-1.00" nVehEntered="0"/>
    <interval begin="10470.00" end="10500.00" id="D1" nVehContrib="7" flow="840.00" occupancy="15.13" speed="9.37" length="5.00" nVehEntered="7"/>
    <interval begin="10500.00" end="10530.00" id="D1" nVehContrib="3" flow="360.00" occupancy="7.32" speed="9.13" length="5.00" nVehEntered="3"/>
    <interval begin="10530.00" end="10560.00" id="D1" nVehContrib="0" flow="0.00" occupancy="0.00" speed="-1.00" length="-1.00" nVehEntered="0"/>
    <interval begin="10560.00" end="10590.00" id="D1" nVehContrib="6" flow="720.00" occupancy="14.19" speed="8.27" length="5.00" nVehEntered="6"/>
    <interval begin="10590.00" end="10620.00" id="D1" nVehContrib="3" flow="360.00" occupancy="5.78" speed="10.26" length="5.00" nVehEntered="3"/>
    <interval begin="10620.00" end="10650.00" id="D1" nVehContrib="0" flow="0.00" occupancy="0.00" speed="-1.00" length="-1.00" nVehEntered="0"/>
    <interval begin="10650.00" end="10680.00" id="D1" nVehContrib="1" flow="120.00" occupancy="6.01" speed="2.77" length="5.00" nVehEntered="1"/>
    <interval begin="10680.00" end="10710.00" id="D1" nVehContrib="1" flow="120.00" occupancy="6.02" speed="2.77" length="5.00" nVehEntered="1"/>
    <interval begin="10710.00" end="10740.00" id="D1" nVehContrib="0" flow="0.00" occupancy="0.00" speed="-1.00" length="-1.00" nVehEntered="0"/>
    <interval begin="10740.00" end="10770.00" id="D1" nVehContrib="6" flow="720.00" occupancy="14.71" speed="8.46" length="5.00" nVehEntered="6"/>
    <interval begin="10770.00" end="10800.00" id="D1" nVehContrib="5" flow="600.00" occupancy="11.91" speed="7.88" length="5.00" nVehEntered="5"/>
    <interval begin="10800.00" end="10830.00" id="D1" nVehContrib="0" flow="0.00" occupancy="0.00" speed="-1.00" length="-1.00" nVehEntered="0"/>
    <interval begin="10830.00" end="10860.00" id="D1" nVehContrib="6" flow="720.00" occupancy="15.05" speed="8.50" length="5.00" nVehEntered="6"/>
    <interval begin="10860.00" end="10890.00" id="D1" nVehContrib="3" flow="360.00" occupancy="12.32" speed="5.05" length="5.00" nVehEntered="3"/>
    <interval begin="10890.00" end="10920.00" id="D1" nVehContrib="0" flow="0.00" occupancy="0.00" speed="-1.00" length="-1.00" nVehEntered="0"/>
    <interval begin="10920.00" end="10950.00" id="D1" nVehContrib="6" flow="720.00" occupancy="15.08" speed="7.88" length="5.00" nVehEntered="6"/>
    <interval begin="10950.00" end="10980.00" id="D1" nVehContrib="6" flow="720.00" occupancy="9.23" speed="12.38" length="5.00" nVehEntered="6"/>
    <interval begin="10980.00" end="11000.00" id="D1" nVehContrib="0" flow="0.00" occupancy="0.00" speed="-1.00" length="-1.00" nVehEntered="0"/>
</detector>
