<?xml version="1.0" encoding="UTF-8"?>

<!-- generated on 02/02/20 10:23:44 by Eclipse SUMO Version 1.3.1
<configuration xmlns:xsi="http://www.w3.org/2001/XMLSchema-instance" xsi:noNamespaceSchemaLocation="http://sumo.dlr.de/xsd/sumoConfiguration.xsd">

    <input>
        <net-file value="gnet.net.xml"/>
        <route-files value="grou.rou.xml"/>
        <additional-files value="gadd.additional.xml"/>
    </input>

    <output>
        <queue-output value="Queue.xml"/>
        <summary-output value="Summary.xml"/>
        <tripinfo-output value="output-tripinfos.xml"/>
    </output>

    <time>
        <begin value="0"/>
        <end value="3600"/>
    </time>

    <processing>
        <time-to-teleport value="3600"/>
    </processing>

    <traci_server>
        <remote-port value="10631"/>
    </traci_server>

    <gui_only>
        <gui-settings-file value="gview.view.xml"/>
        <quit-on-end value="true"/>
        <start value="true"/>
    </gui_only>

</configuration>
-->

<detector xmlns:xsi="http://www.w3.org/2001/XMLSchema-instance" xsi:noNamespaceSchemaLocation="http://sumo.dlr.de/xsd/det_e1_file.xsd">
    <interval begin="0.00" end="30.00" id="D1_1_0" nVehContrib="0" flow="0.00" occupancy="0.00" speed="-1.00" harmonicMeanSpeed="-1.00" length="-1.00" nVehEntered="0"/>
    <interval begin="30.00" end="60.00" id="D1_1_0" nVehContrib="0" flow="0.00" occupancy="0.00" speed="-1.00" harmonicMeanSpeed="-1.00" length="-1.00" nVehEntered="0"/>
    <interval begin="60.00" end="90.00" id="D1_1_0" nVehContrib="7" flow="840.00" occupancy="41.18" speed="6.55" harmonicMeanSpeed="2.83" length="5.00" nVehEntered="7"/>
    <interval begin="90.00" end="120.00" id="D1_1_0" nVehContrib="2" flow="240.00" occupancy="2.50" speed="13.36" harmonicMeanSpeed="13.35" length="5.00" nVehEntered="2"/>
    <interval begin="120.00" end="150.00" id="D1_1_0" nVehContrib="0" flow="0.00" occupancy="0.00" speed="-1.00" harmonicMeanSpeed="-1.00" length="-1.00" nVehEntered="0"/>
    <interval begin="150.00" end="180.00" id="D1_1_0" nVehContrib="1" flow="120.00" occupancy="38.61" speed="3.16" harmonicMeanSpeed="3.16" length="5.00" nVehEntered="2"/>
    <interval begin="180.00" end="210.00" id="D1_1_0" nVehContrib="8" flow="960.00" occupancy="15.55" speed="8.62" harmonicMeanSpeed="2.73" length="5.00" nVehEntered="7"/>
    <interval begin="210.00" end="240.00" id="D1_1_0" nVehContrib="0" flow="0.00" occupancy="0.00" speed="-1.00" harmonicMeanSpeed="-1.00" length="-1.00" nVehEntered="0"/>
    <interval begin="240.00" end="270.00" id="D1_1_0" nVehContrib="2" flow="240.00" occupancy="8.06" speed="4.68" harmonicMeanSpeed="4.14" length="5.00" nVehEntered="2"/>
    <interval begin="270.00" end="300.00" id="D1_1_0" nVehContrib="9" flow="1080.00" occupancy="36.51" speed="9.15" harmonicMeanSpeed="4.11" length="5.00" nVehEntered="9"/>
    <interval begin="300.00" end="330.00" id="D1_1_0" nVehContrib="0" flow="0.00" occupancy="0.00" speed="-1.00" harmonicMeanSpeed="-1.00" length="-1.00" nVehEntered="0"/>
    <interval begin="330.00" end="360.00" id="D1_1_0" nVehContrib="0" flow="0.00" occupancy="0.00" speed="-1.00" harmonicMeanSpeed="-1.00" length="-1.00" nVehEntered="0"/>
    <interval begin="360.00" end="390.00" id="D1_1_0" nVehContrib="7" flow="840.00" occupancy="48.31" speed="5.85" harmonicMeanSpeed="2.47" length="5.00" nVehEntered="8"/>
    <interval begin="390.00" end="420.00" id="D1_1_0" nVehContrib="3" flow="360.00" occupancy="2.64" speed="13.45" harmonicMeanSpeed="13.36" length="5.00" nVehEntered="2"/>
    <interval begin="420.00" end="450.00" id="D1_1_0" nVehContrib="0" flow="0.00" occupancy="0.00" speed="-1.00" harmonicMeanSpeed="-1.00" length="-1.00" nVehEntered="0"/>
    <interval begin="450.00" end="480.00" id="D1_1_0" nVehContrib="8" flow="960.00" occupancy="19.73" speed="8.06" harmonicMeanSpeed="6.76" length="5.00" nVehEntered="8"/>
    <interval begin="480.00" end="510.00" id="D1_1_0" nVehContrib="4" flow="480.00" occupancy="5.82" speed="12.26" harmonicMeanSpeed="11.46" length="5.00" nVehEntered="4"/>
    <interval begin="510.00" end="540.00" id="D1_1_0" nVehContrib="0" flow="0.00" occupancy="0.00" speed="-1.00" harmonicMeanSpeed="-1.00" length="-1.00" nVehEntered="0"/>
    <interval begin="540.00" end="570.00" id="D1_1_0" nVehContrib="4" flow="480.00" occupancy="11.13" speed="6.97" harmonicMeanSpeed="5.99" length="5.00" nVehEntered="4"/>
    <interval begin="570.00" end="600.00" id="D1_1_0" nVehContrib="6" flow="720.00" occupancy="8.06" speed="13.29" harmonicMeanSpeed="12.41" length="5.00" nVehEntered="6"/>
    <interval begin="600.00" end="630.00" id="D1_1_0" nVehContrib="0" flow="0.00" occupancy="0.00" speed="-1.00" harmonicMeanSpeed="-1.00" length="-1.00" nVehEntered="0"/>
    <interval begin="630.00" end="660.00" id="D1_1_0" nVehContrib="0" flow="0.00" occupancy="0.00" speed="-1.00" harmonicMeanSpeed="-1.00" length="-1.00" nVehEntered="0"/>
    <interval begin="660.00" end="690.00" id="D1_1_0" nVehContrib="9" flow="1080.00" occupancy="41.21" speed="11.32" harmonicMeanSpeed="8.39" length="5.00" nVehEntered="10"/>
    <interval begin="690.00" end="720.00" id="D1_1_0" nVehContrib="3" flow="360.00" occupancy="55.52" speed="2.14" harmonicMeanSpeed="0.63" length="5.00" nVehEntered="2"/>
    <interval begin="720.00" end="750.00" id="D1_1_0" nVehContrib="4" flow="480.00" occupancy="40.59" speed="3.54" harmonicMeanSpeed="2.73" length="5.00" nVehEntered="5"/>
    <interval begin="750.00" end="780.00" id="D1_1_0" nVehContrib="4" flow="480.00" occupancy="31.59" speed="3.89" harmonicMeanSpeed="1.40" length="5.00" nVehEntered="3"/>
    <interval begin="780.00" end="810.00" id="D1_1_0" nVehContrib="4" flow="480.00" occupancy="10.66" speed="6.66" harmonicMeanSpeed="6.25" length="5.00" nVehEntered="4"/>
    <interval begin="810.00" end="840.00" id="D1_1_0" nVehContrib="3" flow="360.00" occupancy="2.40" speed="22.50" harmonicMeanSpeed="20.81" length="5.00" nVehEntered="3"/>
    <interval begin="840.00" end="870.00" id="D1_1_0" nVehContrib="2" flow="240.00" occupancy="1.47" speed="23.66" harmonicMeanSpeed="22.62" length="5.00" nVehEntered="2"/>
    <interval begin="870.00" end="900.00" id="D1_1_0" nVehContrib="3" flow="360.00" occupancy="55.66" speed="3.31" harmonicMeanSpeed="1.53" length="5.00" nVehEntered="4"/>
    <interval begin="900.00" end="930.00" id="D1_1_0" nVehContrib="4" flow="480.00" occupancy="23.57" speed="3.02" harmonicMeanSpeed="1.43" length="5.00" nVehEntered="3"/>
    <interval begin="930.00" end="960.00" id="D1_1_0" nVehContrib="3" flow="360.00" occupancy="6.92" speed="8.90" harmonicMeanSpeed="7.22" length="5.00" nVehEntered="3"/>
    <interval begin="960.00" end="990.00" id="D1_1_0" nVehContrib="2" flow="240.00" occupancy="43.94" speed="1.83" harmonicMeanSpeed="1.04" length="5.00" nVehEntered="3"/>
    <interval begin="990.00" end="1020.00" id="D1_1_0" nVehContrib="4" flow="480.00" occupancy="18.84" speed="4.36" harmonicMeanSpeed="2.67" length="5.00" nVehEntered="4"/>
    <interval begin="1020.00" end="1050.00" id="D1_1_0" nVehContrib="2" flow="240.00" occupancy="71.17" speed="0.56" harmonicMeanSpeed="0.43" length="5.00" nVehEntered="1"/>
    <interval begin="1050.00" end="1080.00" id="D1_1_0" nVehContrib="2" flow="240.00" occupancy="26.30" speed="2.07" harmonicMeanSpeed="1.27" length="5.00" nVehEntered="2"/>
    <interval begin="1080.00" end="1110.00" id="D1_1_0" nVehContrib="2" flow="240.00" occupancy="8.65" speed="4.65" harmonicMeanSpeed="3.85" length="5.00" nVehEntered="2"/>
    <interval begin="1110.00" end="1140.00" id="D1_1_0" nVehContrib="2" flow="240.00" occupancy="8.17" speed="4.63" harmonicMeanSpeed="4.08" length="5.00" nVehEntered="2"/>
    <interval begin="1140.00" end="1170.00" id="D1_1_0" nVehContrib="3" flow="360.00" occupancy="20.97" speed="2.58" harmonicMeanSpeed="2.38" length="5.00" nVehEntered="3"/>
    <interval begin="1170.00" end="1200.00" id="D1_1_0" nVehContrib="0" flow="0.00" occupancy="0.00" speed="-1.00" harmonicMeanSpeed="-1.00" length="-1.00" nVehEntered="0"/>
    <interval begin="1200.00" end="1230.00" id="D1_1_0" nVehContrib="3" flow="360.00" occupancy="71.12" speed="1.13" harmonicMeanSpeed="1.00" length="5.00" nVehEntered="4"/>
    <interval begin="1230.00" end="1260.00" id="D1_1_0" nVehContrib="3" flow="360.00" occupancy="8.89" speed="3.00" harmonicMeanSpeed="1.65" length="5.00" nVehEntered="2"/>
    <interval begin="1260.00" end="1290.00" id="D1_1_0" nVehContrib="2" flow="240.00" occupancy="11.57" speed="2.90" harmonicMeanSpeed="2.88" length="5.00" nVehEntered="2"/>
    <interval begin="1290.00" end="1320.00" id="D1_1_0" nVehContrib="2" flow="240.00" occupancy="21.73" speed="1.97" harmonicMeanSpeed="1.53" length="5.00" nVehEntered="2"/>
    <interval begin="1320.00" end="1350.00" id="D1_1_0" nVehContrib="3" flow="360.00" occupancy="30.40" speed="1.83" harmonicMeanSpeed="1.64" length="5.00" nVehEntered="3"/>
    <interval begin="1350.00" end="1380.00" id="D1_1_0" nVehContrib="1" flow="120.00" occupancy="9.88" speed="1.69" harmonicMeanSpeed="1.69" length="5.00" nVehEntered="1"/>
    <interval begin="1380.00" end="1410.00" id="D1_1_0" nVehContrib="2" flow="240.00" occupancy="7.62" speed="4.95" harmonicMeanSpeed="4.38" length="5.00" nVehEntered="2"/>
    <interval begin="1410.00" end="1440.00" id="D1_1_0" nVehContrib="1" flow="120.00" occupancy="87.33" speed="1.22" harmonicMeanSpeed="1.22" length="5.00" nVehEntered="2"/>
    <interval begin="1440.00" end="1470.00" id="D1_1_0" nVehContrib="3" flow="360.00" occupancy="61.41" speed="1.03" harmonicMeanSpeed="0.41" length="5.00" nVehEntered="3"/>
    <interval begin="1470.00" end="1500.00" id="D1_1_0" nVehContrib="4" flow="480.00" occupancy="57.76" speed="1.08" harmonicMeanSpeed="0.95" length="5.00" nVehEntered="3"/>
    <interval begin="1500.00" end="1530.00" id="D1_1_0" nVehContrib="7" flow="840.00" occupancy="34.98" speed="4.33" harmonicMeanSpeed="3.55" length="5.00" nVehEntered="8"/>
    <interval begin="1530.00" end="1560.00" id="D1_1_0" nVehContrib="4" flow="480.00" occupancy="51.26" speed="3.55" harmonicMeanSpeed="1.48" length="5.00" nVehEntered="4"/>
    <interval begin="1560.00" end="1590.00" id="D1_1_0" nVehContrib="2" flow="240.00" occupancy="85.56" speed="0.87" harmonicMeanSpeed="0.35" length="5.00" nVehEntered="1"/>
    <interval begin="1590.00" end="1620.00" id="D1_1_0" nVehContrib="3" flow="360.00" occupancy="48.58" speed="1.15" harmonicMeanSpeed="1.03" length="5.00" nVehEntered="3"/>
    <interval begin="1620.00" end="1650.00" id="D1_1_0" nVehContrib="3" flow="360.00" occupancy="12.88" speed="4.27" harmonicMeanSpeed="3.88" length="5.00" nVehEntered="3"/>
    <interval begin="1650.00" end="1680.00" id="D1_1_0" nVehContrib="1" flow="120.00" occupancy="14.30" speed="1.17" harmonicMeanSpeed="1.17" length="5.00" nVehEntered="1"/>
    <interval begin="1680.00" end="1710.00" id="D1_1_0" nVehContrib="0" flow="0.00" occupancy="0.00" speed="-1.00" harmonicMeanSpeed="-1.00" length="-1.00" nVehEntered="0"/>
    <interval begin="1710.00" end="1740.00" id="D1_1_0" nVehContrib="5" flow="600.00" occupancy="41.49" speed="3.40" harmonicMeanSpeed="2.01" length="5.00" nVehEntered="5"/>
    <interval begin="1740.00" end="1770.00" id="D1_1_0" nVehContrib="4" flow="480.00" occupancy="28.77" speed="2.95" harmonicMeanSpeed="2.85" length="5.00" nVehEntered="5"/>
    <interval begin="1770.00" end="1800.00" id="D1_1_0" nVehContrib="2" flow="240.00" occupancy="76.22" speed="0.48" harmonicMeanSpeed="0.44" length="5.00" nVehEntered="2"/>
    <interval begin="1800.00" end="1830.00" id="D1_1_0" nVehContrib="4" flow="480.00" occupancy="42.32" speed="1.65" harmonicMeanSpeed="1.39" length="5.00" nVehEntered="3"/>
    <interval begin="1830.00" end="1860.00" id="D1_1_0" nVehContrib="4" flow="480.00" occupancy="63.45" speed="1.26" harmonicMeanSpeed="1.08" length="5.00" nVehEntered="5"/>
    <interval begin="1860.00" end="1890.00" id="D1_1_0" nVehContrib="4" flow="480.00" occupancy="65.47" speed="1.15" harmonicMeanSpeed="1.13" length="5.00" nVehEntered="4"/>
    <interval begin="1890.00" end="1920.00" id="D1_1_0" nVehContrib="5" flow="600.00" occupancy="61.36" speed="3.05" harmonicMeanSpeed="1.32" length="5.00" nVehEntered="5"/>
    <interval begin="1920.00" end="1950.00" id="D1_1_0" nVehContrib="3" flow="360.00" occupancy="63.77" speed="0.89" harmonicMeanSpeed="0.73" length="5.00" nVehEntered="3"/>
    <interval begin="1950.00" end="1980.00" id="D1_1_0" nVehContrib="3" flow="360.00" occupancy="58.56" speed="1.30" harmonicMeanSpeed="0.93" length="5.00" nVehEntered="3"/>
    <interval begin="1980.00" end="2010.00" id="D1_1_0" nVehContrib="4" flow="480.00" occupancy="61.71" speed="1.72" harmonicMeanSpeed="0.97" length="5.00" nVehEntered="3"/>
    <interval begin="2010.00" end="2040.00" id="D1_1_0" nVehContrib="0" flow="0.00" occupancy="0.00" speed="-1.00" harmonicMeanSpeed="-1.00" length="-1.00" nVehEntered="0"/>
    <interval begin="2040.00" end="2070.00" id="D1_1_0" nVehContrib="3" flow="360.00" occupancy="31.96" speed="3.24" harmonicMeanSpeed="1.56" length="5.00" nVehEntered="3"/>
    <interval begin="2070.00" end="2100.00" id="D1_1_0" nVehContrib="4" flow="480.00" occupancy="74.56" speed="1.02" harmonicMeanSpeed="0.89" length="5.00" nVehEntered="4"/>
    <interval begin="2100.00" end="2130.00" id="D1_1_0" nVehContrib="3" flow="360.00" occupancy="23.07" speed="2.67" harmonicMeanSpeed="2.17" length="5.00" nVehEntered="3"/>
    <interval begin="2130.00" end="2160.00" id="D1_1_0" nVehContrib="6" flow="720.00" occupancy="23.78" speed="4.96" harmonicMeanSpeed="4.66" length="5.00" nVehEntered="7"/>
    <interval begin="2160.00" end="2190.00" id="D1_1_0" nVehContrib="5" flow="600.00" occupancy="66.74" speed="2.46" harmonicMeanSpeed="1.21" length="5.00" nVehEntered="4"/>
    <interval begin="2190.00" end="2220.00" id="D1_1_0" nVehContrib="2" flow="240.00" occupancy="26.99" speed="2.50" harmonicMeanSpeed="1.24" length="5.00" nVehEntered="2"/>
    <interval begin="2220.00" end="2250.00" id="D1_1_0" nVehContrib="3" flow="360.00" occupancy="64.32" speed="0.84" harmonicMeanSpeed="0.78" length="5.00" nVehEntered="3"/>
    <interval begin="2250.00" end="2280.00" id="D1_1_0" nVehContrib="5" flow="600.00" occupancy="48.83" speed="2.96" harmonicMeanSpeed="1.71" length="5.00" nVehEntered="5"/>
    <interval begin="2280.00" end="2310.00" id="D1_1_0" nVehContrib="2" flow="240.00" occupancy="42.31" speed="0.79" harmonicMeanSpeed="0.79" length="5.00" nVehEntered="2"/>
    <interval begin="2310.00" end="2340.00" id="D1_1_0" nVehContrib="3" flow="360.00" occupancy="64.29" speed="0.82" harmonicMeanSpeed="0.78" length="5.00" nVehEntered="3"/>
    <interval begin="2340.00" end="2370.00" id="D1_1_0" nVehContrib="2" flow="240.00" occupancy="72.35" speed="0.76" harmonicMeanSpeed="0.48" length="5.00" nVehEntered="3"/>
    <interval begin="2370.00" end="2400.00" id="D1_1_0" nVehContrib="2" flow="240.00" occupancy="37.04" speed="0.93" harmonicMeanSpeed="0.84" length="5.00" nVehEntered="1"/>
    <interval begin="2400.00" end="2430.00" id="D1_1_0" nVehContrib="3" flow="360.00" occupancy="47.08" speed="1.11" harmonicMeanSpeed="1.06" length="5.00" nVehEntered="3"/>
    <interval begin="2430.00" end="2460.00" id="D1_1_0" nVehContrib="4" flow="480.00" occupancy="50.11" speed="2.15" harmonicMeanSpeed="1.33" length="5.00" nVehEntered="4"/>
    <interval begin="2460.00" end="2490.00" id="D1_1_0" nVehContrib="4" flow="480.00" occupancy="65.97" speed="1.36" harmonicMeanSpeed="1.01" length="5.00" nVehEntered="4"/>
    <interval begin="2490.00" end="2520.00" id="D1_1_0" nVehContrib="2" flow="240.00" occupancy="7.77" speed="4.29" harmonicMeanSpeed="4.29" length="5.00" nVehEntered="2"/>
    <interval begin="2520.00" end="2550.00" id="D1_1_0" nVehContrib="3" flow="360.00" occupancy="49.82" speed="1.75" harmonicMeanSpeed="1.63" length="5.00" nVehEntered="4"/>
    <interval begin="2550.00" end="2580.00" id="D1_1_0" nVehContrib="2" flow="240.00" occupancy="78.93" speed="0.43" harmonicMeanSpeed="0.35" length="5.00" nVehEntered="2"/>
    <interval begin="2580.00" end="2610.00" id="D1_1_0" nVehContrib="1" flow="120.00" occupancy="2.71" speed="3.24" harmonicMeanSpeed="3.24" length="5.00" nVehEntered="0"/>
    <interval begin="2610.00" end="2640.00" id="D1_1_0" nVehContrib="4" flow="480.00" occupancy="51.07" speed="2.63" harmonicMeanSpeed="1.31" length="5.00" nVehEntered="4"/>
    <interval begin="2640.00" end="2670.00" id="D1_1_0" nVehContrib="4" flow="480.00" occupancy="28.52" speed="2.82" harmonicMeanSpeed="2.34" length="5.00" nVehEntered="4"/>
    <interval begin="2670.00" end="2700.00" id="D1_1_0" nVehContrib="0" flow="0.00" occupancy="0.00" speed="-1.00" harmonicMeanSpeed="-1.00" length="-1.00" nVehEntered="0"/>
    <interval begin="2700.00" end="2730.00" id="D1_1_0" nVehContrib="3" flow="360.00" occupancy="48.00" speed="4.47" harmonicMeanSpeed="4.06" length="5.00" nVehEntered="4"/>
    <interval begin="2730.00" end="2760.00" id="D1_1_0" nVehContrib="6" flow="720.00" occupancy="45.17" speed="3.77" harmonicMeanSpeed="1.24" length="5.00" nVehEntered="5"/>
    <interval begin="2760.00" end="2790.00" id="D1_1_0" nVehContrib="4" flow="480.00" occupancy="27.23" speed="3.64" harmonicMeanSpeed="2.45" length="5.00" nVehEntered="4"/>
    <interval begin="2790.00" end="2820.00" id="D1_1_0" nVehContrib="1" flow="120.00" occupancy="5.68" speed="2.94" harmonicMeanSpeed="2.94" length="5.00" nVehEntered="1"/>
    <interval begin="2820.00" end="2850.00" id="D1_1_0" nVehContrib="5" flow="600.00" occupancy="63.26" speed="2.25" harmonicMeanSpeed="1.32" length="5.00" nVehEntered="5"/>
    <interval begin="2850.00" end="2880.00" id="D1_1_0" nVehContrib="4" flow="480.00" occupancy="52.45" speed="2.82" harmonicMeanSpeed="1.92" length="5.00" nVehEntered="5"/>
    <interval begin="2880.00" end="2910.00" id="D1_1_0" nVehContrib="2" flow="240.00" occupancy="21.26" speed="1.45" harmonicMeanSpeed="0.86" length="5.00" nVehEntered="1"/>
    <interval begin="2910.00" end="2940.00" id="D1_1_0" nVehContrib="2" flow="240.00" occupancy="26.02" speed="2.51" harmonicMeanSpeed="2.47" length="5.00" nVehEntered="3"/>
    <interval begin="2940.00" end="2970.00" id="D1_1_0" nVehContrib="6" flow="720.00" occupancy="57.55" speed="2.87" harmonicMeanSpeed="1.43" length="5.00" nVehEntered="5"/>
    <interval begin="2970.00" end="3000.00" id="D1_1_0" nVehContrib="2" flow="240.00" occupancy="33.44" speed="4.17" harmonicMeanSpeed="4.04" length="5.00" nVehEntered="3"/>
    <interval begin="3000.00" end="3030.00" id="D1_1_0" nVehContrib="3" flow="360.00" occupancy="42.97" speed="0.79" harmonicMeanSpeed="0.73" length="5.00" nVehEntered="2"/>
    <interval begin="3030.00" end="3060.00" id="D1_1_0" nVehContrib="3" flow="360.00" occupancy="47.94" speed="1.48" harmonicMeanSpeed="1.04" length="5.00" nVehEntered="3"/>
    <interval begin="3060.00" end="3090.00" id="D1_1_0" nVehContrib="2" flow="240.00" occupancy="59.33" speed="1.87" harmonicMeanSpeed="0.56" length="5.00" nVehEntered="2"/>
    <interval begin="3090.00" end="3120.00" id="D1_1_0" nVehContrib="4" flow="480.00" occupancy="59.54" speed="1.21" harmonicMeanSpeed="1.15" length="5.00" nVehEntered="5"/>
    <interval begin="3120.00" end="3150.00" id="D1_1_0" nVehContrib="3" flow="360.00" occupancy="69.15" speed="0.94" harmonicMeanSpeed="0.86" length="5.00" nVehEntered="3"/>
    <interval begin="3150.00" end="3180.00" id="D1_1_0" nVehContrib="3" flow="360.00" occupancy="61.16" speed="1.20" harmonicMeanSpeed="0.91" length="5.00" nVehEntered="3"/>
    <interval begin="3180.00" end="3210.00" id="D1_1_0" nVehContrib="2" flow="240.00" occupancy="81.23" speed="0.69" harmonicMeanSpeed="0.63" length="5.00" nVehEntered="2"/>
    <interval begin="3210.00" end="3240.00" id="D1_1_0" nVehContrib="2" flow="240.00" occupancy="87.18" speed="0.28" harmonicMeanSpeed="0.25" length="5.00" nVehEntered="1"/>
    <interval begin="3240.00" end="3270.00" id="D1_1_0" nVehContrib="4" flow="480.00" occupancy="40.66" speed="3.27" harmonicMeanSpeed="2.50" length="5.00" nVehEntered="5"/>
    <interval begin="3270.00" end="3300.00" id="D1_1_0" nVehContrib="0" flow="0.00" occupancy="100.00" speed="-1.00" harmonicMeanSpeed="-1.00" length="-1.00" nVehEntered="0"/>
    <interval begin="3300.00" end="3330.00" id="D1_1_0" nVehContrib="1" flow="120.00" occupancy="85.32" speed="0.09" harmonicMeanSpeed="0.09" length="5.00" nVehEntered="1"/>
    <interval begin="3330.00" end="3360.00" id="D1_1_0" nVehContrib="2" flow="240.00" occupancy="85.04" speed="0.61" harmonicMeanSpeed="0.37" length="5.00" nVehEntered="2"/>
    <interval begin="3360.00" end="3390.00" id="D1_1_0" nVehContrib="7" flow="840.00" occupancy="38.44" speed="3.59" harmonicMeanSpeed="2.91" length="5.00" nVehEntered="6"/>
    <interval begin="3390.00" end="3420.00" id="D1_1_0" nVehContrib="4" flow="480.00" occupancy="48.01" speed="3.53" harmonicMeanSpeed="2.94" length="5.00" nVehEntered="5"/>
    <interval begin="3420.00" end="3450.00" id="D1_1_0" nVehContrib="5" flow="600.00" occupancy="31.65" speed="3.24" harmonicMeanSpeed="1.74" length="5.00" nVehEntered="5"/>
    <interval begin="3450.00" end="3480.00" id="D1_1_0" nVehContrib="2" flow="240.00" occupancy="61.79" speed="0.59" harmonicMeanSpeed="0.47" length="5.00" nVehEntered="1"/>
    <interval begin="3480.00" end="3510.00" id="D1_1_0" nVehContrib="2" flow="240.00" occupancy="7.57" speed="4.96" harmonicMeanSpeed="4.41" length="5.00" nVehEntered="2"/>
    <interval begin="3510.00" end="3540.00" id="D1_1_0" nVehContrib="5" flow="600.00" occupancy="56.60" speed="2.86" harmonicMeanSpeed="1.47" length="5.00" nVehEntered="5"/>
    <interval begin="3540.00" end="3570.00" id="D1_1_0" nVehContrib="3" flow="360.00" occupancy="23.06" speed="4.90" harmonicMeanSpeed="4.60" length="5.00" nVehEntered="4"/>
    <interval begin="3570.00" end="3600.00" id="D1_1_0" nVehContrib="5" flow="600.00" occupancy="54.18" speed="2.55" harmonicMeanSpeed="1.26" length="5.00" nVehEntered="4"/>
    <interval begin="3600.00" end="3605.00" id="D1_1_0" nVehContrib="1" flow="720.00" occupancy="38.48" speed="3.55" harmonicMeanSpeed="3.55" length="5.00" nVehEntered="2"/>
</detector>
