<?xml version="1.0" encoding="UTF-8"?>

<!-- generated on 02/02/20 10:23:44 by Eclipse SUMO Version 1.3.1
<configuration xmlns:xsi="http://www.w3.org/2001/XMLSchema-instance" xsi:noNamespaceSchemaLocation="http://sumo.dlr.de/xsd/sumoConfiguration.xsd">

    <input>
        <net-file value="gnet.net.xml"/>
        <route-files value="grou.rou.xml"/>
        <additional-files value="gadd.additional.xml"/>
    </input>

    <output>
        <queue-output value="Queue.xml"/>
        <summary-output value="Summary.xml"/>
        <tripinfo-output value="output-tripinfos.xml"/>
    </output>

    <time>
        <begin value="0"/>
        <end value="3600"/>
    </time>

    <processing>
        <time-to-teleport value="3600"/>
    </processing>

    <traci_server>
        <remote-port value="10631"/>
    </traci_server>

    <gui_only>
        <gui-settings-file value="gview.view.xml"/>
        <quit-on-end value="true"/>
        <start value="true"/>
    </gui_only>

</configuration>
-->

<detector xmlns:xsi="http://www.w3.org/2001/XMLSchema-instance" xsi:noNamespaceSchemaLocation="http://sumo.dlr.de/xsd/det_e1_file.xsd">
    <interval begin="0.00" end="30.00" id="D1_2_0" nVehContrib="4" flow="480.00" occupancy="3.71" speed="18.13" harmonicMeanSpeed="17.97" length="5.00" nVehEntered="4"/>
    <interval begin="30.00" end="60.00" id="D1_2_0" nVehContrib="2" flow="240.00" occupancy="2.78" speed="12.35" harmonicMeanSpeed="12.01" length="5.00" nVehEntered="2"/>
    <interval begin="60.00" end="90.00" id="D1_2_0" nVehContrib="3" flow="360.00" occupancy="11.90" speed="5.28" harmonicMeanSpeed="4.20" length="5.00" nVehEntered="3"/>
    <interval begin="90.00" end="120.00" id="D1_2_0" nVehContrib="3" flow="360.00" occupancy="3.19" speed="18.93" harmonicMeanSpeed="18.69" length="5.00" nVehEntered="4"/>
    <interval begin="120.00" end="150.00" id="D1_2_0" nVehContrib="4" flow="480.00" occupancy="5.30" speed="12.30" harmonicMeanSpeed="11.47" length="5.00" nVehEntered="3"/>
    <interval begin="150.00" end="180.00" id="D1_2_0" nVehContrib="1" flow="120.00" occupancy="66.82" speed="0.29" harmonicMeanSpeed="0.29" length="5.00" nVehEntered="2"/>
    <interval begin="180.00" end="210.00" id="D1_2_0" nVehContrib="5" flow="600.00" occupancy="32.64" speed="10.43" harmonicMeanSpeed="1.95" length="5.00" nVehEntered="4"/>
    <interval begin="210.00" end="240.00" id="D1_2_0" nVehContrib="3" flow="360.00" occupancy="5.24" speed="10.17" harmonicMeanSpeed="9.55" length="5.00" nVehEntered="3"/>
    <interval begin="240.00" end="270.00" id="D1_2_0" nVehContrib="0" flow="0.00" occupancy="95.27" speed="-1.00" harmonicMeanSpeed="-1.00" length="-1.00" nVehEntered="1"/>
    <interval begin="270.00" end="300.00" id="D1_2_0" nVehContrib="5" flow="600.00" occupancy="43.26" speed="3.48" harmonicMeanSpeed="0.60" length="5.00" nVehEntered="4"/>
    <interval begin="300.00" end="330.00" id="D1_2_0" nVehContrib="5" flow="600.00" occupancy="5.44" speed="15.79" harmonicMeanSpeed="15.32" length="5.00" nVehEntered="5"/>
    <interval begin="330.00" end="360.00" id="D1_2_0" nVehContrib="1" flow="120.00" occupancy="40.43" speed="8.07" harmonicMeanSpeed="8.07" length="5.00" nVehEntered="2"/>
    <interval begin="360.00" end="390.00" id="D1_2_0" nVehContrib="3" flow="360.00" occupancy="78.93" speed="1.86" harmonicMeanSpeed="0.44" length="5.00" nVehEntered="3"/>
    <interval begin="390.00" end="420.00" id="D1_2_0" nVehContrib="6" flow="720.00" occupancy="6.52" speed="12.84" harmonicMeanSpeed="10.82" length="5.00" nVehEntered="5"/>
    <interval begin="420.00" end="450.00" id="D1_2_0" nVehContrib="1" flow="120.00" occupancy="20.35" speed="7.41" harmonicMeanSpeed="7.41" length="5.00" nVehEntered="2"/>
    <interval begin="450.00" end="480.00" id="D1_2_0" nVehContrib="4" flow="480.00" occupancy="80.53" speed="4.60" harmonicMeanSpeed="0.68" length="5.00" nVehEntered="3"/>
    <interval begin="480.00" end="510.00" id="D1_2_0" nVehContrib="3" flow="360.00" occupancy="2.42" speed="20.66" harmonicMeanSpeed="20.65" length="5.00" nVehEntered="3"/>
    <interval begin="510.00" end="540.00" id="D1_2_0" nVehContrib="4" flow="480.00" occupancy="4.61" speed="14.64" harmonicMeanSpeed="14.45" length="5.00" nVehEntered="4"/>
    <interval begin="540.00" end="570.00" id="D1_2_0" nVehContrib="1" flow="120.00" occupancy="23.68" speed="7.67" harmonicMeanSpeed="7.67" length="5.00" nVehEntered="2"/>
    <interval begin="570.00" end="600.00" id="D1_2_0" nVehContrib="5" flow="600.00" occupancy="3.29" speed="16.77" harmonicMeanSpeed="3.36" length="5.00" nVehEntered="4"/>
    <interval begin="600.00" end="630.00" id="D1_2_0" nVehContrib="3" flow="360.00" occupancy="3.19" speed="15.92" harmonicMeanSpeed="15.70" length="5.00" nVehEntered="3"/>
    <interval begin="630.00" end="660.00" id="D1_2_0" nVehContrib="2" flow="240.00" occupancy="9.93" speed="9.65" harmonicMeanSpeed="9.11" length="5.00" nVehEntered="3"/>
    <interval begin="660.00" end="690.00" id="D1_2_0" nVehContrib="4" flow="480.00" occupancy="32.95" speed="16.00" harmonicMeanSpeed="1.70" length="5.00" nVehEntered="3"/>
    <interval begin="690.00" end="720.00" id="D1_2_0" nVehContrib="4" flow="480.00" occupancy="3.71" speed="18.05" harmonicMeanSpeed="17.96" length="5.00" nVehEntered="4"/>
    <interval begin="720.00" end="750.00" id="D1_2_0" nVehContrib="2" flow="240.00" occupancy="1.85" speed="18.23" harmonicMeanSpeed="18.05" length="5.00" nVehEntered="2"/>
    <interval begin="750.00" end="780.00" id="D1_2_0" nVehContrib="4" flow="480.00" occupancy="3.28" speed="20.40" harmonicMeanSpeed="20.34" length="5.00" nVehEntered="4"/>
    <interval begin="780.00" end="810.00" id="D1_2_0" nVehContrib="3" flow="360.00" occupancy="2.41" speed="20.75" harmonicMeanSpeed="20.74" length="5.00" nVehEntered="3"/>
    <interval begin="810.00" end="840.00" id="D1_2_0" nVehContrib="3" flow="360.00" occupancy="2.24" speed="22.44" harmonicMeanSpeed="22.31" length="5.00" nVehEntered="3"/>
    <interval begin="840.00" end="870.00" id="D1_2_0" nVehContrib="3" flow="360.00" occupancy="2.17" speed="23.15" harmonicMeanSpeed="23.01" length="5.00" nVehEntered="3"/>
    <interval begin="870.00" end="900.00" id="D1_2_0" nVehContrib="4" flow="480.00" occupancy="3.32" speed="20.14" harmonicMeanSpeed="20.08" length="5.00" nVehEntered="4"/>
    <interval begin="900.00" end="930.00" id="D1_2_0" nVehContrib="2" flow="240.00" occupancy="1.56" speed="21.37" harmonicMeanSpeed="21.34" length="5.00" nVehEntered="2"/>
    <interval begin="930.00" end="960.00" id="D1_2_0" nVehContrib="3" flow="360.00" occupancy="2.20" speed="22.88" harmonicMeanSpeed="22.69" length="5.00" nVehEntered="3"/>
    <interval begin="960.00" end="990.00" id="D1_2_0" nVehContrib="4" flow="480.00" occupancy="3.41" speed="19.55" harmonicMeanSpeed="19.53" length="5.00" nVehEntered="4"/>
    <interval begin="990.00" end="1020.00" id="D1_2_0" nVehContrib="3" flow="360.00" occupancy="2.45" speed="20.72" harmonicMeanSpeed="20.44" length="5.00" nVehEntered="3"/>
    <interval begin="1020.00" end="1050.00" id="D1_2_0" nVehContrib="2" flow="240.00" occupancy="1.59" speed="21.00" harmonicMeanSpeed="20.99" length="5.00" nVehEntered="2"/>
    <interval begin="1050.00" end="1080.00" id="D1_2_0" nVehContrib="4" flow="480.00" occupancy="3.89" speed="17.28" harmonicMeanSpeed="17.12" length="5.00" nVehEntered="4"/>
    <interval begin="1080.00" end="1110.00" id="D1_2_0" nVehContrib="3" flow="360.00" occupancy="3.89" speed="15.25" harmonicMeanSpeed="15.08" length="5.00" nVehEntered="4"/>
    <interval begin="1110.00" end="1140.00" id="D1_2_0" nVehContrib="3" flow="360.00" occupancy="3.24" speed="13.25" harmonicMeanSpeed="13.13" length="5.00" nVehEntered="2"/>
    <interval begin="1140.00" end="1170.00" id="D1_2_0" nVehContrib="3" flow="360.00" occupancy="5.42" speed="9.96" harmonicMeanSpeed="9.66" length="5.00" nVehEntered="4"/>
    <interval begin="1170.00" end="1200.00" id="D1_2_0" nVehContrib="2" flow="240.00" occupancy="50.41" speed="8.87" harmonicMeanSpeed="8.58" length="5.00" nVehEntered="2"/>
    <interval begin="1200.00" end="1230.00" id="D1_2_0" nVehContrib="3" flow="360.00" occupancy="62.40" speed="0.89" harmonicMeanSpeed="0.46" length="5.00" nVehEntered="2"/>
    <interval begin="1230.00" end="1260.00" id="D1_2_0" nVehContrib="3" flow="360.00" occupancy="69.65" speed="1.96" harmonicMeanSpeed="0.83" length="5.00" nVehEntered="4"/>
    <interval begin="1260.00" end="1290.00" id="D1_2_0" nVehContrib="2" flow="240.00" occupancy="79.89" speed="0.72" harmonicMeanSpeed="0.49" length="5.00" nVehEntered="2"/>
    <interval begin="1290.00" end="1320.00" id="D1_2_0" nVehContrib="1" flow="120.00" occupancy="87.21" speed="0.27" harmonicMeanSpeed="0.27" length="5.00" nVehEntered="1"/>
    <interval begin="1320.00" end="1350.00" id="D1_2_0" nVehContrib="3" flow="360.00" occupancy="83.29" speed="0.72" harmonicMeanSpeed="0.38" length="5.00" nVehEntered="2"/>
    <interval begin="1350.00" end="1380.00" id="D1_2_0" nVehContrib="2" flow="240.00" occupancy="72.02" speed="0.75" harmonicMeanSpeed="0.46" length="5.00" nVehEntered="2"/>
    <interval begin="1380.00" end="1410.00" id="D1_2_0" nVehContrib="0" flow="0.00" occupancy="95.13" speed="-1.00" harmonicMeanSpeed="-1.00" length="-1.00" nVehEntered="1"/>
    <interval begin="1410.00" end="1440.00" id="D1_2_0" nVehContrib="3" flow="360.00" occupancy="75.34" speed="1.83" harmonicMeanSpeed="0.43" length="5.00" nVehEntered="3"/>
    <interval begin="1440.00" end="1470.00" id="D1_2_0" nVehContrib="3" flow="360.00" occupancy="77.65" speed="0.92" harmonicMeanSpeed="0.38" length="5.00" nVehEntered="2"/>
    <interval begin="1470.00" end="1500.00" id="D1_2_0" nVehContrib="3" flow="360.00" occupancy="38.79" speed="1.49" harmonicMeanSpeed="1.45" length="5.00" nVehEntered="4"/>
    <interval begin="1500.00" end="1530.00" id="D1_2_0" nVehContrib="6" flow="720.00" occupancy="52.92" speed="2.36" harmonicMeanSpeed="1.74" length="5.00" nVehEntered="5"/>
    <interval begin="1530.00" end="1560.00" id="D1_2_0" nVehContrib="6" flow="720.00" occupancy="45.14" speed="2.88" harmonicMeanSpeed="2.22" length="5.00" nVehEntered="6"/>
    <interval begin="1560.00" end="1590.00" id="D1_2_0" nVehContrib="1" flow="120.00" occupancy="75.11" speed="0.22" harmonicMeanSpeed="0.22" length="5.00" nVehEntered="1"/>
    <interval begin="1590.00" end="1620.00" id="D1_2_0" nVehContrib="4" flow="480.00" occupancy="52.89" speed="1.31" harmonicMeanSpeed="1.26" length="5.00" nVehEntered="4"/>
    <interval begin="1620.00" end="1650.00" id="D1_2_0" nVehContrib="3" flow="360.00" occupancy="64.99" speed="2.63" harmonicMeanSpeed="0.95" length="5.00" nVehEntered="4"/>
    <interval begin="1650.00" end="1680.00" id="D1_2_0" nVehContrib="1" flow="120.00" occupancy="85.48" speed="0.27" harmonicMeanSpeed="0.27" length="5.00" nVehEntered="1"/>
    <interval begin="1680.00" end="1710.00" id="D1_2_0" nVehContrib="0" flow="0.00" occupancy="100.00" speed="-1.00" harmonicMeanSpeed="-1.00" length="-1.00" nVehEntered="0"/>
    <interval begin="1710.00" end="1740.00" id="D1_2_0" nVehContrib="3" flow="360.00" occupancy="76.62" speed="1.60" harmonicMeanSpeed="0.26" length="5.00" nVehEntered="3"/>
    <interval begin="1740.00" end="1770.00" id="D1_2_0" nVehContrib="6" flow="720.00" occupancy="56.64" speed="1.72" harmonicMeanSpeed="1.24" length="5.00" nVehEntered="5"/>
    <interval begin="1770.00" end="1800.00" id="D1_2_0" nVehContrib="2" flow="240.00" occupancy="61.42" speed="0.58" harmonicMeanSpeed="0.54" length="5.00" nVehEntered="2"/>
    <interval begin="1800.00" end="1830.00" id="D1_2_0" nVehContrib="3" flow="360.00" occupancy="46.41" speed="1.25" harmonicMeanSpeed="1.08" length="5.00" nVehEntered="3"/>
    <interval begin="1830.00" end="1860.00" id="D1_2_0" nVehContrib="4" flow="480.00" occupancy="49.54" speed="1.64" harmonicMeanSpeed="1.35" length="5.00" nVehEntered="4"/>
    <interval begin="1860.00" end="1890.00" id="D1_2_0" nVehContrib="5" flow="600.00" occupancy="48.57" speed="1.75" harmonicMeanSpeed="1.72" length="5.00" nVehEntered="5"/>
    <interval begin="1890.00" end="1920.00" id="D1_2_0" nVehContrib="4" flow="480.00" occupancy="53.14" speed="2.00" harmonicMeanSpeed="1.25" length="5.00" nVehEntered="4"/>
    <interval begin="1920.00" end="1950.00" id="D1_2_0" nVehContrib="3" flow="360.00" occupancy="62.38" speed="1.30" harmonicMeanSpeed="0.85" length="5.00" nVehEntered="4"/>
    <interval begin="1950.00" end="1980.00" id="D1_2_0" nVehContrib="3" flow="360.00" occupancy="54.42" speed="1.39" harmonicMeanSpeed="1.29" length="5.00" nVehEntered="3"/>
    <interval begin="1980.00" end="2010.00" id="D1_2_0" nVehContrib="3" flow="360.00" occupancy="55.40" speed="0.95" harmonicMeanSpeed="0.78" length="5.00" nVehEntered="3"/>
    <interval begin="2010.00" end="2040.00" id="D1_2_0" nVehContrib="2" flow="240.00" occupancy="79.66" speed="2.22" harmonicMeanSpeed="2.06" length="5.00" nVehEntered="2"/>
    <interval begin="2040.00" end="2070.00" id="D1_2_0" nVehContrib="2" flow="240.00" occupancy="87.41" speed="2.11" harmonicMeanSpeed="0.21" length="5.00" nVehEntered="2"/>
    <interval begin="2070.00" end="2100.00" id="D1_2_0" nVehContrib="4" flow="480.00" occupancy="43.38" speed="1.97" harmonicMeanSpeed="1.81" length="5.00" nVehEntered="4"/>
    <interval begin="2100.00" end="2130.00" id="D1_2_0" nVehContrib="4" flow="480.00" occupancy="62.09" speed="1.28" harmonicMeanSpeed="0.93" length="5.00" nVehEntered="3"/>
    <interval begin="2130.00" end="2160.00" id="D1_2_0" nVehContrib="4" flow="480.00" occupancy="72.58" speed="2.80" harmonicMeanSpeed="0.92" length="5.00" nVehEntered="5"/>
    <interval begin="2160.00" end="2190.00" id="D1_2_0" nVehContrib="6" flow="720.00" occupancy="36.76" speed="3.07" harmonicMeanSpeed="2.81" length="5.00" nVehEntered="6"/>
    <interval begin="2190.00" end="2220.00" id="D1_2_0" nVehContrib="3" flow="360.00" occupancy="54.54" speed="1.39" harmonicMeanSpeed="1.23" length="5.00" nVehEntered="3"/>
    <interval begin="2220.00" end="2250.00" id="D1_2_0" nVehContrib="3" flow="360.00" occupancy="62.13" speed="1.19" harmonicMeanSpeed="0.65" length="5.00" nVehEntered="2"/>
    <interval begin="2250.00" end="2280.00" id="D1_2_0" nVehContrib="4" flow="480.00" occupancy="51.92" speed="1.78" harmonicMeanSpeed="1.43" length="5.00" nVehEntered="5"/>
    <interval begin="2280.00" end="2310.00" id="D1_2_0" nVehContrib="3" flow="360.00" occupancy="48.63" speed="1.47" harmonicMeanSpeed="1.43" length="5.00" nVehEntered="3"/>
    <interval begin="2310.00" end="2340.00" id="D1_2_0" nVehContrib="3" flow="360.00" occupancy="65.42" speed="1.11" harmonicMeanSpeed="0.59" length="5.00" nVehEntered="2"/>
    <interval begin="2340.00" end="2370.00" id="D1_2_0" nVehContrib="1" flow="120.00" occupancy="68.73" speed="0.24" harmonicMeanSpeed="0.24" length="5.00" nVehEntered="2"/>
    <interval begin="2370.00" end="2400.00" id="D1_2_0" nVehContrib="3" flow="360.00" occupancy="55.42" speed="1.70" harmonicMeanSpeed="1.59" length="5.00" nVehEntered="3"/>
    <interval begin="2400.00" end="2430.00" id="D1_2_0" nVehContrib="3" flow="360.00" occupancy="70.82" speed="1.08" harmonicMeanSpeed="0.52" length="5.00" nVehEntered="2"/>
    <interval begin="2430.00" end="2460.00" id="D1_2_0" nVehContrib="3" flow="360.00" occupancy="58.26" speed="1.04" harmonicMeanSpeed="0.86" length="5.00" nVehEntered="3"/>
    <interval begin="2460.00" end="2490.00" id="D1_2_0" nVehContrib="4" flow="480.00" occupancy="49.97" speed="1.65" harmonicMeanSpeed="1.43" length="5.00" nVehEntered="5"/>
    <interval begin="2490.00" end="2520.00" id="D1_2_0" nVehContrib="3" flow="360.00" occupancy="65.13" speed="2.47" harmonicMeanSpeed="2.04" length="5.00" nVehEntered="3"/>
    <interval begin="2520.00" end="2550.00" id="D1_2_0" nVehContrib="3" flow="360.00" occupancy="68.74" speed="0.95" harmonicMeanSpeed="0.44" length="5.00" nVehEntered="2"/>
    <interval begin="2550.00" end="2580.00" id="D1_2_0" nVehContrib="1" flow="120.00" occupancy="73.95" speed="1.47" harmonicMeanSpeed="1.47" length="5.00" nVehEntered="2"/>
    <interval begin="2580.00" end="2610.00" id="D1_2_0" nVehContrib="2" flow="240.00" occupancy="80.57" speed="1.19" harmonicMeanSpeed="0.41" length="5.00" nVehEntered="2"/>
    <interval begin="2610.00" end="2640.00" id="D1_2_0" nVehContrib="3" flow="360.00" occupancy="59.76" speed="1.90" harmonicMeanSpeed="0.42" length="5.00" nVehEntered="3"/>
    <interval begin="2640.00" end="2670.00" id="D1_2_0" nVehContrib="5" flow="600.00" occupancy="53.19" speed="2.05" harmonicMeanSpeed="1.56" length="5.00" nVehEntered="5"/>
    <interval begin="2670.00" end="2700.00" id="D1_2_0" nVehContrib="0" flow="0.00" occupancy="100.00" speed="-1.00" harmonicMeanSpeed="-1.00" length="-1.00" nVehEntered="0"/>
    <interval begin="2700.00" end="2730.00" id="D1_2_0" nVehContrib="4" flow="480.00" occupancy="76.60" speed="2.14" harmonicMeanSpeed="0.37" length="5.00" nVehEntered="3"/>
    <interval begin="2730.00" end="2760.00" id="D1_2_0" nVehContrib="2" flow="240.00" occupancy="34.08" speed="1.32" harmonicMeanSpeed="1.11" length="5.00" nVehEntered="3"/>
    <interval begin="2760.00" end="2790.00" id="D1_2_0" nVehContrib="7" flow="840.00" occupancy="43.62" speed="3.14" harmonicMeanSpeed="3.01" length="5.00" nVehEntered="7"/>
    <interval begin="2790.00" end="2820.00" id="D1_2_0" nVehContrib="0" flow="0.00" occupancy="100.00" speed="-1.00" harmonicMeanSpeed="-1.00" length="-1.00" nVehEntered="0"/>
    <interval begin="2820.00" end="2850.00" id="D1_2_0" nVehContrib="4" flow="480.00" occupancy="55.76" speed="1.83" harmonicMeanSpeed="0.43" length="5.00" nVehEntered="4"/>
    <interval begin="2850.00" end="2880.00" id="D1_2_0" nVehContrib="6" flow="720.00" occupancy="52.09" speed="1.75" harmonicMeanSpeed="1.63" length="5.00" nVehEntered="5"/>
    <interval begin="2880.00" end="2910.00" id="D1_2_0" nVehContrib="2" flow="240.00" occupancy="71.47" speed="1.14" harmonicMeanSpeed="0.91" length="5.00" nVehEntered="3"/>
    <interval begin="2910.00" end="2940.00" id="D1_2_0" nVehContrib="2" flow="240.00" occupancy="86.87" speed="0.64" harmonicMeanSpeed="0.27" length="5.00" nVehEntered="1"/>
    <interval begin="2940.00" end="2970.00" id="D1_2_0" nVehContrib="3" flow="360.00" occupancy="52.08" speed="1.42" harmonicMeanSpeed="1.32" length="5.00" nVehEntered="4"/>
    <interval begin="2970.00" end="3000.00" id="D1_2_0" nVehContrib="5" flow="600.00" occupancy="64.86" speed="2.86" harmonicMeanSpeed="1.06" length="5.00" nVehEntered="5"/>
    <interval begin="3000.00" end="3030.00" id="D1_2_0" nVehContrib="3" flow="360.00" occupancy="36.71" speed="1.65" harmonicMeanSpeed="1.36" length="5.00" nVehEntered="3"/>
    <interval begin="3030.00" end="3060.00" id="D1_2_0" nVehContrib="2" flow="240.00" occupancy="82.37" speed="0.94" harmonicMeanSpeed="0.55" length="5.00" nVehEntered="2"/>
    <interval begin="3060.00" end="3090.00" id="D1_2_0" nVehContrib="3" flow="360.00" occupancy="67.85" speed="0.75" harmonicMeanSpeed="0.55" length="5.00" nVehEntered="2"/>
    <interval begin="3090.00" end="3120.00" id="D1_2_0" nVehContrib="3" flow="360.00" occupancy="48.68" speed="1.17" harmonicMeanSpeed="1.07" length="5.00" nVehEntered="4"/>
    <interval begin="3120.00" end="3150.00" id="D1_2_0" nVehContrib="4" flow="480.00" occupancy="39.05" speed="1.69" harmonicMeanSpeed="1.67" length="5.00" nVehEntered="4"/>
    <interval begin="3150.00" end="3180.00" id="D1_2_0" nVehContrib="3" flow="360.00" occupancy="58.26" speed="0.93" harmonicMeanSpeed="0.85" length="5.00" nVehEntered="2"/>
    <interval begin="3180.00" end="3210.00" id="D1_2_0" nVehContrib="2" flow="240.00" occupancy="55.68" speed="1.33" harmonicMeanSpeed="1.30" length="5.00" nVehEntered="3"/>
    <interval begin="3210.00" end="3240.00" id="D1_2_0" nVehContrib="2" flow="240.00" occupancy="76.06" speed="0.99" harmonicMeanSpeed="0.31" length="5.00" nVehEntered="1"/>
    <interval begin="3240.00" end="3270.00" id="D1_2_0" nVehContrib="4" flow="480.00" occupancy="48.16" speed="1.68" harmonicMeanSpeed="1.38" length="5.00" nVehEntered="4"/>
    <interval begin="3270.00" end="3300.00" id="D1_2_0" nVehContrib="0" flow="0.00" occupancy="91.32" speed="-1.00" harmonicMeanSpeed="-1.00" length="-1.00" nVehEntered="1"/>
    <interval begin="3300.00" end="3330.00" id="D1_2_0" nVehContrib="0" flow="0.00" occupancy="100.00" speed="-1.00" harmonicMeanSpeed="-1.00" length="-1.00" nVehEntered="0"/>
    <interval begin="3330.00" end="3360.00" id="D1_2_0" nVehContrib="3" flow="360.00" occupancy="62.02" speed="0.52" harmonicMeanSpeed="0.20" length="5.00" nVehEntered="2"/>
    <interval begin="3360.00" end="3390.00" id="D1_2_0" nVehContrib="6" flow="720.00" occupancy="38.53" speed="2.96" harmonicMeanSpeed="2.60" length="5.00" nVehEntered="6"/>
    <interval begin="3390.00" end="3420.00" id="D1_2_0" nVehContrib="5" flow="600.00" occupancy="44.69" speed="2.17" harmonicMeanSpeed="2.00" length="5.00" nVehEntered="6"/>
    <interval begin="3420.00" end="3450.00" id="D1_2_0" nVehContrib="5" flow="600.00" occupancy="52.41" speed="2.00" harmonicMeanSpeed="1.50" length="5.00" nVehEntered="4"/>
    <interval begin="3450.00" end="3480.00" id="D1_2_0" nVehContrib="2" flow="240.00" occupancy="73.28" speed="0.62" harmonicMeanSpeed="0.45" length="5.00" nVehEntered="2"/>
    <interval begin="3480.00" end="3510.00" id="D1_2_0" nVehContrib="0" flow="0.00" occupancy="92.62" speed="-1.00" harmonicMeanSpeed="-1.00" length="-1.00" nVehEntered="1"/>
    <interval begin="3510.00" end="3540.00" id="D1_2_0" nVehContrib="4" flow="480.00" occupancy="52.40" speed="1.33" harmonicMeanSpeed="0.48" length="5.00" nVehEntered="4"/>
    <interval begin="3540.00" end="3570.00" id="D1_2_0" nVehContrib="5" flow="600.00" occupancy="67.11" speed="2.66" harmonicMeanSpeed="1.14" length="5.00" nVehEntered="4"/>
    <interval begin="3570.00" end="3600.00" id="D1_2_0" nVehContrib="4" flow="480.00" occupancy="41.51" speed="2.08" harmonicMeanSpeed="1.73" length="5.00" nVehEntered="5"/>
    <interval begin="3600.00" end="3605.00" id="D1_2_0" nVehContrib="1" flow="720.00" occupancy="65.69" speed="1.20" harmonicMeanSpeed="1.20" length="5.00" nVehEntered="0"/>
</detector>
