<?xml version="1.0" encoding="UTF-8"?>

<!-- generated on 02/02/20 10:23:44 by Eclipse SUMO Version 1.3.1
<configuration xmlns:xsi="http://www.w3.org/2001/XMLSchema-instance" xsi:noNamespaceSchemaLocation="http://sumo.dlr.de/xsd/sumoConfiguration.xsd">

    <input>
        <net-file value="gnet.net.xml"/>
        <route-files value="grou.rou.xml"/>
        <additional-files value="gadd.additional.xml"/>
    </input>

    <output>
        <queue-output value="Queue.xml"/>
        <summary-output value="Summary.xml"/>
        <tripinfo-output value="output-tripinfos.xml"/>
    </output>

    <time>
        <begin value="0"/>
        <end value="3600"/>
    </time>

    <processing>
        <time-to-teleport value="3600"/>
    </processing>

    <traci_server>
        <remote-port value="10631"/>
    </traci_server>

    <gui_only>
        <gui-settings-file value="gview.view.xml"/>
        <quit-on-end value="true"/>
        <start value="true"/>
    </gui_only>

</configuration>
-->

<detector xmlns:xsi="http://www.w3.org/2001/XMLSchema-instance" xsi:noNamespaceSchemaLocation="http://sumo.dlr.de/xsd/det_e1_file.xsd">
    <interval begin="0.00" end="30.00" id="D1_3_0" nVehContrib="4" flow="480.00" occupancy="3.07" speed="21.85" harmonicMeanSpeed="21.69" length="5.00" nVehEntered="4"/>
    <interval begin="30.00" end="60.00" id="D1_3_0" nVehContrib="2" flow="240.00" occupancy="1.95" speed="17.35" harmonicMeanSpeed="17.06" length="5.00" nVehEntered="2"/>
    <interval begin="60.00" end="90.00" id="D1_3_0" nVehContrib="3" flow="360.00" occupancy="3.78" speed="13.40" harmonicMeanSpeed="13.24" length="5.00" nVehEntered="3"/>
    <interval begin="90.00" end="120.00" id="D1_3_0" nVehContrib="4" flow="480.00" occupancy="3.16" speed="21.21" harmonicMeanSpeed="21.10" length="5.00" nVehEntered="4"/>
    <interval begin="120.00" end="150.00" id="D1_3_0" nVehContrib="3" flow="360.00" occupancy="3.02" speed="16.85" harmonicMeanSpeed="16.58" length="5.00" nVehEntered="3"/>
    <interval begin="150.00" end="180.00" id="D1_3_0" nVehContrib="2" flow="240.00" occupancy="3.43" speed="9.90" harmonicMeanSpeed="9.72" length="5.00" nVehEntered="2"/>
    <interval begin="180.00" end="210.00" id="D1_3_0" nVehContrib="4" flow="480.00" occupancy="4.36" speed="17.12" harmonicMeanSpeed="15.27" length="5.00" nVehEntered="4"/>
    <interval begin="210.00" end="240.00" id="D1_3_0" nVehContrib="4" flow="480.00" occupancy="4.54" speed="15.17" harmonicMeanSpeed="14.68" length="5.00" nVehEntered="4"/>
    <interval begin="240.00" end="270.00" id="D1_3_0" nVehContrib="2" flow="240.00" occupancy="7.56" speed="5.82" harmonicMeanSpeed="4.41" length="5.00" nVehEntered="2"/>
    <interval begin="270.00" end="300.00" id="D1_3_0" nVehContrib="3" flow="360.00" occupancy="4.87" speed="12.98" harmonicMeanSpeed="10.28" length="5.00" nVehEntered="3"/>
    <interval begin="300.00" end="330.00" id="D1_3_0" nVehContrib="4" flow="480.00" occupancy="3.51" speed="19.22" harmonicMeanSpeed="18.98" length="5.00" nVehEntered="4"/>
    <interval begin="330.00" end="360.00" id="D1_3_0" nVehContrib="3" flow="360.00" occupancy="4.43" speed="11.87" harmonicMeanSpeed="11.28" length="5.00" nVehEntered="3"/>
    <interval begin="360.00" end="390.00" id="D1_3_0" nVehContrib="2" flow="240.00" occupancy="5.10" speed="7.13" harmonicMeanSpeed="6.53" length="5.00" nVehEntered="2"/>
    <interval begin="390.00" end="420.00" id="D1_3_0" nVehContrib="5" flow="600.00" occupancy="4.67" speed="18.20" harmonicMeanSpeed="17.84" length="5.00" nVehEntered="5"/>
    <interval begin="420.00" end="450.00" id="D1_3_0" nVehContrib="2" flow="240.00" occupancy="2.65" speed="12.64" harmonicMeanSpeed="12.60" length="5.00" nVehEntered="2"/>
    <interval begin="450.00" end="480.00" id="D1_3_0" nVehContrib="3" flow="360.00" occupancy="10.91" speed="7.61" harmonicMeanSpeed="4.58" length="5.00" nVehEntered="3"/>
    <interval begin="480.00" end="510.00" id="D1_3_0" nVehContrib="3" flow="360.00" occupancy="2.13" speed="23.46" harmonicMeanSpeed="23.45" length="5.00" nVehEntered="3"/>
    <interval begin="510.00" end="540.00" id="D1_3_0" nVehContrib="4" flow="480.00" occupancy="3.56" speed="18.82" harmonicMeanSpeed="18.70" length="5.00" nVehEntered="4"/>
    <interval begin="540.00" end="570.00" id="D1_3_0" nVehContrib="2" flow="240.00" occupancy="2.45" speed="13.59" harmonicMeanSpeed="13.59" length="5.00" nVehEntered="2"/>
    <interval begin="570.00" end="600.00" id="D1_3_0" nVehContrib="4" flow="480.00" occupancy="2.87" speed="23.27" harmonicMeanSpeed="23.24" length="5.00" nVehEntered="4"/>
    <interval begin="600.00" end="630.00" id="D1_3_0" nVehContrib="3" flow="360.00" occupancy="2.51" speed="20.07" harmonicMeanSpeed="19.92" length="5.00" nVehEntered="3"/>
    <interval begin="630.00" end="660.00" id="D1_3_0" nVehContrib="3" flow="360.00" occupancy="3.76" speed="13.62" harmonicMeanSpeed="13.30" length="5.00" nVehEntered="3"/>
    <interval begin="660.00" end="690.00" id="D1_3_0" nVehContrib="3" flow="360.00" occupancy="2.28" speed="22.04" harmonicMeanSpeed="21.96" length="5.00" nVehEntered="3"/>
    <interval begin="690.00" end="720.00" id="D1_3_0" nVehContrib="4" flow="480.00" occupancy="3.06" speed="21.84" harmonicMeanSpeed="21.78" length="5.00" nVehEntered="4"/>
    <interval begin="720.00" end="750.00" id="D1_3_0" nVehContrib="2" flow="240.00" occupancy="1.54" speed="21.86" harmonicMeanSpeed="21.61" length="5.00" nVehEntered="2"/>
    <interval begin="750.00" end="780.00" id="D1_3_0" nVehContrib="4" flow="480.00" occupancy="2.91" speed="22.95" harmonicMeanSpeed="22.95" length="5.00" nVehEntered="4"/>
    <interval begin="780.00" end="810.00" id="D1_3_0" nVehContrib="3" flow="360.00" occupancy="2.17" speed="23.09" harmonicMeanSpeed="23.06" length="5.00" nVehEntered="3"/>
    <interval begin="810.00" end="840.00" id="D1_3_0" nVehContrib="3" flow="360.00" occupancy="2.14" speed="23.38" harmonicMeanSpeed="23.34" length="5.00" nVehEntered="3"/>
    <interval begin="840.00" end="870.00" id="D1_3_0" nVehContrib="3" flow="360.00" occupancy="2.09" speed="24.00" harmonicMeanSpeed="23.97" length="5.00" nVehEntered="3"/>
    <interval begin="870.00" end="900.00" id="D1_3_0" nVehContrib="4" flow="480.00" occupancy="2.95" speed="22.60" harmonicMeanSpeed="22.59" length="5.00" nVehEntered="4"/>
    <interval begin="900.00" end="930.00" id="D1_3_0" nVehContrib="3" flow="360.00" occupancy="2.15" speed="23.27" harmonicMeanSpeed="23.26" length="5.00" nVehEntered="3"/>
    <interval begin="930.00" end="960.00" id="D1_3_0" nVehContrib="2" flow="240.00" occupancy="1.40" speed="23.76" harmonicMeanSpeed="23.76" length="5.00" nVehEntered="2"/>
    <interval begin="960.00" end="990.00" id="D1_3_0" nVehContrib="5" flow="600.00" occupancy="3.57" speed="23.42" harmonicMeanSpeed="23.37" length="5.00" nVehEntered="5"/>
    <interval begin="990.00" end="1020.00" id="D1_3_0" nVehContrib="2" flow="240.00" occupancy="1.39" speed="24.02" harmonicMeanSpeed="23.99" length="5.00" nVehEntered="2"/>
    <interval begin="1020.00" end="1050.00" id="D1_3_0" nVehContrib="2" flow="240.00" occupancy="1.45" speed="23.02" harmonicMeanSpeed="23.00" length="5.00" nVehEntered="2"/>
    <interval begin="1050.00" end="1080.00" id="D1_3_0" nVehContrib="4" flow="480.00" occupancy="3.26" speed="20.50" harmonicMeanSpeed="20.42" length="5.00" nVehEntered="4"/>
    <interval begin="1080.00" end="1110.00" id="D1_3_0" nVehContrib="4" flow="480.00" occupancy="3.47" speed="19.30" harmonicMeanSpeed="19.20" length="5.00" nVehEntered="4"/>
    <interval begin="1110.00" end="1140.00" id="D1_3_0" nVehContrib="2" flow="240.00" occupancy="1.98" speed="16.94" harmonicMeanSpeed="16.86" length="5.00" nVehEntered="2"/>
    <interval begin="1140.00" end="1170.00" id="D1_3_0" nVehContrib="4" flow="480.00" occupancy="4.42" speed="15.29" harmonicMeanSpeed="15.08" length="5.00" nVehEntered="4"/>
    <interval begin="1170.00" end="1200.00" id="D1_3_0" nVehContrib="3" flow="360.00" occupancy="4.62" speed="11.17" harmonicMeanSpeed="10.81" length="5.00" nVehEntered="3"/>
    <interval begin="1200.00" end="1230.00" id="D1_3_0" nVehContrib="2" flow="240.00" occupancy="9.35" speed="3.57" harmonicMeanSpeed="3.57" length="5.00" nVehEntered="2"/>
    <interval begin="1230.00" end="1260.00" id="D1_3_0" nVehContrib="4" flow="480.00" occupancy="15.75" speed="5.23" harmonicMeanSpeed="4.23" length="5.00" nVehEntered="4"/>
    <interval begin="1260.00" end="1290.00" id="D1_3_0" nVehContrib="3" flow="360.00" occupancy="36.37" speed="2.24" harmonicMeanSpeed="1.37" length="5.00" nVehEntered="3"/>
    <interval begin="1290.00" end="1320.00" id="D1_3_0" nVehContrib="1" flow="120.00" occupancy="22.95" speed="0.73" harmonicMeanSpeed="0.73" length="5.00" nVehEntered="1"/>
    <interval begin="1320.00" end="1350.00" id="D1_3_0" nVehContrib="1" flow="120.00" occupancy="23.60" speed="1.32" harmonicMeanSpeed="1.32" length="5.00" nVehEntered="2"/>
    <interval begin="1350.00" end="1380.00" id="D1_3_0" nVehContrib="3" flow="360.00" occupancy="37.15" speed="1.09" harmonicMeanSpeed="1.04" length="5.00" nVehEntered="2"/>
    <interval begin="1380.00" end="1410.00" id="D1_3_0" nVehContrib="1" flow="120.00" occupancy="22.41" speed="0.74" harmonicMeanSpeed="0.74" length="5.00" nVehEntered="1"/>
    <interval begin="1410.00" end="1440.00" id="D1_3_0" nVehContrib="3" flow="360.00" occupancy="25.77" speed="2.73" harmonicMeanSpeed="1.94" length="5.00" nVehEntered="3"/>
    <interval begin="1440.00" end="1470.00" id="D1_3_0" nVehContrib="1" flow="120.00" occupancy="27.72" speed="1.09" harmonicMeanSpeed="1.09" length="5.00" nVehEntered="2"/>
    <interval begin="1470.00" end="1500.00" id="D1_3_0" nVehContrib="4" flow="480.00" occupancy="58.72" speed="1.15" harmonicMeanSpeed="1.05" length="5.00" nVehEntered="4"/>
    <interval begin="1500.00" end="1530.00" id="D1_3_0" nVehContrib="6" flow="720.00" occupancy="56.27" speed="2.19" harmonicMeanSpeed="1.56" length="5.00" nVehEntered="5"/>
    <interval begin="1530.00" end="1560.00" id="D1_3_0" nVehContrib="5" flow="600.00" occupancy="52.99" speed="3.56" harmonicMeanSpeed="3.49" length="5.00" nVehEntered="6"/>
    <interval begin="1560.00" end="1590.00" id="D1_3_0" nVehContrib="2" flow="240.00" occupancy="27.17" speed="0.81" harmonicMeanSpeed="0.71" length="5.00" nVehEntered="2"/>
    <interval begin="1590.00" end="1620.00" id="D1_3_0" nVehContrib="4" flow="480.00" occupancy="68.13" speed="1.08" harmonicMeanSpeed="0.86" length="5.00" nVehEntered="3"/>
    <interval begin="1620.00" end="1650.00" id="D1_3_0" nVehContrib="3" flow="360.00" occupancy="44.24" speed="2.53" harmonicMeanSpeed="1.49" length="5.00" nVehEntered="4"/>
    <interval begin="1650.00" end="1680.00" id="D1_3_0" nVehContrib="2" flow="240.00" occupancy="35.75" speed="0.78" harmonicMeanSpeed="0.72" length="5.00" nVehEntered="1"/>
    <interval begin="1680.00" end="1710.00" id="D1_3_0" nVehContrib="0" flow="0.00" occupancy="0.00" speed="-1.00" harmonicMeanSpeed="-1.00" length="-1.00" nVehEntered="0"/>
    <interval begin="1710.00" end="1740.00" id="D1_3_0" nVehContrib="3" flow="360.00" occupancy="34.73" speed="1.86" harmonicMeanSpeed="1.44" length="5.00" nVehEntered="3"/>
    <interval begin="1740.00" end="1770.00" id="D1_3_0" nVehContrib="4" flow="480.00" occupancy="53.03" speed="1.65" harmonicMeanSpeed="1.53" length="5.00" nVehEntered="5"/>
    <interval begin="1770.00" end="1800.00" id="D1_3_0" nVehContrib="3" flow="360.00" occupancy="55.08" speed="0.94" harmonicMeanSpeed="0.78" length="5.00" nVehEntered="2"/>
    <interval begin="1800.00" end="1830.00" id="D1_3_0" nVehContrib="3" flow="360.00" occupancy="57.10" speed="0.94" harmonicMeanSpeed="0.88" length="5.00" nVehEntered="3"/>
    <interval begin="1830.00" end="1860.00" id="D1_3_0" nVehContrib="4" flow="480.00" occupancy="56.18" speed="1.26" harmonicMeanSpeed="1.19" length="5.00" nVehEntered="4"/>
    <interval begin="1860.00" end="1890.00" id="D1_3_0" nVehContrib="4" flow="480.00" occupancy="54.42" speed="1.51" harmonicMeanSpeed="1.45" length="5.00" nVehEntered="5"/>
    <interval begin="1890.00" end="1920.00" id="D1_3_0" nVehContrib="4" flow="480.00" occupancy="49.82" speed="2.44" harmonicMeanSpeed="1.86" length="5.00" nVehEntered="4"/>
    <interval begin="1920.00" end="1950.00" id="D1_3_0" nVehContrib="4" flow="480.00" occupancy="47.14" speed="1.44" harmonicMeanSpeed="1.05" length="5.00" nVehEntered="4"/>
    <interval begin="1950.00" end="1980.00" id="D1_3_0" nVehContrib="3" flow="360.00" occupancy="66.72" speed="1.17" harmonicMeanSpeed="1.14" length="5.00" nVehEntered="3"/>
    <interval begin="1980.00" end="2010.00" id="D1_3_0" nVehContrib="3" flow="360.00" occupancy="52.11" speed="0.90" harmonicMeanSpeed="0.78" length="5.00" nVehEntered="3"/>
    <interval begin="2010.00" end="2040.00" id="D1_3_0" nVehContrib="3" flow="360.00" occupancy="29.87" speed="1.16" harmonicMeanSpeed="1.06" length="5.00" nVehEntered="2"/>
    <interval begin="2040.00" end="2070.00" id="D1_3_0" nVehContrib="1" flow="120.00" occupancy="5.14" speed="3.24" harmonicMeanSpeed="3.24" length="5.00" nVehEntered="1"/>
    <interval begin="2070.00" end="2100.00" id="D1_3_0" nVehContrib="4" flow="480.00" occupancy="61.43" speed="1.87" harmonicMeanSpeed="1.26" length="5.00" nVehEntered="5"/>
    <interval begin="2100.00" end="2130.00" id="D1_3_0" nVehContrib="4" flow="480.00" occupancy="43.97" speed="1.29" harmonicMeanSpeed="1.27" length="5.00" nVehEntered="3"/>
    <interval begin="2130.00" end="2160.00" id="D1_3_0" nVehContrib="4" flow="480.00" occupancy="33.93" speed="2.78" harmonicMeanSpeed="1.97" length="5.00" nVehEntered="4"/>
    <interval begin="2160.00" end="2190.00" id="D1_3_0" nVehContrib="6" flow="720.00" occupancy="49.75" speed="3.02" harmonicMeanSpeed="2.27" length="5.00" nVehEntered="7"/>
    <interval begin="2190.00" end="2220.00" id="D1_3_0" nVehContrib="3" flow="360.00" occupancy="70.45" speed="0.80" harmonicMeanSpeed="0.80" length="5.00" nVehEntered="3"/>
    <interval begin="2220.00" end="2250.00" id="D1_3_0" nVehContrib="3" flow="360.00" occupancy="41.14" speed="0.94" harmonicMeanSpeed="0.91" length="5.00" nVehEntered="2"/>
    <interval begin="2250.00" end="2280.00" id="D1_3_0" nVehContrib="4" flow="480.00" occupancy="54.85" speed="1.98" harmonicMeanSpeed="1.23" length="5.00" nVehEntered="5"/>
    <interval begin="2280.00" end="2310.00" id="D1_3_0" nVehContrib="3" flow="360.00" occupancy="63.20" speed="1.40" harmonicMeanSpeed="1.23" length="5.00" nVehEntered="3"/>
    <interval begin="2310.00" end="2340.00" id="D1_3_0" nVehContrib="3" flow="360.00" occupancy="31.16" speed="1.00" harmonicMeanSpeed="0.92" length="5.00" nVehEntered="2"/>
    <interval begin="2340.00" end="2370.00" id="D1_3_0" nVehContrib="1" flow="120.00" occupancy="33.50" speed="0.50" harmonicMeanSpeed="0.50" length="5.00" nVehEntered="1"/>
    <interval begin="2370.00" end="2400.00" id="D1_3_0" nVehContrib="3" flow="360.00" occupancy="68.21" speed="1.37" harmonicMeanSpeed="1.29" length="5.00" nVehEntered="4"/>
    <interval begin="2400.00" end="2430.00" id="D1_3_0" nVehContrib="3" flow="360.00" occupancy="30.95" speed="1.08" harmonicMeanSpeed="0.83" length="5.00" nVehEntered="2"/>
    <interval begin="2430.00" end="2460.00" id="D1_3_0" nVehContrib="2" flow="240.00" occupancy="54.87" speed="1.08" harmonicMeanSpeed="1.01" length="5.00" nVehEntered="3"/>
    <interval begin="2460.00" end="2490.00" id="D1_3_0" nVehContrib="5" flow="600.00" occupancy="48.47" speed="1.59" harmonicMeanSpeed="1.26" length="5.00" nVehEntered="5"/>
    <interval begin="2490.00" end="2520.00" id="D1_3_0" nVehContrib="4" flow="480.00" occupancy="46.10" speed="1.59" harmonicMeanSpeed="1.33" length="5.00" nVehEntered="3"/>
    <interval begin="2520.00" end="2550.00" id="D1_3_0" nVehContrib="2" flow="240.00" occupancy="27.75" speed="1.32" harmonicMeanSpeed="1.20" length="5.00" nVehEntered="2"/>
    <interval begin="2550.00" end="2580.00" id="D1_3_0" nVehContrib="2" flow="240.00" occupancy="45.76" speed="0.86" harmonicMeanSpeed="0.73" length="5.00" nVehEntered="2"/>
    <interval begin="2580.00" end="2610.00" id="D1_3_0" nVehContrib="2" flow="240.00" occupancy="30.10" speed="1.27" harmonicMeanSpeed="1.11" length="5.00" nVehEntered="2"/>
    <interval begin="2610.00" end="2640.00" id="D1_3_0" nVehContrib="2" flow="240.00" occupancy="26.60" speed="3.42" harmonicMeanSpeed="3.38" length="5.00" nVehEntered="3"/>
    <interval begin="2640.00" end="2670.00" id="D1_3_0" nVehContrib="5" flow="600.00" occupancy="56.04" speed="2.13" harmonicMeanSpeed="1.18" length="5.00" nVehEntered="5"/>
    <interval begin="2670.00" end="2700.00" id="D1_3_0" nVehContrib="1" flow="120.00" occupancy="22.31" speed="0.68" harmonicMeanSpeed="0.68" length="5.00" nVehEntered="0"/>
    <interval begin="2700.00" end="2730.00" id="D1_3_0" nVehContrib="3" flow="360.00" occupancy="25.22" speed="2.41" harmonicMeanSpeed="1.98" length="5.00" nVehEntered="3"/>
    <interval begin="2730.00" end="2760.00" id="D1_3_0" nVehContrib="2" flow="240.00" occupancy="70.36" speed="0.85" harmonicMeanSpeed="0.47" length="5.00" nVehEntered="2"/>
    <interval begin="2760.00" end="2790.00" id="D1_3_0" nVehContrib="7" flow="840.00" occupancy="50.25" speed="2.97" harmonicMeanSpeed="2.69" length="5.00" nVehEntered="8"/>
    <interval begin="2790.00" end="2820.00" id="D1_3_0" nVehContrib="1" flow="120.00" occupancy="9.06" speed="1.04" harmonicMeanSpeed="1.04" length="5.00" nVehEntered="0"/>
    <interval begin="2820.00" end="2850.00" id="D1_3_0" nVehContrib="3" flow="360.00" occupancy="39.29" speed="2.53" harmonicMeanSpeed="1.59" length="5.00" nVehEntered="4"/>
    <interval begin="2850.00" end="2880.00" id="D1_3_0" nVehContrib="5" flow="600.00" occupancy="49.51" speed="1.59" harmonicMeanSpeed="1.54" length="5.00" nVehEntered="5"/>
    <interval begin="2880.00" end="2910.00" id="D1_3_0" nVehContrib="4" flow="480.00" occupancy="49.55" speed="1.50" harmonicMeanSpeed="1.26" length="5.00" nVehEntered="3"/>
    <interval begin="2910.00" end="2940.00" id="D1_3_0" nVehContrib="1" flow="120.00" occupancy="12.30" speed="1.35" harmonicMeanSpeed="1.35" length="5.00" nVehEntered="1"/>
    <interval begin="2940.00" end="2970.00" id="D1_3_0" nVehContrib="4" flow="480.00" occupancy="65.28" speed="1.05" harmonicMeanSpeed="1.02" length="5.00" nVehEntered="4"/>
    <interval begin="2970.00" end="3000.00" id="D1_3_0" nVehContrib="4" flow="480.00" occupancy="33.86" speed="2.87" harmonicMeanSpeed="1.97" length="5.00" nVehEntered="4"/>
    <interval begin="3000.00" end="3030.00" id="D1_3_0" nVehContrib="3" flow="360.00" occupancy="66.19" speed="1.30" harmonicMeanSpeed="0.83" length="5.00" nVehEntered="4"/>
    <interval begin="3030.00" end="3060.00" id="D1_3_0" nVehContrib="3" flow="360.00" occupancy="49.68" speed="1.04" harmonicMeanSpeed="0.90" length="5.00" nVehEntered="2"/>
    <interval begin="3060.00" end="3090.00" id="D1_3_0" nVehContrib="2" flow="240.00" occupancy="30.38" speed="1.15" harmonicMeanSpeed="1.15" length="5.00" nVehEntered="3"/>
    <interval begin="3090.00" end="3120.00" id="D1_3_0" nVehContrib="3" flow="360.00" occupancy="64.41" speed="1.07" harmonicMeanSpeed="0.83" length="5.00" nVehEntered="3"/>
    <interval begin="3120.00" end="3150.00" id="D1_3_0" nVehContrib="4" flow="480.00" occupancy="57.88" speed="1.28" harmonicMeanSpeed="1.20" length="5.00" nVehEntered="4"/>
    <interval begin="3150.00" end="3180.00" id="D1_3_0" nVehContrib="3" flow="360.00" occupancy="68.38" speed="0.85" harmonicMeanSpeed="0.65" length="5.00" nVehEntered="2"/>
    <interval begin="3180.00" end="3210.00" id="D1_3_0" nVehContrib="3" flow="360.00" occupancy="65.61" speed="0.88" harmonicMeanSpeed="0.76" length="5.00" nVehEntered="3"/>
    <interval begin="3210.00" end="3240.00" id="D1_3_0" nVehContrib="1" flow="120.00" occupancy="11.41" speed="2.12" harmonicMeanSpeed="2.12" length="5.00" nVehEntered="2"/>
    <interval begin="3240.00" end="3270.00" id="D1_3_0" nVehContrib="4" flow="480.00" occupancy="71.45" speed="1.30" harmonicMeanSpeed="0.89" length="5.00" nVehEntered="3"/>
    <interval begin="3270.00" end="3300.00" id="D1_3_0" nVehContrib="1" flow="120.00" occupancy="16.27" speed="1.02" harmonicMeanSpeed="1.02" length="5.00" nVehEntered="1"/>
    <interval begin="3300.00" end="3330.00" id="D1_3_0" nVehContrib="0" flow="0.00" occupancy="0.00" speed="-1.00" harmonicMeanSpeed="-1.00" length="-1.00" nVehEntered="0"/>
    <interval begin="3330.00" end="3360.00" id="D1_3_0" nVehContrib="2" flow="240.00" occupancy="31.98" speed="1.14" harmonicMeanSpeed="1.13" length="5.00" nVehEntered="3"/>
    <interval begin="3360.00" end="3390.00" id="D1_3_0" nVehContrib="5" flow="600.00" occupancy="65.54" speed="2.62" harmonicMeanSpeed="1.26" length="5.00" nVehEntered="5"/>
    <interval begin="3390.00" end="3420.00" id="D1_3_0" nVehContrib="6" flow="720.00" occupancy="51.31" speed="2.32" harmonicMeanSpeed="1.93" length="5.00" nVehEntered="6"/>
    <interval begin="3420.00" end="3450.00" id="D1_3_0" nVehContrib="4" flow="480.00" occupancy="69.67" speed="2.23" harmonicMeanSpeed="1.17" length="5.00" nVehEntered="4"/>
    <interval begin="3450.00" end="3480.00" id="D1_3_0" nVehContrib="3" flow="360.00" occupancy="43.38" speed="0.98" harmonicMeanSpeed="0.87" length="5.00" nVehEntered="2"/>
    <interval begin="3480.00" end="3510.00" id="D1_3_0" nVehContrib="1" flow="120.00" occupancy="20.41" speed="0.82" harmonicMeanSpeed="0.82" length="5.00" nVehEntered="1"/>
    <interval begin="3510.00" end="3540.00" id="D1_3_0" nVehContrib="3" flow="360.00" occupancy="51.28" speed="2.02" harmonicMeanSpeed="1.14" length="5.00" nVehEntered="4"/>
    <interval begin="3540.00" end="3570.00" id="D1_3_0" nVehContrib="5" flow="600.00" occupancy="38.80" speed="2.42" harmonicMeanSpeed="1.81" length="5.00" nVehEntered="4"/>
    <interval begin="3570.00" end="3600.00" id="D1_3_0" nVehContrib="4" flow="480.00" occupancy="57.62" speed="2.09" harmonicMeanSpeed="1.75" length="5.00" nVehEntered="5"/>
    <interval begin="3600.00" end="3605.00" id="D1_3_0" nVehContrib="1" flow="720.00" occupancy="85.99" speed="0.49" harmonicMeanSpeed="0.49" length="5.00" nVehEntered="0"/>
</detector>
