<?xml version="1.0" encoding="UTF-8"?>

<!-- generated on 02/02/20 10:23:44 by Eclipse SUMO Version 1.3.1
<configuration xmlns:xsi="http://www.w3.org/2001/XMLSchema-instance" xsi:noNamespaceSchemaLocation="http://sumo.dlr.de/xsd/sumoConfiguration.xsd">

    <input>
        <net-file value="gnet.net.xml"/>
        <route-files value="grou.rou.xml"/>
        <additional-files value="gadd.additional.xml"/>
    </input>

    <output>
        <queue-output value="Queue.xml"/>
        <summary-output value="Summary.xml"/>
        <tripinfo-output value="output-tripinfos.xml"/>
    </output>

    <time>
        <begin value="0"/>
        <end value="3600"/>
    </time>

    <processing>
        <time-to-teleport value="3600"/>
    </processing>

    <traci_server>
        <remote-port value="10631"/>
    </traci_server>

    <gui_only>
        <gui-settings-file value="gview.view.xml"/>
        <quit-on-end value="true"/>
        <start value="true"/>
    </gui_only>

</configuration>
-->

<detector xmlns:xsi="http://www.w3.org/2001/XMLSchema-instance" xsi:noNamespaceSchemaLocation="http://sumo.dlr.de/xsd/det_e1_file.xsd">
    <interval begin="0.00" end="30.00" id="D2_1_0" nVehContrib="0" flow="0.00" occupancy="0.00" speed="-1.00" harmonicMeanSpeed="-1.00" length="-1.00" nVehEntered="0"/>
    <interval begin="30.00" end="60.00" id="D2_1_0" nVehContrib="1" flow="120.00" occupancy="0.82" speed="20.45" harmonicMeanSpeed="20.45" length="5.00" nVehEntered="1"/>
    <interval begin="60.00" end="90.00" id="D2_1_0" nVehContrib="5" flow="600.00" occupancy="3.87" speed="21.58" harmonicMeanSpeed="21.53" length="5.00" nVehEntered="5"/>
    <interval begin="90.00" end="120.00" id="D2_1_0" nVehContrib="3" flow="360.00" occupancy="2.46" speed="20.35" harmonicMeanSpeed="20.34" length="5.00" nVehEntered="3"/>
    <interval begin="120.00" end="150.00" id="D2_1_0" nVehContrib="0" flow="0.00" occupancy="0.00" speed="-1.00" harmonicMeanSpeed="-1.00" length="-1.00" nVehEntered="0"/>
    <interval begin="150.00" end="180.00" id="D2_1_0" nVehContrib="5" flow="600.00" occupancy="4.12" speed="20.24" harmonicMeanSpeed="20.20" length="5.00" nVehEntered="5"/>
    <interval begin="180.00" end="210.00" id="D2_1_0" nVehContrib="7" flow="840.00" occupancy="5.12" speed="23.02" harmonicMeanSpeed="22.80" length="5.00" nVehEntered="7"/>
    <interval begin="210.00" end="240.00" id="D2_1_0" nVehContrib="0" flow="0.00" occupancy="0.00" speed="-1.00" harmonicMeanSpeed="-1.00" length="-1.00" nVehEntered="0"/>
    <interval begin="240.00" end="270.00" id="D2_1_0" nVehContrib="3" flow="360.00" occupancy="2.58" speed="19.36" harmonicMeanSpeed="19.34" length="5.00" nVehEntered="3"/>
    <interval begin="270.00" end="300.00" id="D2_1_0" nVehContrib="8" flow="960.00" occupancy="6.00" speed="22.30" harmonicMeanSpeed="22.21" length="5.00" nVehEntered="8"/>
    <interval begin="300.00" end="330.00" id="D2_1_0" nVehContrib="0" flow="0.00" occupancy="0.00" speed="-1.00" harmonicMeanSpeed="-1.00" length="-1.00" nVehEntered="0"/>
    <interval begin="330.00" end="360.00" id="D2_1_0" nVehContrib="2" flow="240.00" occupancy="1.86" speed="20.24" harmonicMeanSpeed="20.24" length="5.00" nVehEntered="3"/>
    <interval begin="360.00" end="390.00" id="D2_1_0" nVehContrib="7" flow="840.00" occupancy="5.28" speed="21.29" harmonicMeanSpeed="21.24" length="5.00" nVehEntered="6"/>
    <interval begin="390.00" end="420.00" id="D2_1_0" nVehContrib="2" flow="240.00" occupancy="1.53" speed="21.75" harmonicMeanSpeed="21.74" length="5.00" nVehEntered="2"/>
    <interval begin="420.00" end="450.00" id="D2_1_0" nVehContrib="0" flow="0.00" occupancy="0.00" speed="-1.00" harmonicMeanSpeed="-1.00" length="-1.00" nVehEntered="0"/>
    <interval begin="450.00" end="480.00" id="D2_1_0" nVehContrib="4" flow="480.00" occupancy="3.26" speed="20.47" harmonicMeanSpeed="20.45" length="5.00" nVehEntered="4"/>
    <interval begin="480.00" end="510.00" id="D2_1_0" nVehContrib="8" flow="960.00" occupancy="6.06" speed="22.01" harmonicMeanSpeed="21.99" length="5.00" nVehEntered="8"/>
    <interval begin="510.00" end="540.00" id="D2_1_0" nVehContrib="0" flow="0.00" occupancy="0.00" speed="-1.00" harmonicMeanSpeed="-1.00" length="-1.00" nVehEntered="0"/>
    <interval begin="540.00" end="570.00" id="D2_1_0" nVehContrib="3" flow="360.00" occupancy="2.63" speed="19.04" harmonicMeanSpeed="19.03" length="5.00" nVehEntered="3"/>
    <interval begin="570.00" end="600.00" id="D2_1_0" nVehContrib="7" flow="840.00" occupancy="5.03" speed="23.30" harmonicMeanSpeed="23.20" length="5.00" nVehEntered="7"/>
    <interval begin="600.00" end="630.00" id="D2_1_0" nVehContrib="1" flow="120.00" occupancy="0.85" speed="19.67" harmonicMeanSpeed="19.67" length="5.00" nVehEntered="1"/>
    <interval begin="630.00" end="660.00" id="D2_1_0" nVehContrib="3" flow="360.00" occupancy="2.58" speed="19.38" harmonicMeanSpeed="19.34" length="5.00" nVehEntered="3"/>
    <interval begin="660.00" end="690.00" id="D2_1_0" nVehContrib="8" flow="960.00" occupancy="5.84" speed="23.17" harmonicMeanSpeed="22.81" length="5.00" nVehEntered="8"/>
    <interval begin="690.00" end="720.00" id="D2_1_0" nVehContrib="2" flow="240.00" occupancy="1.60" speed="20.78" harmonicMeanSpeed="20.78" length="5.00" nVehEntered="2"/>
    <interval begin="720.00" end="750.00" id="D2_1_0" nVehContrib="2" flow="240.00" occupancy="1.72" speed="19.43" harmonicMeanSpeed="19.43" length="5.00" nVehEntered="2"/>
    <interval begin="750.00" end="780.00" id="D2_1_0" nVehContrib="4" flow="480.00" occupancy="3.34" speed="19.96" harmonicMeanSpeed="19.95" length="5.00" nVehEntered="4"/>
    <interval begin="780.00" end="810.00" id="D2_1_0" nVehContrib="2" flow="240.00" occupancy="1.65" speed="20.31" harmonicMeanSpeed="20.22" length="5.00" nVehEntered="2"/>
    <interval begin="810.00" end="840.00" id="D2_1_0" nVehContrib="3" flow="360.00" occupancy="2.25" speed="22.31" harmonicMeanSpeed="22.26" length="5.00" nVehEntered="3"/>
    <interval begin="840.00" end="870.00" id="D2_1_0" nVehContrib="3" flow="360.00" occupancy="2.12" speed="24.09" harmonicMeanSpeed="23.56" length="5.00" nVehEntered="3"/>
    <interval begin="870.00" end="900.00" id="D2_1_0" nVehContrib="1" flow="120.00" occupancy="0.83" speed="20.13" harmonicMeanSpeed="20.13" length="5.00" nVehEntered="1"/>
    <interval begin="900.00" end="930.00" id="D2_1_0" nVehContrib="3" flow="360.00" occupancy="2.46" speed="20.35" harmonicMeanSpeed="20.34" length="5.00" nVehEntered="3"/>
    <interval begin="930.00" end="960.00" id="D2_1_0" nVehContrib="3" flow="360.00" occupancy="2.15" speed="23.61" harmonicMeanSpeed="23.23" length="5.00" nVehEntered="3"/>
    <interval begin="960.00" end="990.00" id="D2_1_0" nVehContrib="2" flow="240.00" occupancy="1.62" speed="20.63" harmonicMeanSpeed="20.62" length="5.00" nVehEntered="2"/>
    <interval begin="990.00" end="1020.00" id="D2_1_0" nVehContrib="1" flow="120.00" occupancy="0.85" speed="19.59" harmonicMeanSpeed="19.59" length="5.00" nVehEntered="1"/>
    <interval begin="1020.00" end="1050.00" id="D2_1_0" nVehContrib="3" flow="360.00" occupancy="2.46" speed="20.43" harmonicMeanSpeed="20.36" length="5.00" nVehEntered="3"/>
    <interval begin="1050.00" end="1080.00" id="D2_1_0" nVehContrib="4" flow="480.00" occupancy="3.31" speed="20.20" harmonicMeanSpeed="20.13" length="5.00" nVehEntered="4"/>
    <interval begin="1080.00" end="1110.00" id="D2_1_0" nVehContrib="4" flow="480.00" occupancy="3.35" speed="19.94" harmonicMeanSpeed="19.89" length="5.00" nVehEntered="4"/>
    <interval begin="1110.00" end="1140.00" id="D2_1_0" nVehContrib="6" flow="720.00" occupancy="5.10" speed="19.64" harmonicMeanSpeed="19.62" length="5.00" nVehEntered="6"/>
    <interval begin="1140.00" end="1170.00" id="D2_1_0" nVehContrib="3" flow="360.00" occupancy="2.49" speed="20.11" harmonicMeanSpeed="20.11" length="5.00" nVehEntered="3"/>
    <interval begin="1170.00" end="1200.00" id="D2_1_0" nVehContrib="5" flow="600.00" occupancy="4.15" speed="20.12" harmonicMeanSpeed="20.10" length="5.00" nVehEntered="5"/>
    <interval begin="1200.00" end="1230.00" id="D2_1_0" nVehContrib="5" flow="600.00" occupancy="4.08" speed="20.46" harmonicMeanSpeed="20.44" length="5.00" nVehEntered="5"/>
    <interval begin="1230.00" end="1260.00" id="D2_1_0" nVehContrib="3" flow="360.00" occupancy="2.43" speed="20.61" harmonicMeanSpeed="20.60" length="5.00" nVehEntered="3"/>
    <interval begin="1260.00" end="1290.00" id="D2_1_0" nVehContrib="3" flow="360.00" occupancy="2.45" speed="20.42" harmonicMeanSpeed="20.42" length="5.00" nVehEntered="3"/>
    <interval begin="1290.00" end="1320.00" id="D2_1_0" nVehContrib="3" flow="360.00" occupancy="2.56" speed="19.58" harmonicMeanSpeed="19.56" length="5.00" nVehEntered="3"/>
    <interval begin="1320.00" end="1350.00" id="D2_1_0" nVehContrib="4" flow="480.00" occupancy="3.24" speed="20.59" harmonicMeanSpeed="20.57" length="5.00" nVehEntered="4"/>
    <interval begin="1350.00" end="1380.00" id="D2_1_0" nVehContrib="3" flow="360.00" occupancy="2.61" speed="19.24" harmonicMeanSpeed="19.14" length="5.00" nVehEntered="3"/>
    <interval begin="1380.00" end="1410.00" id="D2_1_0" nVehContrib="2" flow="240.00" occupancy="1.68" speed="19.86" harmonicMeanSpeed="19.86" length="5.00" nVehEntered="2"/>
    <interval begin="1410.00" end="1440.00" id="D2_1_0" nVehContrib="5" flow="600.00" occupancy="4.02" speed="20.77" harmonicMeanSpeed="20.75" length="5.00" nVehEntered="5"/>
    <interval begin="1440.00" end="1470.00" id="D2_1_0" nVehContrib="5" flow="600.00" occupancy="4.05" speed="20.63" harmonicMeanSpeed="20.57" length="5.00" nVehEntered="5"/>
    <interval begin="1470.00" end="1500.00" id="D2_1_0" nVehContrib="2" flow="240.00" occupancy="1.60" speed="20.79" harmonicMeanSpeed="20.79" length="5.00" nVehEntered="2"/>
    <interval begin="1500.00" end="1530.00" id="D2_1_0" nVehContrib="1" flow="120.00" occupancy="0.88" speed="19.00" harmonicMeanSpeed="19.00" length="5.00" nVehEntered="1"/>
    <interval begin="1530.00" end="1560.00" id="D2_1_0" nVehContrib="0" flow="0.00" occupancy="0.00" speed="-1.00" harmonicMeanSpeed="-1.00" length="-1.00" nVehEntered="0"/>
    <interval begin="1560.00" end="1590.00" id="D2_1_0" nVehContrib="2" flow="240.00" occupancy="1.68" speed="19.82" harmonicMeanSpeed="19.82" length="5.00" nVehEntered="2"/>
    <interval begin="1590.00" end="1620.00" id="D2_1_0" nVehContrib="2" flow="240.00" occupancy="1.54" speed="21.63" harmonicMeanSpeed="21.62" length="5.00" nVehEntered="2"/>
    <interval begin="1620.00" end="1650.00" id="D2_1_0" nVehContrib="5" flow="600.00" occupancy="4.00" speed="20.88" harmonicMeanSpeed="20.84" length="5.00" nVehEntered="5"/>
    <interval begin="1650.00" end="1680.00" id="D2_1_0" nVehContrib="3" flow="360.00" occupancy="2.54" speed="19.66" harmonicMeanSpeed="19.65" length="5.00" nVehEntered="3"/>
    <interval begin="1680.00" end="1710.00" id="D2_1_0" nVehContrib="7" flow="840.00" occupancy="5.90" speed="19.82" harmonicMeanSpeed="19.78" length="5.00" nVehEntered="7"/>
    <interval begin="1710.00" end="1740.00" id="D2_1_0" nVehContrib="3" flow="360.00" occupancy="2.42" speed="20.65" harmonicMeanSpeed="20.64" length="5.00" nVehEntered="3"/>
    <interval begin="1740.00" end="1770.00" id="D2_1_0" nVehContrib="7" flow="840.00" occupancy="5.84" speed="20.06" harmonicMeanSpeed="19.99" length="5.00" nVehEntered="7"/>
    <interval begin="1770.00" end="1800.00" id="D2_1_0" nVehContrib="5" flow="600.00" occupancy="4.29" speed="19.46" harmonicMeanSpeed="19.42" length="5.00" nVehEntered="5"/>
    <interval begin="1800.00" end="1830.00" id="D2_1_0" nVehContrib="2" flow="240.00" occupancy="1.63" speed="20.50" harmonicMeanSpeed="20.45" length="5.00" nVehEntered="2"/>
    <interval begin="1830.00" end="1860.00" id="D2_1_0" nVehContrib="3" flow="360.00" occupancy="2.51" speed="19.89" harmonicMeanSpeed="19.88" length="5.00" nVehEntered="3"/>
    <interval begin="1860.00" end="1890.00" id="D2_1_0" nVehContrib="0" flow="0.00" occupancy="0.00" speed="-1.00" harmonicMeanSpeed="-1.00" length="-1.00" nVehEntered="0"/>
    <interval begin="1890.00" end="1920.00" id="D2_1_0" nVehContrib="3" flow="360.00" occupancy="2.42" speed="20.75" harmonicMeanSpeed="20.65" length="5.00" nVehEntered="3"/>
    <interval begin="1920.00" end="1950.00" id="D2_1_0" nVehContrib="3" flow="360.00" occupancy="2.47" speed="20.28" harmonicMeanSpeed="20.23" length="5.00" nVehEntered="3"/>
    <interval begin="1950.00" end="1980.00" id="D2_1_0" nVehContrib="2" flow="240.00" occupancy="1.71" speed="19.49" harmonicMeanSpeed="19.49" length="5.00" nVehEntered="2"/>
    <interval begin="1980.00" end="2010.00" id="D2_1_0" nVehContrib="3" flow="360.00" occupancy="2.49" speed="20.11" harmonicMeanSpeed="20.11" length="5.00" nVehEntered="3"/>
    <interval begin="2010.00" end="2040.00" id="D2_1_0" nVehContrib="4" flow="480.00" occupancy="3.22" speed="20.72" harmonicMeanSpeed="20.72" length="5.00" nVehEntered="4"/>
    <interval begin="2040.00" end="2070.00" id="D2_1_0" nVehContrib="4" flow="480.00" occupancy="3.42" speed="19.53" harmonicMeanSpeed="19.51" length="5.00" nVehEntered="4"/>
    <interval begin="2070.00" end="2100.00" id="D2_1_0" nVehContrib="0" flow="0.00" occupancy="0.00" speed="-1.00" harmonicMeanSpeed="-1.00" length="-1.00" nVehEntered="0"/>
    <interval begin="2100.00" end="2130.00" id="D2_1_0" nVehContrib="7" flow="840.00" occupancy="5.64" speed="20.72" harmonicMeanSpeed="20.68" length="5.00" nVehEntered="7"/>
    <interval begin="2130.00" end="2160.00" id="D2_1_0" nVehContrib="1" flow="120.00" occupancy="0.82" speed="20.24" harmonicMeanSpeed="20.24" length="5.00" nVehEntered="1"/>
    <interval begin="2160.00" end="2190.00" id="D2_1_0" nVehContrib="2" flow="240.00" occupancy="1.69" speed="19.69" harmonicMeanSpeed="19.69" length="5.00" nVehEntered="2"/>
    <interval begin="2190.00" end="2220.00" id="D2_1_0" nVehContrib="4" flow="480.00" occupancy="3.22" speed="20.72" harmonicMeanSpeed="20.72" length="5.00" nVehEntered="4"/>
    <interval begin="2220.00" end="2250.00" id="D2_1_0" nVehContrib="3" flow="360.00" occupancy="2.54" speed="19.74" harmonicMeanSpeed="19.69" length="5.00" nVehEntered="3"/>
    <interval begin="2250.00" end="2280.00" id="D2_1_0" nVehContrib="4" flow="480.00" occupancy="3.28" speed="20.35" harmonicMeanSpeed="20.33" length="5.00" nVehEntered="4"/>
    <interval begin="2280.00" end="2310.00" id="D2_1_0" nVehContrib="2" flow="240.00" occupancy="1.60" speed="20.89" harmonicMeanSpeed="20.88" length="5.00" nVehEntered="2"/>
    <interval begin="2310.00" end="2340.00" id="D2_1_0" nVehContrib="4" flow="480.00" occupancy="3.26" speed="20.55" harmonicMeanSpeed="20.45" length="5.00" nVehEntered="4"/>
    <interval begin="2340.00" end="2370.00" id="D2_1_0" nVehContrib="4" flow="480.00" occupancy="3.25" speed="20.53" harmonicMeanSpeed="20.53" length="5.00" nVehEntered="4"/>
    <interval begin="2370.00" end="2400.00" id="D2_1_0" nVehContrib="6" flow="720.00" occupancy="4.87" speed="20.58" harmonicMeanSpeed="20.52" length="5.00" nVehEntered="6"/>
    <interval begin="2400.00" end="2430.00" id="D2_1_0" nVehContrib="3" flow="360.00" occupancy="2.53" speed="19.81" harmonicMeanSpeed="19.78" length="5.00" nVehEntered="3"/>
    <interval begin="2430.00" end="2460.00" id="D2_1_0" nVehContrib="5" flow="600.00" occupancy="4.09" speed="20.41" harmonicMeanSpeed="20.36" length="5.00" nVehEntered="5"/>
    <interval begin="2460.00" end="2490.00" id="D2_1_0" nVehContrib="3" flow="360.00" occupancy="2.40" speed="20.87" harmonicMeanSpeed="20.87" length="5.00" nVehEntered="3"/>
    <interval begin="2490.00" end="2520.00" id="D2_1_0" nVehContrib="3" flow="360.00" occupancy="2.45" speed="20.44" harmonicMeanSpeed="20.41" length="5.00" nVehEntered="3"/>
    <interval begin="2520.00" end="2550.00" id="D2_1_0" nVehContrib="4" flow="480.00" occupancy="3.34" speed="19.99" harmonicMeanSpeed="19.94" length="5.00" nVehEntered="4"/>
    <interval begin="2550.00" end="2580.00" id="D2_1_0" nVehContrib="5" flow="600.00" occupancy="4.19" speed="19.97" harmonicMeanSpeed="19.91" length="5.00" nVehEntered="5"/>
    <interval begin="2580.00" end="2610.00" id="D2_1_0" nVehContrib="1" flow="120.00" occupancy="0.84" speed="19.90" harmonicMeanSpeed="19.90" length="5.00" nVehEntered="1"/>
    <interval begin="2610.00" end="2640.00" id="D2_1_0" nVehContrib="3" flow="360.00" occupancy="2.50" speed="20.04" harmonicMeanSpeed="20.03" length="5.00" nVehEntered="3"/>
    <interval begin="2640.00" end="2670.00" id="D2_1_0" nVehContrib="0" flow="0.00" occupancy="0.00" speed="-1.00" harmonicMeanSpeed="-1.00" length="-1.00" nVehEntered="0"/>
    <interval begin="2670.00" end="2700.00" id="D2_1_0" nVehContrib="0" flow="0.00" occupancy="0.00" speed="-1.00" harmonicMeanSpeed="-1.00" length="-1.00" nVehEntered="0"/>
    <interval begin="2700.00" end="2730.00" id="D2_1_0" nVehContrib="5" flow="600.00" occupancy="4.17" speed="20.04" harmonicMeanSpeed="20.00" length="5.00" nVehEntered="5"/>
    <interval begin="2730.00" end="2760.00" id="D2_1_0" nVehContrib="1" flow="120.00" occupancy="0.81" speed="20.66" harmonicMeanSpeed="20.66" length="5.00" nVehEntered="1"/>
    <interval begin="2760.00" end="2790.00" id="D2_1_0" nVehContrib="4" flow="480.00" occupancy="3.28" speed="20.35" harmonicMeanSpeed="20.34" length="5.00" nVehEntered="4"/>
    <interval begin="2790.00" end="2820.00" id="D2_1_0" nVehContrib="4" flow="480.00" occupancy="3.31" speed="20.13" harmonicMeanSpeed="20.12" length="5.00" nVehEntered="4"/>
    <interval begin="2820.00" end="2850.00" id="D2_1_0" nVehContrib="3" flow="360.00" occupancy="2.49" speed="20.07" harmonicMeanSpeed="20.05" length="5.00" nVehEntered="3"/>
    <interval begin="2850.00" end="2880.00" id="D2_1_0" nVehContrib="2" flow="240.00" occupancy="1.71" speed="19.67" harmonicMeanSpeed="19.54" length="5.00" nVehEntered="2"/>
    <interval begin="2880.00" end="2910.00" id="D2_1_0" nVehContrib="4" flow="480.00" occupancy="3.29" speed="20.30" harmonicMeanSpeed="20.29" length="5.00" nVehEntered="4"/>
    <interval begin="2910.00" end="2940.00" id="D2_1_0" nVehContrib="6" flow="720.00" occupancy="5.00" speed="20.03" harmonicMeanSpeed="19.99" length="5.00" nVehEntered="6"/>
    <interval begin="2940.00" end="2970.00" id="D2_1_0" nVehContrib="2" flow="240.00" occupancy="1.65" speed="20.20" harmonicMeanSpeed="20.20" length="5.00" nVehEntered="2"/>
    <interval begin="2970.00" end="3000.00" id="D2_1_0" nVehContrib="2" flow="240.00" occupancy="1.53" speed="21.77" harmonicMeanSpeed="21.75" length="5.00" nVehEntered="2"/>
    <interval begin="3000.00" end="3030.00" id="D2_1_0" nVehContrib="5" flow="600.00" occupancy="4.20" speed="19.86" harmonicMeanSpeed="19.83" length="5.00" nVehEntered="5"/>
    <interval begin="3030.00" end="3060.00" id="D2_1_0" nVehContrib="4" flow="480.00" occupancy="3.23" speed="20.62" harmonicMeanSpeed="20.62" length="5.00" nVehEntered="4"/>
    <interval begin="3060.00" end="3090.00" id="D2_1_0" nVehContrib="4" flow="480.00" occupancy="3.26" speed="20.46" harmonicMeanSpeed="20.44" length="5.00" nVehEntered="4"/>
    <interval begin="3090.00" end="3120.00" id="D2_1_0" nVehContrib="3" flow="360.00" occupancy="2.58" speed="19.38" harmonicMeanSpeed="19.35" length="5.00" nVehEntered="3"/>
    <interval begin="3120.00" end="3150.00" id="D2_1_0" nVehContrib="2" flow="240.00" occupancy="2.25" speed="21.32" harmonicMeanSpeed="21.30" length="5.00" nVehEntered="3"/>
    <interval begin="3150.00" end="3180.00" id="D2_1_0" nVehContrib="7" flow="840.00" occupancy="5.14" speed="20.05" harmonicMeanSpeed="20.05" length="5.00" nVehEntered="6"/>
    <interval begin="3180.00" end="3210.00" id="D2_1_0" nVehContrib="3" flow="360.00" occupancy="2.37" speed="21.13" harmonicMeanSpeed="21.11" length="5.00" nVehEntered="3"/>
    <interval begin="3210.00" end="3240.00" id="D2_1_0" nVehContrib="4" flow="480.00" occupancy="3.20" speed="20.86" harmonicMeanSpeed="20.83" length="5.00" nVehEntered="4"/>
    <interval begin="3240.00" end="3270.00" id="D2_1_0" nVehContrib="3" flow="360.00" occupancy="2.51" speed="19.96" harmonicMeanSpeed="19.94" length="5.00" nVehEntered="3"/>
    <interval begin="3270.00" end="3300.00" id="D2_1_0" nVehContrib="6" flow="720.00" occupancy="5.09" speed="19.69" harmonicMeanSpeed="19.66" length="5.00" nVehEntered="6"/>
    <interval begin="3300.00" end="3330.00" id="D2_1_0" nVehContrib="1" flow="120.00" occupancy="0.84" speed="19.76" harmonicMeanSpeed="19.76" length="5.00" nVehEntered="1"/>
    <interval begin="3330.00" end="3360.00" id="D2_1_0" nVehContrib="4" flow="480.00" occupancy="3.37" speed="19.82" harmonicMeanSpeed="19.80" length="5.00" nVehEntered="4"/>
    <interval begin="3360.00" end="3390.00" id="D2_1_0" nVehContrib="0" flow="0.00" occupancy="0.00" speed="-1.00" harmonicMeanSpeed="-1.00" length="-1.00" nVehEntered="0"/>
    <interval begin="3390.00" end="3420.00" id="D2_1_0" nVehContrib="1" flow="120.00" occupancy="0.78" speed="21.42" harmonicMeanSpeed="21.42" length="5.00" nVehEntered="1"/>
    <interval begin="3420.00" end="3450.00" id="D2_1_0" nVehContrib="5" flow="600.00" occupancy="4.07" speed="20.47" harmonicMeanSpeed="20.45" length="5.00" nVehEntered="5"/>
    <interval begin="3450.00" end="3480.00" id="D2_1_0" nVehContrib="4" flow="480.00" occupancy="3.27" speed="20.43" harmonicMeanSpeed="20.38" length="5.00" nVehEntered="4"/>
    <interval begin="3480.00" end="3510.00" id="D2_1_0" nVehContrib="5" flow="600.00" occupancy="4.21" speed="19.84" harmonicMeanSpeed="19.78" length="5.00" nVehEntered="5"/>
    <interval begin="3510.00" end="3540.00" id="D2_1_0" nVehContrib="7" flow="840.00" occupancy="5.48" speed="21.31" harmonicMeanSpeed="21.29" length="5.00" nVehEntered="7"/>
    <interval begin="3540.00" end="3570.00" id="D2_1_0" nVehContrib="2" flow="240.00" occupancy="1.53" speed="21.74" harmonicMeanSpeed="21.72" length="5.00" nVehEntered="2"/>
    <interval begin="3570.00" end="3600.00" id="D2_1_0" nVehContrib="4" flow="480.00" occupancy="3.38" speed="19.77" harmonicMeanSpeed="19.74" length="5.00" nVehEntered="4"/>
    <interval begin="3600.00" end="3605.00" id="D2_1_0" nVehContrib="1" flow="720.00" occupancy="4.55" speed="21.96" harmonicMeanSpeed="21.96" length="5.00" nVehEntered="1"/>
</detector>
