<?xml version="1.0" encoding="UTF-8"?>

<!-- generated on 07/02/19 12:11:04 by Eclipse SUMO GUI Version 1.0.1
<configuration xmlns:xsi="http://www.w3.org/2001/XMLSchema-instance" xsi:noNamespaceSchemaLocation="http://sumo.dlr.de/xsd/sumoConfiguration.xsd">

    <input>
        <net-file value="F:\jiaotong\sumo\bin\new\gnet.net.xml"/>
        <route-files value="F:\jiaotong\sumo\bin\new\grou.rou.xml"/>
        <additional-files value="F:\jiaotong\sumo\bin\new\gadd.additional.xml"/>
    </input>

    <output>
        <queue-output value="F:\jiaotong\sumo\bin\new\Queue.xml"/>
        <summary-output value="F:\jiaotong\sumo\bin\new\Summary.xml"/>
    </output>

    <time>
        <begin value="0"/>
        <end value="11000"/>
    </time>

    <processing>
        <time-to-teleport value="11000"/>
    </processing>

    <gui_only>
        <gui-settings-file value="F:\jiaotong\sumo\bin\new\gview.view.xml"/>
        <quit-on-end value="true"/>
        <start value="true"/>
    </gui_only>

</configuration>
-->

<detector xmlns:xsi="http://www.w3.org/2001/XMLSchema-instance" xsi:noNamespaceSchemaLocation="http://sumo.dlr.de/xsd/det_e1_file.xsd">
    <interval begin="0.00" end="30.00" id="D4" nVehContrib="1" flow="120.00" occupancy="18.96" speed="6.79" length="5.00" nVehEntered="2"/>
    <interval begin="30.00" end="60.00" id="D4" nVehContrib="3" flow="360.00" occupancy="63.39" speed="7.21" length="5.00" nVehEntered="2"/>
    <interval begin="60.00" end="90.00" id="D4" nVehContrib="1" flow="120.00" occupancy="2.53" speed="6.58" length="5.00" nVehEntered="1"/>
    <interval begin="90.00" end="120.00" id="D4" nVehContrib="0" flow="0.00" occupancy="88.12" speed="-1.00" length="-1.00" nVehEntered="1"/>
    <interval begin="120.00" end="150.00" id="D4" nVehContrib="4" flow="480.00" occupancy="64.77" speed="9.17" length="5.00" nVehEntered="3"/>
    <interval begin="150.00" end="180.00" id="D4" nVehContrib="1" flow="120.00" occupancy="2.64" speed="6.32" length="5.00" nVehEntered="1"/>
    <interval begin="180.00" end="210.00" id="D4" nVehContrib="0" flow="0.00" occupancy="70.56" speed="-1.00" length="-1.00" nVehEntered="1"/>
    <interval begin="210.00" end="240.00" id="D4" nVehContrib="4" flow="480.00" occupancy="66.60" speed="5.72" length="5.00" nVehEntered="3"/>
    <interval begin="240.00" end="270.00" id="D4" nVehContrib="2" flow="240.00" occupancy="3.24" speed="18.87" length="5.00" nVehEntered="2"/>
    <interval begin="270.00" end="300.00" id="D4" nVehContrib="0" flow="0.00" occupancy="53.41" speed="-1.00" length="-1.00" nVehEntered="1"/>
    <interval begin="300.00" end="330.00" id="D4" nVehContrib="3" flow="360.00" occupancy="64.03" speed="4.91" length="5.00" nVehEntered="2"/>
    <interval begin="330.00" end="360.00" id="D4" nVehContrib="2" flow="240.00" occupancy="3.39" speed="18.11" length="5.00" nVehEntered="2"/>
    <interval begin="360.00" end="390.00" id="D4" nVehContrib="0" flow="0.00" occupancy="43.41" speed="-1.00" length="-1.00" nVehEntered="1"/>
    <interval begin="390.00" end="420.00" id="D4" nVehContrib="4" flow="480.00" occupancy="67.13" speed="6.36" length="5.00" nVehEntered="3"/>
    <interval begin="420.00" end="450.00" id="D4" nVehContrib="1" flow="120.00" occupancy="3.25" speed="5.13" length="5.00" nVehEntered="1"/>
    <interval begin="450.00" end="480.00" id="D4" nVehContrib="0" flow="0.00" occupancy="87.74" speed="-1.00" length="-1.00" nVehEntered="1"/>
    <interval begin="480.00" end="510.00" id="D4" nVehContrib="4" flow="480.00" occupancy="65.07" speed="10.45" length="5.00" nVehEntered="3"/>
    <interval begin="510.00" end="540.00" id="D4" nVehContrib="1" flow="120.00" occupancy="2.84" speed="5.88" length="5.00" nVehEntered="1"/>
    <interval begin="540.00" end="570.00" id="D4" nVehContrib="0" flow="0.00" occupancy="73.46" speed="-1.00" length="-1.00" nVehEntered="1"/>
    <interval begin="570.00" end="600.00" id="D4" nVehContrib="4" flow="480.00" occupancy="68.05" speed="5.11" length="5.00" nVehEntered="3"/>
    <interval begin="600.00" end="630.00" id="D4" nVehContrib="2" flow="240.00" occupancy="3.31" speed="17.47" length="5.00" nVehEntered="2"/>
    <interval begin="630.00" end="660.00" id="D4" nVehContrib="0" flow="0.00" occupancy="58.08" speed="-1.00" length="-1.00" nVehEntered="1"/>
    <interval begin="660.00" end="690.00" id="D4" nVehContrib="3" flow="360.00" occupancy="63.66" speed="4.70" length="5.00" nVehEntered="2"/>
    <interval begin="690.00" end="720.00" id="D4" nVehContrib="2" flow="240.00" occupancy="3.19" speed="18.35" length="5.00" nVehEntered="2"/>
    <interval begin="720.00" end="750.00" id="D4" nVehContrib="0" flow="0.00" occupancy="41.31" speed="-1.00" length="-1.00" nVehEntered="1"/>
    <interval begin="750.00" end="780.00" id="D4" nVehContrib="4" flow="480.00" occupancy="65.78" speed="5.80" length="5.00" nVehEntered="3"/>
    <interval begin="780.00" end="810.00" id="D4" nVehContrib="1" flow="120.00" occupancy="2.67" speed="6.23" length="5.00" nVehEntered="1"/>
    <interval begin="810.00" end="840.00" id="D4" nVehContrib="0" flow="0.00" occupancy="90.56" speed="-1.00" length="-1.00" nVehEntered="1"/>
    <interval begin="840.00" end="870.00" id="D4" nVehContrib="4" flow="480.00" occupancy="66.71" speed="8.86" length="5.00" nVehEntered="3"/>
    <interval begin="870.00" end="900.00" id="D4" nVehContrib="1" flow="120.00" occupancy="2.63" speed="6.34" length="5.00" nVehEntered="1"/>
    <interval begin="900.00" end="930.00" id="D4" nVehContrib="0" flow="0.00" occupancy="71.94" speed="-1.00" length="-1.00" nVehEntered="1"/>
    <interval begin="930.00" end="960.00" id="D4" nVehContrib="4" flow="480.00" occupancy="66.38" speed="5.63" length="5.00" nVehEntered="3"/>
    <interval begin="960.00" end="990.00" id="D4" nVehContrib="2" flow="240.00" occupancy="2.99" speed="17.88" length="5.00" nVehEntered="2"/>
    <interval begin="990.00" end="1020.00" id="D4" nVehContrib="0" flow="0.00" occupancy="54.57" speed="-1.00" length="-1.00" nVehEntered="1"/>
    <interval begin="1020.00" end="1050.00" id="D4" nVehContrib="3" flow="360.00" occupancy="64.54" speed="4.98" length="5.00" nVehEntered="2"/>
    <interval begin="1050.00" end="1080.00" id="D4" nVehContrib="2" flow="240.00" occupancy="3.20" speed="17.58" length="5.00" nVehEntered="2"/>
    <interval begin="1080.00" end="1110.00" id="D4" nVehContrib="0" flow="0.00" occupancy="42.32" speed="-1.00" length="-1.00" nVehEntered="1"/>
    <interval begin="1110.00" end="1140.00" id="D4" nVehContrib="4" flow="480.00" occupancy="65.84" speed="6.53" length="5.00" nVehEntered="3"/>
    <interval begin="1140.00" end="1170.00" id="D4" nVehContrib="1" flow="120.00" occupancy="2.60" speed="6.41" length="5.00" nVehEntered="1"/>
    <interval begin="1170.00" end="1200.00" id="D4" nVehContrib="0" flow="0.00" occupancy="90.36" speed="-1.00" length="-1.00" nVehEntered="1"/>
    <interval begin="1200.00" end="1230.00" id="D4" nVehContrib="4" flow="480.00" occupancy="66.43" speed="8.61" length="5.00" nVehEntered="3"/>
    <interval begin="1230.00" end="1260.00" id="D4" nVehContrib="1" flow="120.00" occupancy="2.68" speed="6.22" length="5.00" nVehEntered="1"/>
    <interval begin="1260.00" end="1290.00" id="D4" nVehContrib="0" flow="0.00" occupancy="73.51" speed="-1.00" length="-1.00" nVehEntered="1"/>
    <interval begin="1290.00" end="1320.00" id="D4" nVehContrib="4" flow="480.00" occupancy="67.71" speed="5.11" length="5.00" nVehEntered="3"/>
    <interval begin="1320.00" end="1350.00" id="D4" nVehContrib="2" flow="240.00" occupancy="3.29" speed="18.03" length="5.00" nVehEntered="2"/>
    <interval begin="1350.00" end="1380.00" id="D4" nVehContrib="0" flow="0.00" occupancy="56.72" speed="-1.00" length="-1.00" nVehEntered="1"/>
    <interval begin="1380.00" end="1410.00" id="D4" nVehContrib="3" flow="360.00" occupancy="64.96" speed="4.71" length="5.00" nVehEntered="2"/>
    <interval begin="1410.00" end="1440.00" id="D4" nVehContrib="2" flow="240.00" occupancy="3.56" speed="17.85" length="5.00" nVehEntered="2"/>
    <interval begin="1440.00" end="1470.00" id="D4" nVehContrib="0" flow="0.00" occupancy="40.98" speed="-1.00" length="-1.00" nVehEntered="1"/>
    <interval begin="1470.00" end="1500.00" id="D4" nVehContrib="4" flow="480.00" occupancy="66.23" speed="5.49" length="5.00" nVehEntered="3"/>
    <interval begin="1500.00" end="1530.00" id="D4" nVehContrib="1" flow="120.00" occupancy="2.63" speed="6.34" length="5.00" nVehEntered="1"/>
    <interval begin="1530.00" end="1560.00" id="D4" nVehContrib="0" flow="0.00" occupancy="87.60" speed="-1.00" length="-1.00" nVehEntered="1"/>
    <interval begin="1560.00" end="1590.00" id="D4" nVehContrib="4" flow="480.00" occupancy="65.36" speed="9.75" length="5.00" nVehEntered="3"/>
    <interval begin="1590.00" end="1620.00" id="D4" nVehContrib="1" flow="120.00" occupancy="2.57" speed="6.48" length="5.00" nVehEntered="1"/>
    <interval begin="1620.00" end="1650.00" id="D4" nVehContrib="0" flow="0.00" occupancy="71.72" speed="-1.00" length="-1.00" nVehEntered="1"/>
    <interval begin="1650.00" end="1680.00" id="D4" nVehContrib="4" flow="480.00" occupancy="68.01" speed="4.84" length="5.00" nVehEntered="3"/>
    <interval begin="1680.00" end="1710.00" id="D4" nVehContrib="2" flow="240.00" occupancy="3.46" speed="17.86" length="5.00" nVehEntered="2"/>
    <interval begin="1710.00" end="1740.00" id="D4" nVehContrib="0" flow="0.00" occupancy="56.23" speed="-1.00" length="-1.00" nVehEntered="1"/>
    <interval begin="1740.00" end="1770.00" id="D4" nVehContrib="3" flow="360.00" occupancy="64.29" speed="4.67" length="5.00" nVehEntered="2"/>
    <interval begin="1770.00" end="1800.00" id="D4" nVehContrib="2" flow="240.00" occupancy="3.56" speed="17.23" length="5.00" nVehEntered="2"/>
    <interval begin="1800.00" end="1830.00" id="D4" nVehContrib="0" flow="0.00" occupancy="43.88" speed="-1.00" length="-1.00" nVehEntered="1"/>
    <interval begin="1830.00" end="1860.00" id="D4" nVehContrib="4" flow="480.00" occupancy="68.29" speed="5.93" length="5.00" nVehEntered="3"/>
    <interval begin="1860.00" end="1890.00" id="D4" nVehContrib="1" flow="120.00" occupancy="2.48" speed="6.71" length="5.00" nVehEntered="1"/>
    <interval begin="1890.00" end="1920.00" id="D4" nVehContrib="0" flow="0.00" occupancy="89.09" speed="-1.00" length="-1.00" nVehEntered="1"/>
    <interval begin="1920.00" end="1950.00" id="D4" nVehContrib="4" flow="480.00" occupancy="64.57" speed="9.72" length="5.00" nVehEntered="3"/>
    <interval begin="1950.00" end="1980.00" id="D4" nVehContrib="1" flow="120.00" occupancy="2.50" speed="6.68" length="5.00" nVehEntered="1"/>
    <interval begin="1980.00" end="2010.00" id="D4" nVehContrib="0" flow="0.00" occupancy="71.45" speed="-1.00" length="-1.00" nVehEntered="1"/>
    <interval begin="2010.00" end="2040.00" id="D4" nVehContrib="4" flow="480.00" occupancy="66.46" speed="5.11" length="5.00" nVehEntered="3"/>
    <interval begin="2040.00" end="2070.00" id="D4" nVehContrib="2" flow="240.00" occupancy="3.00" speed="17.60" length="5.00" nVehEntered="2"/>
    <interval begin="2070.00" end="2100.00" id="D4" nVehContrib="0" flow="0.00" occupancy="56.82" speed="-1.00" length="-1.00" nVehEntered="1"/>
    <interval begin="2100.00" end="2130.00" id="D4" nVehContrib="3" flow="360.00" occupancy="65.01" speed="4.93" length="5.00" nVehEntered="2"/>
    <interval begin="2130.00" end="2160.00" id="D4" nVehContrib="2" flow="240.00" occupancy="3.13" speed="18.32" length="5.00" nVehEntered="2"/>
    <interval begin="2160.00" end="2190.00" id="D4" nVehContrib="0" flow="0.00" occupancy="41.71" speed="-1.00" length="-1.00" nVehEntered="1"/>
    <interval begin="2190.00" end="2220.00" id="D4" nVehContrib="4" flow="480.00" occupancy="67.05" speed="5.61" length="5.00" nVehEntered="3"/>
    <interval begin="2220.00" end="2250.00" id="D4" nVehContrib="1" flow="120.00" occupancy="3.05" speed="5.46" length="5.00" nVehEntered="1"/>
    <interval begin="2250.00" end="2280.00" id="D4" nVehContrib="0" flow="0.00" occupancy="90.20" speed="-1.00" length="-1.00" nVehEntered="1"/>
    <interval begin="2280.00" end="2310.00" id="D4" nVehContrib="4" flow="480.00" occupancy="65.46" speed="9.57" length="5.00" nVehEntered="3"/>
    <interval begin="2310.00" end="2340.00" id="D4" nVehContrib="1" flow="120.00" occupancy="2.33" speed="7.15" length="5.00" nVehEntered="1"/>
    <interval begin="2340.00" end="2370.00" id="D4" nVehContrib="0" flow="0.00" occupancy="70.76" speed="-1.00" length="-1.00" nVehEntered="1"/>
    <interval begin="2370.00" end="2400.00" id="D4" nVehContrib="4" flow="480.00" occupancy="67.86" speed="4.85" length="5.00" nVehEntered="3"/>
    <interval begin="2400.00" end="2430.00" id="D4" nVehContrib="2" flow="240.00" occupancy="3.49" speed="17.36" length="5.00" nVehEntered="2"/>
    <interval begin="2430.00" end="2460.00" id="D4" nVehContrib="0" flow="0.00" occupancy="54.21" speed="-1.00" length="-1.00" nVehEntered="1"/>
    <interval begin="2460.00" end="2490.00" id="D4" nVehContrib="3" flow="360.00" occupancy="64.37" speed="4.46" length="5.00" nVehEntered="2"/>
    <interval begin="2490.00" end="2520.00" id="D4" nVehContrib="2" flow="240.00" occupancy="3.43" speed="18.36" length="5.00" nVehEntered="2"/>
    <interval begin="2520.00" end="2550.00" id="D4" nVehContrib="0" flow="0.00" occupancy="39.49" speed="-1.00" length="-1.00" nVehEntered="1"/>
    <interval begin="2550.00" end="2580.00" id="D4" nVehContrib="4" flow="480.00" occupancy="66.88" speed="5.88" length="5.00" nVehEntered="3"/>
    <interval begin="2580.00" end="2610.00" id="D4" nVehContrib="1" flow="120.00" occupancy="2.36" speed="7.07" length="5.00" nVehEntered="1"/>
    <interval begin="2610.00" end="2640.00" id="D4" nVehContrib="0" flow="0.00" occupancy="90.34" speed="-1.00" length="-1.00" nVehEntered="1"/>
    <interval begin="2640.00" end="2670.00" id="D4" nVehContrib="4" flow="480.00" occupancy="66.03" speed="9.43" length="5.00" nVehEntered="3"/>
    <interval begin="2670.00" end="2700.00" id="D4" nVehContrib="1" flow="120.00" occupancy="2.70" speed="6.16" length="5.00" nVehEntered="1"/>
    <interval begin="2700.00" end="2730.00" id="D4" nVehContrib="0" flow="0.00" occupancy="73.87" speed="-1.00" length="-1.00" nVehEntered="1"/>
    <interval begin="2730.00" end="2760.00" id="D4" nVehContrib="4" flow="480.00" occupancy="64.69" speed="5.74" length="5.00" nVehEntered="3"/>
    <interval begin="2760.00" end="2790.00" id="D4" nVehContrib="2" flow="240.00" occupancy="3.36" speed="17.09" length="5.00" nVehEntered="2"/>
    <interval begin="2790.00" end="2820.00" id="D4" nVehContrib="0" flow="0.00" occupancy="57.27" speed="-1.00" length="-1.00" nVehEntered="1"/>
    <interval begin="2820.00" end="2850.00" id="D4" nVehContrib="3" flow="360.00" occupancy="63.59" speed="4.66" length="5.00" nVehEntered="2"/>
    <interval begin="2850.00" end="2880.00" id="D4" nVehContrib="2" flow="240.00" occupancy="3.42" speed="17.70" length="5.00" nVehEntered="2"/>
    <interval begin="2880.00" end="2910.00" id="D4" nVehContrib="0" flow="0.00" occupancy="41.50" speed="-1.00" length="-1.00" nVehEntered="1"/>
    <interval begin="2910.00" end="2940.00" id="D4" nVehContrib="4" flow="480.00" occupancy="66.44" speed="5.60" length="5.00" nVehEntered="3"/>
    <interval begin="2940.00" end="2970.00" id="D4" nVehContrib="1" flow="120.00" occupancy="2.41" speed="6.91" length="5.00" nVehEntered="1"/>
    <interval begin="2970.00" end="3000.00" id="D4" nVehContrib="0" flow="0.00" occupancy="90.22" speed="-1.00" length="-1.00" nVehEntered="1"/>
    <interval begin="3000.00" end="3030.00" id="D4" nVehContrib="4" flow="480.00" occupancy="64.74" speed="9.73" length="5.00" nVehEntered="3"/>
    <interval begin="3030.00" end="3060.00" id="D4" nVehContrib="1" flow="120.00" occupancy="2.65" speed="6.29" length="5.00" nVehEntered="1"/>
    <interval begin="3060.00" end="3090.00" id="D4" nVehContrib="0" flow="0.00" occupancy="67.26" speed="-1.00" length="-1.00" nVehEntered="1"/>
    <interval begin="3090.00" end="3120.00" id="D4" nVehContrib="4" flow="480.00" occupancy="66.96" speed="5.37" length="5.00" nVehEntered="3"/>
    <interval begin="3120.00" end="3150.00" id="D4" nVehContrib="2" flow="240.00" occupancy="3.67" speed="17.30" length="5.00" nVehEntered="2"/>
    <interval begin="3150.00" end="3180.00" id="D4" nVehContrib="0" flow="0.00" occupancy="54.29" speed="-1.00" length="-1.00" nVehEntered="1"/>
    <interval begin="3180.00" end="3210.00" id="D4" nVehContrib="3" flow="360.00" occupancy="65.48" speed="4.44" length="5.00" nVehEntered="2"/>
    <interval begin="3210.00" end="3240.00" id="D4" nVehContrib="2" flow="240.00" occupancy="3.35" speed="18.10" length="5.00" nVehEntered="2"/>
    <interval begin="3240.00" end="3270.00" id="D4" nVehContrib="0" flow="0.00" occupancy="40.28" speed="-1.00" length="-1.00" nVehEntered="1"/>
    <interval begin="3270.00" end="3300.00" id="D4" nVehContrib="4" flow="480.00" occupancy="66.80" speed="5.27" length="5.00" nVehEntered="3"/>
    <interval begin="3300.00" end="3330.00" id="D4" nVehContrib="1" flow="120.00" occupancy="3.18" speed="5.25" length="5.00" nVehEntered="1"/>
    <interval begin="3330.00" end="3360.00" id="D4" nVehContrib="0" flow="0.00" occupancy="90.36" speed="-1.00" length="-1.00" nVehEntered="1"/>
    <interval begin="3360.00" end="3390.00" id="D4" nVehContrib="4" flow="480.00" occupancy="64.88" speed="9.44" length="5.00" nVehEntered="3"/>
    <interval begin="3390.00" end="3420.00" id="D4" nVehContrib="1" flow="120.00" occupancy="2.63" speed="6.34" length="5.00" nVehEntered="1"/>
    <interval begin="3420.00" end="3450.00" id="D4" nVehContrib="0" flow="0.00" occupancy="69.62" speed="-1.00" length="-1.00" nVehEntered="1"/>
    <interval begin="3450.00" end="3480.00" id="D4" nVehContrib="4" flow="480.00" occupancy="66.12" speed="4.97" length="5.00" nVehEntered="3"/>
    <interval begin="3480.00" end="3510.00" id="D4" nVehContrib="2" flow="240.00" occupancy="3.38" speed="17.81" length="5.00" nVehEntered="2"/>
    <interval begin="3510.00" end="3540.00" id="D4" nVehContrib="0" flow="0.00" occupancy="53.82" speed="-1.00" length="-1.00" nVehEntered="1"/>
    <interval begin="3540.00" end="3570.00" id="D4" nVehContrib="3" flow="360.00" occupancy="64.42" speed="4.83" length="5.00" nVehEntered="2"/>
    <interval begin="3570.00" end="3600.00" id="D4" nVehContrib="2" flow="240.00" occupancy="2.94" speed="18.67" length="5.00" nVehEntered="2"/>
    <interval begin="3600.00" end="3630.00" id="D4" nVehContrib="0" flow="0.00" occupancy="31.61" speed="-1.00" length="-1.00" nVehEntered="1"/>
    <interval begin="3630.00" end="3660.00" id="D4" nVehContrib="5" flow="600.00" occupancy="70.82" speed="5.13" length="5.00" nVehEntered="4"/>
    <interval begin="3660.00" end="3690.00" id="D4" nVehContrib="2" flow="240.00" occupancy="3.94" speed="11.06" length="5.00" nVehEntered="2"/>
    <interval begin="3690.00" end="3720.00" id="D4" nVehContrib="0" flow="0.00" occupancy="86.69" speed="-1.00" length="-1.00" nVehEntered="1"/>
    <interval begin="3720.00" end="3750.00" id="D4" nVehContrib="6" flow="720.00" occupancy="70.13" speed="6.64" length="5.00" nVehEntered="5"/>
    <interval begin="3750.00" end="3780.00" id="D4" nVehContrib="2" flow="240.00" occupancy="3.39" speed="13.18" length="5.00" nVehEntered="2"/>
    <interval begin="3780.00" end="3810.00" id="D4" nVehContrib="0" flow="0.00" occupancy="97.80" speed="-1.00" length="-1.00" nVehEntered="1"/>
    <interval begin="3810.00" end="3840.00" id="D4" nVehContrib="5" flow="600.00" occupancy="67.77" speed="6.86" length="5.00" nVehEntered="4"/>
    <interval begin="3840.00" end="3870.00" id="D4" nVehContrib="2" flow="240.00" occupancy="38.26" speed="13.24" length="5.00" nVehEntered="3"/>
    <interval begin="3870.00" end="3900.00" id="D4" nVehContrib="0" flow="0.00" occupancy="100.00" speed="-1.00" length="-1.00" nVehEntered="0"/>
    <interval begin="3900.00" end="3930.00" id="D4" nVehContrib="6" flow="720.00" occupancy="70.78" speed="6.99" length="5.00" nVehEntered="5"/>
    <interval begin="3930.00" end="3960.00" id="D4" nVehContrib="3" flow="360.00" occupancy="4.24" speed="17.04" length="5.00" nVehEntered="3"/>
    <interval begin="3960.00" end="3990.00" id="D4" nVehContrib="0" flow="0.00" occupancy="77.13" speed="-1.00" length="-1.00" nVehEntered="1"/>
    <interval begin="3990.00" end="4020.00" id="D4" nVehContrib="6" flow="720.00" occupancy="72.64" speed="5.92" length="5.00" nVehEntered="5"/>
    <interval begin="4020.00" end="4050.00" id="D4" nVehContrib="2" flow="240.00" occupancy="2.99" speed="17.90" length="5.00" nVehEntered="2"/>
    <interval begin="4050.00" end="4080.00" id="D4" nVehContrib="0" flow="0.00" occupancy="86.87" speed="-1.00" length="-1.00" nVehEntered="1"/>
    <interval begin="4080.00" end="4110.00" id="D4" nVehContrib="6" flow="720.00" occupancy="70.24" speed="6.77" length="5.00" nVehEntered="5"/>
    <interval begin="4110.00" end="4140.00" id="D4" nVehContrib="2" flow="240.00" occupancy="4.47" speed="9.52" length="5.00" nVehEntered="3"/>
    <interval begin="4140.00" end="4170.00" id="D4" nVehContrib="0" flow="0.00" occupancy="100.00" speed="-1.00" length="-1.00" nVehEntered="0"/>
    <interval begin="4170.00" end="4200.00" id="D4" nVehContrib="5" flow="600.00" occupancy="68.41" speed="6.88" length="5.00" nVehEntered="4"/>
    <interval begin="4200.00" end="4230.00" id="D4" nVehContrib="2" flow="240.00" occupancy="41.44" speed="15.40" length="5.00" nVehEntered="3"/>
    <interval begin="4230.00" end="4260.00" id="D4" nVehContrib="0" flow="0.00" occupancy="100.00" speed="-1.00" length="-1.00" nVehEntered="0"/>
    <interval begin="4260.00" end="4290.00" id="D4" nVehContrib="6" flow="720.00" occupancy="68.67" speed="7.58" length="5.00" nVehEntered="5"/>
    <interval begin="4290.00" end="4320.00" id="D4" nVehContrib="3" flow="360.00" occupancy="4.40" speed="16.48" length="5.00" nVehEntered="3"/>
    <interval begin="4320.00" end="4350.00" id="D4" nVehContrib="0" flow="0.00" occupancy="76.82" speed="-1.00" length="-1.00" nVehEntered="1"/>
    <interval begin="4350.00" end="4380.00" id="D4" nVehContrib="6" flow="720.00" occupancy="70.96" speed="5.76" length="5.00" nVehEntered="5"/>
    <interval begin="4380.00" end="4410.00" id="D4" nVehContrib="2" flow="240.00" occupancy="3.88" speed="9.61" length="5.00" nVehEntered="2"/>
    <interval begin="4410.00" end="4440.00" id="D4" nVehContrib="0" flow="0.00" occupancy="85.92" speed="-1.00" length="-1.00" nVehEntered="1"/>
    <interval begin="4440.00" end="4470.00" id="D4" nVehContrib="6" flow="720.00" occupancy="69.81" speed="7.05" length="5.00" nVehEntered="5"/>
    <interval begin="4470.00" end="4500.00" id="D4" nVehContrib="2" flow="240.00" occupancy="3.69" speed="12.75" length="5.00" nVehEntered="2"/>
    <interval begin="4500.00" end="4530.00" id="D4" nVehContrib="0" flow="0.00" occupancy="97.31" speed="-1.00" length="-1.00" nVehEntered="1"/>
    <interval begin="4530.00" end="4560.00" id="D4" nVehContrib="5" flow="600.00" occupancy="68.10" speed="6.87" length="5.00" nVehEntered="5"/>
    <interval begin="4560.00" end="4590.00" id="D4" nVehContrib="2" flow="240.00" occupancy="39.12" speed="14.16" length="5.00" nVehEntered="2"/>
    <interval begin="4590.00" end="4620.00" id="D4" nVehContrib="0" flow="0.00" occupancy="100.00" speed="-1.00" length="-1.00" nVehEntered="0"/>
    <interval begin="4620.00" end="4650.00" id="D4" nVehContrib="6" flow="720.00" occupancy="69.91" speed="7.28" length="5.00" nVehEntered="5"/>
    <interval begin="4650.00" end="4680.00" id="D4" nVehContrib="3" flow="360.00" occupancy="4.07" speed="16.84" length="5.00" nVehEntered="3"/>
    <interval begin="4680.00" end="4710.00" id="D4" nVehContrib="0" flow="0.00" occupancy="75.34" speed="-1.00" length="-1.00" nVehEntered="1"/>
    <interval begin="4710.00" end="4740.00" id="D4" nVehContrib="6" flow="720.00" occupancy="71.12" speed="7.18" length="5.00" nVehEntered="5"/>
    <interval begin="4740.00" end="4770.00" id="D4" nVehContrib="2" flow="240.00" occupancy="3.19" speed="17.66" length="5.00" nVehEntered="2"/>
    <interval begin="4770.00" end="4800.00" id="D4" nVehContrib="0" flow="0.00" occupancy="87.91" speed="-1.00" length="-1.00" nVehEntered="1"/>
    <interval begin="4800.00" end="4830.00" id="D4" nVehContrib="6" flow="720.00" occupancy="70.38" speed="6.42" length="5.00" nVehEntered="5"/>
    <interval begin="4830.00" end="4860.00" id="D4" nVehContrib="2" flow="240.00" occupancy="4.38" speed="10.46" length="5.00" nVehEntered="3"/>
    <interval begin="4860.00" end="4890.00" id="D4" nVehContrib="0" flow="0.00" occupancy="100.00" speed="-1.00" length="-1.00" nVehEntered="0"/>
    <interval begin="4890.00" end="4920.00" id="D4" nVehContrib="5" flow="600.00" occupancy="68.84" speed="6.57" length="5.00" nVehEntered="4"/>
    <interval begin="4920.00" end="4950.00" id="D4" nVehContrib="2" flow="240.00" occupancy="43.97" speed="13.10" length="5.00" nVehEntered="3"/>
    <interval begin="4950.00" end="4980.00" id="D4" nVehContrib="0" flow="0.00" occupancy="100.00" speed="-1.00" length="-1.00" nVehEntered="0"/>
    <interval begin="4980.00" end="5010.00" id="D4" nVehContrib="6" flow="720.00" occupancy="70.51" speed="7.24" length="5.00" nVehEntered="5"/>
    <interval begin="5010.00" end="5040.00" id="D4" nVehContrib="3" flow="360.00" occupancy="4.40" speed="16.93" length="5.00" nVehEntered="3"/>
    <interval begin="5040.00" end="5070.00" id="D4" nVehContrib="0" flow="0.00" occupancy="79.65" speed="-1.00" length="-1.00" nVehEntered="1"/>
    <interval begin="5070.00" end="5100.00" id="D4" nVehContrib="6" flow="720.00" occupancy="70.51" speed="7.17" length="5.00" nVehEntered="5"/>
    <interval begin="5100.00" end="5130.00" id="D4" nVehContrib="2" flow="240.00" occupancy="3.91" speed="11.03" length="5.00" nVehEntered="2"/>
    <interval begin="5130.00" end="5160.00" id="D4" nVehContrib="0" flow="0.00" occupancy="90.38" speed="-1.00" length="-1.00" nVehEntered="1"/>
    <interval begin="5160.00" end="5190.00" id="D4" nVehContrib="6" flow="720.00" occupancy="70.49" speed="6.34" length="5.00" nVehEntered="5"/>
    <interval begin="5190.00" end="5220.00" id="D4" nVehContrib="2" flow="240.00" occupancy="3.45" speed="11.91" length="5.00" nVehEntered="2"/>
    <interval begin="5220.00" end="5250.00" id="D4" nVehContrib="0" flow="0.00" occupancy="98.34" speed="-1.00" length="-1.00" nVehEntered="1"/>
    <interval begin="5250.00" end="5280.00" id="D4" nVehContrib="5" flow="600.00" occupancy="68.16" speed="6.41" length="5.00" nVehEntered="4"/>
    <interval begin="5280.00" end="5310.00" id="D4" nVehContrib="2" flow="240.00" occupancy="40.76" speed="12.61" length="5.00" nVehEntered="3"/>
    <interval begin="5310.00" end="5340.00" id="D4" nVehContrib="0" flow="0.00" occupancy="100.00" speed="-1.00" length="-1.00" nVehEntered="0"/>
    <interval begin="5340.00" end="5370.00" id="D4" nVehContrib="6" flow="720.00" occupancy="68.69" speed="7.77" length="5.00" nVehEntered="5"/>
    <interval begin="5370.00" end="5400.00" id="D4" nVehContrib="3" flow="360.00" occupancy="4.88" speed="16.06" length="5.00" nVehEntered="3"/>
    <interval begin="5400.00" end="5430.00" id="D4" nVehContrib="0" flow="0.00" occupancy="76.25" speed="-1.00" length="-1.00" nVehEntered="1"/>
    <interval begin="5430.00" end="5460.00" id="D4" nVehContrib="6" flow="720.00" occupancy="70.96" speed="5.94" length="5.00" nVehEntered="5"/>
    <interval begin="5460.00" end="5490.00" id="D4" nVehContrib="2" flow="240.00" occupancy="3.15" speed="17.41" length="5.00" nVehEntered="2"/>
    <interval begin="5490.00" end="5520.00" id="D4" nVehContrib="0" flow="0.00" occupancy="87.73" speed="-1.00" length="-1.00" nVehEntered="1"/>
    <interval begin="5520.00" end="5550.00" id="D4" nVehContrib="6" flow="720.00" occupancy="69.98" speed="6.79" length="5.00" nVehEntered="5"/>
    <interval begin="5550.00" end="5580.00" id="D4" nVehContrib="2" flow="240.00" occupancy="3.39" speed="12.28" length="5.00" nVehEntered="2"/>
    <interval begin="5580.00" end="5610.00" id="D4" nVehContrib="0" flow="0.00" occupancy="96.78" speed="-1.00" length="-1.00" nVehEntered="1"/>
    <interval begin="5610.00" end="5640.00" id="D4" nVehContrib="5" flow="600.00" occupancy="68.21" speed="6.26" length="5.00" nVehEntered="4"/>
    <interval begin="5640.00" end="5670.00" id="D4" nVehContrib="2" flow="240.00" occupancy="44.51" speed="13.82" length="5.00" nVehEntered="3"/>
    <interval begin="5670.00" end="5700.00" id="D4" nVehContrib="0" flow="0.00" occupancy="100.00" speed="-1.00" length="-1.00" nVehEntered="0"/>
    <interval begin="5700.00" end="5730.00" id="D4" nVehContrib="6" flow="720.00" occupancy="69.22" speed="6.63" length="5.00" nVehEntered="5"/>
    <interval begin="5730.00" end="5760.00" id="D4" nVehContrib="3" flow="360.00" occupancy="4.56" speed="16.11" length="5.00" nVehEntered="3"/>
    <interval begin="5760.00" end="5790.00" id="D4" nVehContrib="0" flow="0.00" occupancy="76.10" speed="-1.00" length="-1.00" nVehEntered="1"/>
    <interval begin="5790.00" end="5820.00" id="D4" nVehContrib="5" flow="600.00" occupancy="72.14" speed="5.20" length="5.00" nVehEntered="5"/>
    <interval begin="5820.00" end="5850.00" id="D4" nVehContrib="3" flow="360.00" occupancy="4.55" speed="9.71" length="5.00" nVehEntered="2"/>
    <interval begin="5850.00" end="5880.00" id="D4" nVehContrib="0" flow="0.00" occupancy="87.01" speed="-1.00" length="-1.00" nVehEntered="1"/>
    <interval begin="5880.00" end="5910.00" id="D4" nVehContrib="6" flow="720.00" occupancy="71.46" speed="6.51" length="5.00" nVehEntered="5"/>
    <interval begin="5910.00" end="5940.00" id="D4" nVehContrib="2" flow="240.00" occupancy="3.20" speed="13.22" length="5.00" nVehEntered="2"/>
    <interval begin="5940.00" end="5970.00" id="D4" nVehContrib="0" flow="0.00" occupancy="97.42" speed="-1.00" length="-1.00" nVehEntered="1"/>
    <interval begin="5970.00" end="6000.00" id="D4" nVehContrib="5" flow="600.00" occupancy="69.34" speed="6.31" length="5.00" nVehEntered="4"/>
    <interval begin="6000.00" end="6030.00" id="D4" nVehContrib="2" flow="240.00" occupancy="40.73" speed="13.92" length="5.00" nVehEntered="3"/>
    <interval begin="6030.00" end="6060.00" id="D4" nVehContrib="0" flow="0.00" occupancy="100.00" speed="-1.00" length="-1.00" nVehEntered="0"/>
    <interval begin="6060.00" end="6090.00" id="D4" nVehContrib="6" flow="720.00" occupancy="68.72" speed="7.37" length="5.00" nVehEntered="5"/>
    <interval begin="6090.00" end="6120.00" id="D4" nVehContrib="3" flow="360.00" occupancy="5.05" speed="16.36" length="5.00" nVehEntered="3"/>
    <interval begin="6120.00" end="6150.00" id="D4" nVehContrib="0" flow="0.00" occupancy="80.60" speed="-1.00" length="-1.00" nVehEntered="1"/>
    <interval begin="6150.00" end="6180.00" id="D4" nVehContrib="6" flow="720.00" occupancy="70.44" speed="6.94" length="5.00" nVehEntered="5"/>
    <interval begin="6180.00" end="6210.00" id="D4" nVehContrib="2" flow="240.00" occupancy="2.88" speed="18.59" length="5.00" nVehEntered="2"/>
    <interval begin="6210.00" end="6240.00" id="D4" nVehContrib="0" flow="0.00" occupancy="86.77" speed="-1.00" length="-1.00" nVehEntered="1"/>
    <interval begin="6240.00" end="6270.00" id="D4" nVehContrib="6" flow="720.00" occupancy="70.22" speed="6.51" length="5.00" nVehEntered="5"/>
    <interval begin="6270.00" end="6300.00" id="D4" nVehContrib="2" flow="240.00" occupancy="5.68" speed="9.65" length="5.00" nVehEntered="3"/>
    <interval begin="6300.00" end="6330.00" id="D4" nVehContrib="0" flow="0.00" occupancy="100.00" speed="-1.00" length="-1.00" nVehEntered="0"/>
    <interval begin="6330.00" end="6360.00" id="D4" nVehContrib="5" flow="600.00" occupancy="67.93" speed="6.58" length="5.00" nVehEntered="4"/>
    <interval begin="6360.00" end="6390.00" id="D4" nVehContrib="2" flow="240.00" occupancy="40.42" speed="15.00" length="5.00" nVehEntered="3"/>
    <interval begin="6390.00" end="6420.00" id="D4" nVehContrib="0" flow="0.00" occupancy="100.00" speed="-1.00" length="-1.00" nVehEntered="0"/>
    <interval begin="6420.00" end="6450.00" id="D4" nVehContrib="6" flow="720.00" occupancy="69.94" speed="7.37" length="5.00" nVehEntered="5"/>
    <interval begin="6450.00" end="6480.00" id="D4" nVehContrib="3" flow="360.00" occupancy="4.24" speed="16.90" length="5.00" nVehEntered="3"/>
    <interval begin="6480.00" end="6510.00" id="D4" nVehContrib="0" flow="0.00" occupancy="77.02" speed="-1.00" length="-1.00" nVehEntered="1"/>
    <interval begin="6510.00" end="6540.00" id="D4" nVehContrib="6" flow="720.00" occupancy="71.17" speed="6.71" length="5.00" nVehEntered="5"/>
    <interval begin="6540.00" end="6570.00" id="D4" nVehContrib="2" flow="240.00" occupancy="3.87" speed="10.94" length="5.00" nVehEntered="2"/>
    <interval begin="6570.00" end="6600.00" id="D4" nVehContrib="0" flow="0.00" occupancy="86.78" speed="-1.00" length="-1.00" nVehEntered="1"/>
    <interval begin="6600.00" end="6630.00" id="D4" nVehContrib="6" flow="720.00" occupancy="69.40" speed="6.33" length="5.00" nVehEntered="5"/>
    <interval begin="6630.00" end="6660.00" id="D4" nVehContrib="2" flow="240.00" occupancy="4.00" speed="16.26" length="5.00" nVehEntered="3"/>
    <interval begin="6660.00" end="6690.00" id="D4" nVehContrib="0" flow="0.00" occupancy="100.00" speed="-1.00" length="-1.00" nVehEntered="0"/>
    <interval begin="6690.00" end="6720.00" id="D4" nVehContrib="5" flow="600.00" occupancy="68.27" speed="6.82" length="5.00" nVehEntered="4"/>
    <interval begin="6720.00" end="6750.00" id="D4" nVehContrib="2" flow="240.00" occupancy="40.09" speed="15.09" length="5.00" nVehEntered="3"/>
    <interval begin="6750.00" end="6780.00" id="D4" nVehContrib="0" flow="0.00" occupancy="100.00" speed="-1.00" length="-1.00" nVehEntered="0"/>
    <interval begin="6780.00" end="6810.00" id="D4" nVehContrib="6" flow="720.00" occupancy="70.21" speed="7.22" length="5.00" nVehEntered="6"/>
    <interval begin="6810.00" end="6840.00" id="D4" nVehContrib="3" flow="360.00" occupancy="3.22" speed="16.78" length="5.00" nVehEntered="2"/>
    <interval begin="6840.00" end="6870.00" id="D4" nVehContrib="0" flow="0.00" occupancy="76.88" speed="-1.00" length="-1.00" nVehEntered="1"/>
    <interval begin="6870.00" end="6900.00" id="D4" nVehContrib="6" flow="720.00" occupancy="71.05" speed="6.34" length="5.00" nVehEntered="5"/>
    <interval begin="6900.00" end="6930.00" id="D4" nVehContrib="2" flow="240.00" occupancy="3.12" speed="18.21" length="5.00" nVehEntered="2"/>
    <interval begin="6930.00" end="6960.00" id="D4" nVehContrib="0" flow="0.00" occupancy="84.87" speed="-1.00" length="-1.00" nVehEntered="1"/>
    <interval begin="6960.00" end="6990.00" id="D4" nVehContrib="6" flow="720.00" occupancy="70.60" speed="6.58" length="5.00" nVehEntered="5"/>
    <interval begin="6990.00" end="7020.00" id="D4" nVehContrib="2" flow="240.00" occupancy="5.19" speed="9.98" length="5.00" nVehEntered="3"/>
    <interval begin="7020.00" end="7050.00" id="D4" nVehContrib="0" flow="0.00" occupancy="100.00" speed="-1.00" length="-1.00" nVehEntered="0"/>
    <interval begin="7050.00" end="7080.00" id="D4" nVehContrib="5" flow="600.00" occupancy="68.71" speed="6.70" length="5.00" nVehEntered="5"/>
    <interval begin="7080.00" end="7110.00" id="D4" nVehContrib="2" flow="240.00" occupancy="40.85" speed="12.51" length="5.00" nVehEntered="2"/>
    <interval begin="7110.00" end="7140.00" id="D4" nVehContrib="0" flow="0.00" occupancy="100.00" speed="-1.00" length="-1.00" nVehEntered="0"/>
    <interval begin="7140.00" end="7170.00" id="D4" nVehContrib="6" flow="720.00" occupancy="69.43" speed="7.42" length="5.00" nVehEntered="5"/>
    <interval begin="7170.00" end="7200.00" id="D4" nVehContrib="3" flow="360.00" occupancy="4.29" speed="16.55" length="5.00" nVehEntered="3"/>
    <interval begin="7200.00" end="7230.00" id="D4" nVehContrib="0" flow="0.00" occupancy="81.17" speed="-1.00" length="-1.00" nVehEntered="1"/>
    <interval begin="7230.00" end="7260.00" id="D4" nVehContrib="6" flow="720.00" occupancy="71.16" speed="6.29" length="5.00" nVehEntered="5"/>
    <interval begin="7260.00" end="7290.00" id="D4" nVehContrib="2" flow="240.00" occupancy="4.16" speed="10.14" length="5.00" nVehEntered="2"/>
    <interval begin="7290.00" end="7320.00" id="D4" nVehContrib="0" flow="0.00" occupancy="90.57" speed="-1.00" length="-1.00" nVehEntered="1"/>
    <interval begin="7320.00" end="7350.00" id="D4" nVehContrib="6" flow="720.00" occupancy="71.81" speed="6.15" length="5.00" nVehEntered="5"/>
    <interval begin="7350.00" end="7380.00" id="D4" nVehContrib="2" flow="240.00" occupancy="3.50" speed="11.34" length="5.00" nVehEntered="2"/>
    <interval begin="7380.00" end="7410.00" id="D4" nVehContrib="0" flow="0.00" occupancy="97.77" speed="-1.00" length="-1.00" nVehEntered="1"/>
    <interval begin="7410.00" end="7440.00" id="D4" nVehContrib="6" flow="720.00" occupancy="67.72" speed="9.02" length="5.00" nVehEntered="5"/>
    <interval begin="7440.00" end="7470.00" id="D4" nVehContrib="1" flow="120.00" occupancy="41.86" speed="7.60" length="5.00" nVehEntered="2"/>
    <interval begin="7470.00" end="7500.00" id="D4" nVehContrib="0" flow="0.00" occupancy="100.00" speed="-1.00" length="-1.00" nVehEntered="0"/>
    <interval begin="7500.00" end="7530.00" id="D4" nVehContrib="6" flow="720.00" occupancy="68.87" speed="7.98" length="5.00" nVehEntered="5"/>
    <interval begin="7530.00" end="7560.00" id="D4" nVehContrib="3" flow="360.00" occupancy="4.31" speed="16.46" length="5.00" nVehEntered="3"/>
    <interval begin="7560.00" end="7590.00" id="D4" nVehContrib="0" flow="0.00" occupancy="74.43" speed="-1.00" length="-1.00" nVehEntered="1"/>
    <interval begin="7590.00" end="7620.00" id="D4" nVehContrib="6" flow="720.00" occupancy="71.21" speed="6.17" length="5.00" nVehEntered="5"/>
    <interval begin="7620.00" end="7650.00" id="D4" nVehContrib="2" flow="240.00" occupancy="3.20" speed="18.82" length="5.00" nVehEntered="2"/>
    <interval begin="7650.00" end="7680.00" id="D4" nVehContrib="0" flow="0.00" occupancy="90.73" speed="-1.00" length="-1.00" nVehEntered="1"/>
    <interval begin="7680.00" end="7710.00" id="D4" nVehContrib="6" flow="720.00" occupancy="71.88" speed="6.11" length="5.00" nVehEntered="5"/>
    <interval begin="7710.00" end="7740.00" id="D4" nVehContrib="2" flow="240.00" occupancy="7.15" speed="12.42" length="5.00" nVehEntered="3"/>
    <interval begin="7740.00" end="7770.00" id="D4" nVehContrib="0" flow="0.00" occupancy="100.00" speed="-1.00" length="-1.00" nVehEntered="0"/>
    <interval begin="7770.00" end="7800.00" id="D4" nVehContrib="6" flow="720.00" occupancy="70.88" speed="8.00" length="5.00" nVehEntered="5"/>
    <interval begin="7800.00" end="7830.00" id="D4" nVehContrib="1" flow="120.00" occupancy="40.65" speed="6.65" length="5.00" nVehEntered="2"/>
    <interval begin="7830.00" end="7860.00" id="D4" nVehContrib="0" flow="0.00" occupancy="100.00" speed="-1.00" length="-1.00" nVehEntered="0"/>
    <interval begin="7860.00" end="7890.00" id="D4" nVehContrib="6" flow="720.00" occupancy="70.21" speed="7.79" length="5.00" nVehEntered="5"/>
    <interval begin="7890.00" end="7920.00" id="D4" nVehContrib="3" flow="360.00" occupancy="4.87" speed="16.08" length="5.00" nVehEntered="3"/>
    <interval begin="7920.00" end="7950.00" id="D4" nVehContrib="0" flow="0.00" occupancy="80.53" speed="-1.00" length="-1.00" nVehEntered="1"/>
    <interval begin="7950.00" end="7980.00" id="D4" nVehContrib="6" flow="720.00" occupancy="71.68" speed="6.49" length="5.00" nVehEntered="5"/>
    <interval begin="7980.00" end="8010.00" id="D4" nVehContrib="2" flow="240.00" occupancy="3.68" speed="11.60" length="5.00" nVehEntered="2"/>
    <interval begin="8010.00" end="8040.00" id="D4" nVehContrib="0" flow="0.00" occupancy="91.21" speed="-1.00" length="-1.00" nVehEntered="1"/>
    <interval begin="8040.00" end="8070.00" id="D4" nVehContrib="6" flow="720.00" occupancy="70.06" speed="6.81" length="5.00" nVehEntered="5"/>
    <interval begin="8070.00" end="8100.00" id="D4" nVehContrib="2" flow="240.00" occupancy="4.55" speed="11.93" length="5.00" nVehEntered="3"/>
    <interval begin="8100.00" end="8130.00" id="D4" nVehContrib="0" flow="0.00" occupancy="100.00" speed="-1.00" length="-1.00" nVehEntered="0"/>
    <interval begin="8130.00" end="8160.00" id="D4" nVehContrib="5" flow="600.00" occupancy="70.41" speed="5.78" length="5.00" nVehEntered="4"/>
    <interval begin="8160.00" end="8190.00" id="D4" nVehContrib="2" flow="240.00" occupancy="38.37" speed="11.76" length="5.00" nVehEntered="3"/>
    <interval begin="8190.00" end="8220.00" id="D4" nVehContrib="0" flow="0.00" occupancy="100.00" speed="-1.00" length="-1.00" nVehEntered="0"/>
    <interval begin="8220.00" end="8250.00" id="D4" nVehContrib="6" flow="720.00" occupancy="69.34" speed="7.29" length="5.00" nVehEntered="6"/>
    <interval begin="8250.00" end="8280.00" id="D4" nVehContrib="3" flow="360.00" occupancy="3.87" speed="16.05" length="5.00" nVehEntered="2"/>
    <interval begin="8280.00" end="8310.00" id="D4" nVehContrib="0" flow="0.00" occupancy="83.05" speed="-1.00" length="-1.00" nVehEntered="1"/>
    <interval begin="8310.00" end="8340.00" id="D4" nVehContrib="6" flow="720.00" occupancy="69.84" speed="6.44" length="5.00" nVehEntered="5"/>
    <interval begin="8340.00" end="8370.00" id="D4" nVehContrib="2" flow="240.00" occupancy="3.59" speed="17.70" length="5.00" nVehEntered="2"/>
    <interval begin="8370.00" end="8400.00" id="D4" nVehContrib="0" flow="0.00" occupancy="88.80" speed="-1.00" length="-1.00" nVehEntered="1"/>
    <interval begin="8400.00" end="8430.00" id="D4" nVehContrib="6" flow="720.00" occupancy="69.31" speed="7.03" length="5.00" nVehEntered="5"/>
    <interval begin="8430.00" end="8460.00" id="D4" nVehContrib="2" flow="240.00" occupancy="3.96" speed="9.71" length="5.00" nVehEntered="2"/>
    <interval begin="8460.00" end="8490.00" id="D4" nVehContrib="0" flow="0.00" occupancy="98.70" speed="-1.00" length="-1.00" nVehEntered="1"/>
    <interval begin="8490.00" end="8520.00" id="D4" nVehContrib="6" flow="720.00" occupancy="68.12" speed="8.38" length="5.00" nVehEntered="5"/>
    <interval begin="8520.00" end="8550.00" id="D4" nVehContrib="1" flow="120.00" occupancy="43.38" speed="5.91" length="5.00" nVehEntered="2"/>
    <interval begin="8550.00" end="8580.00" id="D4" nVehContrib="0" flow="0.00" occupancy="100.00" speed="-1.00" length="-1.00" nVehEntered="0"/>
    <interval begin="8580.00" end="8610.00" id="D4" nVehContrib="6" flow="720.00" occupancy="70.20" speed="7.08" length="5.00" nVehEntered="5"/>
    <interval begin="8610.00" end="8640.00" id="D4" nVehContrib="3" flow="360.00" occupancy="4.85" speed="15.89" length="5.00" nVehEntered="3"/>
    <interval begin="8640.00" end="8670.00" id="D4" nVehContrib="0" flow="0.00" occupancy="81.47" speed="-1.00" length="-1.00" nVehEntered="1"/>
    <interval begin="8670.00" end="8700.00" id="D4" nVehContrib="6" flow="720.00" occupancy="71.48" speed="6.29" length="5.00" nVehEntered="5"/>
    <interval begin="8700.00" end="8730.00" id="D4" nVehContrib="2" flow="240.00" occupancy="3.99" speed="11.76" length="5.00" nVehEntered="2"/>
    <interval begin="8730.00" end="8760.00" id="D4" nVehContrib="0" flow="0.00" occupancy="88.62" speed="-1.00" length="-1.00" nVehEntered="1"/>
    <interval begin="8760.00" end="8790.00" id="D4" nVehContrib="6" flow="720.00" occupancy="69.75" speed="6.59" length="5.00" nVehEntered="5"/>
    <interval begin="8790.00" end="8820.00" id="D4" nVehContrib="2" flow="240.00" occupancy="6.46" speed="12.39" length="5.00" nVehEntered="3"/>
    <interval begin="8820.00" end="8850.00" id="D4" nVehContrib="0" flow="0.00" occupancy="100.00" speed="-1.00" length="-1.00" nVehEntered="0"/>
    <interval begin="8850.00" end="8880.00" id="D4" nVehContrib="5" flow="600.00" occupancy="69.19" speed="6.71" length="5.00" nVehEntered="4"/>
    <interval begin="8880.00" end="8910.00" id="D4" nVehContrib="2" flow="240.00" occupancy="44.57" speed="11.50" length="5.00" nVehEntered="3"/>
    <interval begin="8910.00" end="8940.00" id="D4" nVehContrib="0" flow="0.00" occupancy="100.00" speed="-1.00" length="-1.00" nVehEntered="0"/>
    <interval begin="8940.00" end="8970.00" id="D4" nVehContrib="7" flow="840.00" occupancy="69.58" speed="7.84" length="5.00" nVehEntered="6"/>
    <interval begin="8970.00" end="9000.00" id="D4" nVehContrib="2" flow="240.00" occupancy="2.93" speed="18.69" length="5.00" nVehEntered="2"/>
    <interval begin="9000.00" end="9030.00" id="D4" nVehContrib="0" flow="0.00" occupancy="81.71" speed="-1.00" length="-1.00" nVehEntered="1"/>
    <interval begin="9030.00" end="9060.00" id="D4" nVehContrib="6" flow="720.00" occupancy="70.50" speed="6.02" length="5.00" nVehEntered="5"/>
    <interval begin="9060.00" end="9090.00" id="D4" nVehContrib="2" flow="240.00" occupancy="3.19" speed="17.26" length="5.00" nVehEntered="2"/>
    <interval begin="9090.00" end="9120.00" id="D4" nVehContrib="0" flow="0.00" occupancy="92.52" speed="-1.00" length="-1.00" nVehEntered="1"/>
    <interval begin="9120.00" end="9150.00" id="D4" nVehContrib="6" flow="720.00" occupancy="71.20" speed="6.61" length="5.00" nVehEntered="5"/>
    <interval begin="9150.00" end="9180.00" id="D4" nVehContrib="2" flow="240.00" occupancy="4.81" speed="9.19" length="5.00" nVehEntered="3"/>
    <interval begin="9180.00" end="9210.00" id="D4" nVehContrib="0" flow="0.00" occupancy="100.00" speed="-1.00" length="-1.00" nVehEntered="0"/>
    <interval begin="9210.00" end="9240.00" id="D4" nVehContrib="5" flow="600.00" occupancy="67.68" speed="6.53" length="5.00" nVehEntered="5"/>
    <interval begin="9240.00" end="9270.00" id="D4" nVehContrib="2" flow="240.00" occupancy="42.97" speed="12.93" length="5.00" nVehEntered="2"/>
    <interval begin="9270.00" end="9300.00" id="D4" nVehContrib="0" flow="0.00" occupancy="100.00" speed="-1.00" length="-1.00" nVehEntered="0"/>
    <interval begin="9300.00" end="9330.00" id="D4" nVehContrib="6" flow="720.00" occupancy="69.97" speed="7.33" length="5.00" nVehEntered="5"/>
    <interval begin="9330.00" end="9360.00" id="D4" nVehContrib="3" flow="360.00" occupancy="4.66" speed="15.87" length="5.00" nVehEntered="3"/>
    <interval begin="9360.00" end="9390.00" id="D4" nVehContrib="0" flow="0.00" occupancy="82.07" speed="-1.00" length="-1.00" nVehEntered="1"/>
    <interval begin="9390.00" end="9420.00" id="D4" nVehContrib="6" flow="720.00" occupancy="69.94" speed="6.51" length="5.00" nVehEntered="5"/>
    <interval begin="9420.00" end="9450.00" id="D4" nVehContrib="2" flow="240.00" occupancy="3.75" speed="10.45" length="5.00" nVehEntered="2"/>
    <interval begin="9450.00" end="9480.00" id="D4" nVehContrib="0" flow="0.00" occupancy="88.57" speed="-1.00" length="-1.00" nVehEntered="1"/>
    <interval begin="9480.00" end="9510.00" id="D4" nVehContrib="5" flow="600.00" occupancy="71.16" speed="6.00" length="5.00" nVehEntered="5"/>
    <interval begin="9510.00" end="9540.00" id="D4" nVehContrib="3" flow="360.00" occupancy="7.87" speed="10.33" length="5.00" nVehEntered="3"/>
    <interval begin="9540.00" end="9570.00" id="D4" nVehContrib="0" flow="0.00" occupancy="100.00" speed="-1.00" length="-1.00" nVehEntered="0"/>
    <interval begin="9570.00" end="9600.00" id="D4" nVehContrib="6" flow="720.00" occupancy="68.02" speed="8.34" length="5.00" nVehEntered="5"/>
    <interval begin="9600.00" end="9630.00" id="D4" nVehContrib="1" flow="120.00" occupancy="42.05" speed="7.54" length="5.00" nVehEntered="2"/>
    <interval begin="9630.00" end="9660.00" id="D4" nVehContrib="0" flow="0.00" occupancy="100.00" speed="-1.00" length="-1.00" nVehEntered="0"/>
    <interval begin="9660.00" end="9690.00" id="D4" nVehContrib="6" flow="720.00" occupancy="71.66" speed="6.22" length="5.00" nVehEntered="5"/>
    <interval begin="9690.00" end="9720.00" id="D4" nVehContrib="3" flow="360.00" occupancy="4.46" speed="15.87" length="5.00" nVehEntered="3"/>
    <interval begin="9720.00" end="9750.00" id="D4" nVehContrib="0" flow="0.00" occupancy="83.80" speed="-1.00" length="-1.00" nVehEntered="1"/>
    <interval begin="9750.00" end="9780.00" id="D4" nVehContrib="6" flow="720.00" occupancy="69.56" speed="6.89" length="5.00" nVehEntered="5"/>
    <interval begin="9780.00" end="9810.00" id="D4" nVehContrib="2" flow="240.00" occupancy="3.47" speed="18.34" length="5.00" nVehEntered="2"/>
    <interval begin="9810.00" end="9840.00" id="D4" nVehContrib="0" flow="0.00" occupancy="90.25" speed="-1.00" length="-1.00" nVehEntered="1"/>
    <interval begin="9840.00" end="9870.00" id="D4" nVehContrib="6" flow="720.00" occupancy="69.42" speed="6.90" length="5.00" nVehEntered="5"/>
    <interval begin="9870.00" end="9900.00" id="D4" nVehContrib="2" flow="240.00" occupancy="4.13" speed="9.59" length="5.00" nVehEntered="2"/>
    <interval begin="9900.00" end="9930.00" id="D4" nVehContrib="0" flow="0.00" occupancy="98.95" speed="-1.00" length="-1.00" nVehEntered="1"/>
    <interval begin="9930.00" end="9960.00" id="D4" nVehContrib="6" flow="720.00" occupancy="69.01" speed="8.67" length="5.00" nVehEntered="5"/>
    <interval begin="9960.00" end="9990.00" id="D4" nVehContrib="1" flow="120.00" occupancy="42.88" speed="6.14" length="5.00" nVehEntered="2"/>
    <interval begin="9990.00" end="10020.00" id="D4" nVehContrib="0" flow="0.00" occupancy="100.00" speed="-1.00" length="-1.00" nVehEntered="0"/>
    <interval begin="10020.00" end="10050.00" id="D4" nVehContrib="6" flow="720.00" occupancy="68.83" speed="7.64" length="5.00" nVehEntered="6"/>
    <interval begin="10050.00" end="10080.00" id="D4" nVehContrib="3" flow="360.00" occupancy="3.85" speed="16.72" length="5.00" nVehEntered="2"/>
    <interval begin="10080.00" end="10110.00" id="D4" nVehContrib="0" flow="0.00" occupancy="78.22" speed="-1.00" length="-1.00" nVehEntered="1"/>
    <interval begin="10110.00" end="10140.00" id="D4" nVehContrib="6" flow="720.00" occupancy="71.00" speed="5.87" length="5.00" nVehEntered="5"/>
    <interval begin="10140.00" end="10170.00" id="D4" nVehContrib="2" flow="240.00" occupancy="3.99" speed="11.61" length="5.00" nVehEntered="2"/>
    <interval begin="10170.00" end="10200.00" id="D4" nVehContrib="0" flow="0.00" occupancy="90.06" speed="-1.00" length="-1.00" nVehEntered="1"/>
    <interval begin="10200.00" end="10230.00" id="D4" nVehContrib="6" flow="720.00" occupancy="68.67" speed="7.09" length="5.00" nVehEntered="5"/>
    <interval begin="10230.00" end="10260.00" id="D4" nVehContrib="2" flow="240.00" occupancy="3.95" speed="10.98" length="5.00" nVehEntered="2"/>
    <interval begin="10260.00" end="10290.00" id="D4" nVehContrib="0" flow="0.00" occupancy="98.65" speed="-1.00" length="-1.00" nVehEntered="1"/>
    <interval begin="10290.00" end="10320.00" id="D4" nVehContrib="5" flow="600.00" occupancy="67.67" speed="6.32" length="5.00" nVehEntered="5"/>
    <interval begin="10320.00" end="10350.00" id="D4" nVehContrib="2" flow="240.00" occupancy="38.39" speed="13.44" length="5.00" nVehEntered="2"/>
    <interval begin="10350.00" end="10380.00" id="D4" nVehContrib="0" flow="0.00" occupancy="100.00" speed="-1.00" length="-1.00" nVehEntered="0"/>
    <interval begin="10380.00" end="10410.00" id="D4" nVehContrib="6" flow="720.00" occupancy="70.69" speed="7.00" length="5.00" nVehEntered="5"/>
    <interval begin="10410.00" end="10440.00" id="D4" nVehContrib="3" flow="360.00" occupancy="4.85" speed="16.11" length="5.00" nVehEntered="3"/>
    <interval begin="10440.00" end="10470.00" id="D4" nVehContrib="0" flow="0.00" occupancy="82.62" speed="-1.00" length="-1.00" nVehEntered="1"/>
    <interval begin="10470.00" end="10500.00" id="D4" nVehContrib="6" flow="720.00" occupancy="71.34" speed="6.30" length="5.00" nVehEntered="5"/>
    <interval begin="10500.00" end="10530.00" id="D4" nVehContrib="2" flow="240.00" occupancy="3.15" speed="16.32" length="5.00" nVehEntered="2"/>
    <interval begin="10530.00" end="10560.00" id="D4" nVehContrib="0" flow="0.00" occupancy="93.83" speed="-1.00" length="-1.00" nVehEntered="1"/>
    <interval begin="10560.00" end="10590.00" id="D4" nVehContrib="6" flow="720.00" occupancy="71.26" speed="6.00" length="5.00" nVehEntered="5"/>
    <interval begin="10590.00" end="10620.00" id="D4" nVehContrib="2" flow="240.00" occupancy="4.54" speed="11.15" length="5.00" nVehEntered="3"/>
    <interval begin="10620.00" end="10650.00" id="D4" nVehContrib="0" flow="0.00" occupancy="100.00" speed="-1.00" length="-1.00" nVehEntered="0"/>
    <interval begin="10650.00" end="10680.00" id="D4" nVehContrib="5" flow="600.00" occupancy="68.98" speed="6.92" length="5.00" nVehEntered="4"/>
    <interval begin="10680.00" end="10710.00" id="D4" nVehContrib="2" flow="240.00" occupancy="40.74" speed="12.54" length="5.00" nVehEntered="3"/>
    <interval begin="10710.00" end="10740.00" id="D4" nVehContrib="0" flow="0.00" occupancy="100.00" speed="-1.00" length="-1.00" nVehEntered="0"/>
    <interval begin="10740.00" end="10770.00" id="D4" nVehContrib="6" flow="720.00" occupancy="68.14" speed="7.18" length="5.00" nVehEntered="5"/>
    <interval begin="10770.00" end="10800.00" id="D4" nVehContrib="3" flow="360.00" occupancy="4.62" speed="16.00" length="5.00" nVehEntered="3"/>
    <interval begin="10800.00" end="10830.00" id="D4" nVehContrib="0" flow="0.00" occupancy="83.93" speed="-1.00" length="-1.00" nVehEntered="1"/>
    <interval begin="10830.00" end="10860.00" id="D4" nVehContrib="5" flow="600.00" occupancy="69.16" speed="6.32" length="5.00" nVehEntered="4"/>
    <interval begin="10860.00" end="10890.00" id="D4" nVehContrib="1" flow="120.00" occupancy="2.85" speed="5.84" length="5.00" nVehEntered="1"/>
    <interval begin="10890.00" end="10920.00" id="D4" nVehContrib="0" flow="0.00" occupancy="87.03" speed="-1.00" length="-1.00" nVehEntered="1"/>
    <interval begin="10920.00" end="10950.00" id="D4" nVehContrib="4" flow="480.00" occupancy="65.26" speed="10.55" length="5.00" nVehEntered="3"/>
    <interval begin="10950.00" end="10980.00" id="D4" nVehContrib="1" flow="120.00" occupancy="2.64" speed="6.31" length="5.00" nVehEntered="1"/>
    <interval begin="10980.00" end="11000.00" id="D4" nVehContrib="0" flow="0.00" occupancy="55.84" speed="-1.00" length="-1.00" nVehEntered="1"/>
</detector>
