<?xml version="1.0" encoding="UTF-8"?>

<!-- generated on 02/02/20 10:23:44 by Eclipse SUMO Version 1.3.1
<configuration xmlns:xsi="http://www.w3.org/2001/XMLSchema-instance" xsi:noNamespaceSchemaLocation="http://sumo.dlr.de/xsd/sumoConfiguration.xsd">

    <input>
        <net-file value="gnet.net.xml"/>
        <route-files value="grou.rou.xml"/>
        <additional-files value="gadd.additional.xml"/>
    </input>

    <output>
        <queue-output value="Queue.xml"/>
        <summary-output value="Summary.xml"/>
        <tripinfo-output value="output-tripinfos.xml"/>
    </output>

    <time>
        <begin value="0"/>
        <end value="3600"/>
    </time>

    <processing>
        <time-to-teleport value="3600"/>
    </processing>

    <traci_server>
        <remote-port value="10631"/>
    </traci_server>

    <gui_only>
        <gui-settings-file value="gview.view.xml"/>
        <quit-on-end value="true"/>
        <start value="true"/>
    </gui_only>

</configuration>
-->

<detector xmlns:xsi="http://www.w3.org/2001/XMLSchema-instance" xsi:noNamespaceSchemaLocation="http://sumo.dlr.de/xsd/det_e1_file.xsd">
    <interval begin="0.00" end="30.00" id="D4_1_0" nVehContrib="0" flow="0.00" occupancy="0.00" speed="-1.00" harmonicMeanSpeed="-1.00" length="-1.00" nVehEntered="0"/>
    <interval begin="30.00" end="60.00" id="D4_1_0" nVehContrib="0" flow="0.00" occupancy="0.00" speed="-1.00" harmonicMeanSpeed="-1.00" length="-1.00" nVehEntered="0"/>
    <interval begin="60.00" end="90.00" id="D4_1_0" nVehContrib="8" flow="960.00" occupancy="23.95" speed="6.93" harmonicMeanSpeed="5.57" length="5.00" nVehEntered="8"/>
    <interval begin="90.00" end="120.00" id="D4_1_0" nVehContrib="0" flow="0.00" occupancy="0.00" speed="-1.00" harmonicMeanSpeed="-1.00" length="-1.00" nVehEntered="0"/>
    <interval begin="120.00" end="150.00" id="D4_1_0" nVehContrib="0" flow="0.00" occupancy="0.00" speed="-1.00" harmonicMeanSpeed="-1.00" length="-1.00" nVehEntered="0"/>
    <interval begin="150.00" end="180.00" id="D4_1_0" nVehContrib="7" flow="840.00" occupancy="16.41" speed="8.39" harmonicMeanSpeed="7.11" length="5.00" nVehEntered="7"/>
    <interval begin="180.00" end="210.00" id="D4_1_0" nVehContrib="3" flow="360.00" occupancy="8.21" speed="12.18" harmonicMeanSpeed="6.09" length="5.00" nVehEntered="3"/>
    <interval begin="210.00" end="240.00" id="D4_1_0" nVehContrib="0" flow="0.00" occupancy="0.00" speed="-1.00" harmonicMeanSpeed="-1.00" length="-1.00" nVehEntered="0"/>
    <interval begin="240.00" end="270.00" id="D4_1_0" nVehContrib="2" flow="240.00" occupancy="7.74" speed="4.68" harmonicMeanSpeed="4.31" length="5.00" nVehEntered="2"/>
    <interval begin="270.00" end="300.00" id="D4_1_0" nVehContrib="7" flow="840.00" occupancy="15.50" speed="10.17" harmonicMeanSpeed="7.53" length="5.00" nVehEntered="7"/>
    <interval begin="300.00" end="330.00" id="D4_1_0" nVehContrib="0" flow="0.00" occupancy="0.00" speed="-1.00" harmonicMeanSpeed="-1.00" length="-1.00" nVehEntered="0"/>
    <interval begin="330.00" end="360.00" id="D4_1_0" nVehContrib="0" flow="0.00" occupancy="0.00" speed="-1.00" harmonicMeanSpeed="-1.00" length="-1.00" nVehEntered="0"/>
    <interval begin="360.00" end="390.00" id="D4_1_0" nVehContrib="9" flow="1080.00" occupancy="25.45" speed="7.05" harmonicMeanSpeed="5.89" length="5.00" nVehEntered="9"/>
    <interval begin="390.00" end="420.00" id="D4_1_0" nVehContrib="0" flow="0.00" occupancy="0.00" speed="-1.00" harmonicMeanSpeed="-1.00" length="-1.00" nVehEntered="0"/>
    <interval begin="420.00" end="450.00" id="D4_1_0" nVehContrib="0" flow="0.00" occupancy="0.00" speed="-1.00" harmonicMeanSpeed="-1.00" length="-1.00" nVehEntered="0"/>
    <interval begin="450.00" end="480.00" id="D4_1_0" nVehContrib="6" flow="720.00" occupancy="30.72" speed="6.27" harmonicMeanSpeed="3.25" length="5.00" nVehEntered="6"/>
    <interval begin="480.00" end="510.00" id="D4_1_0" nVehContrib="4" flow="480.00" occupancy="6.84" speed="10.94" harmonicMeanSpeed="9.74" length="5.00" nVehEntered="4"/>
    <interval begin="510.00" end="540.00" id="D4_1_0" nVehContrib="0" flow="0.00" occupancy="0.00" speed="-1.00" harmonicMeanSpeed="-1.00" length="-1.00" nVehEntered="0"/>
    <interval begin="540.00" end="570.00" id="D4_1_0" nVehContrib="4" flow="480.00" occupancy="11.34" speed="7.11" harmonicMeanSpeed="5.88" length="5.00" nVehEntered="4"/>
    <interval begin="570.00" end="600.00" id="D4_1_0" nVehContrib="5" flow="600.00" occupancy="8.70" speed="11.74" harmonicMeanSpeed="9.58" length="5.00" nVehEntered="5"/>
    <interval begin="600.00" end="630.00" id="D4_1_0" nVehContrib="0" flow="0.00" occupancy="0.00" speed="-1.00" harmonicMeanSpeed="-1.00" length="-1.00" nVehEntered="0"/>
    <interval begin="630.00" end="660.00" id="D4_1_0" nVehContrib="0" flow="0.00" occupancy="0.00" speed="-1.00" harmonicMeanSpeed="-1.00" length="-1.00" nVehEntered="0"/>
    <interval begin="660.00" end="690.00" id="D4_1_0" nVehContrib="9" flow="1080.00" occupancy="17.69" speed="11.23" harmonicMeanSpeed="8.48" length="5.00" nVehEntered="9"/>
    <interval begin="690.00" end="720.00" id="D4_1_0" nVehContrib="3" flow="360.00" occupancy="19.44" speed="4.06" harmonicMeanSpeed="3.39" length="5.00" nVehEntered="4"/>
    <interval begin="720.00" end="750.00" id="D4_1_0" nVehContrib="2" flow="240.00" occupancy="83.08" speed="0.47" harmonicMeanSpeed="0.46" length="5.00" nVehEntered="2"/>
    <interval begin="750.00" end="780.00" id="D4_1_0" nVehContrib="3" flow="360.00" occupancy="37.15" speed="0.99" harmonicMeanSpeed="0.94" length="5.00" nVehEntered="2"/>
    <interval begin="780.00" end="810.00" id="D4_1_0" nVehContrib="4" flow="480.00" occupancy="12.04" speed="6.44" harmonicMeanSpeed="5.54" length="5.00" nVehEntered="4"/>
    <interval begin="810.00" end="840.00" id="D4_1_0" nVehContrib="3" flow="360.00" occupancy="16.15" speed="6.11" harmonicMeanSpeed="3.10" length="5.00" nVehEntered="3"/>
    <interval begin="840.00" end="870.00" id="D4_1_0" nVehContrib="2" flow="240.00" occupancy="4.84" speed="12.40" harmonicMeanSpeed="6.89" length="5.00" nVehEntered="2"/>
    <interval begin="870.00" end="900.00" id="D4_1_0" nVehContrib="2" flow="240.00" occupancy="38.80" speed="3.20" harmonicMeanSpeed="1.55" length="5.00" nVehEntered="3"/>
    <interval begin="900.00" end="930.00" id="D4_1_0" nVehContrib="4" flow="480.00" occupancy="32.91" speed="2.48" harmonicMeanSpeed="1.33" length="5.00" nVehEntered="3"/>
    <interval begin="930.00" end="960.00" id="D4_1_0" nVehContrib="3" flow="360.00" occupancy="8.05" speed="9.93" harmonicMeanSpeed="6.21" length="5.00" nVehEntered="3"/>
    <interval begin="960.00" end="990.00" id="D4_1_0" nVehContrib="1" flow="120.00" occupancy="38.21" speed="1.10" harmonicMeanSpeed="1.10" length="5.00" nVehEntered="2"/>
    <interval begin="990.00" end="1020.00" id="D4_1_0" nVehContrib="3" flow="360.00" occupancy="57.31" speed="1.54" harmonicMeanSpeed="0.67" length="5.00" nVehEntered="3"/>
    <interval begin="1020.00" end="1050.00" id="D4_1_0" nVehContrib="3" flow="360.00" occupancy="35.03" speed="2.35" harmonicMeanSpeed="1.23" length="5.00" nVehEntered="2"/>
    <interval begin="1050.00" end="1080.00" id="D4_1_0" nVehContrib="3" flow="360.00" occupancy="14.38" speed="3.91" harmonicMeanSpeed="3.48" length="5.00" nVehEntered="3"/>
    <interval begin="1080.00" end="1110.00" id="D4_1_0" nVehContrib="1" flow="120.00" occupancy="6.90" speed="2.42" harmonicMeanSpeed="2.42" length="5.00" nVehEntered="1"/>
    <interval begin="1110.00" end="1140.00" id="D4_1_0" nVehContrib="1" flow="120.00" occupancy="16.45" speed="1.01" harmonicMeanSpeed="1.01" length="5.00" nVehEntered="1"/>
    <interval begin="1140.00" end="1170.00" id="D4_1_0" nVehContrib="4" flow="480.00" occupancy="32.26" speed="2.95" harmonicMeanSpeed="2.07" length="5.00" nVehEntered="4"/>
    <interval begin="1170.00" end="1200.00" id="D4_1_0" nVehContrib="0" flow="0.00" occupancy="0.00" speed="-1.00" harmonicMeanSpeed="-1.00" length="-1.00" nVehEntered="0"/>
    <interval begin="1200.00" end="1230.00" id="D4_1_0" nVehContrib="4" flow="480.00" occupancy="68.75" speed="2.77" harmonicMeanSpeed="1.39" length="5.00" nVehEntered="5"/>
    <interval begin="1230.00" end="1260.00" id="D4_1_0" nVehContrib="1" flow="120.00" occupancy="63.86" speed="0.58" harmonicMeanSpeed="0.58" length="5.00" nVehEntered="1"/>
    <interval begin="1260.00" end="1290.00" id="D4_1_0" nVehContrib="3" flow="360.00" occupancy="33.55" speed="3.05" harmonicMeanSpeed="0.56" length="5.00" nVehEntered="2"/>
    <interval begin="1290.00" end="1320.00" id="D4_1_0" nVehContrib="2" flow="240.00" occupancy="28.26" speed="1.18" harmonicMeanSpeed="1.18" length="5.00" nVehEntered="2"/>
    <interval begin="1320.00" end="1350.00" id="D4_1_0" nVehContrib="4" flow="480.00" occupancy="30.58" speed="3.43" harmonicMeanSpeed="2.18" length="5.00" nVehEntered="4"/>
    <interval begin="1350.00" end="1380.00" id="D4_1_0" nVehContrib="2" flow="240.00" occupancy="19.31" speed="2.15" harmonicMeanSpeed="1.73" length="5.00" nVehEntered="2"/>
    <interval begin="1380.00" end="1410.00" id="D4_1_0" nVehContrib="2" flow="240.00" occupancy="7.66" speed="4.70" harmonicMeanSpeed="4.35" length="5.00" nVehEntered="2"/>
    <interval begin="1410.00" end="1440.00" id="D4_1_0" nVehContrib="4" flow="480.00" occupancy="67.80" speed="1.10" harmonicMeanSpeed="1.07" length="5.00" nVehEntered="5"/>
    <interval begin="1440.00" end="1470.00" id="D4_1_0" nVehContrib="6" flow="720.00" occupancy="44.49" speed="3.88" harmonicMeanSpeed="2.40" length="5.00" nVehEntered="6"/>
    <interval begin="1470.00" end="1500.00" id="D4_1_0" nVehContrib="3" flow="360.00" occupancy="76.08" speed="0.73" harmonicMeanSpeed="0.59" length="5.00" nVehEntered="2"/>
    <interval begin="1500.00" end="1530.00" id="D4_1_0" nVehContrib="0" flow="0.00" occupancy="1.89" speed="-1.00" harmonicMeanSpeed="-1.00" length="-1.00" nVehEntered="1"/>
    <interval begin="1530.00" end="1560.00" id="D4_1_0" nVehContrib="1" flow="120.00" occupancy="87.02" speed="0.20" harmonicMeanSpeed="0.20" length="5.00" nVehEntered="1"/>
    <interval begin="1560.00" end="1590.00" id="D4_1_0" nVehContrib="1" flow="120.00" occupancy="91.74" speed="0.17" harmonicMeanSpeed="0.17" length="5.00" nVehEntered="0"/>
    <interval begin="1590.00" end="1620.00" id="D4_1_0" nVehContrib="3" flow="360.00" occupancy="61.15" speed="0.91" harmonicMeanSpeed="0.82" length="5.00" nVehEntered="3"/>
    <interval begin="1620.00" end="1650.00" id="D4_1_0" nVehContrib="4" flow="480.00" occupancy="44.40" speed="4.07" harmonicMeanSpeed="3.86" length="5.00" nVehEntered="5"/>
    <interval begin="1650.00" end="1680.00" id="D4_1_0" nVehContrib="1" flow="120.00" occupancy="61.42" speed="0.19" harmonicMeanSpeed="0.19" length="5.00" nVehEntered="0"/>
    <interval begin="1680.00" end="1710.00" id="D4_1_0" nVehContrib="0" flow="0.00" occupancy="0.00" speed="-1.00" harmonicMeanSpeed="-1.00" length="-1.00" nVehEntered="0"/>
    <interval begin="1710.00" end="1740.00" id="D4_1_0" nVehContrib="5" flow="600.00" occupancy="45.65" speed="3.23" harmonicMeanSpeed="1.92" length="5.00" nVehEntered="6"/>
    <interval begin="1740.00" end="1770.00" id="D4_1_0" nVehContrib="8" flow="960.00" occupancy="34.03" speed="4.40" harmonicMeanSpeed="4.22" length="5.00" nVehEntered="8"/>
    <interval begin="1770.00" end="1800.00" id="D4_1_0" nVehContrib="4" flow="480.00" occupancy="51.41" speed="2.22" harmonicMeanSpeed="1.52" length="5.00" nVehEntered="4"/>
    <interval begin="1800.00" end="1830.00" id="D4_1_0" nVehContrib="3" flow="360.00" occupancy="63.58" speed="0.82" harmonicMeanSpeed="0.66" length="5.00" nVehEntered="2"/>
    <interval begin="1830.00" end="1860.00" id="D4_1_0" nVehContrib="3" flow="360.00" occupancy="68.59" speed="1.02" harmonicMeanSpeed="0.79" length="5.00" nVehEntered="4"/>
    <interval begin="1860.00" end="1890.00" id="D4_1_0" nVehContrib="1" flow="120.00" occupancy="76.86" speed="0.62" harmonicMeanSpeed="0.62" length="5.00" nVehEntered="1"/>
    <interval begin="1890.00" end="1920.00" id="D4_1_0" nVehContrib="2" flow="240.00" occupancy="83.85" speed="0.32" harmonicMeanSpeed="0.28" length="5.00" nVehEntered="2"/>
    <interval begin="1920.00" end="1950.00" id="D4_1_0" nVehContrib="3" flow="360.00" occupancy="72.16" speed="1.56" harmonicMeanSpeed="0.56" length="5.00" nVehEntered="3"/>
    <interval begin="1950.00" end="1980.00" id="D4_1_0" nVehContrib="3" flow="360.00" occupancy="72.15" speed="0.77" harmonicMeanSpeed="0.72" length="5.00" nVehEntered="3"/>
    <interval begin="1980.00" end="2010.00" id="D4_1_0" nVehContrib="4" flow="480.00" occupancy="70.16" speed="1.78" harmonicMeanSpeed="0.89" length="5.00" nVehEntered="3"/>
    <interval begin="2010.00" end="2040.00" id="D4_1_0" nVehContrib="0" flow="0.00" occupancy="0.00" speed="-1.00" harmonicMeanSpeed="-1.00" length="-1.00" nVehEntered="0"/>
    <interval begin="2040.00" end="2070.00" id="D4_1_0" nVehContrib="1" flow="120.00" occupancy="39.95" speed="1.17" harmonicMeanSpeed="1.17" length="5.00" nVehEntered="2"/>
    <interval begin="2070.00" end="2100.00" id="D4_1_0" nVehContrib="3" flow="360.00" occupancy="74.34" speed="0.65" harmonicMeanSpeed="0.51" length="5.00" nVehEntered="3"/>
    <interval begin="2100.00" end="2130.00" id="D4_1_0" nVehContrib="6" flow="720.00" occupancy="20.32" speed="5.14" harmonicMeanSpeed="4.61" length="5.00" nVehEntered="5"/>
    <interval begin="2130.00" end="2160.00" id="D4_1_0" nVehContrib="1" flow="120.00" occupancy="64.80" speed="0.26" harmonicMeanSpeed="0.26" length="5.00" nVehEntered="2"/>
    <interval begin="2160.00" end="2190.00" id="D4_1_0" nVehContrib="4" flow="480.00" occupancy="75.51" speed="0.92" harmonicMeanSpeed="0.86" length="5.00" nVehEntered="3"/>
    <interval begin="2190.00" end="2220.00" id="D4_1_0" nVehContrib="2" flow="240.00" occupancy="21.25" speed="2.51" harmonicMeanSpeed="1.57" length="5.00" nVehEntered="2"/>
    <interval begin="2220.00" end="2250.00" id="D4_1_0" nVehContrib="3" flow="360.00" occupancy="56.71" speed="2.12" harmonicMeanSpeed="1.13" length="5.00" nVehEntered="4"/>
    <interval begin="2250.00" end="2280.00" id="D4_1_0" nVehContrib="5" flow="600.00" occupancy="59.65" speed="2.40" harmonicMeanSpeed="1.18" length="5.00" nVehEntered="5"/>
    <interval begin="2280.00" end="2310.00" id="D4_1_0" nVehContrib="2" flow="240.00" occupancy="30.21" speed="2.46" harmonicMeanSpeed="1.06" length="5.00" nVehEntered="1"/>
    <interval begin="2310.00" end="2340.00" id="D4_1_0" nVehContrib="4" flow="480.00" occupancy="58.57" speed="1.98" harmonicMeanSpeed="1.14" length="5.00" nVehEntered="4"/>
    <interval begin="2340.00" end="2370.00" id="D4_1_0" nVehContrib="5" flow="600.00" occupancy="33.98" speed="3.24" harmonicMeanSpeed="2.62" length="5.00" nVehEntered="6"/>
    <interval begin="2370.00" end="2400.00" id="D4_1_0" nVehContrib="2" flow="240.00" occupancy="33.79" speed="0.94" harmonicMeanSpeed="0.93" length="5.00" nVehEntered="1"/>
    <interval begin="2400.00" end="2430.00" id="D4_1_0" nVehContrib="2" flow="240.00" occupancy="57.53" speed="0.60" harmonicMeanSpeed="0.58" length="5.00" nVehEntered="2"/>
    <interval begin="2430.00" end="2460.00" id="D4_1_0" nVehContrib="4" flow="480.00" occupancy="36.71" speed="2.64" harmonicMeanSpeed="1.82" length="5.00" nVehEntered="4"/>
    <interval begin="2460.00" end="2490.00" id="D4_1_0" nVehContrib="3" flow="360.00" occupancy="65.44" speed="1.26" harmonicMeanSpeed="1.10" length="5.00" nVehEntered="4"/>
    <interval begin="2490.00" end="2520.00" id="D4_1_0" nVehContrib="2" flow="240.00" occupancy="25.12" speed="3.34" harmonicMeanSpeed="0.74" length="5.00" nVehEntered="1"/>
    <interval begin="2520.00" end="2550.00" id="D4_1_0" nVehContrib="4" flow="480.00" occupancy="56.14" speed="1.29" harmonicMeanSpeed="1.19" length="5.00" nVehEntered="4"/>
    <interval begin="2550.00" end="2580.00" id="D4_1_0" nVehContrib="4" flow="480.00" occupancy="49.51" speed="2.34" harmonicMeanSpeed="1.40" length="5.00" nVehEntered="5"/>
    <interval begin="2580.00" end="2610.00" id="D4_1_0" nVehContrib="1" flow="120.00" occupancy="11.20" speed="1.28" harmonicMeanSpeed="1.28" length="5.00" nVehEntered="0"/>
    <interval begin="2610.00" end="2640.00" id="D4_1_0" nVehContrib="4" flow="480.00" occupancy="58.11" speed="2.22" harmonicMeanSpeed="1.15" length="5.00" nVehEntered="4"/>
    <interval begin="2640.00" end="2670.00" id="D4_1_0" nVehContrib="0" flow="0.00" occupancy="88.79" speed="-1.00" harmonicMeanSpeed="-1.00" length="-1.00" nVehEntered="1"/>
    <interval begin="2670.00" end="2700.00" id="D4_1_0" nVehContrib="0" flow="0.00" occupancy="100.00" speed="-1.00" harmonicMeanSpeed="-1.00" length="-1.00" nVehEntered="0"/>
    <interval begin="2700.00" end="2730.00" id="D4_1_0" nVehContrib="4" flow="480.00" occupancy="59.18" speed="1.75" harmonicMeanSpeed="0.27" length="5.00" nVehEntered="3"/>
    <interval begin="2730.00" end="2760.00" id="D4_1_0" nVehContrib="2" flow="240.00" occupancy="71.57" speed="0.78" harmonicMeanSpeed="0.47" length="5.00" nVehEntered="2"/>
    <interval begin="2760.00" end="2790.00" id="D4_1_0" nVehContrib="4" flow="480.00" occupancy="28.34" speed="3.00" harmonicMeanSpeed="2.35" length="5.00" nVehEntered="4"/>
    <interval begin="2790.00" end="2820.00" id="D4_1_0" nVehContrib="1" flow="120.00" occupancy="5.35" speed="3.11" harmonicMeanSpeed="3.11" length="5.00" nVehEntered="1"/>
    <interval begin="2820.00" end="2850.00" id="D4_1_0" nVehContrib="2" flow="240.00" occupancy="55.84" speed="0.86" harmonicMeanSpeed="0.75" length="5.00" nVehEntered="3"/>
    <interval begin="2850.00" end="2880.00" id="D4_1_0" nVehContrib="4" flow="480.00" occupancy="69.62" speed="4.04" harmonicMeanSpeed="0.83" length="5.00" nVehEntered="3"/>
    <interval begin="2880.00" end="2910.00" id="D4_1_0" nVehContrib="2" flow="240.00" occupancy="11.79" speed="2.83" harmonicMeanSpeed="2.83" length="5.00" nVehEntered="2"/>
    <interval begin="2910.00" end="2940.00" id="D4_1_0" nVehContrib="2" flow="240.00" occupancy="28.46" speed="2.09" harmonicMeanSpeed="1.98" length="5.00" nVehEntered="3"/>
    <interval begin="2940.00" end="2970.00" id="D4_1_0" nVehContrib="3" flow="360.00" occupancy="76.72" speed="2.54" harmonicMeanSpeed="0.57" length="5.00" nVehEntered="2"/>
    <interval begin="2970.00" end="3000.00" id="D4_1_0" nVehContrib="3" flow="360.00" occupancy="24.57" speed="3.02" harmonicMeanSpeed="2.04" length="5.00" nVehEntered="3"/>
    <interval begin="3000.00" end="3030.00" id="D4_1_0" nVehContrib="4" flow="480.00" occupancy="18.91" speed="3.75" harmonicMeanSpeed="3.52" length="5.00" nVehEntered="4"/>
    <interval begin="3030.00" end="3060.00" id="D4_1_0" nVehContrib="5" flow="600.00" occupancy="49.60" speed="2.72" harmonicMeanSpeed="1.68" length="5.00" nVehEntered="5"/>
    <interval begin="3060.00" end="3090.00" id="D4_1_0" nVehContrib="2" flow="240.00" occupancy="35.31" speed="1.88" harmonicMeanSpeed="0.94" length="5.00" nVehEntered="2"/>
    <interval begin="3090.00" end="3120.00" id="D4_1_0" nVehContrib="3" flow="360.00" occupancy="80.37" speed="1.25" harmonicMeanSpeed="0.62" length="5.00" nVehEntered="3"/>
    <interval begin="3120.00" end="3150.00" id="D4_1_0" nVehContrib="4" flow="480.00" occupancy="62.63" speed="3.11" harmonicMeanSpeed="1.33" length="5.00" nVehEntered="5"/>
    <interval begin="3150.00" end="3180.00" id="D4_1_0" nVehContrib="6" flow="720.00" occupancy="49.88" speed="3.87" harmonicMeanSpeed="2.29" length="5.00" nVehEntered="6"/>
    <interval begin="3180.00" end="3210.00" id="D4_1_0" nVehContrib="5" flow="600.00" occupancy="35.02" speed="2.95" harmonicMeanSpeed="1.62" length="5.00" nVehEntered="5"/>
    <interval begin="3210.00" end="3240.00" id="D4_1_0" nVehContrib="4" flow="480.00" occupancy="38.80" speed="3.05" harmonicMeanSpeed="1.62" length="5.00" nVehEntered="3"/>
    <interval begin="3240.00" end="3270.00" id="D4_1_0" nVehContrib="3" flow="360.00" occupancy="25.68" speed="2.62" harmonicMeanSpeed="1.95" length="5.00" nVehEntered="3"/>
    <interval begin="3270.00" end="3300.00" id="D4_1_0" nVehContrib="0" flow="0.00" occupancy="0.00" speed="-1.00" harmonicMeanSpeed="-1.00" length="-1.00" nVehEntered="0"/>
    <interval begin="3300.00" end="3330.00" id="D4_1_0" nVehContrib="2" flow="240.00" occupancy="14.63" speed="2.55" harmonicMeanSpeed="2.28" length="5.00" nVehEntered="2"/>
    <interval begin="3330.00" end="3360.00" id="D4_1_0" nVehContrib="3" flow="360.00" occupancy="33.05" speed="2.83" harmonicMeanSpeed="1.51" length="5.00" nVehEntered="3"/>
    <interval begin="3360.00" end="3390.00" id="D4_1_0" nVehContrib="0" flow="0.00" occupancy="0.00" speed="-1.00" harmonicMeanSpeed="-1.00" length="-1.00" nVehEntered="0"/>
    <interval begin="3390.00" end="3420.00" id="D4_1_0" nVehContrib="2" flow="240.00" occupancy="32.89" speed="3.14" harmonicMeanSpeed="3.11" length="5.00" nVehEntered="3"/>
    <interval begin="3420.00" end="3450.00" id="D4_1_0" nVehContrib="5" flow="600.00" occupancy="43.20" speed="2.89" harmonicMeanSpeed="1.47" length="5.00" nVehEntered="5"/>
    <interval begin="3450.00" end="3480.00" id="D4_1_0" nVehContrib="4" flow="480.00" occupancy="45.56" speed="2.03" harmonicMeanSpeed="1.23" length="5.00" nVehEntered="3"/>
    <interval begin="3480.00" end="3510.00" id="D4_1_0" nVehContrib="2" flow="240.00" occupancy="8.98" speed="3.79" harmonicMeanSpeed="3.71" length="5.00" nVehEntered="2"/>
    <interval begin="3510.00" end="3540.00" id="D4_1_0" nVehContrib="5" flow="600.00" occupancy="40.92" speed="3.51" harmonicMeanSpeed="2.39" length="5.00" nVehEntered="6"/>
    <interval begin="3540.00" end="3570.00" id="D4_1_0" nVehContrib="5" flow="600.00" occupancy="16.33" speed="4.25" harmonicMeanSpeed="3.72" length="5.00" nVehEntered="4"/>
    <interval begin="3570.00" end="3600.00" id="D4_1_0" nVehContrib="3" flow="360.00" occupancy="28.38" speed="3.59" harmonicMeanSpeed="1.76" length="5.00" nVehEntered="3"/>
    <interval begin="3600.00" end="3605.00" id="D4_1_0" nVehContrib="0" flow="0.00" occupancy="0.00" speed="-1.00" harmonicMeanSpeed="-1.00" length="-1.00" nVehEntered="0"/>
</detector>
