<?xml version="1.0" encoding="UTF-8"?>

<!-- generated on 02/02/20 10:23:44 by Eclipse SUMO Version 1.3.1
<configuration xmlns:xsi="http://www.w3.org/2001/XMLSchema-instance" xsi:noNamespaceSchemaLocation="http://sumo.dlr.de/xsd/sumoConfiguration.xsd">

    <input>
        <net-file value="gnet.net.xml"/>
        <route-files value="grou.rou.xml"/>
        <additional-files value="gadd.additional.xml"/>
    </input>

    <output>
        <queue-output value="Queue.xml"/>
        <summary-output value="Summary.xml"/>
        <tripinfo-output value="output-tripinfos.xml"/>
    </output>

    <time>
        <begin value="0"/>
        <end value="3600"/>
    </time>

    <processing>
        <time-to-teleport value="3600"/>
    </processing>

    <traci_server>
        <remote-port value="10631"/>
    </traci_server>

    <gui_only>
        <gui-settings-file value="gview.view.xml"/>
        <quit-on-end value="true"/>
        <start value="true"/>
    </gui_only>

</configuration>
-->

<detector xmlns:xsi="http://www.w3.org/2001/XMLSchema-instance" xsi:noNamespaceSchemaLocation="http://sumo.dlr.de/xsd/det_e1_file.xsd">
    <interval begin="0.00" end="30.00" id="D4_2_0" nVehContrib="3" flow="360.00" occupancy="2.43" speed="20.57" harmonicMeanSpeed="20.56" length="5.00" nVehEntered="3"/>
    <interval begin="30.00" end="60.00" id="D4_2_0" nVehContrib="2" flow="240.00" occupancy="2.15" speed="15.68" harmonicMeanSpeed="15.53" length="5.00" nVehEntered="2"/>
    <interval begin="60.00" end="90.00" id="D4_2_0" nVehContrib="3" flow="360.00" occupancy="3.47" speed="15.52" harmonicMeanSpeed="14.42" length="5.00" nVehEntered="3"/>
    <interval begin="90.00" end="120.00" id="D4_2_0" nVehContrib="3" flow="360.00" occupancy="2.63" speed="19.78" harmonicMeanSpeed="19.77" length="5.00" nVehEntered="4"/>
    <interval begin="120.00" end="150.00" id="D4_2_0" nVehContrib="3" flow="360.00" occupancy="3.27" speed="14.86" harmonicMeanSpeed="14.82" length="5.00" nVehEntered="2"/>
    <interval begin="150.00" end="180.00" id="D4_2_0" nVehContrib="2" flow="240.00" occupancy="4.76" speed="7.48" harmonicMeanSpeed="7.01" length="5.00" nVehEntered="2"/>
    <interval begin="180.00" end="210.00" id="D4_2_0" nVehContrib="4" flow="480.00" occupancy="3.22" speed="21.14" harmonicMeanSpeed="20.70" length="5.00" nVehEntered="4"/>
    <interval begin="210.00" end="240.00" id="D4_2_0" nVehContrib="3" flow="360.00" occupancy="2.87" speed="17.69" harmonicMeanSpeed="17.44" length="5.00" nVehEntered="3"/>
    <interval begin="240.00" end="270.00" id="D4_2_0" nVehContrib="2" flow="240.00" occupancy="3.07" speed="10.86" harmonicMeanSpeed="10.85" length="5.00" nVehEntered="2"/>
    <interval begin="270.00" end="300.00" id="D4_2_0" nVehContrib="2" flow="240.00" occupancy="1.91" speed="19.48" harmonicMeanSpeed="17.42" length="5.00" nVehEntered="2"/>
    <interval begin="300.00" end="330.00" id="D4_2_0" nVehContrib="4" flow="480.00" occupancy="3.55" speed="19.00" harmonicMeanSpeed="18.79" length="5.00" nVehEntered="4"/>
    <interval begin="330.00" end="360.00" id="D4_2_0" nVehContrib="3" flow="360.00" occupancy="4.29" speed="12.32" harmonicMeanSpeed="11.66" length="5.00" nVehEntered="3"/>
    <interval begin="360.00" end="390.00" id="D4_2_0" nVehContrib="2" flow="240.00" occupancy="2.94" speed="14.07" harmonicMeanSpeed="11.34" length="5.00" nVehEntered="2"/>
    <interval begin="390.00" end="420.00" id="D4_2_0" nVehContrib="4" flow="480.00" occupancy="3.59" speed="18.93" harmonicMeanSpeed="18.59" length="5.00" nVehEntered="4"/>
    <interval begin="420.00" end="450.00" id="D4_2_0" nVehContrib="2" flow="240.00" occupancy="2.38" speed="14.07" harmonicMeanSpeed="14.00" length="5.00" nVehEntered="2"/>
    <interval begin="450.00" end="480.00" id="D4_2_0" nVehContrib="3" flow="360.00" occupancy="7.02" speed="7.55" harmonicMeanSpeed="7.12" length="5.00" nVehEntered="3"/>
    <interval begin="480.00" end="510.00" id="D4_2_0" nVehContrib="3" flow="360.00" occupancy="2.18" speed="23.02" harmonicMeanSpeed="22.91" length="5.00" nVehEntered="3"/>
    <interval begin="510.00" end="540.00" id="D4_2_0" nVehContrib="3" flow="360.00" occupancy="2.98" speed="16.92" harmonicMeanSpeed="16.75" length="5.00" nVehEntered="3"/>
    <interval begin="540.00" end="570.00" id="D4_2_0" nVehContrib="2" flow="240.00" occupancy="3.07" speed="10.94" harmonicMeanSpeed="10.86" length="5.00" nVehEntered="2"/>
    <interval begin="570.00" end="600.00" id="D4_2_0" nVehContrib="4" flow="480.00" occupancy="3.37" speed="20.32" harmonicMeanSpeed="19.81" length="5.00" nVehEntered="4"/>
    <interval begin="600.00" end="630.00" id="D4_2_0" nVehContrib="2" flow="240.00" occupancy="1.91" speed="17.56" harmonicMeanSpeed="17.45" length="5.00" nVehEntered="2"/>
    <interval begin="630.00" end="660.00" id="D4_2_0" nVehContrib="3" flow="360.00" occupancy="4.23" speed="12.51" harmonicMeanSpeed="11.83" length="5.00" nVehEntered="3"/>
    <interval begin="660.00" end="690.00" id="D4_2_0" nVehContrib="2" flow="240.00" occupancy="3.63" speed="14.61" harmonicMeanSpeed="9.19" length="5.00" nVehEntered="2"/>
    <interval begin="690.00" end="720.00" id="D4_2_0" nVehContrib="4" flow="480.00" occupancy="3.23" speed="20.68" harmonicMeanSpeed="20.66" length="5.00" nVehEntered="4"/>
    <interval begin="720.00" end="750.00" id="D4_2_0" nVehContrib="2" flow="240.00" occupancy="1.55" speed="21.46" harmonicMeanSpeed="21.46" length="5.00" nVehEntered="2"/>
    <interval begin="750.00" end="780.00" id="D4_2_0" nVehContrib="3" flow="360.00" occupancy="2.43" speed="20.58" harmonicMeanSpeed="20.57" length="5.00" nVehEntered="3"/>
    <interval begin="780.00" end="810.00" id="D4_2_0" nVehContrib="4" flow="480.00" occupancy="3.01" speed="22.19" harmonicMeanSpeed="22.16" length="5.00" nVehEntered="4"/>
    <interval begin="810.00" end="840.00" id="D4_2_0" nVehContrib="2" flow="240.00" occupancy="1.60" speed="20.87" harmonicMeanSpeed="20.87" length="5.00" nVehEntered="2"/>
    <interval begin="840.00" end="870.00" id="D4_2_0" nVehContrib="3" flow="360.00" occupancy="2.34" speed="21.40" harmonicMeanSpeed="21.38" length="5.00" nVehEntered="3"/>
    <interval begin="870.00" end="900.00" id="D4_2_0" nVehContrib="3" flow="360.00" occupancy="2.44" speed="20.54" harmonicMeanSpeed="20.47" length="5.00" nVehEntered="3"/>
    <interval begin="900.00" end="930.00" id="D4_2_0" nVehContrib="3" flow="360.00" occupancy="2.36" speed="21.33" harmonicMeanSpeed="21.18" length="5.00" nVehEntered="3"/>
    <interval begin="930.00" end="960.00" id="D4_2_0" nVehContrib="2" flow="240.00" occupancy="1.49" speed="22.46" harmonicMeanSpeed="22.41" length="5.00" nVehEntered="2"/>
    <interval begin="960.00" end="990.00" id="D4_2_0" nVehContrib="4" flow="480.00" occupancy="3.15" speed="21.40" harmonicMeanSpeed="21.14" length="5.00" nVehEntered="4"/>
    <interval begin="990.00" end="1020.00" id="D4_2_0" nVehContrib="2" flow="240.00" occupancy="1.88" speed="17.71" harmonicMeanSpeed="17.69" length="5.00" nVehEntered="2"/>
    <interval begin="1020.00" end="1050.00" id="D4_2_0" nVehContrib="3" flow="360.00" occupancy="2.54" speed="19.68" harmonicMeanSpeed="19.67" length="5.00" nVehEntered="3"/>
    <interval begin="1050.00" end="1080.00" id="D4_2_0" nVehContrib="2" flow="240.00" occupancy="1.79" speed="18.78" harmonicMeanSpeed="18.63" length="5.00" nVehEntered="2"/>
    <interval begin="1080.00" end="1110.00" id="D4_2_0" nVehContrib="4" flow="480.00" occupancy="3.53" speed="19.11" harmonicMeanSpeed="18.88" length="5.00" nVehEntered="4"/>
    <interval begin="1110.00" end="1140.00" id="D4_2_0" nVehContrib="2" flow="240.00" occupancy="2.27" speed="14.73" harmonicMeanSpeed="14.71" length="5.00" nVehEntered="2"/>
    <interval begin="1140.00" end="1170.00" id="D4_2_0" nVehContrib="3" flow="360.00" occupancy="3.55" speed="14.22" harmonicMeanSpeed="14.09" length="5.00" nVehEntered="3"/>
    <interval begin="1170.00" end="1200.00" id="D4_2_0" nVehContrib="3" flow="360.00" occupancy="4.22" speed="12.10" harmonicMeanSpeed="11.84" length="5.00" nVehEntered="3"/>
    <interval begin="1200.00" end="1230.00" id="D4_2_0" nVehContrib="3" flow="360.00" occupancy="6.74" speed="8.29" harmonicMeanSpeed="7.41" length="5.00" nVehEntered="3"/>
    <interval begin="1230.00" end="1260.00" id="D4_2_0" nVehContrib="2" flow="240.00" occupancy="3.01" speed="11.31" harmonicMeanSpeed="11.06" length="5.00" nVehEntered="2"/>
    <interval begin="1260.00" end="1290.00" id="D4_2_0" nVehContrib="4" flow="480.00" occupancy="20.75" speed="4.07" harmonicMeanSpeed="3.21" length="5.00" nVehEntered="4"/>
    <interval begin="1290.00" end="1320.00" id="D4_2_0" nVehContrib="1" flow="120.00" occupancy="18.20" speed="0.92" harmonicMeanSpeed="0.92" length="5.00" nVehEntered="1"/>
    <interval begin="1320.00" end="1350.00" id="D4_2_0" nVehContrib="3" flow="360.00" occupancy="21.44" speed="2.96" harmonicMeanSpeed="2.33" length="5.00" nVehEntered="3"/>
    <interval begin="1350.00" end="1380.00" id="D4_2_0" nVehContrib="3" flow="360.00" occupancy="28.16" speed="3.40" harmonicMeanSpeed="2.09" length="5.00" nVehEntered="4"/>
    <interval begin="1380.00" end="1410.00" id="D4_2_0" nVehContrib="1" flow="120.00" occupancy="8.80" speed="1.28" harmonicMeanSpeed="1.28" length="5.00" nVehEntered="0"/>
    <interval begin="1410.00" end="1440.00" id="D4_2_0" nVehContrib="5" flow="600.00" occupancy="60.42" speed="1.80" harmonicMeanSpeed="1.38" length="5.00" nVehEntered="5"/>
    <interval begin="1440.00" end="1470.00" id="D4_2_0" nVehContrib="3" flow="360.00" occupancy="15.89" speed="7.62" harmonicMeanSpeed="3.15" length="5.00" nVehEntered="3"/>
    <interval begin="1470.00" end="1500.00" id="D4_2_0" nVehContrib="4" flow="480.00" occupancy="4.44" speed="15.13" harmonicMeanSpeed="15.03" length="5.00" nVehEntered="4"/>
    <interval begin="1500.00" end="1530.00" id="D4_2_0" nVehContrib="2" flow="240.00" occupancy="3.21" speed="10.62" harmonicMeanSpeed="10.37" length="5.00" nVehEntered="2"/>
    <interval begin="1530.00" end="1560.00" id="D4_2_0" nVehContrib="1" flow="120.00" occupancy="43.55" speed="5.46" harmonicMeanSpeed="5.46" length="5.00" nVehEntered="2"/>
    <interval begin="1560.00" end="1590.00" id="D4_2_0" nVehContrib="1" flow="120.00" occupancy="83.66" speed="0.28" harmonicMeanSpeed="0.28" length="5.00" nVehEntered="1"/>
    <interval begin="1590.00" end="1620.00" id="D4_2_0" nVehContrib="3" flow="360.00" occupancy="70.86" speed="0.86" harmonicMeanSpeed="0.40" length="5.00" nVehEntered="3"/>
    <interval begin="1620.00" end="1650.00" id="D4_2_0" nVehContrib="5" flow="600.00" occupancy="40.87" speed="2.60" harmonicMeanSpeed="1.58" length="5.00" nVehEntered="4"/>
    <interval begin="1650.00" end="1680.00" id="D4_2_0" nVehContrib="1" flow="120.00" occupancy="82.59" speed="0.20" harmonicMeanSpeed="0.20" length="5.00" nVehEntered="1"/>
    <interval begin="1680.00" end="1710.00" id="D4_2_0" nVehContrib="0" flow="0.00" occupancy="0.00" speed="-1.00" harmonicMeanSpeed="-1.00" length="-1.00" nVehEntered="0"/>
    <interval begin="1710.00" end="1740.00" id="D4_2_0" nVehContrib="3" flow="360.00" occupancy="42.73" speed="2.48" harmonicMeanSpeed="2.02" length="5.00" nVehEntered="4"/>
    <interval begin="1740.00" end="1770.00" id="D4_2_0" nVehContrib="8" flow="960.00" occupancy="43.44" speed="2.82" harmonicMeanSpeed="2.17" length="5.00" nVehEntered="7"/>
    <interval begin="1770.00" end="1800.00" id="D4_2_0" nVehContrib="4" flow="480.00" occupancy="14.99" speed="6.24" harmonicMeanSpeed="4.45" length="5.00" nVehEntered="4"/>
    <interval begin="1800.00" end="1830.00" id="D4_2_0" nVehContrib="2" flow="240.00" occupancy="2.99" speed="11.26" harmonicMeanSpeed="11.16" length="5.00" nVehEntered="2"/>
    <interval begin="1830.00" end="1860.00" id="D4_2_0" nVehContrib="3" flow="360.00" occupancy="4.29" speed="11.80" harmonicMeanSpeed="11.66" length="5.00" nVehEntered="3"/>
    <interval begin="1860.00" end="1890.00" id="D4_2_0" nVehContrib="3" flow="360.00" occupancy="4.38" speed="11.72" harmonicMeanSpeed="11.42" length="5.00" nVehEntered="3"/>
    <interval begin="1890.00" end="1920.00" id="D4_2_0" nVehContrib="2" flow="240.00" occupancy="24.62" speed="3.80" harmonicMeanSpeed="2.67" length="5.00" nVehEntered="3"/>
    <interval begin="1920.00" end="1950.00" id="D4_2_0" nVehContrib="3" flow="360.00" occupancy="52.00" speed="1.24" harmonicMeanSpeed="0.78" length="5.00" nVehEntered="2"/>
    <interval begin="1950.00" end="1980.00" id="D4_2_0" nVehContrib="3" flow="360.00" occupancy="53.56" speed="1.24" harmonicMeanSpeed="1.19" length="5.00" nVehEntered="4"/>
    <interval begin="1980.00" end="2010.00" id="D4_2_0" nVehContrib="3" flow="360.00" occupancy="52.10" speed="0.94" harmonicMeanSpeed="0.79" length="5.00" nVehEntered="2"/>
    <interval begin="2010.00" end="2040.00" id="D4_2_0" nVehContrib="2" flow="240.00" occupancy="16.90" speed="3.34" harmonicMeanSpeed="1.97" length="5.00" nVehEntered="2"/>
    <interval begin="2040.00" end="2070.00" id="D4_2_0" nVehContrib="1" flow="120.00" occupancy="16.15" speed="1.03" harmonicMeanSpeed="1.03" length="5.00" nVehEntered="1"/>
    <interval begin="2070.00" end="2100.00" id="D4_2_0" nVehContrib="1" flow="120.00" occupancy="69.23" speed="0.37" harmonicMeanSpeed="0.37" length="5.00" nVehEntered="2"/>
    <interval begin="2100.00" end="2130.00" id="D4_2_0" nVehContrib="7" flow="840.00" occupancy="36.84" speed="2.77" harmonicMeanSpeed="1.96" length="5.00" nVehEntered="7"/>
    <interval begin="2130.00" end="2160.00" id="D4_2_0" nVehContrib="1" flow="120.00" occupancy="44.97" speed="4.68" harmonicMeanSpeed="4.68" length="5.00" nVehEntered="1"/>
    <interval begin="2160.00" end="2190.00" id="D4_2_0" nVehContrib="3" flow="360.00" occupancy="69.19" speed="0.96" harmonicMeanSpeed="0.55" length="5.00" nVehEntered="3"/>
    <interval begin="2190.00" end="2220.00" id="D4_2_0" nVehContrib="4" flow="480.00" occupancy="46.63" speed="1.15" harmonicMeanSpeed="0.99" length="5.00" nVehEntered="3"/>
    <interval begin="2220.00" end="2250.00" id="D4_2_0" nVehContrib="2" flow="240.00" occupancy="39.99" speed="1.04" harmonicMeanSpeed="0.88" length="5.00" nVehEntered="3"/>
    <interval begin="2250.00" end="2280.00" id="D4_2_0" nVehContrib="5" flow="600.00" occupancy="48.84" speed="2.15" harmonicMeanSpeed="1.63" length="5.00" nVehEntered="4"/>
    <interval begin="2280.00" end="2310.00" id="D4_2_0" nVehContrib="3" flow="360.00" occupancy="13.44" speed="4.40" harmonicMeanSpeed="3.72" length="5.00" nVehEntered="3"/>
    <interval begin="2310.00" end="2340.00" id="D4_2_0" nVehContrib="2" flow="240.00" occupancy="31.64" speed="1.06" harmonicMeanSpeed="1.05" length="5.00" nVehEntered="2"/>
    <interval begin="2340.00" end="2370.00" id="D4_2_0" nVehContrib="4" flow="480.00" occupancy="11.41" speed="6.34" harmonicMeanSpeed="5.84" length="5.00" nVehEntered="4"/>
    <interval begin="2370.00" end="2400.00" id="D4_2_0" nVehContrib="2" flow="240.00" occupancy="2.27" speed="14.71" harmonicMeanSpeed="14.67" length="5.00" nVehEntered="2"/>
    <interval begin="2400.00" end="2430.00" id="D4_2_0" nVehContrib="3" flow="360.00" occupancy="4.59" speed="11.04" harmonicMeanSpeed="10.90" length="5.00" nVehEntered="3"/>
    <interval begin="2430.00" end="2460.00" id="D4_2_0" nVehContrib="3" flow="360.00" occupancy="5.97" speed="8.68" harmonicMeanSpeed="8.38" length="5.00" nVehEntered="3"/>
    <interval begin="2460.00" end="2490.00" id="D4_2_0" nVehContrib="3" flow="360.00" occupancy="3.98" speed="12.58" harmonicMeanSpeed="12.55" length="5.00" nVehEntered="3"/>
    <interval begin="2490.00" end="2520.00" id="D4_2_0" nVehContrib="2" flow="240.00" occupancy="2.34" speed="14.38" harmonicMeanSpeed="14.24" length="5.00" nVehEntered="2"/>
    <interval begin="2520.00" end="2550.00" id="D4_2_0" nVehContrib="4" flow="480.00" occupancy="5.48" speed="12.22" harmonicMeanSpeed="12.16" length="5.00" nVehEntered="4"/>
    <interval begin="2550.00" end="2580.00" id="D4_2_0" nVehContrib="2" flow="240.00" occupancy="2.33" speed="15.17" harmonicMeanSpeed="14.29" length="5.00" nVehEntered="2"/>
    <interval begin="2580.00" end="2610.00" id="D4_2_0" nVehContrib="3" flow="360.00" occupancy="3.23" speed="15.57" harmonicMeanSpeed="15.48" length="5.00" nVehEntered="3"/>
    <interval begin="2610.00" end="2640.00" id="D4_2_0" nVehContrib="2" flow="240.00" occupancy="3.17" speed="13.44" harmonicMeanSpeed="13.40" length="5.00" nVehEntered="3"/>
    <interval begin="2640.00" end="2670.00" id="D4_2_0" nVehContrib="4" flow="480.00" occupancy="4.67" speed="12.92" harmonicMeanSpeed="12.46" length="5.00" nVehEntered="3"/>
    <interval begin="2670.00" end="2700.00" id="D4_2_0" nVehContrib="1" flow="120.00" occupancy="39.20" speed="6.93" harmonicMeanSpeed="6.93" length="5.00" nVehEntered="2"/>
    <interval begin="2700.00" end="2730.00" id="D4_2_0" nVehContrib="3" flow="360.00" occupancy="74.08" speed="1.59" harmonicMeanSpeed="0.45" length="5.00" nVehEntered="2"/>
    <interval begin="2730.00" end="2760.00" id="D4_2_0" nVehContrib="1" flow="120.00" occupancy="68.60" speed="0.71" harmonicMeanSpeed="0.71" length="5.00" nVehEntered="2"/>
    <interval begin="2760.00" end="2790.00" id="D4_2_0" nVehContrib="6" flow="720.00" occupancy="55.61" speed="1.88" harmonicMeanSpeed="0.99" length="5.00" nVehEntered="5"/>
    <interval begin="2790.00" end="2820.00" id="D4_2_0" nVehContrib="0" flow="0.00" occupancy="0.00" speed="-1.00" harmonicMeanSpeed="-1.00" length="-1.00" nVehEntered="0"/>
    <interval begin="2820.00" end="2850.00" id="D4_2_0" nVehContrib="2" flow="240.00" occupancy="55.20" speed="1.25" harmonicMeanSpeed="1.24" length="5.00" nVehEntered="3"/>
    <interval begin="2850.00" end="2880.00" id="D4_2_0" nVehContrib="2" flow="240.00" occupancy="68.76" speed="0.41" harmonicMeanSpeed="0.35" length="5.00" nVehEntered="2"/>
    <interval begin="2880.00" end="2910.00" id="D4_2_0" nVehContrib="5" flow="600.00" occupancy="30.99" speed="3.00" harmonicMeanSpeed="2.56" length="5.00" nVehEntered="4"/>
    <interval begin="2910.00" end="2940.00" id="D4_2_0" nVehContrib="1" flow="120.00" occupancy="13.89" speed="1.35" harmonicMeanSpeed="1.35" length="5.00" nVehEntered="2"/>
    <interval begin="2940.00" end="2970.00" id="D4_2_0" nVehContrib="2" flow="240.00" occupancy="68.36" speed="1.19" harmonicMeanSpeed="1.19" length="5.00" nVehEntered="2"/>
    <interval begin="2970.00" end="3000.00" id="D4_2_0" nVehContrib="3" flow="360.00" occupancy="38.63" speed="1.55" harmonicMeanSpeed="0.66" length="5.00" nVehEntered="3"/>
    <interval begin="3000.00" end="3030.00" id="D4_2_0" nVehContrib="6" flow="720.00" occupancy="48.89" speed="2.17" harmonicMeanSpeed="1.88" length="5.00" nVehEntered="5"/>
    <interval begin="3030.00" end="3060.00" id="D4_2_0" nVehContrib="2" flow="240.00" occupancy="31.03" speed="1.20" harmonicMeanSpeed="1.07" length="5.00" nVehEntered="2"/>
    <interval begin="3060.00" end="3090.00" id="D4_2_0" nVehContrib="5" flow="600.00" occupancy="50.56" speed="2.61" harmonicMeanSpeed="1.65" length="5.00" nVehEntered="5"/>
    <interval begin="3090.00" end="3120.00" id="D4_2_0" nVehContrib="2" flow="240.00" occupancy="31.77" speed="1.19" harmonicMeanSpeed="1.18" length="5.00" nVehEntered="3"/>
    <interval begin="3120.00" end="3150.00" id="D4_2_0" nVehContrib="3" flow="360.00" occupancy="75.13" speed="1.55" harmonicMeanSpeed="0.81" length="5.00" nVehEntered="3"/>
    <interval begin="3150.00" end="3180.00" id="D4_2_0" nVehContrib="4" flow="480.00" occupancy="8.54" speed="6.97" harmonicMeanSpeed="2.61" length="5.00" nVehEntered="3"/>
    <interval begin="3180.00" end="3210.00" id="D4_2_0" nVehContrib="3" flow="360.00" occupancy="2.86" speed="17.74" harmonicMeanSpeed="17.49" length="5.00" nVehEntered="3"/>
    <interval begin="3210.00" end="3240.00" id="D4_2_0" nVehContrib="3" flow="360.00" occupancy="2.52" speed="19.82" harmonicMeanSpeed="19.80" length="5.00" nVehEntered="3"/>
    <interval begin="3240.00" end="3270.00" id="D4_2_0" nVehContrib="3" flow="360.00" occupancy="2.21" speed="22.75" harmonicMeanSpeed="22.66" length="5.00" nVehEntered="3"/>
    <interval begin="3270.00" end="3300.00" id="D4_2_0" nVehContrib="2" flow="240.00" occupancy="1.60" speed="20.92" harmonicMeanSpeed="20.80" length="5.00" nVehEntered="2"/>
    <interval begin="3300.00" end="3330.00" id="D4_2_0" nVehContrib="4" flow="480.00" occupancy="4.89" speed="14.17" harmonicMeanSpeed="13.63" length="5.00" nVehEntered="4"/>
    <interval begin="3330.00" end="3360.00" id="D4_2_0" nVehContrib="2" flow="240.00" occupancy="2.42" speed="13.82" harmonicMeanSpeed="13.80" length="5.00" nVehEntered="2"/>
    <interval begin="3360.00" end="3390.00" id="D4_2_0" nVehContrib="3" flow="360.00" occupancy="4.41" speed="11.60" harmonicMeanSpeed="11.33" length="5.00" nVehEntered="3"/>
    <interval begin="3390.00" end="3420.00" id="D4_2_0" nVehContrib="2" flow="240.00" occupancy="5.89" speed="5.71" harmonicMeanSpeed="5.66" length="5.00" nVehEntered="2"/>
    <interval begin="3420.00" end="3450.00" id="D4_2_0" nVehContrib="4" flow="480.00" occupancy="30.59" speed="5.04" harmonicMeanSpeed="2.18" length="5.00" nVehEntered="4"/>
    <interval begin="3450.00" end="3480.00" id="D4_2_0" nVehContrib="2" flow="240.00" occupancy="2.33" speed="14.40" harmonicMeanSpeed="14.30" length="5.00" nVehEntered="2"/>
    <interval begin="3480.00" end="3510.00" id="D4_2_0" nVehContrib="3" flow="360.00" occupancy="4.20" speed="12.19" harmonicMeanSpeed="11.91" length="5.00" nVehEntered="3"/>
    <interval begin="3510.00" end="3540.00" id="D4_2_0" nVehContrib="3" flow="360.00" occupancy="4.07" speed="12.42" harmonicMeanSpeed="12.29" length="5.00" nVehEntered="3"/>
    <interval begin="3540.00" end="3570.00" id="D4_2_0" nVehContrib="3" flow="360.00" occupancy="2.59" speed="19.36" harmonicMeanSpeed="19.29" length="5.00" nVehEntered="3"/>
    <interval begin="3570.00" end="3600.00" id="D4_2_0" nVehContrib="2" flow="240.00" occupancy="1.50" speed="22.22" harmonicMeanSpeed="22.21" length="5.00" nVehEntered="2"/>
    <interval begin="3600.00" end="3605.00" id="D4_2_0" nVehContrib="1" flow="720.00" occupancy="4.37" speed="22.91" harmonicMeanSpeed="22.91" length="5.00" nVehEntered="1"/>
</detector>
