<?xml version="1.0" encoding="UTF-8"?>

<!-- generated on 02/02/20 10:23:44 by Eclipse SUMO Version 1.3.1
<configuration xmlns:xsi="http://www.w3.org/2001/XMLSchema-instance" xsi:noNamespaceSchemaLocation="http://sumo.dlr.de/xsd/sumoConfiguration.xsd">

    <input>
        <net-file value="gnet.net.xml"/>
        <route-files value="grou.rou.xml"/>
        <additional-files value="gadd.additional.xml"/>
    </input>

    <output>
        <queue-output value="Queue.xml"/>
        <summary-output value="Summary.xml"/>
        <tripinfo-output value="output-tripinfos.xml"/>
    </output>

    <time>
        <begin value="0"/>
        <end value="3600"/>
    </time>

    <processing>
        <time-to-teleport value="3600"/>
    </processing>

    <traci_server>
        <remote-port value="10631"/>
    </traci_server>

    <gui_only>
        <gui-settings-file value="gview.view.xml"/>
        <quit-on-end value="true"/>
        <start value="true"/>
    </gui_only>

</configuration>
-->

<detector xmlns:xsi="http://www.w3.org/2001/XMLSchema-instance" xsi:noNamespaceSchemaLocation="http://sumo.dlr.de/xsd/det_e1_file.xsd">
    <interval begin="0.00" end="30.00" id="D4_3_0" nVehContrib="3" flow="360.00" occupancy="2.27" speed="22.11" harmonicMeanSpeed="22.00" length="5.00" nVehEntered="3"/>
    <interval begin="30.00" end="60.00" id="D4_3_0" nVehContrib="3" flow="360.00" occupancy="2.60" speed="19.28" harmonicMeanSpeed="19.21" length="5.00" nVehEntered="3"/>
    <interval begin="60.00" end="90.00" id="D4_3_0" nVehContrib="2" flow="240.00" occupancy="1.83" speed="18.74" harmonicMeanSpeed="18.18" length="5.00" nVehEntered="2"/>
    <interval begin="90.00" end="120.00" id="D4_3_0" nVehContrib="4" flow="480.00" occupancy="2.95" speed="22.75" harmonicMeanSpeed="22.60" length="5.00" nVehEntered="4"/>
    <interval begin="120.00" end="150.00" id="D4_3_0" nVehContrib="2" flow="240.00" occupancy="1.85" speed="18.01" harmonicMeanSpeed="17.98" length="5.00" nVehEntered="2"/>
    <interval begin="150.00" end="180.00" id="D4_3_0" nVehContrib="3" flow="360.00" occupancy="3.34" speed="15.25" harmonicMeanSpeed="14.98" length="5.00" nVehEntered="3"/>
    <interval begin="180.00" end="210.00" id="D4_3_0" nVehContrib="3" flow="360.00" occupancy="2.07" speed="24.23" harmonicMeanSpeed="24.16" length="5.00" nVehEntered="3"/>
    <interval begin="210.00" end="240.00" id="D4_3_0" nVehContrib="3" flow="360.00" occupancy="2.51" speed="20.11" harmonicMeanSpeed="19.93" length="5.00" nVehEntered="3"/>
    <interval begin="240.00" end="270.00" id="D4_3_0" nVehContrib="2" flow="240.00" occupancy="2.22" speed="15.02" harmonicMeanSpeed="15.02" length="5.00" nVehEntered="2"/>
    <interval begin="270.00" end="300.00" id="D4_3_0" nVehContrib="2" flow="240.00" occupancy="1.86" speed="19.67" harmonicMeanSpeed="17.88" length="5.00" nVehEntered="2"/>
    <interval begin="300.00" end="330.00" id="D4_3_0" nVehContrib="4" flow="480.00" occupancy="3.05" speed="21.94" harmonicMeanSpeed="21.84" length="5.00" nVehEntered="4"/>
    <interval begin="330.00" end="360.00" id="D4_3_0" nVehContrib="3" flow="360.00" occupancy="2.92" speed="17.18" harmonicMeanSpeed="17.09" length="5.00" nVehEntered="3"/>
    <interval begin="360.00" end="390.00" id="D4_3_0" nVehContrib="2" flow="240.00" occupancy="2.12" speed="17.13" harmonicMeanSpeed="15.76" length="5.00" nVehEntered="2"/>
    <interval begin="390.00" end="420.00" id="D4_3_0" nVehContrib="4" flow="480.00" occupancy="3.03" speed="22.09" harmonicMeanSpeed="22.02" length="5.00" nVehEntered="4"/>
    <interval begin="420.00" end="450.00" id="D4_3_0" nVehContrib="2" flow="240.00" occupancy="1.86" speed="17.96" harmonicMeanSpeed="17.94" length="5.00" nVehEntered="2"/>
    <interval begin="450.00" end="480.00" id="D4_3_0" nVehContrib="3" flow="360.00" occupancy="3.69" speed="13.55" harmonicMeanSpeed="13.54" length="5.00" nVehEntered="3"/>
    <interval begin="480.00" end="510.00" id="D4_3_0" nVehContrib="3" flow="360.00" occupancy="2.10" speed="23.77" harmonicMeanSpeed="23.76" length="5.00" nVehEntered="3"/>
    <interval begin="510.00" end="540.00" id="D4_3_0" nVehContrib="3" flow="360.00" occupancy="2.42" speed="20.82" harmonicMeanSpeed="20.69" length="5.00" nVehEntered="3"/>
    <interval begin="540.00" end="570.00" id="D4_3_0" nVehContrib="2" flow="240.00" occupancy="2.20" speed="15.21" harmonicMeanSpeed="15.17" length="5.00" nVehEntered="2"/>
    <interval begin="570.00" end="600.00" id="D4_3_0" nVehContrib="4" flow="480.00" occupancy="3.14" speed="21.79" harmonicMeanSpeed="21.26" length="5.00" nVehEntered="4"/>
    <interval begin="600.00" end="630.00" id="D4_3_0" nVehContrib="2" flow="240.00" occupancy="1.78" speed="21.76" harmonicMeanSpeed="21.71" length="5.00" nVehEntered="3"/>
    <interval begin="630.00" end="660.00" id="D4_3_0" nVehContrib="3" flow="360.00" occupancy="2.79" speed="16.64" harmonicMeanSpeed="16.49" length="5.00" nVehEntered="2"/>
    <interval begin="660.00" end="690.00" id="D4_3_0" nVehContrib="2" flow="240.00" occupancy="1.93" speed="18.97" harmonicMeanSpeed="17.25" length="5.00" nVehEntered="2"/>
    <interval begin="690.00" end="720.00" id="D4_3_0" nVehContrib="4" flow="480.00" occupancy="2.90" speed="23.11" harmonicMeanSpeed="23.01" length="5.00" nVehEntered="4"/>
    <interval begin="720.00" end="750.00" id="D4_3_0" nVehContrib="3" flow="360.00" occupancy="2.10" speed="23.85" harmonicMeanSpeed="23.76" length="5.00" nVehEntered="3"/>
    <interval begin="750.00" end="780.00" id="D4_3_0" nVehContrib="2" flow="240.00" occupancy="1.40" speed="23.79" harmonicMeanSpeed="23.78" length="5.00" nVehEntered="2"/>
    <interval begin="780.00" end="810.00" id="D4_3_0" nVehContrib="4" flow="480.00" occupancy="2.83" speed="23.56" harmonicMeanSpeed="23.53" length="5.00" nVehEntered="4"/>
    <interval begin="810.00" end="840.00" id="D4_3_0" nVehContrib="2" flow="240.00" occupancy="1.35" speed="24.76" harmonicMeanSpeed="24.74" length="5.00" nVehEntered="2"/>
    <interval begin="840.00" end="870.00" id="D4_3_0" nVehContrib="3" flow="360.00" occupancy="2.06" speed="24.34" harmonicMeanSpeed="24.27" length="5.00" nVehEntered="3"/>
    <interval begin="870.00" end="900.00" id="D4_3_0" nVehContrib="3" flow="360.00" occupancy="2.16" speed="23.25" harmonicMeanSpeed="23.15" length="5.00" nVehEntered="3"/>
    <interval begin="900.00" end="930.00" id="D4_3_0" nVehContrib="3" flow="360.00" occupancy="2.16" speed="23.17" harmonicMeanSpeed="23.16" length="5.00" nVehEntered="3"/>
    <interval begin="930.00" end="960.00" id="D4_3_0" nVehContrib="2" flow="240.00" occupancy="1.39" speed="23.97" harmonicMeanSpeed="23.97" length="5.00" nVehEntered="2"/>
    <interval begin="960.00" end="990.00" id="D4_3_0" nVehContrib="4" flow="480.00" occupancy="2.92" speed="22.97" harmonicMeanSpeed="22.85" length="5.00" nVehEntered="4"/>
    <interval begin="990.00" end="1020.00" id="D4_3_0" nVehContrib="2" flow="240.00" occupancy="1.52" speed="21.96" harmonicMeanSpeed="21.95" length="5.00" nVehEntered="2"/>
    <interval begin="1020.00" end="1050.00" id="D4_3_0" nVehContrib="3" flow="360.00" occupancy="2.16" speed="23.20" harmonicMeanSpeed="23.19" length="5.00" nVehEntered="3"/>
    <interval begin="1050.00" end="1080.00" id="D4_3_0" nVehContrib="2" flow="240.00" occupancy="1.44" speed="23.23" harmonicMeanSpeed="23.10" length="5.00" nVehEntered="2"/>
    <interval begin="1080.00" end="1110.00" id="D4_3_0" nVehContrib="4" flow="480.00" occupancy="3.07" speed="21.78" harmonicMeanSpeed="21.72" length="5.00" nVehEntered="4"/>
    <interval begin="1110.00" end="1140.00" id="D4_3_0" nVehContrib="2" flow="240.00" occupancy="1.73" speed="19.23" harmonicMeanSpeed="19.22" length="5.00" nVehEntered="2"/>
    <interval begin="1140.00" end="1170.00" id="D4_3_0" nVehContrib="3" flow="360.00" occupancy="2.66" speed="18.93" harmonicMeanSpeed="18.83" length="5.00" nVehEntered="3"/>
    <interval begin="1170.00" end="1200.00" id="D4_3_0" nVehContrib="3" flow="360.00" occupancy="2.88" speed="17.37" harmonicMeanSpeed="17.33" length="5.00" nVehEntered="3"/>
    <interval begin="1200.00" end="1230.00" id="D4_3_0" nVehContrib="3" flow="360.00" occupancy="3.67" speed="13.76" harmonicMeanSpeed="13.62" length="5.00" nVehEntered="3"/>
    <interval begin="1230.00" end="1260.00" id="D4_3_0" nVehContrib="2" flow="240.00" occupancy="1.96" speed="17.05" harmonicMeanSpeed="17.02" length="5.00" nVehEntered="2"/>
    <interval begin="1260.00" end="1290.00" id="D4_3_0" nVehContrib="4" flow="480.00" occupancy="6.17" speed="11.07" harmonicMeanSpeed="10.80" length="5.00" nVehEntered="4"/>
    <interval begin="1290.00" end="1320.00" id="D4_3_0" nVehContrib="2" flow="240.00" occupancy="3.61" speed="9.28" harmonicMeanSpeed="9.22" length="5.00" nVehEntered="2"/>
    <interval begin="1320.00" end="1350.00" id="D4_3_0" nVehContrib="3" flow="360.00" occupancy="10.45" speed="4.89" harmonicMeanSpeed="4.79" length="5.00" nVehEntered="3"/>
    <interval begin="1350.00" end="1380.00" id="D4_3_0" nVehContrib="3" flow="360.00" occupancy="5.19" speed="9.96" harmonicMeanSpeed="9.64" length="5.00" nVehEntered="3"/>
    <interval begin="1380.00" end="1410.00" id="D4_3_0" nVehContrib="2" flow="240.00" occupancy="5.37" speed="6.40" harmonicMeanSpeed="6.21" length="5.00" nVehEntered="2"/>
    <interval begin="1410.00" end="1440.00" id="D4_3_0" nVehContrib="3" flow="360.00" occupancy="16.40" speed="3.84" harmonicMeanSpeed="3.30" length="5.00" nVehEntered="4"/>
    <interval begin="1440.00" end="1470.00" id="D4_3_0" nVehContrib="3" flow="360.00" occupancy="2.87" speed="13.54" harmonicMeanSpeed="12.21" length="5.00" nVehEntered="2"/>
    <interval begin="1470.00" end="1500.00" id="D4_3_0" nVehContrib="4" flow="480.00" occupancy="3.51" speed="19.07" harmonicMeanSpeed="18.98" length="5.00" nVehEntered="4"/>
    <interval begin="1500.00" end="1530.00" id="D4_3_0" nVehContrib="2" flow="240.00" occupancy="2.15" speed="15.56" harmonicMeanSpeed="15.53" length="5.00" nVehEntered="2"/>
    <interval begin="1530.00" end="1560.00" id="D4_3_0" nVehContrib="3" flow="360.00" occupancy="5.46" speed="9.55" harmonicMeanSpeed="9.15" length="5.00" nVehEntered="3"/>
    <interval begin="1560.00" end="1590.00" id="D4_3_0" nVehContrib="1" flow="120.00" occupancy="47.49" speed="5.57" harmonicMeanSpeed="5.57" length="5.00" nVehEntered="2"/>
    <interval begin="1590.00" end="1620.00" id="D4_3_0" nVehContrib="3" flow="360.00" occupancy="71.84" speed="0.82" harmonicMeanSpeed="0.44" length="5.00" nVehEntered="3"/>
    <interval begin="1620.00" end="1650.00" id="D4_3_0" nVehContrib="4" flow="480.00" occupancy="44.40" speed="2.31" harmonicMeanSpeed="1.42" length="5.00" nVehEntered="3"/>
    <interval begin="1650.00" end="1680.00" id="D4_3_0" nVehContrib="1" flow="120.00" occupancy="43.62" speed="5.12" harmonicMeanSpeed="5.12" length="5.00" nVehEntered="2"/>
    <interval begin="1680.00" end="1710.00" id="D4_3_0" nVehContrib="1" flow="120.00" occupancy="7.34" speed="0.35" harmonicMeanSpeed="0.35" length="5.00" nVehEntered="0"/>
    <interval begin="1710.00" end="1740.00" id="D4_3_0" nVehContrib="3" flow="360.00" occupancy="34.34" speed="2.54" harmonicMeanSpeed="2.10" length="5.00" nVehEntered="4"/>
    <interval begin="1740.00" end="1770.00" id="D4_3_0" nVehContrib="7" flow="840.00" occupancy="43.13" speed="3.24" harmonicMeanSpeed="2.17" length="5.00" nVehEntered="6"/>
    <interval begin="1770.00" end="1800.00" id="D4_3_0" nVehContrib="3" flow="360.00" occupancy="4.32" speed="12.10" harmonicMeanSpeed="11.57" length="5.00" nVehEntered="3"/>
    <interval begin="1800.00" end="1830.00" id="D4_3_0" nVehContrib="2" flow="240.00" occupancy="2.12" speed="15.87" harmonicMeanSpeed="15.73" length="5.00" nVehEntered="2"/>
    <interval begin="1830.00" end="1860.00" id="D4_3_0" nVehContrib="3" flow="360.00" occupancy="3.16" speed="15.96" harmonicMeanSpeed="15.83" length="5.00" nVehEntered="3"/>
    <interval begin="1860.00" end="1890.00" id="D4_3_0" nVehContrib="3" flow="360.00" occupancy="3.18" speed="15.99" harmonicMeanSpeed="15.73" length="5.00" nVehEntered="3"/>
    <interval begin="1890.00" end="1920.00" id="D4_3_0" nVehContrib="3" flow="360.00" occupancy="4.18" speed="12.15" harmonicMeanSpeed="11.96" length="5.00" nVehEntered="3"/>
    <interval begin="1920.00" end="1950.00" id="D4_3_0" nVehContrib="2" flow="240.00" occupancy="3.18" speed="10.61" harmonicMeanSpeed="10.47" length="5.00" nVehEntered="2"/>
    <interval begin="1950.00" end="1980.00" id="D4_3_0" nVehContrib="4" flow="480.00" occupancy="7.39" speed="9.12" harmonicMeanSpeed="9.02" length="5.00" nVehEntered="4"/>
    <interval begin="1980.00" end="2010.00" id="D4_3_0" nVehContrib="2" flow="240.00" occupancy="4.47" speed="8.10" harmonicMeanSpeed="7.46" length="5.00" nVehEntered="2"/>
    <interval begin="2010.00" end="2040.00" id="D4_3_0" nVehContrib="3" flow="360.00" occupancy="4.31" speed="11.77" harmonicMeanSpeed="11.61" length="5.00" nVehEntered="3"/>
    <interval begin="2040.00" end="2070.00" id="D4_3_0" nVehContrib="1" flow="120.00" occupancy="16.22" speed="3.80" harmonicMeanSpeed="3.80" length="5.00" nVehEntered="2"/>
    <interval begin="2070.00" end="2100.00" id="D4_3_0" nVehContrib="2" flow="240.00" occupancy="66.57" speed="0.68" harmonicMeanSpeed="0.54" length="5.00" nVehEntered="2"/>
    <interval begin="2100.00" end="2130.00" id="D4_3_0" nVehContrib="6" flow="720.00" occupancy="34.61" speed="4.12" harmonicMeanSpeed="1.97" length="5.00" nVehEntered="5"/>
    <interval begin="2130.00" end="2160.00" id="D4_3_0" nVehContrib="2" flow="240.00" occupancy="11.65" speed="7.18" harmonicMeanSpeed="6.78" length="5.00" nVehEntered="3"/>
    <interval begin="2160.00" end="2190.00" id="D4_3_0" nVehContrib="3" flow="360.00" occupancy="60.23" speed="1.03" harmonicMeanSpeed="0.78" length="5.00" nVehEntered="3"/>
    <interval begin="2190.00" end="2220.00" id="D4_3_0" nVehContrib="3" flow="360.00" occupancy="20.24" speed="2.73" harmonicMeanSpeed="2.18" length="5.00" nVehEntered="2"/>
    <interval begin="2220.00" end="2250.00" id="D4_3_0" nVehContrib="3" flow="360.00" occupancy="16.69" speed="3.14" harmonicMeanSpeed="3.00" length="5.00" nVehEntered="3"/>
    <interval begin="2250.00" end="2280.00" id="D4_3_0" nVehContrib="3" flow="360.00" occupancy="28.59" speed="3.17" harmonicMeanSpeed="1.75" length="5.00" nVehEntered="3"/>
    <interval begin="2280.00" end="2310.00" id="D4_3_0" nVehContrib="3" flow="360.00" occupancy="4.59" speed="10.95" harmonicMeanSpeed="10.89" length="5.00" nVehEntered="3"/>
    <interval begin="2310.00" end="2340.00" id="D4_3_0" nVehContrib="2" flow="240.00" occupancy="3.41" speed="9.79" harmonicMeanSpeed="9.78" length="5.00" nVehEntered="2"/>
    <interval begin="2340.00" end="2370.00" id="D4_3_0" nVehContrib="4" flow="480.00" occupancy="5.72" speed="11.73" harmonicMeanSpeed="11.66" length="5.00" nVehEntered="4"/>
    <interval begin="2370.00" end="2400.00" id="D4_3_0" nVehContrib="2" flow="240.00" occupancy="1.88" speed="17.75" harmonicMeanSpeed="17.72" length="5.00" nVehEntered="2"/>
    <interval begin="2400.00" end="2430.00" id="D4_3_0" nVehContrib="3" flow="360.00" occupancy="3.14" speed="16.01" harmonicMeanSpeed="15.91" length="5.00" nVehEntered="3"/>
    <interval begin="2430.00" end="2460.00" id="D4_3_0" nVehContrib="3" flow="360.00" occupancy="3.53" speed="14.19" harmonicMeanSpeed="14.17" length="5.00" nVehEntered="3"/>
    <interval begin="2460.00" end="2490.00" id="D4_3_0" nVehContrib="3" flow="360.00" occupancy="3.02" speed="16.60" harmonicMeanSpeed="16.54" length="5.00" nVehEntered="3"/>
    <interval begin="2490.00" end="2520.00" id="D4_3_0" nVehContrib="3" flow="360.00" occupancy="2.79" speed="18.05" harmonicMeanSpeed="17.90" length="5.00" nVehEntered="3"/>
    <interval begin="2520.00" end="2550.00" id="D4_3_0" nVehContrib="3" flow="360.00" occupancy="3.23" speed="15.57" harmonicMeanSpeed="15.46" length="5.00" nVehEntered="3"/>
    <interval begin="2550.00" end="2580.00" id="D4_3_0" nVehContrib="3" flow="360.00" occupancy="2.72" speed="18.56" harmonicMeanSpeed="18.37" length="5.00" nVehEntered="3"/>
    <interval begin="2580.00" end="2610.00" id="D4_3_0" nVehContrib="2" flow="240.00" occupancy="1.79" speed="18.69" harmonicMeanSpeed="18.63" length="5.00" nVehEntered="2"/>
    <interval begin="2610.00" end="2640.00" id="D4_3_0" nVehContrib="3" flow="360.00" occupancy="2.80" speed="17.90" harmonicMeanSpeed="17.88" length="5.00" nVehEntered="3"/>
    <interval begin="2640.00" end="2670.00" id="D4_3_0" nVehContrib="3" flow="360.00" occupancy="3.07" speed="16.32" harmonicMeanSpeed="16.30" length="5.00" nVehEntered="3"/>
    <interval begin="2670.00" end="2700.00" id="D4_3_0" nVehContrib="2" flow="240.00" occupancy="4.26" speed="11.50" harmonicMeanSpeed="11.43" length="5.00" nVehEntered="3"/>
    <interval begin="2700.00" end="2730.00" id="D4_3_0" nVehContrib="3" flow="360.00" occupancy="36.74" speed="3.13" harmonicMeanSpeed="1.31" length="5.00" nVehEntered="2"/>
    <interval begin="2730.00" end="2760.00" id="D4_3_0" nVehContrib="2" flow="240.00" occupancy="41.83" speed="5.70" harmonicMeanSpeed="4.28" length="5.00" nVehEntered="3"/>
    <interval begin="2760.00" end="2790.00" id="D4_3_0" nVehContrib="4" flow="480.00" occupancy="42.71" speed="2.98" harmonicMeanSpeed="0.87" length="5.00" nVehEntered="3"/>
    <interval begin="2790.00" end="2820.00" id="D4_3_0" nVehContrib="2" flow="240.00" occupancy="4.82" speed="7.43" harmonicMeanSpeed="6.92" length="5.00" nVehEntered="2"/>
    <interval begin="2820.00" end="2850.00" id="D4_3_0" nVehContrib="2" flow="240.00" occupancy="50.60" speed="1.11" harmonicMeanSpeed="1.10" length="5.00" nVehEntered="3"/>
    <interval begin="2850.00" end="2880.00" id="D4_3_0" nVehContrib="1" flow="120.00" occupancy="71.97" speed="0.55" harmonicMeanSpeed="0.55" length="5.00" nVehEntered="1"/>
    <interval begin="2880.00" end="2910.00" id="D4_3_0" nVehContrib="6" flow="720.00" occupancy="26.22" speed="2.86" harmonicMeanSpeed="1.14" length="5.00" nVehEntered="5"/>
    <interval begin="2910.00" end="2940.00" id="D4_3_0" nVehContrib="1" flow="120.00" occupancy="11.53" speed="1.44" harmonicMeanSpeed="1.44" length="5.00" nVehEntered="1"/>
    <interval begin="2940.00" end="2970.00" id="D4_3_0" nVehContrib="2" flow="240.00" occupancy="57.98" speed="1.30" harmonicMeanSpeed="1.30" length="5.00" nVehEntered="3"/>
    <interval begin="2970.00" end="3000.00" id="D4_3_0" nVehContrib="3" flow="360.00" occupancy="44.53" speed="1.40" harmonicMeanSpeed="0.65" length="5.00" nVehEntered="2"/>
    <interval begin="3000.00" end="3030.00" id="D4_3_0" nVehContrib="5" flow="600.00" occupancy="48.48" speed="2.02" harmonicMeanSpeed="1.72" length="5.00" nVehEntered="5"/>
    <interval begin="3030.00" end="3060.00" id="D4_3_0" nVehContrib="2" flow="240.00" occupancy="35.01" speed="2.65" harmonicMeanSpeed="2.27" length="5.00" nVehEntered="3"/>
    <interval begin="3060.00" end="3090.00" id="D4_3_0" nVehContrib="4" flow="480.00" occupancy="15.40" speed="3.64" harmonicMeanSpeed="1.87" length="5.00" nVehEntered="3"/>
    <interval begin="3090.00" end="3120.00" id="D4_3_0" nVehContrib="3" flow="360.00" occupancy="6.00" speed="8.34" harmonicMeanSpeed="8.34" length="5.00" nVehEntered="3"/>
    <interval begin="3120.00" end="3150.00" id="D4_3_0" nVehContrib="3" flow="360.00" occupancy="10.28" speed="5.70" harmonicMeanSpeed="5.17" length="5.00" nVehEntered="4"/>
    <interval begin="3150.00" end="3180.00" id="D4_3_0" nVehContrib="3" flow="360.00" occupancy="3.87" speed="12.51" harmonicMeanSpeed="11.15" length="5.00" nVehEntered="2"/>
    <interval begin="3180.00" end="3210.00" id="D4_3_0" nVehContrib="3" flow="360.00" occupancy="2.41" speed="20.92" harmonicMeanSpeed="20.78" length="5.00" nVehEntered="3"/>
    <interval begin="3210.00" end="3240.00" id="D4_3_0" nVehContrib="3" flow="360.00" occupancy="2.11" speed="23.70" harmonicMeanSpeed="23.68" length="5.00" nVehEntered="3"/>
    <interval begin="3240.00" end="3270.00" id="D4_3_0" nVehContrib="3" flow="360.00" occupancy="2.10" speed="23.83" harmonicMeanSpeed="23.81" length="5.00" nVehEntered="3"/>
    <interval begin="3270.00" end="3300.00" id="D4_3_0" nVehContrib="2" flow="240.00" occupancy="1.45" speed="22.94" harmonicMeanSpeed="22.93" length="5.00" nVehEntered="2"/>
    <interval begin="3300.00" end="3330.00" id="D4_3_0" nVehContrib="4" flow="480.00" occupancy="3.91" speed="17.25" harmonicMeanSpeed="17.07" length="5.00" nVehEntered="4"/>
    <interval begin="3330.00" end="3360.00" id="D4_3_0" nVehContrib="2" flow="240.00" occupancy="1.82" speed="18.32" harmonicMeanSpeed="18.30" length="5.00" nVehEntered="2"/>
    <interval begin="3360.00" end="3390.00" id="D4_3_0" nVehContrib="3" flow="360.00" occupancy="3.15" speed="16.08" harmonicMeanSpeed="15.89" length="5.00" nVehEntered="3"/>
    <interval begin="3390.00" end="3420.00" id="D4_3_0" nVehContrib="3" flow="360.00" occupancy="4.22" speed="12.01" harmonicMeanSpeed="11.86" length="5.00" nVehEntered="3"/>
    <interval begin="3420.00" end="3450.00" id="D4_3_0" nVehContrib="3" flow="360.00" occupancy="4.23" speed="12.41" harmonicMeanSpeed="11.82" length="5.00" nVehEntered="3"/>
    <interval begin="3450.00" end="3480.00" id="D4_3_0" nVehContrib="2" flow="240.00" occupancy="1.89" speed="17.66" harmonicMeanSpeed="17.60" length="5.00" nVehEntered="2"/>
    <interval begin="3480.00" end="3510.00" id="D4_3_0" nVehContrib="3" flow="360.00" occupancy="2.95" speed="17.02" harmonicMeanSpeed="16.96" length="5.00" nVehEntered="3"/>
    <interval begin="3510.00" end="3540.00" id="D4_3_0" nVehContrib="3" flow="360.00" occupancy="3.08" speed="16.31" harmonicMeanSpeed="16.22" length="5.00" nVehEntered="3"/>
    <interval begin="3540.00" end="3570.00" id="D4_3_0" nVehContrib="3" flow="360.00" occupancy="2.24" speed="22.29" harmonicMeanSpeed="22.29" length="5.00" nVehEntered="3"/>
    <interval begin="3570.00" end="3600.00" id="D4_3_0" nVehContrib="2" flow="240.00" occupancy="1.42" speed="23.59" harmonicMeanSpeed="23.55" length="5.00" nVehEntered="2"/>
    <interval begin="3600.00" end="3605.00" id="D4_3_0" nVehContrib="1" flow="720.00" occupancy="4.21" speed="23.73" harmonicMeanSpeed="23.73" length="5.00" nVehEntered="1"/>
</detector>
