<?xml version="1.0" encoding="UTF-8"?>

<!-- generated on 02/02/20 10:23:44 by Eclipse SUMO Version 1.3.1
<configuration xmlns:xsi="http://www.w3.org/2001/XMLSchema-instance" xsi:noNamespaceSchemaLocation="http://sumo.dlr.de/xsd/sumoConfiguration.xsd">

    <input>
        <net-file value="gnet.net.xml"/>
        <route-files value="grou.rou.xml"/>
        <additional-files value="gadd.additional.xml"/>
    </input>

    <output>
        <queue-output value="Queue.xml"/>
        <summary-output value="Summary.xml"/>
        <tripinfo-output value="output-tripinfos.xml"/>
    </output>

    <time>
        <begin value="0"/>
        <end value="3600"/>
    </time>

    <processing>
        <time-to-teleport value="3600"/>
    </processing>

    <traci_server>
        <remote-port value="10631"/>
    </traci_server>

    <gui_only>
        <gui-settings-file value="gview.view.xml"/>
        <quit-on-end value="true"/>
        <start value="true"/>
    </gui_only>

</configuration>
-->

<detector xmlns:xsi="http://www.w3.org/2001/XMLSchema-instance" xsi:noNamespaceSchemaLocation="http://sumo.dlr.de/xsd/det_e1_file.xsd">
    <interval begin="0.00" end="30.00" id="D5_1_0" nVehContrib="2" flow="240.00" occupancy="0.86" speed="38.94" harmonicMeanSpeed="38.91" length="5.00" nVehEntered="2"/>
    <interval begin="30.00" end="60.00" id="D5_1_0" nVehContrib="7" flow="840.00" occupancy="3.18" speed="36.91" harmonicMeanSpeed="36.73" length="5.00" nVehEntered="7"/>
    <interval begin="60.00" end="90.00" id="D5_1_0" nVehContrib="2" flow="240.00" occupancy="1.76" speed="19.03" harmonicMeanSpeed="18.93" length="5.00" nVehEntered="2"/>
    <interval begin="90.00" end="120.00" id="D5_1_0" nVehContrib="7" flow="840.00" occupancy="5.62" speed="20.79" harmonicMeanSpeed="20.74" length="5.00" nVehEntered="7"/>
    <interval begin="120.00" end="150.00" id="D5_1_0" nVehContrib="8" flow="960.00" occupancy="4.55" speed="30.48" harmonicMeanSpeed="29.32" length="5.00" nVehEntered="8"/>
    <interval begin="150.00" end="180.00" id="D5_1_0" nVehContrib="1" flow="120.00" occupancy="0.84" speed="19.81" harmonicMeanSpeed="19.81" length="5.00" nVehEntered="1"/>
    <interval begin="180.00" end="210.00" id="D5_1_0" nVehContrib="3" flow="360.00" occupancy="2.46" speed="20.33" harmonicMeanSpeed="20.31" length="5.00" nVehEntered="3"/>
    <interval begin="210.00" end="240.00" id="D5_1_0" nVehContrib="12" flow="1440.00" occupancy="8.18" speed="26.01" harmonicMeanSpeed="24.45" length="5.00" nVehEntered="12"/>
    <interval begin="240.00" end="270.00" id="D5_1_0" nVehContrib="2" flow="240.00" occupancy="0.90" speed="36.97" harmonicMeanSpeed="36.91" length="5.00" nVehEntered="2"/>
    <interval begin="270.00" end="300.00" id="D5_1_0" nVehContrib="2" flow="240.00" occupancy="1.77" speed="18.86" harmonicMeanSpeed="18.84" length="5.00" nVehEntered="2"/>
    <interval begin="300.00" end="330.00" id="D5_1_0" nVehContrib="9" flow="1080.00" occupancy="7.29" speed="20.65" harmonicMeanSpeed="20.56" length="5.00" nVehEntered="9"/>
    <interval begin="330.00" end="360.00" id="D5_1_0" nVehContrib="2" flow="240.00" occupancy="1.17" speed="28.60" harmonicMeanSpeed="28.60" length="5.00" nVehEntered="2"/>
    <interval begin="360.00" end="390.00" id="D5_1_0" nVehContrib="2" flow="240.00" occupancy="1.65" speed="20.22" harmonicMeanSpeed="20.20" length="5.00" nVehEntered="2"/>
    <interval begin="390.00" end="420.00" id="D5_1_0" nVehContrib="8" flow="960.00" occupancy="6.39" speed="20.94" harmonicMeanSpeed="20.87" length="5.00" nVehEntered="8"/>
    <interval begin="420.00" end="450.00" id="D5_1_0" nVehContrib="5" flow="600.00" occupancy="3.15" speed="26.61" harmonicMeanSpeed="26.44" length="5.00" nVehEntered="5"/>
    <interval begin="450.00" end="480.00" id="D5_1_0" nVehContrib="2" flow="240.00" occupancy="1.78" speed="18.74" harmonicMeanSpeed="18.68" length="5.00" nVehEntered="2"/>
    <interval begin="480.00" end="510.00" id="D5_1_0" nVehContrib="4" flow="480.00" occupancy="3.62" speed="18.41" harmonicMeanSpeed="18.39" length="5.00" nVehEntered="4"/>
    <interval begin="510.00" end="540.00" id="D5_1_0" nVehContrib="8" flow="960.00" occupancy="5.85" speed="22.95" harmonicMeanSpeed="22.78" length="5.00" nVehEntered="8"/>
    <interval begin="540.00" end="570.00" id="D5_1_0" nVehContrib="0" flow="0.00" occupancy="0.00" speed="-1.00" harmonicMeanSpeed="-1.00" length="-1.00" nVehEntered="0"/>
    <interval begin="570.00" end="600.00" id="D5_1_0" nVehContrib="1" flow="120.00" occupancy="0.94" speed="17.78" harmonicMeanSpeed="17.78" length="5.00" nVehEntered="1"/>
    <interval begin="600.00" end="630.00" id="D5_1_0" nVehContrib="12" flow="1440.00" occupancy="9.85" speed="20.41" harmonicMeanSpeed="20.30" length="5.00" nVehEntered="12"/>
    <interval begin="630.00" end="660.00" id="D5_1_0" nVehContrib="4" flow="480.00" occupancy="2.11" speed="32.80" harmonicMeanSpeed="31.67" length="5.00" nVehEntered="4"/>
    <interval begin="660.00" end="690.00" id="D5_1_0" nVehContrib="1" flow="120.00" occupancy="0.84" speed="19.73" harmonicMeanSpeed="19.73" length="5.00" nVehEntered="1"/>
    <interval begin="690.00" end="720.00" id="D5_1_0" nVehContrib="5" flow="600.00" occupancy="4.17" speed="20.01" harmonicMeanSpeed="19.98" length="5.00" nVehEntered="5"/>
    <interval begin="720.00" end="750.00" id="D5_1_0" nVehContrib="3" flow="360.00" occupancy="2.62" speed="19.16" harmonicMeanSpeed="19.12" length="5.00" nVehEntered="3"/>
    <interval begin="750.00" end="780.00" id="D5_1_0" nVehContrib="3" flow="360.00" occupancy="2.57" speed="19.49" harmonicMeanSpeed="19.47" length="5.00" nVehEntered="3"/>
    <interval begin="780.00" end="810.00" id="D5_1_0" nVehContrib="4" flow="480.00" occupancy="3.34" speed="19.94" harmonicMeanSpeed="19.93" length="5.00" nVehEntered="4"/>
    <interval begin="810.00" end="840.00" id="D5_1_0" nVehContrib="4" flow="480.00" occupancy="3.57" speed="18.72" harmonicMeanSpeed="18.69" length="5.00" nVehEntered="4"/>
    <interval begin="840.00" end="870.00" id="D5_1_0" nVehContrib="6" flow="720.00" occupancy="4.95" speed="20.24" harmonicMeanSpeed="20.21" length="5.00" nVehEntered="6"/>
    <interval begin="870.00" end="900.00" id="D5_1_0" nVehContrib="4" flow="480.00" occupancy="3.33" speed="20.04" harmonicMeanSpeed="20.02" length="5.00" nVehEntered="4"/>
    <interval begin="900.00" end="930.00" id="D5_1_0" nVehContrib="6" flow="720.00" occupancy="5.14" speed="19.47" harmonicMeanSpeed="19.45" length="5.00" nVehEntered="6"/>
    <interval begin="930.00" end="960.00" id="D5_1_0" nVehContrib="4" flow="480.00" occupancy="3.36" speed="19.90" harmonicMeanSpeed="19.87" length="5.00" nVehEntered="4"/>
    <interval begin="960.00" end="990.00" id="D5_1_0" nVehContrib="5" flow="600.00" occupancy="4.46" speed="18.74" harmonicMeanSpeed="18.70" length="5.00" nVehEntered="5"/>
    <interval begin="990.00" end="1020.00" id="D5_1_0" nVehContrib="4" flow="480.00" occupancy="3.48" speed="19.18" harmonicMeanSpeed="19.15" length="5.00" nVehEntered="4"/>
    <interval begin="1020.00" end="1050.00" id="D5_1_0" nVehContrib="3" flow="360.00" occupancy="2.49" speed="20.08" harmonicMeanSpeed="20.06" length="5.00" nVehEntered="3"/>
    <interval begin="1050.00" end="1080.00" id="D5_1_0" nVehContrib="3" flow="360.00" occupancy="2.65" speed="18.91" harmonicMeanSpeed="18.88" length="5.00" nVehEntered="3"/>
    <interval begin="1080.00" end="1110.00" id="D5_1_0" nVehContrib="8" flow="960.00" occupancy="6.55" speed="20.41" harmonicMeanSpeed="20.36" length="5.00" nVehEntered="8"/>
    <interval begin="1110.00" end="1140.00" id="D5_1_0" nVehContrib="4" flow="480.00" occupancy="3.55" speed="18.86" harmonicMeanSpeed="18.79" length="5.00" nVehEntered="4"/>
    <interval begin="1140.00" end="1170.00" id="D5_1_0" nVehContrib="5" flow="600.00" occupancy="4.44" speed="18.82" harmonicMeanSpeed="18.76" length="5.00" nVehEntered="5"/>
    <interval begin="1170.00" end="1200.00" id="D5_1_0" nVehContrib="7" flow="840.00" occupancy="5.64" speed="20.71" harmonicMeanSpeed="20.68" length="5.00" nVehEntered="7"/>
    <interval begin="1200.00" end="1230.00" id="D5_1_0" nVehContrib="3" flow="360.00" occupancy="2.58" speed="19.37" harmonicMeanSpeed="19.36" length="5.00" nVehEntered="3"/>
    <interval begin="1230.00" end="1260.00" id="D5_1_0" nVehContrib="4" flow="480.00" occupancy="3.41" speed="19.55" harmonicMeanSpeed="19.53" length="5.00" nVehEntered="4"/>
    <interval begin="1260.00" end="1290.00" id="D5_1_0" nVehContrib="5" flow="600.00" occupancy="4.17" speed="20.01" harmonicMeanSpeed="19.98" length="5.00" nVehEntered="5"/>
    <interval begin="1290.00" end="1320.00" id="D5_1_0" nVehContrib="4" flow="480.00" occupancy="3.36" speed="19.85" harmonicMeanSpeed="19.85" length="5.00" nVehEntered="4"/>
    <interval begin="1320.00" end="1350.00" id="D5_1_0" nVehContrib="6" flow="720.00" occupancy="5.36" speed="18.71" harmonicMeanSpeed="18.66" length="5.00" nVehEntered="6"/>
    <interval begin="1350.00" end="1380.00" id="D5_1_0" nVehContrib="4" flow="480.00" occupancy="3.45" speed="19.33" harmonicMeanSpeed="19.32" length="5.00" nVehEntered="4"/>
    <interval begin="1380.00" end="1410.00" id="D5_1_0" nVehContrib="8" flow="960.00" occupancy="6.69" speed="20.01" harmonicMeanSpeed="19.92" length="5.00" nVehEntered="8"/>
    <interval begin="1410.00" end="1440.00" id="D5_1_0" nVehContrib="3" flow="360.00" occupancy="2.63" speed="19.04" harmonicMeanSpeed="19.02" length="5.00" nVehEntered="3"/>
    <interval begin="1440.00" end="1470.00" id="D5_1_0" nVehContrib="4" flow="480.00" occupancy="3.59" speed="18.64" harmonicMeanSpeed="18.58" length="5.00" nVehEntered="4"/>
    <interval begin="1470.00" end="1500.00" id="D5_1_0" nVehContrib="3" flow="360.00" occupancy="2.58" speed="19.39" harmonicMeanSpeed="19.36" length="5.00" nVehEntered="3"/>
    <interval begin="1500.00" end="1530.00" id="D5_1_0" nVehContrib="4" flow="480.00" occupancy="3.36" speed="19.85" harmonicMeanSpeed="19.84" length="5.00" nVehEntered="4"/>
    <interval begin="1530.00" end="1560.00" id="D5_1_0" nVehContrib="2" flow="240.00" occupancy="1.78" speed="18.71" harmonicMeanSpeed="18.70" length="5.00" nVehEntered="2"/>
    <interval begin="1560.00" end="1590.00" id="D5_1_0" nVehContrib="5" flow="600.00" occupancy="4.41" speed="18.91" harmonicMeanSpeed="18.90" length="5.00" nVehEntered="5"/>
    <interval begin="1590.00" end="1620.00" id="D5_1_0" nVehContrib="4" flow="480.00" occupancy="3.56" speed="19.59" harmonicMeanSpeed="19.56" length="5.00" nVehEntered="5"/>
    <interval begin="1620.00" end="1650.00" id="D5_1_0" nVehContrib="3" flow="360.00" occupancy="2.32" speed="20.19" harmonicMeanSpeed="20.16" length="5.00" nVehEntered="2"/>
    <interval begin="1650.00" end="1680.00" id="D5_1_0" nVehContrib="3" flow="360.00" occupancy="2.54" speed="19.73" harmonicMeanSpeed="19.71" length="5.00" nVehEntered="3"/>
    <interval begin="1680.00" end="1710.00" id="D5_1_0" nVehContrib="5" flow="600.00" occupancy="4.21" speed="19.84" harmonicMeanSpeed="19.81" length="5.00" nVehEntered="5"/>
    <interval begin="1710.00" end="1740.00" id="D5_1_0" nVehContrib="5" flow="600.00" occupancy="4.28" speed="19.50" harmonicMeanSpeed="19.47" length="5.00" nVehEntered="5"/>
    <interval begin="1740.00" end="1770.00" id="D5_1_0" nVehContrib="1" flow="120.00" occupancy="0.88" speed="19.00" harmonicMeanSpeed="19.00" length="5.00" nVehEntered="1"/>
    <interval begin="1770.00" end="1800.00" id="D5_1_0" nVehContrib="2" flow="240.00" occupancy="1.71" speed="19.54" harmonicMeanSpeed="19.53" length="5.00" nVehEntered="2"/>
    <interval begin="1800.00" end="1830.00" id="D5_1_0" nVehContrib="3" flow="360.00" occupancy="2.60" speed="19.25" harmonicMeanSpeed="19.22" length="5.00" nVehEntered="3"/>
    <interval begin="1830.00" end="1860.00" id="D5_1_0" nVehContrib="5" flow="600.00" occupancy="4.48" speed="18.63" harmonicMeanSpeed="18.60" length="5.00" nVehEntered="5"/>
    <interval begin="1860.00" end="1890.00" id="D5_1_0" nVehContrib="3" flow="360.00" occupancy="2.56" speed="19.58" harmonicMeanSpeed="19.53" length="5.00" nVehEntered="3"/>
    <interval begin="1890.00" end="1920.00" id="D5_1_0" nVehContrib="1" flow="120.00" occupancy="0.84" speed="19.75" harmonicMeanSpeed="19.75" length="5.00" nVehEntered="1"/>
    <interval begin="1920.00" end="1950.00" id="D5_1_0" nVehContrib="4" flow="480.00" occupancy="3.37" speed="19.77" harmonicMeanSpeed="19.76" length="5.00" nVehEntered="4"/>
    <interval begin="1950.00" end="1980.00" id="D5_1_0" nVehContrib="5" flow="600.00" occupancy="4.38" speed="19.13" harmonicMeanSpeed="19.04" length="5.00" nVehEntered="5"/>
    <interval begin="1980.00" end="2010.00" id="D5_1_0" nVehContrib="3" flow="360.00" occupancy="2.49" speed="20.17" harmonicMeanSpeed="20.10" length="5.00" nVehEntered="3"/>
    <interval begin="2010.00" end="2040.00" id="D5_1_0" nVehContrib="3" flow="360.00" occupancy="2.65" speed="18.93" harmonicMeanSpeed="18.88" length="5.00" nVehEntered="3"/>
    <interval begin="2040.00" end="2070.00" id="D5_1_0" nVehContrib="5" flow="600.00" occupancy="4.27" speed="19.54" harmonicMeanSpeed="19.53" length="5.00" nVehEntered="5"/>
    <interval begin="2070.00" end="2100.00" id="D5_1_0" nVehContrib="4" flow="480.00" occupancy="3.58" speed="18.66" harmonicMeanSpeed="18.61" length="5.00" nVehEntered="4"/>
    <interval begin="2100.00" end="2130.00" id="D5_1_0" nVehContrib="2" flow="240.00" occupancy="1.69" speed="19.81" harmonicMeanSpeed="19.67" length="5.00" nVehEntered="2"/>
    <interval begin="2130.00" end="2160.00" id="D5_1_0" nVehContrib="5" flow="600.00" occupancy="4.43" speed="18.85" harmonicMeanSpeed="18.80" length="5.00" nVehEntered="5"/>
    <interval begin="2160.00" end="2190.00" id="D5_1_0" nVehContrib="5" flow="600.00" occupancy="4.45" speed="18.74" harmonicMeanSpeed="18.72" length="5.00" nVehEntered="5"/>
    <interval begin="2190.00" end="2220.00" id="D5_1_0" nVehContrib="3" flow="360.00" occupancy="2.67" speed="18.76" harmonicMeanSpeed="18.72" length="5.00" nVehEntered="3"/>
    <interval begin="2220.00" end="2250.00" id="D5_1_0" nVehContrib="3" flow="360.00" occupancy="2.47" speed="20.28" harmonicMeanSpeed="20.26" length="5.00" nVehEntered="3"/>
    <interval begin="2250.00" end="2280.00" id="D5_1_0" nVehContrib="5" flow="600.00" occupancy="4.46" speed="18.71" harmonicMeanSpeed="18.70" length="5.00" nVehEntered="5"/>
    <interval begin="2280.00" end="2310.00" id="D5_1_0" nVehContrib="3" flow="360.00" occupancy="2.51" speed="19.91" harmonicMeanSpeed="19.89" length="5.00" nVehEntered="3"/>
    <interval begin="2310.00" end="2340.00" id="D5_1_0" nVehContrib="4" flow="480.00" occupancy="3.44" speed="19.41" harmonicMeanSpeed="19.35" length="5.00" nVehEntered="4"/>
    <interval begin="2340.00" end="2370.00" id="D5_1_0" nVehContrib="5" flow="600.00" occupancy="4.49" speed="18.62" harmonicMeanSpeed="18.57" length="5.00" nVehEntered="5"/>
    <interval begin="2370.00" end="2400.00" id="D5_1_0" nVehContrib="3" flow="360.00" occupancy="2.51" speed="19.92" harmonicMeanSpeed="19.89" length="5.00" nVehEntered="3"/>
    <interval begin="2400.00" end="2430.00" id="D5_1_0" nVehContrib="4" flow="480.00" occupancy="3.49" speed="19.20" harmonicMeanSpeed="19.09" length="5.00" nVehEntered="4"/>
    <interval begin="2430.00" end="2460.00" id="D5_1_0" nVehContrib="3" flow="360.00" occupancy="2.58" speed="19.38" harmonicMeanSpeed="19.37" length="5.00" nVehEntered="3"/>
    <interval begin="2460.00" end="2490.00" id="D5_1_0" nVehContrib="4" flow="480.00" occupancy="3.53" speed="18.95" harmonicMeanSpeed="18.87" length="5.00" nVehEntered="4"/>
    <interval begin="2490.00" end="2520.00" id="D5_1_0" nVehContrib="6" flow="720.00" occupancy="5.14" speed="19.53" harmonicMeanSpeed="19.47" length="5.00" nVehEntered="6"/>
    <interval begin="2520.00" end="2550.00" id="D5_1_0" nVehContrib="4" flow="480.00" occupancy="3.53" speed="18.90" harmonicMeanSpeed="18.89" length="5.00" nVehEntered="4"/>
    <interval begin="2550.00" end="2580.00" id="D5_1_0" nVehContrib="2" flow="240.00" occupancy="1.71" speed="19.44" harmonicMeanSpeed="19.44" length="5.00" nVehEntered="2"/>
    <interval begin="2580.00" end="2610.00" id="D5_1_0" nVehContrib="7" flow="840.00" occupancy="5.92" speed="19.73" harmonicMeanSpeed="19.70" length="5.00" nVehEntered="7"/>
    <interval begin="2610.00" end="2640.00" id="D5_1_0" nVehContrib="4" flow="480.00" occupancy="3.33" speed="20.07" harmonicMeanSpeed="20.04" length="5.00" nVehEntered="4"/>
    <interval begin="2640.00" end="2670.00" id="D5_1_0" nVehContrib="4" flow="480.00" occupancy="3.36" speed="19.87" harmonicMeanSpeed="19.85" length="5.00" nVehEntered="4"/>
    <interval begin="2670.00" end="2700.00" id="D5_1_0" nVehContrib="5" flow="600.00" occupancy="4.31" speed="19.38" harmonicMeanSpeed="19.34" length="5.00" nVehEntered="5"/>
    <interval begin="2700.00" end="2730.00" id="D5_1_0" nVehContrib="2" flow="240.00" occupancy="1.73" speed="19.27" harmonicMeanSpeed="19.27" length="5.00" nVehEntered="2"/>
    <interval begin="2730.00" end="2760.00" id="D5_1_0" nVehContrib="4" flow="480.00" occupancy="3.46" speed="19.29" harmonicMeanSpeed="19.25" length="5.00" nVehEntered="4"/>
    <interval begin="2760.00" end="2790.00" id="D5_1_0" nVehContrib="2" flow="240.00" occupancy="1.69" speed="19.68" harmonicMeanSpeed="19.67" length="5.00" nVehEntered="2"/>
    <interval begin="2790.00" end="2820.00" id="D5_1_0" nVehContrib="5" flow="600.00" occupancy="4.32" speed="19.36" harmonicMeanSpeed="19.31" length="5.00" nVehEntered="5"/>
    <interval begin="2820.00" end="2850.00" id="D5_1_0" nVehContrib="4" flow="480.00" occupancy="3.35" speed="19.88" harmonicMeanSpeed="19.88" length="5.00" nVehEntered="4"/>
    <interval begin="2850.00" end="2880.00" id="D5_1_0" nVehContrib="4" flow="480.00" occupancy="3.57" speed="18.71" harmonicMeanSpeed="18.70" length="5.00" nVehEntered="4"/>
    <interval begin="2880.00" end="2910.00" id="D5_1_0" nVehContrib="5" flow="600.00" occupancy="4.34" speed="19.20" harmonicMeanSpeed="19.20" length="5.00" nVehEntered="5"/>
    <interval begin="2910.00" end="2940.00" id="D5_1_0" nVehContrib="4" flow="480.00" occupancy="3.39" speed="19.69" harmonicMeanSpeed="19.67" length="5.00" nVehEntered="4"/>
    <interval begin="2940.00" end="2970.00" id="D5_1_0" nVehContrib="4" flow="480.00" occupancy="3.47" speed="19.23" harmonicMeanSpeed="19.20" length="5.00" nVehEntered="4"/>
    <interval begin="2970.00" end="3000.00" id="D5_1_0" nVehContrib="6" flow="720.00" occupancy="4.96" speed="20.25" harmonicMeanSpeed="20.15" length="5.00" nVehEntered="6"/>
    <interval begin="3000.00" end="3030.00" id="D5_1_0" nVehContrib="1" flow="120.00" occupancy="0.90" speed="18.43" harmonicMeanSpeed="18.43" length="5.00" nVehEntered="1"/>
    <interval begin="3030.00" end="3060.00" id="D5_1_0" nVehContrib="5" flow="600.00" occupancy="4.26" speed="19.57" harmonicMeanSpeed="19.55" length="5.00" nVehEntered="5"/>
    <interval begin="3060.00" end="3090.00" id="D5_1_0" nVehContrib="1" flow="120.00" occupancy="1.69" speed="17.84" harmonicMeanSpeed="17.84" length="5.00" nVehEntered="2"/>
    <interval begin="3090.00" end="3120.00" id="D5_1_0" nVehContrib="5" flow="600.00" occupancy="3.69" speed="18.80" harmonicMeanSpeed="18.78" length="5.00" nVehEntered="4"/>
    <interval begin="3120.00" end="3150.00" id="D5_1_0" nVehContrib="4" flow="480.00" occupancy="3.54" speed="18.93" harmonicMeanSpeed="18.83" length="5.00" nVehEntered="4"/>
    <interval begin="3150.00" end="3180.00" id="D5_1_0" nVehContrib="3" flow="360.00" occupancy="2.61" speed="19.16" harmonicMeanSpeed="19.15" length="5.00" nVehEntered="3"/>
    <interval begin="3180.00" end="3210.00" id="D5_1_0" nVehContrib="5" flow="600.00" occupancy="4.36" speed="19.10" harmonicMeanSpeed="19.09" length="5.00" nVehEntered="5"/>
    <interval begin="3210.00" end="3240.00" id="D5_1_0" nVehContrib="2" flow="240.00" occupancy="1.69" speed="19.76" harmonicMeanSpeed="19.75" length="5.00" nVehEntered="2"/>
    <interval begin="3240.00" end="3270.00" id="D5_1_0" nVehContrib="3" flow="360.00" occupancy="2.52" speed="19.84" harmonicMeanSpeed="19.80" length="5.00" nVehEntered="3"/>
    <interval begin="3270.00" end="3300.00" id="D5_1_0" nVehContrib="4" flow="480.00" occupancy="3.44" speed="19.42" harmonicMeanSpeed="19.41" length="5.00" nVehEntered="4"/>
    <interval begin="3300.00" end="3330.00" id="D5_1_0" nVehContrib="5" flow="600.00" occupancy="4.35" speed="19.15" harmonicMeanSpeed="19.14" length="5.00" nVehEntered="5"/>
    <interval begin="3330.00" end="3360.00" id="D5_1_0" nVehContrib="2" flow="240.00" occupancy="1.69" speed="19.83" harmonicMeanSpeed="19.78" length="5.00" nVehEntered="2"/>
    <interval begin="3360.00" end="3390.00" id="D5_1_0" nVehContrib="4" flow="480.00" occupancy="3.46" speed="19.28" harmonicMeanSpeed="19.26" length="5.00" nVehEntered="4"/>
    <interval begin="3390.00" end="3420.00" id="D5_1_0" nVehContrib="7" flow="840.00" occupancy="6.13" speed="19.07" harmonicMeanSpeed="19.04" length="5.00" nVehEntered="7"/>
    <interval begin="3420.00" end="3450.00" id="D5_1_0" nVehContrib="4" flow="480.00" occupancy="3.41" speed="19.56" harmonicMeanSpeed="19.54" length="5.00" nVehEntered="4"/>
    <interval begin="3450.00" end="3480.00" id="D5_1_0" nVehContrib="4" flow="480.00" occupancy="3.41" speed="19.59" harmonicMeanSpeed="19.58" length="5.00" nVehEntered="4"/>
    <interval begin="3480.00" end="3510.00" id="D5_1_0" nVehContrib="5" flow="600.00" occupancy="4.22" speed="19.76" harmonicMeanSpeed="19.74" length="5.00" nVehEntered="5"/>
    <interval begin="3510.00" end="3540.00" id="D5_1_0" nVehContrib="2" flow="240.00" occupancy="1.68" speed="19.93" harmonicMeanSpeed="19.87" length="5.00" nVehEntered="2"/>
    <interval begin="3540.00" end="3570.00" id="D5_1_0" nVehContrib="5" flow="600.00" occupancy="4.32" speed="19.33" harmonicMeanSpeed="19.31" length="5.00" nVehEntered="5"/>
    <interval begin="3570.00" end="3600.00" id="D5_1_0" nVehContrib="3" flow="360.00" occupancy="2.58" speed="19.40" harmonicMeanSpeed="19.37" length="5.00" nVehEntered="3"/>
    <interval begin="3600.00" end="3605.00" id="D5_1_0" nVehContrib="0" flow="0.00" occupancy="0.00" speed="-1.00" harmonicMeanSpeed="-1.00" length="-1.00" nVehEntered="0"/>
</detector>
