<?xml version="1.0" encoding="UTF-8"?>

<!-- generated on 02/02/20 10:23:44 by Eclipse SUMO Version 1.3.1
<configuration xmlns:xsi="http://www.w3.org/2001/XMLSchema-instance" xsi:noNamespaceSchemaLocation="http://sumo.dlr.de/xsd/sumoConfiguration.xsd">

    <input>
        <net-file value="gnet.net.xml"/>
        <route-files value="grou.rou.xml"/>
        <additional-files value="gadd.additional.xml"/>
    </input>

    <output>
        <queue-output value="Queue.xml"/>
        <summary-output value="Summary.xml"/>
        <tripinfo-output value="output-tripinfos.xml"/>
    </output>

    <time>
        <begin value="0"/>
        <end value="3600"/>
    </time>

    <processing>
        <time-to-teleport value="3600"/>
    </processing>

    <traci_server>
        <remote-port value="10631"/>
    </traci_server>

    <gui_only>
        <gui-settings-file value="gview.view.xml"/>
        <quit-on-end value="true"/>
        <start value="true"/>
    </gui_only>

</configuration>
-->

<detector xmlns:xsi="http://www.w3.org/2001/XMLSchema-instance" xsi:noNamespaceSchemaLocation="http://sumo.dlr.de/xsd/det_e1_file.xsd">
    <interval begin="0.00" end="30.00" id="D6_1_1" nVehContrib="1" flow="120.00" occupancy="1.87" speed="8.92" harmonicMeanSpeed="8.92" length="5.00" nVehEntered="1"/>
    <interval begin="30.00" end="60.00" id="D6_1_1" nVehContrib="2" flow="240.00" occupancy="3.64" speed="9.18" harmonicMeanSpeed="9.17" length="5.00" nVehEntered="2"/>
    <interval begin="60.00" end="90.00" id="D6_1_1" nVehContrib="0" flow="0.00" occupancy="0.00" speed="-1.00" harmonicMeanSpeed="-1.00" length="-1.00" nVehEntered="0"/>
    <interval begin="90.00" end="120.00" id="D6_1_1" nVehContrib="9" flow="1080.00" occupancy="22.51" speed="7.96" harmonicMeanSpeed="6.66" length="5.00" nVehEntered="9"/>
    <interval begin="120.00" end="150.00" id="D6_1_1" nVehContrib="6" flow="720.00" occupancy="11.00" speed="9.13" harmonicMeanSpeed="9.09" length="5.00" nVehEntered="6"/>
    <interval begin="150.00" end="180.00" id="D6_1_1" nVehContrib="0" flow="0.00" occupancy="0.00" speed="-1.00" harmonicMeanSpeed="-1.00" length="-1.00" nVehEntered="0"/>
    <interval begin="180.00" end="210.00" id="D6_1_1" nVehContrib="5" flow="600.00" occupancy="15.10" speed="6.74" harmonicMeanSpeed="5.52" length="5.00" nVehEntered="5"/>
    <interval begin="210.00" end="240.00" id="D6_1_1" nVehContrib="8" flow="960.00" occupancy="13.43" speed="9.96" harmonicMeanSpeed="9.93" length="5.00" nVehEntered="8"/>
    <interval begin="240.00" end="270.00" id="D6_1_1" nVehContrib="1" flow="120.00" occupancy="1.89" speed="8.82" harmonicMeanSpeed="8.82" length="5.00" nVehEntered="1"/>
    <interval begin="270.00" end="300.00" id="D6_1_1" nVehContrib="1" flow="120.00" occupancy="5.03" speed="3.32" harmonicMeanSpeed="3.32" length="5.00" nVehEntered="1"/>
    <interval begin="300.00" end="330.00" id="D6_1_1" nVehContrib="12" flow="1440.00" occupancy="22.14" speed="9.24" harmonicMeanSpeed="9.03" length="5.00" nVehEntered="12"/>
    <interval begin="330.00" end="360.00" id="D6_1_1" nVehContrib="0" flow="0.00" occupancy="0.00" speed="-1.00" harmonicMeanSpeed="-1.00" length="-1.00" nVehEntered="0"/>
    <interval begin="360.00" end="390.00" id="D6_1_1" nVehContrib="0" flow="0.00" occupancy="0.00" speed="-1.00" harmonicMeanSpeed="-1.00" length="-1.00" nVehEntered="0"/>
    <interval begin="390.00" end="420.00" id="D6_1_1" nVehContrib="10" flow="1200.00" occupancy="29.36" speed="8.37" harmonicMeanSpeed="5.68" length="5.00" nVehEntered="10"/>
    <interval begin="420.00" end="450.00" id="D6_1_1" nVehContrib="5" flow="600.00" occupancy="8.92" speed="9.42" harmonicMeanSpeed="9.34" length="5.00" nVehEntered="5"/>
    <interval begin="450.00" end="480.00" id="D6_1_1" nVehContrib="0" flow="0.00" occupancy="0.00" speed="-1.00" harmonicMeanSpeed="-1.00" length="-1.00" nVehEntered="0"/>
    <interval begin="480.00" end="510.00" id="D6_1_1" nVehContrib="6" flow="720.00" occupancy="22.93" speed="7.58" harmonicMeanSpeed="4.36" length="5.00" nVehEntered="6"/>
    <interval begin="510.00" end="540.00" id="D6_1_1" nVehContrib="9" flow="1080.00" occupancy="15.78" speed="9.54" harmonicMeanSpeed="9.50" length="5.00" nVehEntered="9"/>
    <interval begin="540.00" end="570.00" id="D6_1_1" nVehContrib="0" flow="0.00" occupancy="0.00" speed="-1.00" harmonicMeanSpeed="-1.00" length="-1.00" nVehEntered="0"/>
    <interval begin="570.00" end="600.00" id="D6_1_1" nVehContrib="0" flow="0.00" occupancy="20.00" speed="-1.00" harmonicMeanSpeed="-1.00" length="-1.00" nVehEntered="1"/>
    <interval begin="600.00" end="630.00" id="D6_1_1" nVehContrib="13" flow="1560.00" occupancy="31.35" speed="8.12" harmonicMeanSpeed="4.22" length="5.00" nVehEntered="12"/>
    <interval begin="630.00" end="660.00" id="D6_1_1" nVehContrib="2" flow="240.00" occupancy="3.23" speed="10.31" harmonicMeanSpeed="10.31" length="5.00" nVehEntered="2"/>
    <interval begin="660.00" end="690.00" id="D6_1_1" nVehContrib="0" flow="0.00" occupancy="0.00" speed="-1.00" harmonicMeanSpeed="-1.00" length="-1.00" nVehEntered="0"/>
    <interval begin="690.00" end="720.00" id="D6_1_1" nVehContrib="4" flow="480.00" occupancy="50.73" speed="2.08" harmonicMeanSpeed="1.31" length="5.00" nVehEntered="4"/>
    <interval begin="720.00" end="750.00" id="D6_1_1" nVehContrib="4" flow="480.00" occupancy="37.56" speed="2.42" harmonicMeanSpeed="1.78" length="5.00" nVehEntered="4"/>
    <interval begin="750.00" end="780.00" id="D6_1_1" nVehContrib="4" flow="480.00" occupancy="49.22" speed="2.28" harmonicMeanSpeed="1.61" length="5.00" nVehEntered="5"/>
    <interval begin="780.00" end="810.00" id="D6_1_1" nVehContrib="2" flow="240.00" occupancy="77.45" speed="1.63" harmonicMeanSpeed="0.39" length="5.00" nVehEntered="1"/>
    <interval begin="810.00" end="840.00" id="D6_1_1" nVehContrib="4" flow="480.00" occupancy="23.58" speed="2.85" harmonicMeanSpeed="2.83" length="5.00" nVehEntered="4"/>
    <interval begin="840.00" end="870.00" id="D6_1_1" nVehContrib="7" flow="840.00" occupancy="42.71" speed="4.97" harmonicMeanSpeed="2.73" length="5.00" nVehEntered="7"/>
    <interval begin="870.00" end="900.00" id="D6_1_1" nVehContrib="2" flow="240.00" occupancy="74.23" speed="2.32" harmonicMeanSpeed="0.45" length="5.00" nVehEntered="2"/>
    <interval begin="900.00" end="930.00" id="D6_1_1" nVehContrib="4" flow="480.00" occupancy="35.73" speed="2.20" harmonicMeanSpeed="1.87" length="5.00" nVehEntered="4"/>
    <interval begin="930.00" end="960.00" id="D6_1_1" nVehContrib="4" flow="480.00" occupancy="28.82" speed="2.62" harmonicMeanSpeed="2.61" length="5.00" nVehEntered="5"/>
    <interval begin="960.00" end="990.00" id="D6_1_1" nVehContrib="4" flow="480.00" occupancy="48.24" speed="2.35" harmonicMeanSpeed="1.56" length="5.00" nVehEntered="4"/>
    <interval begin="990.00" end="1020.00" id="D6_1_1" nVehContrib="4" flow="480.00" occupancy="41.88" speed="2.16" harmonicMeanSpeed="1.95" length="5.00" nVehEntered="4"/>
    <interval begin="1020.00" end="1050.00" id="D6_1_1" nVehContrib="4" flow="480.00" occupancy="61.31" speed="0.93" harmonicMeanSpeed="0.85" length="5.00" nVehEntered="3"/>
    <interval begin="1050.00" end="1080.00" id="D6_1_1" nVehContrib="2" flow="240.00" occupancy="75.37" speed="2.60" harmonicMeanSpeed="2.56" length="5.00" nVehEntered="3"/>
    <interval begin="1080.00" end="1110.00" id="D6_1_1" nVehContrib="4" flow="480.00" occupancy="60.28" speed="1.43" harmonicMeanSpeed="0.54" length="5.00" nVehEntered="3"/>
    <interval begin="1110.00" end="1140.00" id="D6_1_1" nVehContrib="4" flow="480.00" occupancy="62.49" speed="2.17" harmonicMeanSpeed="1.07" length="5.00" nVehEntered="4"/>
    <interval begin="1140.00" end="1170.00" id="D6_1_1" nVehContrib="2" flow="240.00" occupancy="61.24" speed="2.96" harmonicMeanSpeed="2.96" length="5.00" nVehEntered="3"/>
    <interval begin="1170.00" end="1200.00" id="D6_1_1" nVehContrib="7" flow="840.00" occupancy="34.00" speed="4.24" harmonicMeanSpeed="1.39" length="5.00" nVehEntered="6"/>
    <interval begin="1200.00" end="1230.00" id="D6_1_1" nVehContrib="3" flow="360.00" occupancy="62.99" speed="0.91" harmonicMeanSpeed="0.86" length="5.00" nVehEntered="4"/>
    <interval begin="1230.00" end="1260.00" id="D6_1_1" nVehContrib="3" flow="360.00" occupancy="63.94" speed="1.02" harmonicMeanSpeed="0.72" length="5.00" nVehEntered="2"/>
    <interval begin="1260.00" end="1290.00" id="D6_1_1" nVehContrib="5" flow="600.00" occupancy="48.93" speed="2.40" harmonicMeanSpeed="1.70" length="5.00" nVehEntered="6"/>
    <interval begin="1290.00" end="1320.00" id="D6_1_1" nVehContrib="3" flow="360.00" occupancy="59.84" speed="2.14" harmonicMeanSpeed="1.68" length="5.00" nVehEntered="4"/>
    <interval begin="1320.00" end="1350.00" id="D6_1_1" nVehContrib="4" flow="480.00" occupancy="65.14" speed="1.48" harmonicMeanSpeed="1.08" length="5.00" nVehEntered="4"/>
    <interval begin="1350.00" end="1380.00" id="D6_1_1" nVehContrib="2" flow="240.00" occupancy="80.00" speed="0.56" harmonicMeanSpeed="0.38" length="5.00" nVehEntered="2"/>
    <interval begin="1380.00" end="1410.00" id="D6_1_1" nVehContrib="6" flow="720.00" occupancy="46.14" speed="4.09" harmonicMeanSpeed="1.59" length="5.00" nVehEntered="6"/>
    <interval begin="1410.00" end="1440.00" id="D6_1_1" nVehContrib="4" flow="480.00" occupancy="65.36" speed="1.10" harmonicMeanSpeed="1.04" length="5.00" nVehEntered="4"/>
    <interval begin="1440.00" end="1470.00" id="D6_1_1" nVehContrib="3" flow="360.00" occupancy="64.53" speed="1.33" harmonicMeanSpeed="1.27" length="5.00" nVehEntered="4"/>
    <interval begin="1470.00" end="1500.00" id="D6_1_1" nVehContrib="6" flow="720.00" occupancy="65.39" speed="1.40" harmonicMeanSpeed="0.98" length="5.00" nVehEntered="5"/>
    <interval begin="1500.00" end="1530.00" id="D6_1_1" nVehContrib="4" flow="480.00" occupancy="44.40" speed="2.16" harmonicMeanSpeed="1.50" length="5.00" nVehEntered="4"/>
    <interval begin="1530.00" end="1560.00" id="D6_1_1" nVehContrib="1" flow="120.00" occupancy="97.17" speed="0.17" harmonicMeanSpeed="0.17" length="5.00" nVehEntered="1"/>
    <interval begin="1560.00" end="1590.00" id="D6_1_1" nVehContrib="4" flow="480.00" occupancy="53.36" speed="2.61" harmonicMeanSpeed="1.82" length="5.00" nVehEntered="5"/>
    <interval begin="1590.00" end="1620.00" id="D6_1_1" nVehContrib="3" flow="360.00" occupancy="66.04" speed="1.02" harmonicMeanSpeed="0.98" length="5.00" nVehEntered="3"/>
    <interval begin="1620.00" end="1650.00" id="D6_1_1" nVehContrib="1" flow="120.00" occupancy="87.04" speed="0.52" harmonicMeanSpeed="0.52" length="5.00" nVehEntered="1"/>
    <interval begin="1650.00" end="1680.00" id="D6_1_1" nVehContrib="2" flow="240.00" occupancy="78.06" speed="0.22" harmonicMeanSpeed="0.20" length="5.00" nVehEntered="1"/>
    <interval begin="1680.00" end="1710.00" id="D6_1_1" nVehContrib="5" flow="600.00" occupancy="60.86" speed="2.02" harmonicMeanSpeed="1.37" length="5.00" nVehEntered="5"/>
    <interval begin="1710.00" end="1740.00" id="D6_1_1" nVehContrib="2" flow="240.00" occupancy="71.51" speed="0.99" harmonicMeanSpeed="0.95" length="5.00" nVehEntered="3"/>
    <interval begin="1740.00" end="1770.00" id="D6_1_1" nVehContrib="0" flow="0.00" occupancy="10.00" speed="-1.00" harmonicMeanSpeed="-1.00" length="-1.00" nVehEntered="1"/>
    <interval begin="1770.00" end="1800.00" id="D6_1_1" nVehContrib="3" flow="360.00" occupancy="70.93" speed="0.71" harmonicMeanSpeed="0.62" length="5.00" nVehEntered="2"/>
    <interval begin="1800.00" end="1830.00" id="D6_1_1" nVehContrib="4" flow="480.00" occupancy="56.81" speed="1.34" harmonicMeanSpeed="1.17" length="5.00" nVehEntered="5"/>
    <interval begin="1830.00" end="1860.00" id="D6_1_1" nVehContrib="4" flow="480.00" occupancy="61.03" speed="1.34" harmonicMeanSpeed="1.09" length="5.00" nVehEntered="4"/>
    <interval begin="1860.00" end="1890.00" id="D6_1_1" nVehContrib="4" flow="480.00" occupancy="23.33" speed="2.88" harmonicMeanSpeed="2.86" length="5.00" nVehEntered="4"/>
    <interval begin="1890.00" end="1920.00" id="D6_1_1" nVehContrib="1" flow="120.00" occupancy="94.52" speed="3.76" harmonicMeanSpeed="3.76" length="5.00" nVehEntered="2"/>
    <interval begin="1920.00" end="1950.00" id="D6_1_1" nVehContrib="4" flow="480.00" occupancy="67.54" speed="1.20" harmonicMeanSpeed="0.42" length="5.00" nVehEntered="3"/>
    <interval begin="1950.00" end="1980.00" id="D6_1_1" nVehContrib="3" flow="360.00" occupancy="55.75" speed="0.98" harmonicMeanSpeed="0.90" length="5.00" nVehEntered="3"/>
    <interval begin="1980.00" end="2010.00" id="D6_1_1" nVehContrib="3" flow="360.00" occupancy="78.78" speed="1.57" harmonicMeanSpeed="0.95" length="5.00" nVehEntered="4"/>
    <interval begin="2010.00" end="2040.00" id="D6_1_1" nVehContrib="4" flow="480.00" occupancy="85.56" speed="1.19" harmonicMeanSpeed="0.60" length="5.00" nVehEntered="3"/>
    <interval begin="2040.00" end="2070.00" id="D6_1_1" nVehContrib="4" flow="480.00" occupancy="50.23" speed="2.08" harmonicMeanSpeed="1.33" length="5.00" nVehEntered="4"/>
    <interval begin="2070.00" end="2100.00" id="D6_1_1" nVehContrib="3" flow="360.00" occupancy="45.11" speed="1.75" harmonicMeanSpeed="1.11" length="5.00" nVehEntered="3"/>
    <interval begin="2100.00" end="2130.00" id="D6_1_1" nVehContrib="3" flow="360.00" occupancy="78.22" speed="2.01" harmonicMeanSpeed="0.64" length="5.00" nVehEntered="3"/>
    <interval begin="2130.00" end="2160.00" id="D6_1_1" nVehContrib="4" flow="480.00" occupancy="57.55" speed="1.96" harmonicMeanSpeed="1.31" length="5.00" nVehEntered="5"/>
    <interval begin="2160.00" end="2190.00" id="D6_1_1" nVehContrib="3" flow="360.00" occupancy="77.47" speed="0.63" harmonicMeanSpeed="0.59" length="5.00" nVehEntered="2"/>
    <interval begin="2190.00" end="2220.00" id="D6_1_1" nVehContrib="2" flow="240.00" occupancy="34.82" speed="1.42" harmonicMeanSpeed="1.06" length="5.00" nVehEntered="4"/>
    <interval begin="2220.00" end="2250.00" id="D6_1_1" nVehContrib="4" flow="480.00" occupancy="56.83" speed="1.67" harmonicMeanSpeed="1.11" length="5.00" nVehEntered="3"/>
    <interval begin="2250.00" end="2280.00" id="D6_1_1" nVehContrib="3" flow="360.00" occupancy="72.57" speed="1.57" harmonicMeanSpeed="0.95" length="5.00" nVehEntered="4"/>
    <interval begin="2280.00" end="2310.00" id="D6_1_1" nVehContrib="3" flow="360.00" occupancy="79.20" speed="0.59" harmonicMeanSpeed="0.58" length="5.00" nVehEntered="3"/>
    <interval begin="2310.00" end="2340.00" id="D6_1_1" nVehContrib="3" flow="360.00" occupancy="60.20" speed="0.79" harmonicMeanSpeed="0.75" length="5.00" nVehEntered="3"/>
    <interval begin="2340.00" end="2370.00" id="D6_1_1" nVehContrib="5" flow="600.00" occupancy="72.47" speed="1.14" harmonicMeanSpeed="1.05" length="5.00" nVehEntered="4"/>
    <interval begin="2370.00" end="2400.00" id="D6_1_1" nVehContrib="3" flow="360.00" occupancy="59.23" speed="0.87" harmonicMeanSpeed="0.84" length="5.00" nVehEntered="3"/>
    <interval begin="2400.00" end="2430.00" id="D6_1_1" nVehContrib="3" flow="360.00" occupancy="62.64" speed="2.29" harmonicMeanSpeed="1.39" length="5.00" nVehEntered="4"/>
    <interval begin="2430.00" end="2460.00" id="D6_1_1" nVehContrib="4" flow="480.00" occupancy="59.52" speed="1.09" harmonicMeanSpeed="0.81" length="5.00" nVehEntered="4"/>
    <interval begin="2460.00" end="2490.00" id="D6_1_1" nVehContrib="3" flow="360.00" occupancy="81.68" speed="0.75" harmonicMeanSpeed="0.64" length="5.00" nVehEntered="3"/>
    <interval begin="2490.00" end="2520.00" id="D6_1_1" nVehContrib="3" flow="360.00" occupancy="74.99" speed="1.74" harmonicMeanSpeed="0.73" length="5.00" nVehEntered="3"/>
    <interval begin="2520.00" end="2550.00" id="D6_1_1" nVehContrib="4" flow="480.00" occupancy="77.08" speed="0.84" harmonicMeanSpeed="0.74" length="5.00" nVehEntered="3"/>
    <interval begin="2550.00" end="2580.00" id="D6_1_1" nVehContrib="3" flow="360.00" occupancy="81.98" speed="0.95" harmonicMeanSpeed="0.90" length="5.00" nVehEntered="4"/>
    <interval begin="2580.00" end="2610.00" id="D6_1_1" nVehContrib="4" flow="480.00" occupancy="42.94" speed="2.57" harmonicMeanSpeed="0.96" length="5.00" nVehEntered="3"/>
    <interval begin="2610.00" end="2640.00" id="D6_1_1" nVehContrib="3" flow="360.00" occupancy="59.43" speed="1.78" harmonicMeanSpeed="1.17" length="5.00" nVehEntered="4"/>
    <interval begin="2640.00" end="2670.00" id="D6_1_1" nVehContrib="5" flow="600.00" occupancy="37.85" speed="2.10" harmonicMeanSpeed="1.53" length="5.00" nVehEntered="4"/>
    <interval begin="2670.00" end="2700.00" id="D6_1_1" nVehContrib="4" flow="480.00" occupancy="47.12" speed="2.00" harmonicMeanSpeed="1.41" length="5.00" nVehEntered="4"/>
    <interval begin="2700.00" end="2730.00" id="D6_1_1" nVehContrib="2" flow="240.00" occupancy="84.03" speed="1.75" harmonicMeanSpeed="0.48" length="5.00" nVehEntered="3"/>
    <interval begin="2730.00" end="2760.00" id="D6_1_1" nVehContrib="4" flow="480.00" occupancy="46.19" speed="1.88" harmonicMeanSpeed="1.23" length="5.00" nVehEntered="4"/>
    <interval begin="2760.00" end="2790.00" id="D6_1_1" nVehContrib="2" flow="240.00" occupancy="98.50" speed="0.70" harmonicMeanSpeed="0.32" length="5.00" nVehEntered="1"/>
    <interval begin="2790.00" end="2820.00" id="D6_1_1" nVehContrib="5" flow="600.00" occupancy="25.37" speed="3.59" harmonicMeanSpeed="3.29" length="5.00" nVehEntered="5"/>
    <interval begin="2820.00" end="2850.00" id="D6_1_1" nVehContrib="4" flow="480.00" occupancy="61.90" speed="1.38" harmonicMeanSpeed="1.14" length="5.00" nVehEntered="5"/>
    <interval begin="2850.00" end="2880.00" id="D6_1_1" nVehContrib="2" flow="240.00" occupancy="59.91" speed="2.22" harmonicMeanSpeed="1.67" length="5.00" nVehEntered="3"/>
    <interval begin="2880.00" end="2910.00" id="D6_1_1" nVehContrib="5" flow="600.00" occupancy="53.19" speed="1.73" harmonicMeanSpeed="0.86" length="5.00" nVehEntered="4"/>
    <interval begin="2910.00" end="2940.00" id="D6_1_1" nVehContrib="4" flow="480.00" occupancy="63.27" speed="1.66" harmonicMeanSpeed="1.05" length="5.00" nVehEntered="4"/>
    <interval begin="2940.00" end="2970.00" id="D6_1_1" nVehContrib="3" flow="360.00" occupancy="59.12" speed="2.16" harmonicMeanSpeed="1.71" length="5.00" nVehEntered="4"/>
    <interval begin="2970.00" end="3000.00" id="D6_1_1" nVehContrib="5" flow="600.00" occupancy="65.28" speed="1.98" harmonicMeanSpeed="0.91" length="5.00" nVehEntered="5"/>
    <interval begin="3000.00" end="3030.00" id="D6_1_1" nVehContrib="3" flow="360.00" occupancy="77.27" speed="0.69" harmonicMeanSpeed="0.62" length="5.00" nVehEntered="2"/>
    <interval begin="3030.00" end="3060.00" id="D6_1_1" nVehContrib="3" flow="360.00" occupancy="66.31" speed="1.50" harmonicMeanSpeed="1.02" length="5.00" nVehEntered="4"/>
    <interval begin="3060.00" end="3090.00" id="D6_1_1" nVehContrib="3" flow="360.00" occupancy="81.77" speed="1.27" harmonicMeanSpeed="0.50" length="5.00" nVehEntered="2"/>
    <interval begin="3090.00" end="3120.00" id="D6_1_1" nVehContrib="4" flow="480.00" occupancy="64.30" speed="1.54" harmonicMeanSpeed="1.04" length="5.00" nVehEntered="4"/>
    <interval begin="3120.00" end="3150.00" id="D6_1_1" nVehContrib="2" flow="240.00" occupancy="80.53" speed="0.80" harmonicMeanSpeed="0.76" length="5.00" nVehEntered="3"/>
    <interval begin="3150.00" end="3180.00" id="D6_1_1" nVehContrib="3" flow="360.00" occupancy="64.72" speed="0.61" harmonicMeanSpeed="0.53" length="5.00" nVehEntered="3"/>
    <interval begin="3180.00" end="3210.00" id="D6_1_1" nVehContrib="3" flow="360.00" occupancy="78.01" speed="0.90" harmonicMeanSpeed="0.70" length="5.00" nVehEntered="3"/>
    <interval begin="3210.00" end="3240.00" id="D6_1_1" nVehContrib="4" flow="480.00" occupancy="62.87" speed="1.86" harmonicMeanSpeed="0.96" length="5.00" nVehEntered="4"/>
    <interval begin="3240.00" end="3270.00" id="D6_1_1" nVehContrib="1" flow="120.00" occupancy="87.54" speed="0.25" harmonicMeanSpeed="0.25" length="5.00" nVehEntered="1"/>
    <interval begin="3270.00" end="3300.00" id="D6_1_1" nVehContrib="5" flow="600.00" occupancy="40.74" speed="1.96" harmonicMeanSpeed="1.30" length="5.00" nVehEntered="5"/>
    <interval begin="3300.00" end="3330.00" id="D6_1_1" nVehContrib="4" flow="480.00" occupancy="46.20" speed="1.75" harmonicMeanSpeed="1.35" length="5.00" nVehEntered="3"/>
    <interval begin="3330.00" end="3360.00" id="D6_1_1" nVehContrib="2" flow="240.00" occupancy="70.98" speed="1.32" harmonicMeanSpeed="0.58" length="5.00" nVehEntered="3"/>
    <interval begin="3360.00" end="3390.00" id="D6_1_1" nVehContrib="5" flow="600.00" occupancy="29.71" speed="2.42" harmonicMeanSpeed="1.94" length="5.00" nVehEntered="4"/>
    <interval begin="3390.00" end="3420.00" id="D6_1_1" nVehContrib="3" flow="360.00" occupancy="41.32" speed="2.26" harmonicMeanSpeed="1.32" length="5.00" nVehEntered="4"/>
    <interval begin="3420.00" end="3450.00" id="D6_1_1" nVehContrib="2" flow="240.00" occupancy="82.96" speed="0.56" harmonicMeanSpeed="0.40" length="5.00" nVehEntered="2"/>
    <interval begin="3450.00" end="3480.00" id="D6_1_1" nVehContrib="3" flow="360.00" occupancy="77.23" speed="0.65" harmonicMeanSpeed="0.65" length="5.00" nVehEntered="3"/>
    <interval begin="3480.00" end="3510.00" id="D6_1_1" nVehContrib="4" flow="480.00" occupancy="43.62" speed="2.29" harmonicMeanSpeed="1.80" length="5.00" nVehEntered="4"/>
    <interval begin="3510.00" end="3540.00" id="D6_1_1" nVehContrib="2" flow="240.00" occupancy="80.86" speed="0.66" harmonicMeanSpeed="0.66" length="5.00" nVehEntered="2"/>
    <interval begin="3540.00" end="3570.00" id="D6_1_1" nVehContrib="4" flow="480.00" occupancy="45.27" speed="1.71" harmonicMeanSpeed="0.78" length="5.00" nVehEntered="3"/>
    <interval begin="3570.00" end="3600.00" id="D6_1_1" nVehContrib="4" flow="480.00" occupancy="52.94" speed="1.93" harmonicMeanSpeed="1.26" length="5.00" nVehEntered="4"/>
    <interval begin="3600.00" end="3605.00" id="D6_1_1" nVehContrib="0" flow="0.00" occupancy="100.00" speed="-1.00" harmonicMeanSpeed="-1.00" length="-1.00" nVehEntered="1"/>
</detector>
