<?xml version="1.0" encoding="UTF-8"?>

<!-- generated on 02/02/20 10:23:44 by Eclipse SUMO Version 1.3.1
<configuration xmlns:xsi="http://www.w3.org/2001/XMLSchema-instance" xsi:noNamespaceSchemaLocation="http://sumo.dlr.de/xsd/sumoConfiguration.xsd">

    <input>
        <net-file value="gnet.net.xml"/>
        <route-files value="grou.rou.xml"/>
        <additional-files value="gadd.additional.xml"/>
    </input>

    <output>
        <queue-output value="Queue.xml"/>
        <summary-output value="Summary.xml"/>
        <tripinfo-output value="output-tripinfos.xml"/>
    </output>

    <time>
        <begin value="0"/>
        <end value="3600"/>
    </time>

    <processing>
        <time-to-teleport value="3600"/>
    </processing>

    <traci_server>
        <remote-port value="10631"/>
    </traci_server>

    <gui_only>
        <gui-settings-file value="gview.view.xml"/>
        <quit-on-end value="true"/>
        <start value="true"/>
    </gui_only>

</configuration>
-->

<detector xmlns:xsi="http://www.w3.org/2001/XMLSchema-instance" xsi:noNamespaceSchemaLocation="http://sumo.dlr.de/xsd/det_e1_file.xsd">
    <interval begin="0.00" end="30.00" id="D6_1_3" nVehContrib="0" flow="0.00" occupancy="0.00" speed="-1.00" harmonicMeanSpeed="-1.00" length="-1.00" nVehEntered="0"/>
    <interval begin="30.00" end="60.00" id="D6_1_3" nVehContrib="2" flow="240.00" occupancy="7.74" speed="5.98" harmonicMeanSpeed="4.31" length="5.00" nVehEntered="2"/>
    <interval begin="60.00" end="90.00" id="D6_1_3" nVehContrib="0" flow="0.00" occupancy="0.00" speed="-1.00" harmonicMeanSpeed="-1.00" length="-1.00" nVehEntered="0"/>
    <interval begin="90.00" end="120.00" id="D6_1_3" nVehContrib="0" flow="0.00" occupancy="0.00" speed="-1.00" harmonicMeanSpeed="-1.00" length="-1.00" nVehEntered="0"/>
    <interval begin="120.00" end="150.00" id="D6_1_3" nVehContrib="1" flow="120.00" occupancy="5.86" speed="2.85" harmonicMeanSpeed="2.85" length="5.00" nVehEntered="1"/>
    <interval begin="150.00" end="180.00" id="D6_1_3" nVehContrib="2" flow="240.00" occupancy="4.58" speed="7.44" harmonicMeanSpeed="7.27" length="5.00" nVehEntered="2"/>
    <interval begin="180.00" end="210.00" id="D6_1_3" nVehContrib="0" flow="0.00" occupancy="0.00" speed="-1.00" harmonicMeanSpeed="-1.00" length="-1.00" nVehEntered="0"/>
    <interval begin="210.00" end="240.00" id="D6_1_3" nVehContrib="0" flow="0.00" occupancy="0.00" speed="-1.00" harmonicMeanSpeed="-1.00" length="-1.00" nVehEntered="0"/>
    <interval begin="240.00" end="270.00" id="D6_1_3" nVehContrib="3" flow="360.00" occupancy="10.91" speed="5.80" harmonicMeanSpeed="4.58" length="5.00" nVehEntered="3"/>
    <interval begin="270.00" end="300.00" id="D6_1_3" nVehContrib="0" flow="0.00" occupancy="0.00" speed="-1.00" harmonicMeanSpeed="-1.00" length="-1.00" nVehEntered="0"/>
    <interval begin="300.00" end="330.00" id="D6_1_3" nVehContrib="0" flow="0.00" occupancy="0.00" speed="-1.00" harmonicMeanSpeed="-1.00" length="-1.00" nVehEntered="0"/>
    <interval begin="330.00" end="360.00" id="D6_1_3" nVehContrib="3" flow="360.00" occupancy="9.66" speed="5.99" harmonicMeanSpeed="5.17" length="5.00" nVehEntered="3"/>
    <interval begin="360.00" end="390.00" id="D6_1_3" nVehContrib="0" flow="0.00" occupancy="0.00" speed="-1.00" harmonicMeanSpeed="-1.00" length="-1.00" nVehEntered="0"/>
    <interval begin="390.00" end="420.00" id="D6_1_3" nVehContrib="0" flow="0.00" occupancy="0.00" speed="-1.00" harmonicMeanSpeed="-1.00" length="-1.00" nVehEntered="0"/>
    <interval begin="420.00" end="450.00" id="D6_1_3" nVehContrib="2" flow="240.00" occupancy="8.38" speed="4.66" harmonicMeanSpeed="3.98" length="5.00" nVehEntered="2"/>
    <interval begin="450.00" end="480.00" id="D6_1_3" nVehContrib="1" flow="120.00" occupancy="2.10" speed="7.93" harmonicMeanSpeed="7.93" length="5.00" nVehEntered="1"/>
    <interval begin="480.00" end="510.00" id="D6_1_3" nVehContrib="0" flow="0.00" occupancy="0.00" speed="-1.00" harmonicMeanSpeed="-1.00" length="-1.00" nVehEntered="0"/>
    <interval begin="510.00" end="540.00" id="D6_1_3" nVehContrib="0" flow="0.00" occupancy="0.00" speed="-1.00" harmonicMeanSpeed="-1.00" length="-1.00" nVehEntered="0"/>
    <interval begin="540.00" end="570.00" id="D6_1_3" nVehContrib="4" flow="480.00" occupancy="12.75" speed="6.71" harmonicMeanSpeed="5.23" length="5.00" nVehEntered="4"/>
    <interval begin="570.00" end="600.00" id="D6_1_3" nVehContrib="0" flow="0.00" occupancy="0.00" speed="-1.00" harmonicMeanSpeed="-1.00" length="-1.00" nVehEntered="0"/>
    <interval begin="600.00" end="630.00" id="D6_1_3" nVehContrib="0" flow="0.00" occupancy="0.00" speed="-1.00" harmonicMeanSpeed="-1.00" length="-1.00" nVehEntered="0"/>
    <interval begin="630.00" end="660.00" id="D6_1_3" nVehContrib="3" flow="360.00" occupancy="10.06" speed="5.99" harmonicMeanSpeed="4.97" length="5.00" nVehEntered="3"/>
    <interval begin="660.00" end="690.00" id="D6_1_3" nVehContrib="0" flow="0.00" occupancy="0.00" speed="-1.00" harmonicMeanSpeed="-1.00" length="-1.00" nVehEntered="0"/>
    <interval begin="690.00" end="720.00" id="D6_1_3" nVehContrib="0" flow="0.00" occupancy="0.00" speed="-1.00" harmonicMeanSpeed="-1.00" length="-1.00" nVehEntered="0"/>
    <interval begin="720.00" end="750.00" id="D6_1_3" nVehContrib="0" flow="0.00" occupancy="0.00" speed="-1.00" harmonicMeanSpeed="-1.00" length="-1.00" nVehEntered="0"/>
    <interval begin="750.00" end="780.00" id="D6_1_3" nVehContrib="0" flow="0.00" occupancy="0.00" speed="-1.00" harmonicMeanSpeed="-1.00" length="-1.00" nVehEntered="0"/>
    <interval begin="780.00" end="810.00" id="D6_1_3" nVehContrib="0" flow="0.00" occupancy="0.00" speed="-1.00" harmonicMeanSpeed="-1.00" length="-1.00" nVehEntered="0"/>
    <interval begin="810.00" end="840.00" id="D6_1_3" nVehContrib="0" flow="0.00" occupancy="0.00" speed="-1.00" harmonicMeanSpeed="-1.00" length="-1.00" nVehEntered="0"/>
    <interval begin="840.00" end="870.00" id="D6_1_3" nVehContrib="0" flow="0.00" occupancy="0.00" speed="-1.00" harmonicMeanSpeed="-1.00" length="-1.00" nVehEntered="0"/>
    <interval begin="870.00" end="900.00" id="D6_1_3" nVehContrib="0" flow="0.00" occupancy="0.00" speed="-1.00" harmonicMeanSpeed="-1.00" length="-1.00" nVehEntered="0"/>
    <interval begin="900.00" end="930.00" id="D6_1_3" nVehContrib="0" flow="0.00" occupancy="0.00" speed="-1.00" harmonicMeanSpeed="-1.00" length="-1.00" nVehEntered="0"/>
    <interval begin="930.00" end="960.00" id="D6_1_3" nVehContrib="0" flow="0.00" occupancy="0.00" speed="-1.00" harmonicMeanSpeed="-1.00" length="-1.00" nVehEntered="0"/>
    <interval begin="960.00" end="990.00" id="D6_1_3" nVehContrib="0" flow="0.00" occupancy="0.00" speed="-1.00" harmonicMeanSpeed="-1.00" length="-1.00" nVehEntered="0"/>
    <interval begin="990.00" end="1020.00" id="D6_1_3" nVehContrib="0" flow="0.00" occupancy="0.00" speed="-1.00" harmonicMeanSpeed="-1.00" length="-1.00" nVehEntered="0"/>
    <interval begin="1020.00" end="1050.00" id="D6_1_3" nVehContrib="0" flow="0.00" occupancy="13.33" speed="-1.00" harmonicMeanSpeed="-1.00" length="-1.00" nVehEntered="1"/>
    <interval begin="1050.00" end="1080.00" id="D6_1_3" nVehContrib="0" flow="0.00" occupancy="100.00" speed="-1.00" harmonicMeanSpeed="-1.00" length="-1.00" nVehEntered="0"/>
    <interval begin="1080.00" end="1110.00" id="D6_1_3" nVehContrib="2" flow="240.00" occupancy="83.77" speed="3.23" harmonicMeanSpeed="0.17" length="5.00" nVehEntered="2"/>
    <interval begin="1110.00" end="1140.00" id="D6_1_3" nVehContrib="4" flow="480.00" occupancy="15.48" speed="3.68" harmonicMeanSpeed="3.62" length="5.00" nVehEntered="3"/>
    <interval begin="1140.00" end="1170.00" id="D6_1_3" nVehContrib="0" flow="0.00" occupancy="97.35" speed="-1.00" harmonicMeanSpeed="-1.00" length="-1.00" nVehEntered="1"/>
    <interval begin="1170.00" end="1200.00" id="D6_1_3" nVehContrib="2" flow="240.00" occupancy="14.25" speed="2.81" harmonicMeanSpeed="0.30" length="5.00" nVehEntered="1"/>
    <interval begin="1200.00" end="1230.00" id="D6_1_3" nVehContrib="0" flow="0.00" occupancy="0.00" speed="-1.00" harmonicMeanSpeed="-1.00" length="-1.00" nVehEntered="0"/>
    <interval begin="1230.00" end="1260.00" id="D6_1_3" nVehContrib="2" flow="240.00" occupancy="19.41" speed="2.22" harmonicMeanSpeed="1.89" length="5.00" nVehEntered="3"/>
    <interval begin="1260.00" end="1290.00" id="D6_1_3" nVehContrib="3" flow="360.00" occupancy="9.51" speed="4.87" harmonicMeanSpeed="4.42" length="5.00" nVehEntered="2"/>
    <interval begin="1290.00" end="1320.00" id="D6_1_3" nVehContrib="2" flow="240.00" occupancy="7.80" speed="4.77" harmonicMeanSpeed="4.27" length="5.00" nVehEntered="2"/>
    <interval begin="1320.00" end="1350.00" id="D6_1_3" nVehContrib="1" flow="120.00" occupancy="73.97" speed="2.31" harmonicMeanSpeed="2.31" length="5.00" nVehEntered="2"/>
    <interval begin="1350.00" end="1380.00" id="D6_1_3" nVehContrib="2" flow="240.00" occupancy="44.54" speed="2.96" harmonicMeanSpeed="0.30" length="5.00" nVehEntered="1"/>
    <interval begin="1380.00" end="1410.00" id="D6_1_3" nVehContrib="2" flow="240.00" occupancy="46.11" speed="1.64" harmonicMeanSpeed="0.72" length="5.00" nVehEntered="2"/>
    <interval begin="1410.00" end="1440.00" id="D6_1_3" nVehContrib="0" flow="0.00" occupancy="0.00" speed="-1.00" harmonicMeanSpeed="-1.00" length="-1.00" nVehEntered="0"/>
    <interval begin="1440.00" end="1470.00" id="D6_1_3" nVehContrib="0" flow="0.00" occupancy="0.00" speed="-1.00" harmonicMeanSpeed="-1.00" length="-1.00" nVehEntered="0"/>
    <interval begin="1470.00" end="1500.00" id="D6_1_3" nVehContrib="0" flow="0.00" occupancy="0.00" speed="-1.00" harmonicMeanSpeed="-1.00" length="-1.00" nVehEntered="0"/>
    <interval begin="1500.00" end="1530.00" id="D6_1_3" nVehContrib="0" flow="0.00" occupancy="0.00" speed="-1.00" harmonicMeanSpeed="-1.00" length="-1.00" nVehEntered="0"/>
    <interval begin="1530.00" end="1560.00" id="D6_1_3" nVehContrib="0" flow="0.00" occupancy="0.00" speed="-1.00" harmonicMeanSpeed="-1.00" length="-1.00" nVehEntered="0"/>
    <interval begin="1560.00" end="1590.00" id="D6_1_3" nVehContrib="0" flow="0.00" occupancy="0.00" speed="-1.00" harmonicMeanSpeed="-1.00" length="-1.00" nVehEntered="0"/>
    <interval begin="1590.00" end="1620.00" id="D6_1_3" nVehContrib="0" flow="0.00" occupancy="0.00" speed="-1.00" harmonicMeanSpeed="-1.00" length="-1.00" nVehEntered="0"/>
    <interval begin="1620.00" end="1650.00" id="D6_1_3" nVehContrib="1" flow="120.00" occupancy="93.81" speed="2.50" harmonicMeanSpeed="2.50" length="5.00" nVehEntered="2"/>
    <interval begin="1650.00" end="1680.00" id="D6_1_3" nVehContrib="2" flow="240.00" occupancy="79.60" speed="1.37" harmonicMeanSpeed="0.20" length="5.00" nVehEntered="2"/>
    <interval begin="1680.00" end="1710.00" id="D6_1_3" nVehContrib="4" flow="480.00" occupancy="16.41" speed="4.14" harmonicMeanSpeed="3.63" length="5.00" nVehEntered="3"/>
    <interval begin="1710.00" end="1740.00" id="D6_1_3" nVehContrib="0" flow="0.00" occupancy="0.00" speed="-1.00" harmonicMeanSpeed="-1.00" length="-1.00" nVehEntered="0"/>
    <interval begin="1740.00" end="1770.00" id="D6_1_3" nVehContrib="0" flow="0.00" occupancy="0.00" speed="-1.00" harmonicMeanSpeed="-1.00" length="-1.00" nVehEntered="0"/>
    <interval begin="1770.00" end="1800.00" id="D6_1_3" nVehContrib="0" flow="0.00" occupancy="0.00" speed="-1.00" harmonicMeanSpeed="-1.00" length="-1.00" nVehEntered="0"/>
    <interval begin="1800.00" end="1830.00" id="D6_1_3" nVehContrib="0" flow="0.00" occupancy="0.00" speed="-1.00" harmonicMeanSpeed="-1.00" length="-1.00" nVehEntered="0"/>
    <interval begin="1830.00" end="1860.00" id="D6_1_3" nVehContrib="0" flow="0.00" occupancy="0.00" speed="-1.00" harmonicMeanSpeed="-1.00" length="-1.00" nVehEntered="0"/>
    <interval begin="1860.00" end="1890.00" id="D6_1_3" nVehContrib="0" flow="0.00" occupancy="0.00" speed="-1.00" harmonicMeanSpeed="-1.00" length="-1.00" nVehEntered="0"/>
    <interval begin="1890.00" end="1920.00" id="D6_1_3" nVehContrib="0" flow="0.00" occupancy="0.00" speed="-1.00" harmonicMeanSpeed="-1.00" length="-1.00" nVehEntered="0"/>
    <interval begin="1920.00" end="1950.00" id="D6_1_3" nVehContrib="0" flow="0.00" occupancy="0.00" speed="-1.00" harmonicMeanSpeed="-1.00" length="-1.00" nVehEntered="0"/>
    <interval begin="1950.00" end="1980.00" id="D6_1_3" nVehContrib="0" flow="0.00" occupancy="0.00" speed="-1.00" harmonicMeanSpeed="-1.00" length="-1.00" nVehEntered="0"/>
    <interval begin="1980.00" end="2010.00" id="D6_1_3" nVehContrib="0" flow="0.00" occupancy="0.00" speed="-1.00" harmonicMeanSpeed="-1.00" length="-1.00" nVehEntered="0"/>
    <interval begin="2010.00" end="2040.00" id="D6_1_3" nVehContrib="4" flow="480.00" occupancy="42.43" speed="3.12" harmonicMeanSpeed="1.57" length="5.00" nVehEntered="4"/>
    <interval begin="2040.00" end="2070.00" id="D6_1_3" nVehContrib="3" flow="360.00" occupancy="25.35" speed="3.25" harmonicMeanSpeed="1.97" length="5.00" nVehEntered="3"/>
    <interval begin="2070.00" end="2100.00" id="D6_1_3" nVehContrib="0" flow="0.00" occupancy="0.00" speed="-1.00" harmonicMeanSpeed="-1.00" length="-1.00" nVehEntered="0"/>
    <interval begin="2100.00" end="2130.00" id="D6_1_3" nVehContrib="0" flow="0.00" occupancy="0.00" speed="-1.00" harmonicMeanSpeed="-1.00" length="-1.00" nVehEntered="0"/>
    <interval begin="2130.00" end="2160.00" id="D6_1_3" nVehContrib="0" flow="0.00" occupancy="0.00" speed="-1.00" harmonicMeanSpeed="-1.00" length="-1.00" nVehEntered="0"/>
    <interval begin="2160.00" end="2190.00" id="D6_1_3" nVehContrib="0" flow="0.00" occupancy="0.00" speed="-1.00" harmonicMeanSpeed="-1.00" length="-1.00" nVehEntered="0"/>
    <interval begin="2190.00" end="2220.00" id="D6_1_3" nVehContrib="2" flow="240.00" occupancy="9.25" speed="4.19" harmonicMeanSpeed="3.60" length="5.00" nVehEntered="2"/>
    <interval begin="2220.00" end="2250.00" id="D6_1_3" nVehContrib="0" flow="0.00" occupancy="0.00" speed="-1.00" harmonicMeanSpeed="-1.00" length="-1.00" nVehEntered="0"/>
    <interval begin="2250.00" end="2280.00" id="D6_1_3" nVehContrib="0" flow="0.00" occupancy="0.00" speed="-1.00" harmonicMeanSpeed="-1.00" length="-1.00" nVehEntered="0"/>
    <interval begin="2280.00" end="2310.00" id="D6_1_3" nVehContrib="1" flow="120.00" occupancy="7.75" speed="2.66" harmonicMeanSpeed="2.66" length="5.00" nVehEntered="2"/>
    <interval begin="2310.00" end="2340.00" id="D6_1_3" nVehContrib="1" flow="120.00" occupancy="1.76" speed="5.14" harmonicMeanSpeed="5.14" length="5.00" nVehEntered="0"/>
    <interval begin="2340.00" end="2370.00" id="D6_1_3" nVehContrib="0" flow="0.00" occupancy="0.00" speed="-1.00" harmonicMeanSpeed="-1.00" length="-1.00" nVehEntered="0"/>
    <interval begin="2370.00" end="2400.00" id="D6_1_3" nVehContrib="3" flow="360.00" occupancy="42.98" speed="1.84" harmonicMeanSpeed="1.16" length="5.00" nVehEntered="3"/>
    <interval begin="2400.00" end="2430.00" id="D6_1_3" nVehContrib="1" flow="120.00" occupancy="14.35" speed="1.16" harmonicMeanSpeed="1.16" length="5.00" nVehEntered="1"/>
    <interval begin="2430.00" end="2460.00" id="D6_1_3" nVehContrib="0" flow="0.00" occupancy="0.00" speed="-1.00" harmonicMeanSpeed="-1.00" length="-1.00" nVehEntered="0"/>
    <interval begin="2460.00" end="2490.00" id="D6_1_3" nVehContrib="0" flow="0.00" occupancy="0.00" speed="-1.00" harmonicMeanSpeed="-1.00" length="-1.00" nVehEntered="0"/>
    <interval begin="2490.00" end="2520.00" id="D6_1_3" nVehContrib="2" flow="240.00" occupancy="24.80" speed="1.73" harmonicMeanSpeed="1.42" length="5.00" nVehEntered="3"/>
    <interval begin="2520.00" end="2550.00" id="D6_1_3" nVehContrib="1" flow="120.00" occupancy="1.60" speed="5.64" harmonicMeanSpeed="5.64" length="5.00" nVehEntered="0"/>
    <interval begin="2550.00" end="2580.00" id="D6_1_3" nVehContrib="0" flow="0.00" occupancy="0.00" speed="-1.00" harmonicMeanSpeed="-1.00" length="-1.00" nVehEntered="0"/>
    <interval begin="2580.00" end="2610.00" id="D6_1_3" nVehContrib="3" flow="360.00" occupancy="12.57" speed="4.43" harmonicMeanSpeed="3.98" length="5.00" nVehEntered="3"/>
    <interval begin="2610.00" end="2640.00" id="D6_1_3" nVehContrib="0" flow="0.00" occupancy="0.00" speed="-1.00" harmonicMeanSpeed="-1.00" length="-1.00" nVehEntered="0"/>
    <interval begin="2640.00" end="2670.00" id="D6_1_3" nVehContrib="1" flow="120.00" occupancy="6.21" speed="2.68" harmonicMeanSpeed="2.68" length="5.00" nVehEntered="1"/>
    <interval begin="2670.00" end="2700.00" id="D6_1_3" nVehContrib="2" flow="240.00" occupancy="8.42" speed="4.91" harmonicMeanSpeed="3.96" length="5.00" nVehEntered="2"/>
    <interval begin="2700.00" end="2730.00" id="D6_1_3" nVehContrib="0" flow="0.00" occupancy="0.00" speed="-1.00" harmonicMeanSpeed="-1.00" length="-1.00" nVehEntered="0"/>
    <interval begin="2730.00" end="2760.00" id="D6_1_3" nVehContrib="0" flow="0.00" occupancy="0.00" speed="-1.00" harmonicMeanSpeed="-1.00" length="-1.00" nVehEntered="0"/>
    <interval begin="2760.00" end="2790.00" id="D6_1_3" nVehContrib="0" flow="0.00" occupancy="3.33" speed="-1.00" harmonicMeanSpeed="-1.00" length="-1.00" nVehEntered="1"/>
    <interval begin="2790.00" end="2820.00" id="D6_1_3" nVehContrib="4" flow="480.00" occupancy="26.70" speed="3.26" harmonicMeanSpeed="2.22" length="5.00" nVehEntered="3"/>
    <interval begin="2820.00" end="2850.00" id="D6_1_3" nVehContrib="0" flow="0.00" occupancy="0.00" speed="-1.00" harmonicMeanSpeed="-1.00" length="-1.00" nVehEntered="0"/>
    <interval begin="2850.00" end="2880.00" id="D6_1_3" nVehContrib="0" flow="0.00" occupancy="0.00" speed="-1.00" harmonicMeanSpeed="-1.00" length="-1.00" nVehEntered="0"/>
    <interval begin="2880.00" end="2910.00" id="D6_1_3" nVehContrib="1" flow="120.00" occupancy="5.95" speed="2.80" harmonicMeanSpeed="2.80" length="5.00" nVehEntered="1"/>
    <interval begin="2910.00" end="2940.00" id="D6_1_3" nVehContrib="1" flow="120.00" occupancy="2.09" speed="7.98" harmonicMeanSpeed="7.98" length="5.00" nVehEntered="1"/>
    <interval begin="2940.00" end="2970.00" id="D6_1_3" nVehContrib="0" flow="0.00" occupancy="0.00" speed="-1.00" harmonicMeanSpeed="-1.00" length="-1.00" nVehEntered="0"/>
    <interval begin="2970.00" end="3000.00" id="D6_1_3" nVehContrib="0" flow="0.00" occupancy="0.00" speed="-1.00" harmonicMeanSpeed="-1.00" length="-1.00" nVehEntered="0"/>
    <interval begin="3000.00" end="3030.00" id="D6_1_3" nVehContrib="1" flow="120.00" occupancy="5.32" speed="3.13" harmonicMeanSpeed="3.13" length="5.00" nVehEntered="1"/>
    <interval begin="3030.00" end="3060.00" id="D6_1_3" nVehContrib="0" flow="0.00" occupancy="0.00" speed="-1.00" harmonicMeanSpeed="-1.00" length="-1.00" nVehEntered="0"/>
    <interval begin="3060.00" end="3090.00" id="D6_1_3" nVehContrib="0" flow="0.00" occupancy="0.00" speed="-1.00" harmonicMeanSpeed="-1.00" length="-1.00" nVehEntered="0"/>
    <interval begin="3090.00" end="3120.00" id="D6_1_3" nVehContrib="0" flow="0.00" occupancy="0.00" speed="-1.00" harmonicMeanSpeed="-1.00" length="-1.00" nVehEntered="0"/>
    <interval begin="3120.00" end="3150.00" id="D6_1_3" nVehContrib="0" flow="0.00" occupancy="0.00" speed="-1.00" harmonicMeanSpeed="-1.00" length="-1.00" nVehEntered="0"/>
    <interval begin="3150.00" end="3180.00" id="D6_1_3" nVehContrib="0" flow="0.00" occupancy="0.00" speed="-1.00" harmonicMeanSpeed="-1.00" length="-1.00" nVehEntered="0"/>
    <interval begin="3180.00" end="3210.00" id="D6_1_3" nVehContrib="0" flow="0.00" occupancy="0.00" speed="-1.00" harmonicMeanSpeed="-1.00" length="-1.00" nVehEntered="0"/>
    <interval begin="3210.00" end="3240.00" id="D6_1_3" nVehContrib="0" flow="0.00" occupancy="0.00" speed="-1.00" harmonicMeanSpeed="-1.00" length="-1.00" nVehEntered="0"/>
    <interval begin="3240.00" end="3270.00" id="D6_1_3" nVehContrib="0" flow="0.00" occupancy="0.00" speed="-1.00" harmonicMeanSpeed="-1.00" length="-1.00" nVehEntered="0"/>
    <interval begin="3270.00" end="3300.00" id="D6_1_3" nVehContrib="5" flow="600.00" occupancy="40.28" speed="2.46" harmonicMeanSpeed="2.07" length="5.00" nVehEntered="5"/>
    <interval begin="3300.00" end="3330.00" id="D6_1_3" nVehContrib="4" flow="480.00" occupancy="35.90" speed="2.65" harmonicMeanSpeed="1.86" length="5.00" nVehEntered="4"/>
    <interval begin="3330.00" end="3360.00" id="D6_1_3" nVehContrib="0" flow="0.00" occupancy="0.00" speed="-1.00" harmonicMeanSpeed="-1.00" length="-1.00" nVehEntered="0"/>
    <interval begin="3360.00" end="3390.00" id="D6_1_3" nVehContrib="0" flow="0.00" occupancy="0.00" speed="-1.00" harmonicMeanSpeed="-1.00" length="-1.00" nVehEntered="0"/>
    <interval begin="3390.00" end="3420.00" id="D6_1_3" nVehContrib="0" flow="0.00" occupancy="0.00" speed="-1.00" harmonicMeanSpeed="-1.00" length="-1.00" nVehEntered="0"/>
    <interval begin="3420.00" end="3450.00" id="D6_1_3" nVehContrib="0" flow="0.00" occupancy="0.00" speed="-1.00" harmonicMeanSpeed="-1.00" length="-1.00" nVehEntered="0"/>
    <interval begin="3450.00" end="3480.00" id="D6_1_3" nVehContrib="2" flow="240.00" occupancy="8.20" speed="4.75" harmonicMeanSpeed="4.07" length="5.00" nVehEntered="2"/>
    <interval begin="3480.00" end="3510.00" id="D6_1_3" nVehContrib="2" flow="240.00" occupancy="8.43" speed="3.98" harmonicMeanSpeed="3.95" length="5.00" nVehEntered="2"/>
    <interval begin="3510.00" end="3540.00" id="D6_1_3" nVehContrib="0" flow="0.00" occupancy="0.00" speed="-1.00" harmonicMeanSpeed="-1.00" length="-1.00" nVehEntered="0"/>
    <interval begin="3540.00" end="3570.00" id="D6_1_3" nVehContrib="1" flow="120.00" occupancy="7.03" speed="2.37" harmonicMeanSpeed="2.37" length="5.00" nVehEntered="1"/>
    <interval begin="3570.00" end="3600.00" id="D6_1_3" nVehContrib="0" flow="0.00" occupancy="0.00" speed="-1.00" harmonicMeanSpeed="-1.00" length="-1.00" nVehEntered="0"/>
    <interval begin="3600.00" end="3605.00" id="D6_1_3" nVehContrib="0" flow="0.00" occupancy="0.00" speed="-1.00" harmonicMeanSpeed="-1.00" length="-1.00" nVehEntered="0"/>
</detector>
