<?xml version="1.0" encoding="UTF-8"?>

<!-- generated on 02/02/20 10:23:44 by Eclipse SUMO Version 1.3.1
<configuration xmlns:xsi="http://www.w3.org/2001/XMLSchema-instance" xsi:noNamespaceSchemaLocation="http://sumo.dlr.de/xsd/sumoConfiguration.xsd">

    <input>
        <net-file value="gnet.net.xml"/>
        <route-files value="grou.rou.xml"/>
        <additional-files value="gadd.additional.xml"/>
    </input>

    <output>
        <queue-output value="Queue.xml"/>
        <summary-output value="Summary.xml"/>
        <tripinfo-output value="output-tripinfos.xml"/>
    </output>

    <time>
        <begin value="0"/>
        <end value="3600"/>
    </time>

    <processing>
        <time-to-teleport value="3600"/>
    </processing>

    <traci_server>
        <remote-port value="10631"/>
    </traci_server>

    <gui_only>
        <gui-settings-file value="gview.view.xml"/>
        <quit-on-end value="true"/>
        <start value="true"/>
    </gui_only>

</configuration>
-->

<detector xmlns:xsi="http://www.w3.org/2001/XMLSchema-instance" xsi:noNamespaceSchemaLocation="http://sumo.dlr.de/xsd/det_e1_file.xsd">
    <interval begin="0.00" end="30.00" id="D6_1_2" nVehContrib="2" flow="240.00" occupancy="3.13" speed="10.63" harmonicMeanSpeed="10.63" length="5.00" nVehEntered="2"/>
    <interval begin="30.00" end="60.00" id="D6_1_2" nVehContrib="3" flow="360.00" occupancy="5.25" speed="9.59" harmonicMeanSpeed="9.52" length="5.00" nVehEntered="3"/>
    <interval begin="60.00" end="90.00" id="D6_1_2" nVehContrib="0" flow="0.00" occupancy="0.00" speed="-1.00" harmonicMeanSpeed="-1.00" length="-1.00" nVehEntered="0"/>
    <interval begin="90.00" end="120.00" id="D6_1_2" nVehContrib="8" flow="960.00" occupancy="20.67" speed="8.46" harmonicMeanSpeed="6.85" length="5.00" nVehEntered="9"/>
    <interval begin="120.00" end="150.00" id="D6_1_2" nVehContrib="7" flow="840.00" occupancy="10.60" speed="9.92" harmonicMeanSpeed="9.87" length="5.00" nVehEntered="6"/>
    <interval begin="150.00" end="180.00" id="D6_1_2" nVehContrib="0" flow="0.00" occupancy="0.00" speed="-1.00" harmonicMeanSpeed="-1.00" length="-1.00" nVehEntered="0"/>
    <interval begin="180.00" end="210.00" id="D6_1_2" nVehContrib="5" flow="600.00" occupancy="15.61" speed="6.55" harmonicMeanSpeed="5.34" length="5.00" nVehEntered="5"/>
    <interval begin="210.00" end="240.00" id="D6_1_2" nVehContrib="10" flow="1200.00" occupancy="16.83" speed="9.98" harmonicMeanSpeed="9.90" length="5.00" nVehEntered="10"/>
    <interval begin="240.00" end="270.00" id="D6_1_2" nVehContrib="0" flow="0.00" occupancy="0.00" speed="-1.00" harmonicMeanSpeed="-1.00" length="-1.00" nVehEntered="0"/>
    <interval begin="270.00" end="300.00" id="D6_1_2" nVehContrib="1" flow="120.00" occupancy="5.38" speed="3.10" harmonicMeanSpeed="3.10" length="5.00" nVehEntered="1"/>
    <interval begin="300.00" end="330.00" id="D6_1_2" nVehContrib="12" flow="1440.00" occupancy="22.08" speed="9.28" harmonicMeanSpeed="9.06" length="5.00" nVehEntered="12"/>
    <interval begin="330.00" end="360.00" id="D6_1_2" nVehContrib="3" flow="360.00" occupancy="5.00" speed="10.47" harmonicMeanSpeed="10.00" length="5.00" nVehEntered="3"/>
    <interval begin="360.00" end="390.00" id="D6_1_2" nVehContrib="0" flow="0.00" occupancy="0.00" speed="-1.00" harmonicMeanSpeed="-1.00" length="-1.00" nVehEntered="0"/>
    <interval begin="390.00" end="420.00" id="D6_1_2" nVehContrib="9" flow="1080.00" occupancy="23.64" speed="7.67" harmonicMeanSpeed="6.35" length="5.00" nVehEntered="9"/>
    <interval begin="420.00" end="450.00" id="D6_1_2" nVehContrib="7" flow="840.00" occupancy="13.93" speed="8.43" harmonicMeanSpeed="8.37" length="5.00" nVehEntered="7"/>
    <interval begin="450.00" end="480.00" id="D6_1_2" nVehContrib="0" flow="0.00" occupancy="0.00" speed="-1.00" harmonicMeanSpeed="-1.00" length="-1.00" nVehEntered="0"/>
    <interval begin="480.00" end="510.00" id="D6_1_2" nVehContrib="5" flow="600.00" occupancy="22.31" speed="6.28" harmonicMeanSpeed="4.01" length="5.00" nVehEntered="6"/>
    <interval begin="510.00" end="540.00" id="D6_1_2" nVehContrib="11" flow="1320.00" occupancy="17.38" speed="9.84" harmonicMeanSpeed="9.70" length="5.00" nVehEntered="10"/>
    <interval begin="540.00" end="570.00" id="D6_1_2" nVehContrib="0" flow="0.00" occupancy="0.00" speed="-1.00" harmonicMeanSpeed="-1.00" length="-1.00" nVehEntered="0"/>
    <interval begin="570.00" end="600.00" id="D6_1_2" nVehContrib="0" flow="0.00" occupancy="20.00" speed="-1.00" harmonicMeanSpeed="-1.00" length="-1.00" nVehEntered="1"/>
    <interval begin="600.00" end="630.00" id="D6_1_2" nVehContrib="12" flow="1440.00" occupancy="24.86" speed="8.84" harmonicMeanSpeed="4.46" length="5.00" nVehEntered="11"/>
    <interval begin="630.00" end="660.00" id="D6_1_2" nVehContrib="3" flow="360.00" occupancy="5.33" speed="9.46" harmonicMeanSpeed="9.38" length="5.00" nVehEntered="3"/>
    <interval begin="660.00" end="690.00" id="D6_1_2" nVehContrib="0" flow="0.00" occupancy="0.00" speed="-1.00" harmonicMeanSpeed="-1.00" length="-1.00" nVehEntered="0"/>
    <interval begin="690.00" end="720.00" id="D6_1_2" nVehContrib="4" flow="480.00" occupancy="48.24" speed="2.30" harmonicMeanSpeed="1.38" length="5.00" nVehEntered="4"/>
    <interval begin="720.00" end="750.00" id="D6_1_2" nVehContrib="4" flow="480.00" occupancy="34.91" speed="2.65" harmonicMeanSpeed="1.97" length="5.00" nVehEntered="5"/>
    <interval begin="750.00" end="780.00" id="D6_1_2" nVehContrib="5" flow="600.00" occupancy="47.22" speed="2.45" harmonicMeanSpeed="1.72" length="5.00" nVehEntered="4"/>
    <interval begin="780.00" end="810.00" id="D6_1_2" nVehContrib="4" flow="480.00" occupancy="32.41" speed="2.44" harmonicMeanSpeed="2.06" length="5.00" nVehEntered="4"/>
    <interval begin="810.00" end="840.00" id="D6_1_2" nVehContrib="4" flow="480.00" occupancy="23.81" speed="2.82" harmonicMeanSpeed="2.80" length="5.00" nVehEntered="4"/>
    <interval begin="840.00" end="870.00" id="D6_1_2" nVehContrib="7" flow="840.00" occupancy="31.88" speed="4.89" harmonicMeanSpeed="3.66" length="5.00" nVehEntered="7"/>
    <interval begin="870.00" end="900.00" id="D6_1_2" nVehContrib="2" flow="240.00" occupancy="65.72" speed="0.51" harmonicMeanSpeed="0.51" length="5.00" nVehEntered="2"/>
    <interval begin="900.00" end="930.00" id="D6_1_2" nVehContrib="4" flow="480.00" occupancy="37.07" speed="2.11" harmonicMeanSpeed="1.80" length="5.00" nVehEntered="4"/>
    <interval begin="930.00" end="960.00" id="D6_1_2" nVehContrib="4" flow="480.00" occupancy="27.18" speed="2.85" harmonicMeanSpeed="2.80" length="5.00" nVehEntered="5"/>
    <interval begin="960.00" end="990.00" id="D6_1_2" nVehContrib="4" flow="480.00" occupancy="43.19" speed="2.72" harmonicMeanSpeed="1.82" length="5.00" nVehEntered="4"/>
    <interval begin="990.00" end="1020.00" id="D6_1_2" nVehContrib="4" flow="480.00" occupancy="42.34" speed="2.23" harmonicMeanSpeed="1.87" length="5.00" nVehEntered="4"/>
    <interval begin="1020.00" end="1050.00" id="D6_1_2" nVehContrib="4" flow="480.00" occupancy="58.63" speed="0.96" harmonicMeanSpeed="0.89" length="5.00" nVehEntered="3"/>
    <interval begin="1050.00" end="1080.00" id="D6_1_2" nVehContrib="2" flow="240.00" occupancy="74.51" speed="2.70" harmonicMeanSpeed="2.68" length="5.00" nVehEntered="3"/>
    <interval begin="1080.00" end="1110.00" id="D6_1_2" nVehContrib="4" flow="480.00" occupancy="52.22" speed="2.16" harmonicMeanSpeed="0.58" length="5.00" nVehEntered="3"/>
    <interval begin="1110.00" end="1140.00" id="D6_1_2" nVehContrib="4" flow="480.00" occupancy="34.40" speed="2.71" harmonicMeanSpeed="1.94" length="5.00" nVehEntered="4"/>
    <interval begin="1140.00" end="1170.00" id="D6_1_2" nVehContrib="4" flow="480.00" occupancy="52.16" speed="1.87" harmonicMeanSpeed="1.28" length="5.00" nVehEntered="4"/>
    <interval begin="1170.00" end="1200.00" id="D6_1_2" nVehContrib="6" flow="720.00" occupancy="25.29" speed="5.29" harmonicMeanSpeed="3.95" length="5.00" nVehEntered="6"/>
    <interval begin="1200.00" end="1230.00" id="D6_1_2" nVehContrib="3" flow="360.00" occupancy="60.83" speed="1.01" harmonicMeanSpeed="0.90" length="5.00" nVehEntered="4"/>
    <interval begin="1230.00" end="1260.00" id="D6_1_2" nVehContrib="3" flow="360.00" occupancy="58.78" speed="1.99" harmonicMeanSpeed="0.78" length="5.00" nVehEntered="2"/>
    <interval begin="1260.00" end="1290.00" id="D6_1_2" nVehContrib="6" flow="720.00" occupancy="47.08" speed="3.61" harmonicMeanSpeed="2.12" length="5.00" nVehEntered="6"/>
    <interval begin="1290.00" end="1320.00" id="D6_1_2" nVehContrib="3" flow="360.00" occupancy="41.32" speed="2.75" harmonicMeanSpeed="1.79" length="5.00" nVehEntered="4"/>
    <interval begin="1320.00" end="1350.00" id="D6_1_2" nVehContrib="4" flow="480.00" occupancy="45.05" speed="2.42" harmonicMeanSpeed="1.73" length="5.00" nVehEntered="4"/>
    <interval begin="1350.00" end="1380.00" id="D6_1_2" nVehContrib="5" flow="600.00" occupancy="55.17" speed="1.51" harmonicMeanSpeed="1.11" length="5.00" nVehEntered="4"/>
    <interval begin="1380.00" end="1410.00" id="D6_1_2" nVehContrib="5" flow="600.00" occupancy="43.80" speed="5.11" harmonicMeanSpeed="2.47" length="5.00" nVehEntered="6"/>
    <interval begin="1410.00" end="1440.00" id="D6_1_2" nVehContrib="4" flow="480.00" occupancy="65.77" speed="1.17" harmonicMeanSpeed="1.10" length="5.00" nVehEntered="4"/>
    <interval begin="1440.00" end="1470.00" id="D6_1_2" nVehContrib="4" flow="480.00" occupancy="69.59" speed="1.16" harmonicMeanSpeed="1.08" length="5.00" nVehEntered="4"/>
    <interval begin="1470.00" end="1500.00" id="D6_1_2" nVehContrib="6" flow="720.00" occupancy="49.82" speed="1.78" harmonicMeanSpeed="1.37" length="5.00" nVehEntered="5"/>
    <interval begin="1500.00" end="1530.00" id="D6_1_2" nVehContrib="4" flow="480.00" occupancy="24.10" speed="2.79" harmonicMeanSpeed="2.77" length="5.00" nVehEntered="4"/>
    <interval begin="1530.00" end="1560.00" id="D6_1_2" nVehContrib="1" flow="120.00" occupancy="84.29" speed="0.20" harmonicMeanSpeed="0.20" length="5.00" nVehEntered="1"/>
    <interval begin="1560.00" end="1590.00" id="D6_1_2" nVehContrib="4" flow="480.00" occupancy="26.39" speed="2.95" harmonicMeanSpeed="2.88" length="5.00" nVehEntered="5"/>
    <interval begin="1590.00" end="1620.00" id="D6_1_2" nVehContrib="3" flow="360.00" occupancy="67.12" speed="1.74" harmonicMeanSpeed="1.26" length="5.00" nVehEntered="3"/>
    <interval begin="1620.00" end="1650.00" id="D6_1_2" nVehContrib="2" flow="240.00" occupancy="71.71" speed="0.38" harmonicMeanSpeed="0.33" length="5.00" nVehEntered="1"/>
    <interval begin="1650.00" end="1680.00" id="D6_1_2" nVehContrib="2" flow="240.00" occupancy="49.92" speed="1.76" harmonicMeanSpeed="0.67" length="5.00" nVehEntered="2"/>
    <interval begin="1680.00" end="1710.00" id="D6_1_2" nVehContrib="5" flow="600.00" occupancy="30.19" speed="2.78" harmonicMeanSpeed="2.76" length="5.00" nVehEntered="5"/>
    <interval begin="1710.00" end="1740.00" id="D6_1_2" nVehContrib="3" flow="360.00" occupancy="48.17" speed="1.72" harmonicMeanSpeed="1.13" length="5.00" nVehEntered="4"/>
    <interval begin="1740.00" end="1770.00" id="D6_1_2" nVehContrib="3" flow="360.00" occupancy="80.47" speed="0.88" harmonicMeanSpeed="0.82" length="5.00" nVehEntered="3"/>
    <interval begin="1770.00" end="1800.00" id="D6_1_2" nVehContrib="1" flow="120.00" occupancy="81.24" speed="0.53" harmonicMeanSpeed="0.53" length="5.00" nVehEntered="1"/>
    <interval begin="1800.00" end="1830.00" id="D6_1_2" nVehContrib="4" flow="480.00" occupancy="64.25" speed="1.21" harmonicMeanSpeed="0.48" length="5.00" nVehEntered="3"/>
    <interval begin="1830.00" end="1860.00" id="D6_1_2" nVehContrib="4" flow="480.00" occupancy="43.87" speed="2.21" harmonicMeanSpeed="1.52" length="5.00" nVehEntered="4"/>
    <interval begin="1860.00" end="1890.00" id="D6_1_2" nVehContrib="4" flow="480.00" occupancy="23.77" speed="2.83" harmonicMeanSpeed="2.80" length="5.00" nVehEntered="4"/>
    <interval begin="1890.00" end="1920.00" id="D6_1_2" nVehContrib="1" flow="120.00" occupancy="83.18" speed="2.56" harmonicMeanSpeed="2.56" length="5.00" nVehEntered="2"/>
    <interval begin="1920.00" end="1950.00" id="D6_1_2" nVehContrib="4" flow="480.00" occupancy="57.42" speed="1.83" harmonicMeanSpeed="0.50" length="5.00" nVehEntered="3"/>
    <interval begin="1950.00" end="1980.00" id="D6_1_2" nVehContrib="3" flow="360.00" occupancy="47.59" speed="1.78" harmonicMeanSpeed="1.05" length="5.00" nVehEntered="3"/>
    <interval begin="1980.00" end="2010.00" id="D6_1_2" nVehContrib="3" flow="360.00" occupancy="75.60" speed="1.81" harmonicMeanSpeed="1.01" length="5.00" nVehEntered="4"/>
    <interval begin="2010.00" end="2040.00" id="D6_1_2" nVehContrib="4" flow="480.00" occupancy="46.56" speed="2.08" harmonicMeanSpeed="0.92" length="5.00" nVehEntered="3"/>
    <interval begin="2040.00" end="2070.00" id="D6_1_2" nVehContrib="4" flow="480.00" occupancy="33.75" speed="2.69" harmonicMeanSpeed="1.98" length="5.00" nVehEntered="4"/>
    <interval begin="2070.00" end="2100.00" id="D6_1_2" nVehContrib="3" flow="360.00" occupancy="44.56" speed="1.95" harmonicMeanSpeed="1.12" length="5.00" nVehEntered="3"/>
    <interval begin="2100.00" end="2130.00" id="D6_1_2" nVehContrib="4" flow="480.00" occupancy="55.59" speed="1.35" harmonicMeanSpeed="1.29" length="5.00" nVehEntered="5"/>
    <interval begin="2130.00" end="2160.00" id="D6_1_2" nVehContrib="5" flow="600.00" occupancy="23.48" speed="3.14" harmonicMeanSpeed="3.06" length="5.00" nVehEntered="4"/>
    <interval begin="2160.00" end="2190.00" id="D6_1_2" nVehContrib="3" flow="360.00" occupancy="59.79" speed="0.84" harmonicMeanSpeed="0.84" length="5.00" nVehEntered="3"/>
    <interval begin="2190.00" end="2220.00" id="D6_1_2" nVehContrib="4" flow="480.00" occupancy="74.31" speed="0.98" harmonicMeanSpeed="0.93" length="5.00" nVehEntered="5"/>
    <interval begin="2220.00" end="2250.00" id="D6_1_2" nVehContrib="4" flow="480.00" occupancy="55.58" speed="2.05" harmonicMeanSpeed="1.14" length="5.00" nVehEntered="3"/>
    <interval begin="2250.00" end="2280.00" id="D6_1_2" nVehContrib="3" flow="360.00" occupancy="50.72" speed="1.63" harmonicMeanSpeed="1.28" length="5.00" nVehEntered="4"/>
    <interval begin="2280.00" end="2310.00" id="D6_1_2" nVehContrib="3" flow="360.00" occupancy="39.88" speed="1.05" harmonicMeanSpeed="0.97" length="5.00" nVehEntered="2"/>
    <interval begin="2310.00" end="2340.00" id="D6_1_2" nVehContrib="3" flow="360.00" occupancy="61.14" speed="1.45" harmonicMeanSpeed="0.92" length="5.00" nVehEntered="4"/>
    <interval begin="2340.00" end="2370.00" id="D6_1_2" nVehContrib="2" flow="240.00" occupancy="82.77" speed="1.32" harmonicMeanSpeed="1.31" length="5.00" nVehEntered="2"/>
    <interval begin="2370.00" end="2400.00" id="D6_1_2" nVehContrib="1" flow="120.00" occupancy="3.68" speed="4.53" harmonicMeanSpeed="4.53" length="5.00" nVehEntered="1"/>
    <interval begin="2400.00" end="2430.00" id="D6_1_2" nVehContrib="3" flow="360.00" occupancy="43.84" speed="2.90" harmonicMeanSpeed="2.89" length="5.00" nVehEntered="4"/>
    <interval begin="2430.00" end="2460.00" id="D6_1_2" nVehContrib="4" flow="480.00" occupancy="59.22" speed="0.99" harmonicMeanSpeed="0.78" length="5.00" nVehEntered="3"/>
    <interval begin="2460.00" end="2490.00" id="D6_1_2" nVehContrib="3" flow="360.00" occupancy="59.99" speed="1.02" harmonicMeanSpeed="0.96" length="5.00" nVehEntered="4"/>
    <interval begin="2490.00" end="2520.00" id="D6_1_2" nVehContrib="5" flow="600.00" occupancy="36.01" speed="2.92" harmonicMeanSpeed="1.91" length="5.00" nVehEntered="4"/>
    <interval begin="2520.00" end="2550.00" id="D6_1_2" nVehContrib="4" flow="480.00" occupancy="55.74" speed="1.54" harmonicMeanSpeed="1.20" length="5.00" nVehEntered="4"/>
    <interval begin="2550.00" end="2580.00" id="D6_1_2" nVehContrib="4" flow="480.00" occupancy="57.92" speed="1.55" harmonicMeanSpeed="1.15" length="5.00" nVehEntered="4"/>
    <interval begin="2580.00" end="2610.00" id="D6_1_2" nVehContrib="5" flow="600.00" occupancy="31.74" speed="3.69" harmonicMeanSpeed="2.63" length="5.00" nVehEntered="5"/>
    <interval begin="2610.00" end="2640.00" id="D6_1_2" nVehContrib="3" flow="360.00" occupancy="49.00" speed="1.54" harmonicMeanSpeed="1.09" length="5.00" nVehEntered="4"/>
    <interval begin="2640.00" end="2670.00" id="D6_1_2" nVehContrib="5" flow="600.00" occupancy="25.42" speed="2.93" harmonicMeanSpeed="2.90" length="5.00" nVehEntered="4"/>
    <interval begin="2670.00" end="2700.00" id="D6_1_2" nVehContrib="4" flow="480.00" occupancy="22.07" speed="3.04" harmonicMeanSpeed="3.02" length="5.00" nVehEntered="4"/>
    <interval begin="2700.00" end="2730.00" id="D6_1_2" nVehContrib="3" flow="360.00" occupancy="51.76" speed="2.02" harmonicMeanSpeed="1.34" length="5.00" nVehEntered="4"/>
    <interval begin="2730.00" end="2760.00" id="D6_1_2" nVehContrib="4" flow="480.00" occupancy="31.62" speed="2.42" harmonicMeanSpeed="1.69" length="5.00" nVehEntered="4"/>
    <interval begin="2760.00" end="2790.00" id="D6_1_2" nVehContrib="4" flow="480.00" occupancy="65.34" speed="0.96" harmonicMeanSpeed="0.93" length="5.00" nVehEntered="3"/>
    <interval begin="2790.00" end="2820.00" id="D6_1_2" nVehContrib="6" flow="720.00" occupancy="27.47" speed="4.67" harmonicMeanSpeed="3.64" length="5.00" nVehEntered="6"/>
    <interval begin="2820.00" end="2850.00" id="D6_1_2" nVehContrib="4" flow="480.00" occupancy="48.68" speed="1.75" harmonicMeanSpeed="1.47" length="5.00" nVehEntered="5"/>
    <interval begin="2850.00" end="2880.00" id="D6_1_2" nVehContrib="4" flow="480.00" occupancy="48.27" speed="2.33" harmonicMeanSpeed="1.60" length="5.00" nVehEntered="4"/>
    <interval begin="2880.00" end="2910.00" id="D6_1_2" nVehContrib="5" flow="600.00" occupancy="36.82" speed="2.32" harmonicMeanSpeed="1.78" length="5.00" nVehEntered="4"/>
    <interval begin="2910.00" end="2940.00" id="D6_1_2" nVehContrib="4" flow="480.00" occupancy="30.41" speed="2.33" harmonicMeanSpeed="2.19" length="5.00" nVehEntered="4"/>
    <interval begin="2940.00" end="2970.00" id="D6_1_2" nVehContrib="4" flow="480.00" occupancy="37.94" speed="2.51" harmonicMeanSpeed="2.13" length="5.00" nVehEntered="5"/>
    <interval begin="2970.00" end="3000.00" id="D6_1_2" nVehContrib="5" flow="600.00" occupancy="47.02" speed="3.19" harmonicMeanSpeed="1.73" length="5.00" nVehEntered="5"/>
    <interval begin="3000.00" end="3030.00" id="D6_1_2" nVehContrib="4" flow="480.00" occupancy="62.06" speed="1.05" harmonicMeanSpeed="0.99" length="5.00" nVehEntered="3"/>
    <interval begin="3030.00" end="3060.00" id="D6_1_2" nVehContrib="4" flow="480.00" occupancy="50.36" speed="1.85" harmonicMeanSpeed="1.32" length="5.00" nVehEntered="4"/>
    <interval begin="3060.00" end="3090.00" id="D6_1_2" nVehContrib="5" flow="600.00" occupancy="56.11" speed="3.25" harmonicMeanSpeed="1.49" length="5.00" nVehEntered="5"/>
    <interval begin="3090.00" end="3120.00" id="D6_1_2" nVehContrib="4" flow="480.00" occupancy="35.89" speed="2.36" harmonicMeanSpeed="1.86" length="5.00" nVehEntered="4"/>
    <interval begin="3120.00" end="3150.00" id="D6_1_2" nVehContrib="3" flow="360.00" occupancy="61.65" speed="0.86" harmonicMeanSpeed="0.81" length="5.00" nVehEntered="3"/>
    <interval begin="3150.00" end="3180.00" id="D6_1_2" nVehContrib="3" flow="360.00" occupancy="57.01" speed="1.36" harmonicMeanSpeed="0.99" length="5.00" nVehEntered="4"/>
    <interval begin="3180.00" end="3210.00" id="D6_1_2" nVehContrib="4" flow="480.00" occupancy="63.98" speed="1.18" harmonicMeanSpeed="0.94" length="5.00" nVehEntered="3"/>
    <interval begin="3210.00" end="3240.00" id="D6_1_2" nVehContrib="3" flow="360.00" occupancy="56.55" speed="2.33" harmonicMeanSpeed="0.88" length="5.00" nVehEntered="3"/>
    <interval begin="3240.00" end="3270.00" id="D6_1_2" nVehContrib="2" flow="240.00" occupancy="72.76" speed="2.84" harmonicMeanSpeed="2.84" length="5.00" nVehEntered="3"/>
    <interval begin="3270.00" end="3300.00" id="D6_1_2" nVehContrib="4" flow="480.00" occupancy="22.77" speed="3.18" harmonicMeanSpeed="2.93" length="5.00" nVehEntered="4"/>
    <interval begin="3300.00" end="3330.00" id="D6_1_2" nVehContrib="4" flow="480.00" occupancy="25.83" speed="3.28" harmonicMeanSpeed="2.58" length="5.00" nVehEntered="5"/>
    <interval begin="3330.00" end="3360.00" id="D6_1_2" nVehContrib="3" flow="360.00" occupancy="54.41" speed="1.17" harmonicMeanSpeed="0.92" length="5.00" nVehEntered="3"/>
    <interval begin="3360.00" end="3390.00" id="D6_1_2" nVehContrib="5" flow="600.00" occupancy="28.99" speed="2.92" harmonicMeanSpeed="2.87" length="5.00" nVehEntered="5"/>
    <interval begin="3390.00" end="3420.00" id="D6_1_2" nVehContrib="3" flow="360.00" occupancy="39.97" speed="2.07" harmonicMeanSpeed="1.25" length="5.00" nVehEntered="3"/>
    <interval begin="3420.00" end="3450.00" id="D6_1_2" nVehContrib="4" flow="480.00" occupancy="39.45" speed="1.98" harmonicMeanSpeed="1.69" length="5.00" nVehEntered="4"/>
    <interval begin="3450.00" end="3480.00" id="D6_1_2" nVehContrib="3" flow="360.00" occupancy="54.48" speed="1.25" harmonicMeanSpeed="0.98" length="5.00" nVehEntered="4"/>
    <interval begin="3480.00" end="3510.00" id="D6_1_2" nVehContrib="4" flow="480.00" occupancy="30.87" speed="2.81" harmonicMeanSpeed="2.76" length="5.00" nVehEntered="4"/>
    <interval begin="3510.00" end="3540.00" id="D6_1_2" nVehContrib="2" flow="240.00" occupancy="58.36" speed="0.65" harmonicMeanSpeed="0.64" length="5.00" nVehEntered="2"/>
    <interval begin="3540.00" end="3570.00" id="D6_1_2" nVehContrib="5" flow="600.00" occupancy="46.62" speed="3.22" harmonicMeanSpeed="1.32" length="5.00" nVehEntered="4"/>
    <interval begin="3570.00" end="3600.00" id="D6_1_2" nVehContrib="4" flow="480.00" occupancy="50.66" speed="1.96" harmonicMeanSpeed="1.32" length="5.00" nVehEntered="4"/>
    <interval begin="3600.00" end="3605.00" id="D6_1_2" nVehContrib="0" flow="0.00" occupancy="0.00" speed="-1.00" harmonicMeanSpeed="-1.00" length="-1.00" nVehEntered="0"/>
</detector>
