<?xml version="1.0" encoding="UTF-8"?>

<!-- generated on 02/02/20 10:23:44 by Eclipse SUMO Version 1.3.1
<configuration xmlns:xsi="http://www.w3.org/2001/XMLSchema-instance" xsi:noNamespaceSchemaLocation="http://sumo.dlr.de/xsd/sumoConfiguration.xsd">

    <input>
        <net-file value="gnet.net.xml"/>
        <route-files value="grou.rou.xml"/>
        <additional-files value="gadd.additional.xml"/>
    </input>

    <output>
        <queue-output value="Queue.xml"/>
        <summary-output value="Summary.xml"/>
        <tripinfo-output value="output-tripinfos.xml"/>
    </output>

    <time>
        <begin value="0"/>
        <end value="3600"/>
    </time>

    <processing>
        <time-to-teleport value="3600"/>
    </processing>

    <traci_server>
        <remote-port value="10631"/>
    </traci_server>

    <gui_only>
        <gui-settings-file value="gview.view.xml"/>
        <quit-on-end value="true"/>
        <start value="true"/>
    </gui_only>

</configuration>
-->

<detector xmlns:xsi="http://www.w3.org/2001/XMLSchema-instance" xsi:noNamespaceSchemaLocation="http://sumo.dlr.de/xsd/det_e1_file.xsd">
    <interval begin="0.00" end="30.00" id="D6_2_1" nVehContrib="4" flow="480.00" occupancy="3.28" speed="20.34" harmonicMeanSpeed="20.30" length="5.00" nVehEntered="5"/>
    <interval begin="30.00" end="60.00" id="D6_2_1" nVehContrib="6" flow="720.00" occupancy="4.86" speed="20.60" harmonicMeanSpeed="20.56" length="5.00" nVehEntered="7"/>
    <interval begin="60.00" end="90.00" id="D6_2_1" nVehContrib="6" flow="720.00" occupancy="5.04" speed="19.85" harmonicMeanSpeed="19.85" length="5.00" nVehEntered="8"/>
    <interval begin="90.00" end="120.00" id="D6_2_1" nVehContrib="5" flow="600.00" occupancy="4.16" speed="20.04" harmonicMeanSpeed="20.02" length="5.00" nVehEntered="5"/>
    <interval begin="120.00" end="150.00" id="D6_2_1" nVehContrib="7" flow="840.00" occupancy="5.84" speed="20.00" harmonicMeanSpeed="19.97" length="5.00" nVehEntered="7"/>
    <interval begin="150.00" end="180.00" id="D6_2_1" nVehContrib="7" flow="840.00" occupancy="5.88" speed="19.88" harmonicMeanSpeed="19.85" length="5.00" nVehEntered="7"/>
    <interval begin="180.00" end="210.00" id="D6_2_1" nVehContrib="3" flow="360.00" occupancy="2.60" speed="19.22" harmonicMeanSpeed="19.22" length="5.00" nVehEntered="3"/>
    <interval begin="210.00" end="240.00" id="D6_2_1" nVehContrib="7" flow="840.00" occupancy="5.87" speed="19.90" harmonicMeanSpeed="19.88" length="5.00" nVehEntered="7"/>
    <interval begin="240.00" end="270.00" id="D6_2_1" nVehContrib="5" flow="600.00" occupancy="4.18" speed="19.96" harmonicMeanSpeed="19.95" length="5.00" nVehEntered="5"/>
    <interval begin="270.00" end="300.00" id="D6_2_1" nVehContrib="6" flow="720.00" occupancy="5.01" speed="19.99" harmonicMeanSpeed="19.97" length="5.00" nVehEntered="6"/>
    <interval begin="300.00" end="330.00" id="D6_2_1" nVehContrib="5" flow="600.00" occupancy="4.28" speed="19.47" harmonicMeanSpeed="19.46" length="5.00" nVehEntered="5"/>
    <interval begin="330.00" end="360.00" id="D6_2_1" nVehContrib="6" flow="720.00" occupancy="5.39" speed="20.08" harmonicMeanSpeed="20.06" length="5.00" nVehEntered="7"/>
    <interval begin="360.00" end="390.00" id="D6_2_1" nVehContrib="6" flow="720.00" occupancy="4.49" speed="20.49" harmonicMeanSpeed="20.43" length="5.00" nVehEntered="7"/>
    <interval begin="390.00" end="420.00" id="D6_2_1" nVehContrib="5" flow="600.00" occupancy="4.29" speed="19.48" harmonicMeanSpeed="19.43" length="5.00" nVehEntered="5"/>
    <interval begin="420.00" end="450.00" id="D6_2_1" nVehContrib="7" flow="840.00" occupancy="5.73" speed="20.37" harmonicMeanSpeed="20.35" length="5.00" nVehEntered="7"/>
    <interval begin="450.00" end="480.00" id="D6_2_1" nVehContrib="4" flow="480.00" occupancy="3.41" speed="19.56" harmonicMeanSpeed="19.53" length="5.00" nVehEntered="5"/>
    <interval begin="480.00" end="510.00" id="D6_2_1" nVehContrib="6" flow="720.00" occupancy="5.07" speed="19.76" harmonicMeanSpeed="19.74" length="5.00" nVehEntered="6"/>
    <interval begin="510.00" end="540.00" id="D6_2_1" nVehContrib="5" flow="600.00" occupancy="4.35" speed="19.17" harmonicMeanSpeed="19.16" length="5.00" nVehEntered="5"/>
    <interval begin="540.00" end="570.00" id="D6_2_1" nVehContrib="8" flow="960.00" occupancy="6.51" speed="20.50" harmonicMeanSpeed="20.48" length="5.00" nVehEntered="9"/>
    <interval begin="570.00" end="600.00" id="D6_2_1" nVehContrib="6" flow="720.00" occupancy="4.96" speed="20.20" harmonicMeanSpeed="20.15" length="5.00" nVehEntered="6"/>
    <interval begin="600.00" end="630.00" id="D6_2_1" nVehContrib="5" flow="600.00" occupancy="4.35" speed="19.18" harmonicMeanSpeed="19.15" length="5.00" nVehEntered="5"/>
    <interval begin="630.00" end="660.00" id="D6_2_1" nVehContrib="7" flow="840.00" occupancy="5.95" speed="19.61" harmonicMeanSpeed="19.59" length="5.00" nVehEntered="8"/>
    <interval begin="660.00" end="690.00" id="D6_2_1" nVehContrib="5" flow="600.00" occupancy="4.12" speed="20.28" harmonicMeanSpeed="20.24" length="5.00" nVehEntered="5"/>
    <interval begin="690.00" end="720.00" id="D6_2_1" nVehContrib="5" flow="600.00" occupancy="4.50" speed="18.57" harmonicMeanSpeed="18.51" length="5.00" nVehEntered="5"/>
    <interval begin="720.00" end="750.00" id="D6_2_1" nVehContrib="4" flow="480.00" occupancy="3.50" speed="19.07" harmonicMeanSpeed="19.05" length="5.00" nVehEntered="4"/>
    <interval begin="750.00" end="780.00" id="D6_2_1" nVehContrib="5" flow="600.00" occupancy="4.79" speed="17.42" harmonicMeanSpeed="17.39" length="5.00" nVehEntered="5"/>
    <interval begin="780.00" end="810.00" id="D6_2_1" nVehContrib="4" flow="480.00" occupancy="3.80" speed="17.58" harmonicMeanSpeed="17.57" length="5.00" nVehEntered="4"/>
    <interval begin="810.00" end="840.00" id="D6_2_1" nVehContrib="6" flow="720.00" occupancy="7.73" speed="13.17" harmonicMeanSpeed="12.94" length="5.00" nVehEntered="6"/>
    <interval begin="840.00" end="870.00" id="D6_2_1" nVehContrib="6" flow="720.00" occupancy="8.47" speed="11.99" harmonicMeanSpeed="11.81" length="5.00" nVehEntered="6"/>
    <interval begin="870.00" end="900.00" id="D6_2_1" nVehContrib="6" flow="720.00" occupancy="6.88" speed="15.34" harmonicMeanSpeed="15.30" length="5.00" nVehEntered="7"/>
    <interval begin="900.00" end="930.00" id="D6_2_1" nVehContrib="7" flow="840.00" occupancy="30.38" speed="7.54" harmonicMeanSpeed="4.07" length="5.00" nVehEntered="7"/>
    <interval begin="930.00" end="960.00" id="D6_2_1" nVehContrib="9" flow="1080.00" occupancy="38.61" speed="3.80" harmonicMeanSpeed="3.69" length="5.00" nVehEntered="8"/>
    <interval begin="960.00" end="990.00" id="D6_2_1" nVehContrib="9" flow="1080.00" occupancy="41.46" speed="3.93" harmonicMeanSpeed="3.67" length="5.00" nVehEntered="10"/>
    <interval begin="990.00" end="1020.00" id="D6_2_1" nVehContrib="8" flow="960.00" occupancy="45.32" speed="3.18" harmonicMeanSpeed="2.96" length="5.00" nVehEntered="8"/>
    <interval begin="1020.00" end="1050.00" id="D6_2_1" nVehContrib="8" flow="960.00" occupancy="43.94" speed="3.43" harmonicMeanSpeed="3.23" length="5.00" nVehEntered="8"/>
    <interval begin="1050.00" end="1080.00" id="D6_2_1" nVehContrib="7" flow="840.00" occupancy="45.41" speed="2.51" harmonicMeanSpeed="2.38" length="5.00" nVehEntered="6"/>
    <interval begin="1080.00" end="1110.00" id="D6_2_1" nVehContrib="3" flow="360.00" occupancy="24.00" speed="2.53" harmonicMeanSpeed="2.13" length="5.00" nVehEntered="4"/>
    <interval begin="1110.00" end="1140.00" id="D6_2_1" nVehContrib="1" flow="120.00" occupancy="41.61" speed="1.08" harmonicMeanSpeed="1.08" length="5.00" nVehEntered="1"/>
    <interval begin="1140.00" end="1170.00" id="D6_2_1" nVehContrib="0" flow="0.00" occupancy="100.00" speed="-1.00" harmonicMeanSpeed="-1.00" length="-1.00" nVehEntered="0"/>
    <interval begin="1170.00" end="1200.00" id="D6_2_1" nVehContrib="1" flow="120.00" occupancy="66.02" speed="0.12" harmonicMeanSpeed="0.12" length="5.00" nVehEntered="1"/>
    <interval begin="1200.00" end="1230.00" id="D6_2_1" nVehContrib="2" flow="240.00" occupancy="68.49" speed="1.00" harmonicMeanSpeed="0.29" length="5.00" nVehEntered="1"/>
    <interval begin="1230.00" end="1260.00" id="D6_2_1" nVehContrib="6" flow="720.00" occupancy="41.10" speed="3.68" harmonicMeanSpeed="2.61" length="5.00" nVehEntered="7"/>
    <interval begin="1260.00" end="1290.00" id="D6_2_1" nVehContrib="2" flow="240.00" occupancy="52.73" speed="1.65" harmonicMeanSpeed="0.87" length="5.00" nVehEntered="2"/>
    <interval begin="1290.00" end="1320.00" id="D6_2_1" nVehContrib="1" flow="120.00" occupancy="51.91" speed="0.26" harmonicMeanSpeed="0.26" length="5.00" nVehEntered="1"/>
    <interval begin="1320.00" end="1350.00" id="D6_2_1" nVehContrib="2" flow="240.00" occupancy="60.38" speed="0.73" harmonicMeanSpeed="0.72" length="5.00" nVehEntered="2"/>
    <interval begin="1350.00" end="1380.00" id="D6_2_1" nVehContrib="1" flow="120.00" occupancy="2.57" speed="0.79" harmonicMeanSpeed="0.79" length="5.00" nVehEntered="0"/>
    <interval begin="1380.00" end="1410.00" id="D6_2_1" nVehContrib="0" flow="0.00" occupancy="0.00" speed="-1.00" harmonicMeanSpeed="-1.00" length="-1.00" nVehEntered="0"/>
    <interval begin="1410.00" end="1440.00" id="D6_2_1" nVehContrib="3" flow="360.00" occupancy="49.72" speed="1.79" harmonicMeanSpeed="1.10" length="5.00" nVehEntered="4"/>
    <interval begin="1440.00" end="1470.00" id="D6_2_1" nVehContrib="3" flow="360.00" occupancy="43.02" speed="1.92" harmonicMeanSpeed="1.06" length="5.00" nVehEntered="2"/>
    <interval begin="1470.00" end="1500.00" id="D6_2_1" nVehContrib="0" flow="0.00" occupancy="0.00" speed="-1.00" harmonicMeanSpeed="-1.00" length="-1.00" nVehEntered="0"/>
    <interval begin="1500.00" end="1530.00" id="D6_2_1" nVehContrib="3" flow="360.00" occupancy="51.51" speed="0.99" harmonicMeanSpeed="0.97" length="5.00" nVehEntered="3"/>
    <interval begin="1530.00" end="1560.00" id="D6_2_1" nVehContrib="0" flow="0.00" occupancy="0.00" speed="-1.00" harmonicMeanSpeed="-1.00" length="-1.00" nVehEntered="0"/>
    <interval begin="1560.00" end="1590.00" id="D6_2_1" nVehContrib="1" flow="120.00" occupancy="87.95" speed="0.19" harmonicMeanSpeed="0.19" length="5.00" nVehEntered="1"/>
    <interval begin="1590.00" end="1620.00" id="D6_2_1" nVehContrib="3" flow="360.00" occupancy="29.12" speed="3.31" harmonicMeanSpeed="2.83" length="5.00" nVehEntered="4"/>
    <interval begin="1620.00" end="1650.00" id="D6_2_1" nVehContrib="2" flow="240.00" occupancy="76.32" speed="0.65" harmonicMeanSpeed="0.45" length="5.00" nVehEntered="2"/>
    <interval begin="1650.00" end="1680.00" id="D6_2_1" nVehContrib="1" flow="120.00" occupancy="16.73" speed="0.54" harmonicMeanSpeed="0.54" length="5.00" nVehEntered="0"/>
    <interval begin="1680.00" end="1710.00" id="D6_2_1" nVehContrib="0" flow="0.00" occupancy="0.00" speed="-1.00" harmonicMeanSpeed="-1.00" length="-1.00" nVehEntered="0"/>
    <interval begin="1710.00" end="1740.00" id="D6_2_1" nVehContrib="0" flow="0.00" occupancy="0.00" speed="-1.00" harmonicMeanSpeed="-1.00" length="-1.00" nVehEntered="0"/>
    <interval begin="1740.00" end="1770.00" id="D6_2_1" nVehContrib="2" flow="240.00" occupancy="16.75" speed="2.01" harmonicMeanSpeed="1.99" length="5.00" nVehEntered="2"/>
    <interval begin="1770.00" end="1800.00" id="D6_2_1" nVehContrib="1" flow="120.00" occupancy="17.41" speed="0.96" harmonicMeanSpeed="0.96" length="5.00" nVehEntered="1"/>
    <interval begin="1800.00" end="1830.00" id="D6_2_1" nVehContrib="0" flow="0.00" occupancy="8.07" speed="-1.00" harmonicMeanSpeed="-1.00" length="-1.00" nVehEntered="1"/>
    <interval begin="1830.00" end="1860.00" id="D6_2_1" nVehContrib="1" flow="120.00" occupancy="17.43" speed="0.65" harmonicMeanSpeed="0.65" length="5.00" nVehEntered="0"/>
    <interval begin="1860.00" end="1890.00" id="D6_2_1" nVehContrib="3" flow="360.00" occupancy="60.47" speed="0.85" harmonicMeanSpeed="0.83" length="5.00" nVehEntered="3"/>
    <interval begin="1890.00" end="1920.00" id="D6_2_1" nVehContrib="2" flow="240.00" occupancy="62.03" speed="0.60" harmonicMeanSpeed="0.60" length="5.00" nVehEntered="3"/>
    <interval begin="1920.00" end="1950.00" id="D6_2_1" nVehContrib="1" flow="120.00" occupancy="85.12" speed="1.31" harmonicMeanSpeed="1.31" length="5.00" nVehEntered="1"/>
    <interval begin="1950.00" end="1980.00" id="D6_2_1" nVehContrib="1" flow="120.00" occupancy="50.24" speed="0.19" harmonicMeanSpeed="0.19" length="5.00" nVehEntered="1"/>
    <interval begin="1980.00" end="2010.00" id="D6_2_1" nVehContrib="2" flow="240.00" occupancy="38.28" speed="0.92" harmonicMeanSpeed="0.41" length="5.00" nVehEntered="1"/>
    <interval begin="2010.00" end="2040.00" id="D6_2_1" nVehContrib="0" flow="0.00" occupancy="0.00" speed="-1.00" harmonicMeanSpeed="-1.00" length="-1.00" nVehEntered="0"/>
    <interval begin="2040.00" end="2070.00" id="D6_2_1" nVehContrib="1" flow="120.00" occupancy="23.15" speed="0.89" harmonicMeanSpeed="0.89" length="5.00" nVehEntered="2"/>
    <interval begin="2070.00" end="2100.00" id="D6_2_1" nVehContrib="1" flow="120.00" occupancy="32.04" speed="0.46" harmonicMeanSpeed="0.46" length="5.00" nVehEntered="0"/>
    <interval begin="2100.00" end="2130.00" id="D6_2_1" nVehContrib="3" flow="360.00" occupancy="47.51" speed="1.78" harmonicMeanSpeed="1.05" length="5.00" nVehEntered="3"/>
    <interval begin="2130.00" end="2160.00" id="D6_2_1" nVehContrib="0" flow="0.00" occupancy="86.58" speed="-1.00" harmonicMeanSpeed="-1.00" length="-1.00" nVehEntered="1"/>
    <interval begin="2160.00" end="2190.00" id="D6_2_1" nVehContrib="1" flow="120.00" occupancy="87.12" speed="0.14" harmonicMeanSpeed="0.14" length="5.00" nVehEntered="1"/>
    <interval begin="2190.00" end="2220.00" id="D6_2_1" nVehContrib="1" flow="120.00" occupancy="68.88" speed="0.14" harmonicMeanSpeed="0.14" length="5.00" nVehEntered="0"/>
    <interval begin="2220.00" end="2250.00" id="D6_2_1" nVehContrib="1" flow="120.00" occupancy="26.40" speed="3.03" harmonicMeanSpeed="3.03" length="5.00" nVehEntered="2"/>
    <interval begin="2250.00" end="2280.00" id="D6_2_1" nVehContrib="3" flow="360.00" occupancy="62.44" speed="0.79" harmonicMeanSpeed="0.76" length="5.00" nVehEntered="3"/>
    <interval begin="2280.00" end="2310.00" id="D6_2_1" nVehContrib="2" flow="240.00" occupancy="27.40" speed="0.75" harmonicMeanSpeed="0.74" length="5.00" nVehEntered="1"/>
    <interval begin="2310.00" end="2340.00" id="D6_2_1" nVehContrib="0" flow="0.00" occupancy="0.00" speed="-1.00" harmonicMeanSpeed="-1.00" length="-1.00" nVehEntered="0"/>
    <interval begin="2340.00" end="2370.00" id="D6_2_1" nVehContrib="2" flow="240.00" occupancy="48.01" speed="0.96" harmonicMeanSpeed="0.96" length="5.00" nVehEntered="3"/>
    <interval begin="2370.00" end="2400.00" id="D6_2_1" nVehContrib="2" flow="240.00" occupancy="37.32" speed="0.66" harmonicMeanSpeed="0.66" length="5.00" nVehEntered="1"/>
    <interval begin="2400.00" end="2430.00" id="D6_2_1" nVehContrib="2" flow="240.00" occupancy="16.51" speed="2.88" harmonicMeanSpeed="2.65" length="5.00" nVehEntered="3"/>
    <interval begin="2430.00" end="2460.00" id="D6_2_1" nVehContrib="3" flow="360.00" occupancy="67.48" speed="1.44" harmonicMeanSpeed="1.41" length="5.00" nVehEntered="3"/>
    <interval begin="2460.00" end="2490.00" id="D6_2_1" nVehContrib="1" flow="120.00" occupancy="39.04" speed="0.22" harmonicMeanSpeed="0.22" length="5.00" nVehEntered="0"/>
    <interval begin="2490.00" end="2520.00" id="D6_2_1" nVehContrib="2" flow="240.00" occupancy="44.84" speed="0.74" harmonicMeanSpeed="0.74" length="5.00" nVehEntered="2"/>
    <interval begin="2520.00" end="2550.00" id="D6_2_1" nVehContrib="0" flow="0.00" occupancy="0.00" speed="-1.00" harmonicMeanSpeed="-1.00" length="-1.00" nVehEntered="0"/>
    <interval begin="2550.00" end="2580.00" id="D6_2_1" nVehContrib="0" flow="0.00" occupancy="0.00" speed="-1.00" harmonicMeanSpeed="-1.00" length="-1.00" nVehEntered="0"/>
    <interval begin="2580.00" end="2610.00" id="D6_2_1" nVehContrib="0" flow="0.00" occupancy="0.00" speed="-1.00" harmonicMeanSpeed="-1.00" length="-1.00" nVehEntered="0"/>
    <interval begin="2610.00" end="2640.00" id="D6_2_1" nVehContrib="2" flow="240.00" occupancy="52.12" speed="1.08" harmonicMeanSpeed="1.05" length="5.00" nVehEntered="3"/>
    <interval begin="2640.00" end="2670.00" id="D6_2_1" nVehContrib="0" flow="0.00" occupancy="100.00" speed="-1.00" harmonicMeanSpeed="-1.00" length="-1.00" nVehEntered="0"/>
    <interval begin="2670.00" end="2700.00" id="D6_2_1" nVehContrib="1" flow="120.00" occupancy="76.36" speed="0.08" harmonicMeanSpeed="0.08" length="5.00" nVehEntered="0"/>
    <interval begin="2700.00" end="2730.00" id="D6_2_1" nVehContrib="2" flow="240.00" occupancy="46.53" speed="1.88" harmonicMeanSpeed="1.40" length="5.00" nVehEntered="3"/>
    <interval begin="2730.00" end="2760.00" id="D6_2_1" nVehContrib="1" flow="120.00" occupancy="1.56" speed="0.69" harmonicMeanSpeed="0.69" length="5.00" nVehEntered="0"/>
    <interval begin="2760.00" end="2790.00" id="D6_2_1" nVehContrib="0" flow="0.00" occupancy="0.00" speed="-1.00" harmonicMeanSpeed="-1.00" length="-1.00" nVehEntered="0"/>
    <interval begin="2790.00" end="2820.00" id="D6_2_1" nVehContrib="0" flow="0.00" occupancy="20.88" speed="-1.00" harmonicMeanSpeed="-1.00" length="-1.00" nVehEntered="1"/>
    <interval begin="2820.00" end="2850.00" id="D6_2_1" nVehContrib="4" flow="480.00" occupancy="48.62" speed="1.79" harmonicMeanSpeed="0.96" length="5.00" nVehEntered="3"/>
    <interval begin="2850.00" end="2880.00" id="D6_2_1" nVehContrib="2" flow="240.00" occupancy="53.07" speed="0.87" harmonicMeanSpeed="0.71" length="5.00" nVehEntered="3"/>
    <interval begin="2880.00" end="2910.00" id="D6_2_1" nVehContrib="2" flow="240.00" occupancy="18.88" speed="1.41" harmonicMeanSpeed="1.33" length="5.00" nVehEntered="1"/>
    <interval begin="2910.00" end="2940.00" id="D6_2_1" nVehContrib="0" flow="0.00" occupancy="21.85" speed="-1.00" harmonicMeanSpeed="-1.00" length="-1.00" nVehEntered="1"/>
    <interval begin="2940.00" end="2970.00" id="D6_2_1" nVehContrib="1" flow="120.00" occupancy="69.97" speed="0.28" harmonicMeanSpeed="0.28" length="5.00" nVehEntered="1"/>
    <interval begin="2970.00" end="3000.00" id="D6_2_1" nVehContrib="3" flow="360.00" occupancy="22.32" speed="1.97" harmonicMeanSpeed="0.95" length="5.00" nVehEntered="3"/>
    <interval begin="3000.00" end="3030.00" id="D6_2_1" nVehContrib="2" flow="240.00" occupancy="35.39" speed="0.90" harmonicMeanSpeed="0.90" length="5.00" nVehEntered="1"/>
    <interval begin="3030.00" end="3060.00" id="D6_2_1" nVehContrib="2" flow="240.00" occupancy="46.84" speed="0.82" harmonicMeanSpeed="0.71" length="5.00" nVehEntered="2"/>
    <interval begin="3060.00" end="3090.00" id="D6_2_1" nVehContrib="0" flow="0.00" occupancy="16.60" speed="-1.00" harmonicMeanSpeed="-1.00" length="-1.00" nVehEntered="1"/>
    <interval begin="3090.00" end="3120.00" id="D6_2_1" nVehContrib="1" flow="120.00" occupancy="91.26" speed="0.16" harmonicMeanSpeed="0.16" length="5.00" nVehEntered="1"/>
    <interval begin="3120.00" end="3150.00" id="D6_2_1" nVehContrib="1" flow="120.00" occupancy="81.17" speed="0.20" harmonicMeanSpeed="0.20" length="5.00" nVehEntered="0"/>
    <interval begin="3150.00" end="3180.00" id="D6_2_1" nVehContrib="2" flow="240.00" occupancy="54.01" speed="1.57" harmonicMeanSpeed="1.23" length="5.00" nVehEntered="3"/>
    <interval begin="3180.00" end="3210.00" id="D6_2_1" nVehContrib="1" flow="120.00" occupancy="25.32" speed="0.51" harmonicMeanSpeed="0.51" length="5.00" nVehEntered="1"/>
    <interval begin="3210.00" end="3240.00" id="D6_2_1" nVehContrib="1" flow="120.00" occupancy="22.23" speed="0.49" harmonicMeanSpeed="0.49" length="5.00" nVehEntered="1"/>
    <interval begin="3240.00" end="3270.00" id="D6_2_1" nVehContrib="1" flow="120.00" occupancy="29.05" speed="1.00" harmonicMeanSpeed="1.00" length="5.00" nVehEntered="1"/>
    <interval begin="3270.00" end="3300.00" id="D6_2_1" nVehContrib="0" flow="0.00" occupancy="100.00" speed="-1.00" harmonicMeanSpeed="-1.00" length="-1.00" nVehEntered="0"/>
    <interval begin="3300.00" end="3330.00" id="D6_2_1" nVehContrib="1" flow="120.00" occupancy="92.53" speed="0.08" harmonicMeanSpeed="0.08" length="5.00" nVehEntered="1"/>
    <interval begin="3330.00" end="3360.00" id="D6_2_1" nVehContrib="4" flow="480.00" occupancy="40.86" speed="1.95" harmonicMeanSpeed="1.62" length="5.00" nVehEntered="3"/>
    <interval begin="3360.00" end="3390.00" id="D6_2_1" nVehContrib="0" flow="0.00" occupancy="0.00" speed="-1.00" harmonicMeanSpeed="-1.00" length="-1.00" nVehEntered="0"/>
    <interval begin="3390.00" end="3420.00" id="D6_2_1" nVehContrib="1" flow="120.00" occupancy="36.92" speed="0.85" harmonicMeanSpeed="0.85" length="5.00" nVehEntered="2"/>
    <interval begin="3420.00" end="3450.00" id="D6_2_1" nVehContrib="1" flow="120.00" occupancy="28.19" speed="0.37" harmonicMeanSpeed="0.37" length="5.00" nVehEntered="0"/>
    <interval begin="3450.00" end="3480.00" id="D6_2_1" nVehContrib="1" flow="120.00" occupancy="41.83" speed="0.40" harmonicMeanSpeed="0.40" length="5.00" nVehEntered="1"/>
    <interval begin="3480.00" end="3510.00" id="D6_2_1" nVehContrib="0" flow="0.00" occupancy="34.13" speed="-1.00" harmonicMeanSpeed="-1.00" length="-1.00" nVehEntered="1"/>
    <interval begin="3510.00" end="3540.00" id="D6_2_1" nVehContrib="2" flow="240.00" occupancy="71.17" speed="0.53" harmonicMeanSpeed="0.32" length="5.00" nVehEntered="1"/>
    <interval begin="3540.00" end="3570.00" id="D6_2_1" nVehContrib="1" flow="120.00" occupancy="18.85" speed="0.88" harmonicMeanSpeed="0.88" length="5.00" nVehEntered="1"/>
    <interval begin="3570.00" end="3600.00" id="D6_2_1" nVehContrib="1" flow="120.00" occupancy="17.44" speed="1.29" harmonicMeanSpeed="1.29" length="5.00" nVehEntered="2"/>
    <interval begin="3600.00" end="3605.00" id="D6_2_1" nVehContrib="0" flow="0.00" occupancy="100.00" speed="-1.00" harmonicMeanSpeed="-1.00" length="-1.00" nVehEntered="0"/>
</detector>
