<?xml version="1.0" encoding="UTF-8"?>

<!-- generated on 02/02/20 10:23:44 by Eclipse SUMO Version 1.3.1
<configuration xmlns:xsi="http://www.w3.org/2001/XMLSchema-instance" xsi:noNamespaceSchemaLocation="http://sumo.dlr.de/xsd/sumoConfiguration.xsd">

    <input>
        <net-file value="gnet.net.xml"/>
        <route-files value="grou.rou.xml"/>
        <additional-files value="gadd.additional.xml"/>
    </input>

    <output>
        <queue-output value="Queue.xml"/>
        <summary-output value="Summary.xml"/>
        <tripinfo-output value="output-tripinfos.xml"/>
    </output>

    <time>
        <begin value="0"/>
        <end value="3600"/>
    </time>

    <processing>
        <time-to-teleport value="3600"/>
    </processing>

    <traci_server>
        <remote-port value="10631"/>
    </traci_server>

    <gui_only>
        <gui-settings-file value="gview.view.xml"/>
        <quit-on-end value="true"/>
        <start value="true"/>
    </gui_only>

</configuration>
-->

<detector xmlns:xsi="http://www.w3.org/2001/XMLSchema-instance" xsi:noNamespaceSchemaLocation="http://sumo.dlr.de/xsd/det_e1_file.xsd">
    <interval begin="0.00" end="30.00" id="D6_2_0" nVehContrib="0" flow="0.00" occupancy="0.00" speed="-1.00" harmonicMeanSpeed="-1.00" length="-1.00" nVehEntered="0"/>
    <interval begin="30.00" end="60.00" id="D6_2_0" nVehContrib="0" flow="0.00" occupancy="0.00" speed="-1.00" harmonicMeanSpeed="-1.00" length="-1.00" nVehEntered="0"/>
    <interval begin="60.00" end="90.00" id="D6_2_0" nVehContrib="0" flow="0.00" occupancy="0.00" speed="-1.00" harmonicMeanSpeed="-1.00" length="-1.00" nVehEntered="0"/>
    <interval begin="90.00" end="120.00" id="D6_2_0" nVehContrib="0" flow="0.00" occupancy="0.00" speed="-1.00" harmonicMeanSpeed="-1.00" length="-1.00" nVehEntered="0"/>
    <interval begin="120.00" end="150.00" id="D6_2_0" nVehContrib="0" flow="0.00" occupancy="0.00" speed="-1.00" harmonicMeanSpeed="-1.00" length="-1.00" nVehEntered="0"/>
    <interval begin="150.00" end="180.00" id="D6_2_0" nVehContrib="0" flow="0.00" occupancy="0.00" speed="-1.00" harmonicMeanSpeed="-1.00" length="-1.00" nVehEntered="0"/>
    <interval begin="180.00" end="210.00" id="D6_2_0" nVehContrib="0" flow="0.00" occupancy="0.00" speed="-1.00" harmonicMeanSpeed="-1.00" length="-1.00" nVehEntered="0"/>
    <interval begin="210.00" end="240.00" id="D6_2_0" nVehContrib="0" flow="0.00" occupancy="0.00" speed="-1.00" harmonicMeanSpeed="-1.00" length="-1.00" nVehEntered="0"/>
    <interval begin="240.00" end="270.00" id="D6_2_0" nVehContrib="0" flow="0.00" occupancy="0.00" speed="-1.00" harmonicMeanSpeed="-1.00" length="-1.00" nVehEntered="0"/>
    <interval begin="270.00" end="300.00" id="D6_2_0" nVehContrib="0" flow="0.00" occupancy="0.00" speed="-1.00" harmonicMeanSpeed="-1.00" length="-1.00" nVehEntered="0"/>
    <interval begin="300.00" end="330.00" id="D6_2_0" nVehContrib="0" flow="0.00" occupancy="0.00" speed="-1.00" harmonicMeanSpeed="-1.00" length="-1.00" nVehEntered="0"/>
    <interval begin="330.00" end="360.00" id="D6_2_0" nVehContrib="0" flow="0.00" occupancy="0.00" speed="-1.00" harmonicMeanSpeed="-1.00" length="-1.00" nVehEntered="0"/>
    <interval begin="360.00" end="390.00" id="D6_2_0" nVehContrib="0" flow="0.00" occupancy="0.00" speed="-1.00" harmonicMeanSpeed="-1.00" length="-1.00" nVehEntered="0"/>
    <interval begin="390.00" end="420.00" id="D6_2_0" nVehContrib="0" flow="0.00" occupancy="0.00" speed="-1.00" harmonicMeanSpeed="-1.00" length="-1.00" nVehEntered="0"/>
    <interval begin="420.00" end="450.00" id="D6_2_0" nVehContrib="0" flow="0.00" occupancy="0.00" speed="-1.00" harmonicMeanSpeed="-1.00" length="-1.00" nVehEntered="0"/>
    <interval begin="450.00" end="480.00" id="D6_2_0" nVehContrib="0" flow="0.00" occupancy="0.00" speed="-1.00" harmonicMeanSpeed="-1.00" length="-1.00" nVehEntered="0"/>
    <interval begin="480.00" end="510.00" id="D6_2_0" nVehContrib="0" flow="0.00" occupancy="0.00" speed="-1.00" harmonicMeanSpeed="-1.00" length="-1.00" nVehEntered="0"/>
    <interval begin="510.00" end="540.00" id="D6_2_0" nVehContrib="0" flow="0.00" occupancy="0.00" speed="-1.00" harmonicMeanSpeed="-1.00" length="-1.00" nVehEntered="0"/>
    <interval begin="540.00" end="570.00" id="D6_2_0" nVehContrib="0" flow="0.00" occupancy="0.00" speed="-1.00" harmonicMeanSpeed="-1.00" length="-1.00" nVehEntered="0"/>
    <interval begin="570.00" end="600.00" id="D6_2_0" nVehContrib="0" flow="0.00" occupancy="0.00" speed="-1.00" harmonicMeanSpeed="-1.00" length="-1.00" nVehEntered="0"/>
    <interval begin="600.00" end="630.00" id="D6_2_0" nVehContrib="0" flow="0.00" occupancy="0.00" speed="-1.00" harmonicMeanSpeed="-1.00" length="-1.00" nVehEntered="0"/>
    <interval begin="630.00" end="660.00" id="D6_2_0" nVehContrib="0" flow="0.00" occupancy="0.00" speed="-1.00" harmonicMeanSpeed="-1.00" length="-1.00" nVehEntered="0"/>
    <interval begin="660.00" end="690.00" id="D6_2_0" nVehContrib="0" flow="0.00" occupancy="0.00" speed="-1.00" harmonicMeanSpeed="-1.00" length="-1.00" nVehEntered="0"/>
    <interval begin="690.00" end="720.00" id="D6_2_0" nVehContrib="0" flow="0.00" occupancy="0.00" speed="-1.00" harmonicMeanSpeed="-1.00" length="-1.00" nVehEntered="0"/>
    <interval begin="720.00" end="750.00" id="D6_2_0" nVehContrib="0" flow="0.00" occupancy="0.00" speed="-1.00" harmonicMeanSpeed="-1.00" length="-1.00" nVehEntered="0"/>
    <interval begin="750.00" end="780.00" id="D6_2_0" nVehContrib="0" flow="0.00" occupancy="0.00" speed="-1.00" harmonicMeanSpeed="-1.00" length="-1.00" nVehEntered="0"/>
    <interval begin="780.00" end="810.00" id="D6_2_0" nVehContrib="0" flow="0.00" occupancy="0.00" speed="-1.00" harmonicMeanSpeed="-1.00" length="-1.00" nVehEntered="0"/>
    <interval begin="810.00" end="840.00" id="D6_2_0" nVehContrib="0" flow="0.00" occupancy="0.00" speed="-1.00" harmonicMeanSpeed="-1.00" length="-1.00" nVehEntered="0"/>
    <interval begin="840.00" end="870.00" id="D6_2_0" nVehContrib="0" flow="0.00" occupancy="0.00" speed="-1.00" harmonicMeanSpeed="-1.00" length="-1.00" nVehEntered="0"/>
    <interval begin="870.00" end="900.00" id="D6_2_0" nVehContrib="0" flow="0.00" occupancy="0.00" speed="-1.00" harmonicMeanSpeed="-1.00" length="-1.00" nVehEntered="0"/>
    <interval begin="900.00" end="930.00" id="D6_2_0" nVehContrib="0" flow="0.00" occupancy="0.00" speed="-1.00" harmonicMeanSpeed="-1.00" length="-1.00" nVehEntered="0"/>
    <interval begin="930.00" end="960.00" id="D6_2_0" nVehContrib="0" flow="0.00" occupancy="0.00" speed="-1.00" harmonicMeanSpeed="-1.00" length="-1.00" nVehEntered="0"/>
    <interval begin="960.00" end="990.00" id="D6_2_0" nVehContrib="0" flow="0.00" occupancy="0.00" speed="-1.00" harmonicMeanSpeed="-1.00" length="-1.00" nVehEntered="0"/>
    <interval begin="990.00" end="1020.00" id="D6_2_0" nVehContrib="0" flow="0.00" occupancy="0.00" speed="-1.00" harmonicMeanSpeed="-1.00" length="-1.00" nVehEntered="0"/>
    <interval begin="1020.00" end="1050.00" id="D6_2_0" nVehContrib="0" flow="0.00" occupancy="0.00" speed="-1.00" harmonicMeanSpeed="-1.00" length="-1.00" nVehEntered="0"/>
    <interval begin="1050.00" end="1080.00" id="D6_2_0" nVehContrib="5" flow="600.00" occupancy="4.78" speed="17.59" harmonicMeanSpeed="17.45" length="5.00" nVehEntered="5"/>
    <interval begin="1080.00" end="1110.00" id="D6_2_0" nVehContrib="5" flow="600.00" occupancy="4.89" speed="17.12" harmonicMeanSpeed="17.03" length="5.00" nVehEntered="5"/>
    <interval begin="1110.00" end="1140.00" id="D6_2_0" nVehContrib="8" flow="960.00" occupancy="7.77" speed="17.29" harmonicMeanSpeed="17.16" length="5.00" nVehEntered="8"/>
    <interval begin="1140.00" end="1170.00" id="D6_2_0" nVehContrib="5" flow="600.00" occupancy="52.02" speed="13.37" harmonicMeanSpeed="12.41" length="5.00" nVehEntered="6"/>
    <interval begin="1170.00" end="1200.00" id="D6_2_0" nVehContrib="1" flow="120.00" occupancy="91.36" speed="0.26" harmonicMeanSpeed="0.26" length="5.00" nVehEntered="1"/>
    <interval begin="1200.00" end="1230.00" id="D6_2_0" nVehContrib="5" flow="600.00" occupancy="74.35" speed="4.95" harmonicMeanSpeed="0.57" length="5.00" nVehEntered="4"/>
    <interval begin="1230.00" end="1260.00" id="D6_2_0" nVehContrib="9" flow="1080.00" occupancy="9.56" speed="15.75" harmonicMeanSpeed="15.69" length="5.00" nVehEntered="9"/>
    <interval begin="1260.00" end="1290.00" id="D6_2_0" nVehContrib="4" flow="480.00" occupancy="3.74" speed="17.83" harmonicMeanSpeed="17.80" length="5.00" nVehEntered="4"/>
    <interval begin="1290.00" end="1320.00" id="D6_2_0" nVehContrib="7" flow="840.00" occupancy="7.01" speed="16.71" harmonicMeanSpeed="16.65" length="5.00" nVehEntered="7"/>
    <interval begin="1320.00" end="1350.00" id="D6_2_0" nVehContrib="4" flow="480.00" occupancy="9.15" speed="8.10" harmonicMeanSpeed="7.28" length="5.00" nVehEntered="4"/>
    <interval begin="1350.00" end="1380.00" id="D6_2_0" nVehContrib="1" flow="120.00" occupancy="4.38" speed="3.80" harmonicMeanSpeed="3.80" length="5.00" nVehEntered="1"/>
    <interval begin="1380.00" end="1410.00" id="D6_2_0" nVehContrib="0" flow="0.00" occupancy="0.00" speed="-1.00" harmonicMeanSpeed="-1.00" length="-1.00" nVehEntered="0"/>
    <interval begin="1410.00" end="1440.00" id="D6_2_0" nVehContrib="11" flow="1320.00" occupancy="35.07" speed="6.31" harmonicMeanSpeed="5.34" length="5.00" nVehEntered="12"/>
    <interval begin="1440.00" end="1470.00" id="D6_2_0" nVehContrib="5" flow="600.00" occupancy="25.76" speed="4.11" harmonicMeanSpeed="3.14" length="5.00" nVehEntered="4"/>
    <interval begin="1470.00" end="1500.00" id="D6_2_0" nVehContrib="0" flow="0.00" occupancy="0.00" speed="-1.00" harmonicMeanSpeed="-1.00" length="-1.00" nVehEntered="0"/>
    <interval begin="1500.00" end="1530.00" id="D6_2_0" nVehContrib="8" flow="960.00" occupancy="18.30" speed="9.90" harmonicMeanSpeed="7.29" length="5.00" nVehEntered="8"/>
    <interval begin="1530.00" end="1560.00" id="D6_2_0" nVehContrib="0" flow="0.00" occupancy="0.00" speed="-1.00" harmonicMeanSpeed="-1.00" length="-1.00" nVehEntered="0"/>
    <interval begin="1560.00" end="1590.00" id="D6_2_0" nVehContrib="0" flow="0.00" occupancy="0.00" speed="-1.00" harmonicMeanSpeed="-1.00" length="-1.00" nVehEntered="0"/>
    <interval begin="1590.00" end="1620.00" id="D6_2_0" nVehContrib="9" flow="1080.00" occupancy="8.75" speed="17.22" harmonicMeanSpeed="17.14" length="5.00" nVehEntered="9"/>
    <interval begin="1620.00" end="1650.00" id="D6_2_0" nVehContrib="5" flow="600.00" occupancy="4.94" speed="16.94" harmonicMeanSpeed="16.86" length="5.00" nVehEntered="5"/>
    <interval begin="1650.00" end="1680.00" id="D6_2_0" nVehContrib="8" flow="960.00" occupancy="11.54" speed="14.04" harmonicMeanSpeed="11.55" length="5.00" nVehEntered="8"/>
    <interval begin="1680.00" end="1710.00" id="D6_2_0" nVehContrib="0" flow="0.00" occupancy="0.00" speed="-1.00" harmonicMeanSpeed="-1.00" length="-1.00" nVehEntered="0"/>
    <interval begin="1710.00" end="1740.00" id="D6_2_0" nVehContrib="0" flow="0.00" occupancy="0.00" speed="-1.00" harmonicMeanSpeed="-1.00" length="-1.00" nVehEntered="0"/>
    <interval begin="1740.00" end="1770.00" id="D6_2_0" nVehContrib="5" flow="600.00" occupancy="9.70" speed="9.45" harmonicMeanSpeed="8.59" length="5.00" nVehEntered="5"/>
    <interval begin="1770.00" end="1800.00" id="D6_2_0" nVehContrib="1" flow="120.00" occupancy="1.03" speed="16.13" harmonicMeanSpeed="16.13" length="5.00" nVehEntered="1"/>
    <interval begin="1800.00" end="1830.00" id="D6_2_0" nVehContrib="0" flow="0.00" occupancy="0.00" speed="-1.00" harmonicMeanSpeed="-1.00" length="-1.00" nVehEntered="0"/>
    <interval begin="1830.00" end="1860.00" id="D6_2_0" nVehContrib="0" flow="0.00" occupancy="0.00" speed="-1.00" harmonicMeanSpeed="-1.00" length="-1.00" nVehEntered="0"/>
    <interval begin="1860.00" end="1890.00" id="D6_2_0" nVehContrib="4" flow="480.00" occupancy="3.99" speed="16.82" harmonicMeanSpeed="16.70" length="5.00" nVehEntered="4"/>
    <interval begin="1890.00" end="1920.00" id="D6_2_0" nVehContrib="7" flow="840.00" occupancy="6.49" speed="18.00" harmonicMeanSpeed="17.98" length="5.00" nVehEntered="7"/>
    <interval begin="1920.00" end="1950.00" id="D6_2_0" nVehContrib="5" flow="600.00" occupancy="5.13" speed="16.31" harmonicMeanSpeed="16.23" length="5.00" nVehEntered="5"/>
    <interval begin="1950.00" end="1980.00" id="D6_2_0" nVehContrib="9" flow="1080.00" occupancy="13.04" speed="13.39" harmonicMeanSpeed="11.50" length="5.00" nVehEntered="9"/>
    <interval begin="1980.00" end="2010.00" id="D6_2_0" nVehContrib="1" flow="120.00" occupancy="3.66" speed="4.55" harmonicMeanSpeed="4.55" length="5.00" nVehEntered="2"/>
    <interval begin="2010.00" end="2040.00" id="D6_2_0" nVehContrib="0" flow="0.00" occupancy="0.00" speed="-1.00" harmonicMeanSpeed="-1.00" length="-1.00" nVehEntered="0"/>
    <interval begin="2040.00" end="2070.00" id="D6_2_0" nVehContrib="2" flow="240.00" occupancy="9.29" speed="3.63" harmonicMeanSpeed="3.59" length="5.00" nVehEntered="2"/>
    <interval begin="2070.00" end="2100.00" id="D6_2_0" nVehContrib="2" flow="240.00" occupancy="11.18" speed="3.24" harmonicMeanSpeed="2.98" length="5.00" nVehEntered="2"/>
    <interval begin="2100.00" end="2130.00" id="D6_2_0" nVehContrib="14" flow="1680.00" occupancy="29.46" speed="10.20" harmonicMeanSpeed="8.38" length="5.00" nVehEntered="15"/>
    <interval begin="2130.00" end="2160.00" id="D6_2_0" nVehContrib="1" flow="120.00" occupancy="88.61" speed="5.26" harmonicMeanSpeed="5.26" length="5.00" nVehEntered="1"/>
    <interval begin="2160.00" end="2190.00" id="D6_2_0" nVehContrib="0" flow="0.00" occupancy="100.00" speed="-1.00" harmonicMeanSpeed="-1.00" length="-1.00" nVehEntered="0"/>
    <interval begin="2190.00" end="2220.00" id="D6_2_0" nVehContrib="1" flow="120.00" occupancy="92.96" speed="0.06" harmonicMeanSpeed="0.06" length="5.00" nVehEntered="1"/>
    <interval begin="2220.00" end="2250.00" id="D6_2_0" nVehContrib="2" flow="240.00" occupancy="3.15" speed="6.93" harmonicMeanSpeed="5.96" length="5.00" nVehEntered="1"/>
    <interval begin="2250.00" end="2280.00" id="D6_2_0" nVehContrib="8" flow="960.00" occupancy="9.08" speed="14.95" harmonicMeanSpeed="14.68" length="5.00" nVehEntered="8"/>
    <interval begin="2280.00" end="2310.00" id="D6_2_0" nVehContrib="6" flow="720.00" occupancy="6.38" speed="15.98" harmonicMeanSpeed="15.67" length="5.00" nVehEntered="6"/>
    <interval begin="2310.00" end="2340.00" id="D6_2_0" nVehContrib="2" flow="240.00" occupancy="4.93" speed="7.26" harmonicMeanSpeed="6.76" length="5.00" nVehEntered="2"/>
    <interval begin="2340.00" end="2370.00" id="D6_2_0" nVehContrib="0" flow="0.00" occupancy="0.00" speed="-1.00" harmonicMeanSpeed="-1.00" length="-1.00" nVehEntered="0"/>
    <interval begin="2370.00" end="2400.00" id="D6_2_0" nVehContrib="0" flow="0.00" occupancy="0.00" speed="-1.00" harmonicMeanSpeed="-1.00" length="-1.00" nVehEntered="0"/>
    <interval begin="2400.00" end="2430.00" id="D6_2_0" nVehContrib="0" flow="0.00" occupancy="0.00" speed="-1.00" harmonicMeanSpeed="-1.00" length="-1.00" nVehEntered="0"/>
    <interval begin="2430.00" end="2460.00" id="D6_2_0" nVehContrib="11" flow="1320.00" occupancy="11.90" speed="15.57" harmonicMeanSpeed="15.40" length="5.00" nVehEntered="11"/>
    <interval begin="2460.00" end="2490.00" id="D6_2_0" nVehContrib="4" flow="480.00" occupancy="7.69" speed="10.65" harmonicMeanSpeed="8.67" length="5.00" nVehEntered="4"/>
    <interval begin="2490.00" end="2520.00" id="D6_2_0" nVehContrib="9" flow="1080.00" occupancy="20.57" speed="9.90" harmonicMeanSpeed="7.66" length="5.00" nVehEntered="10"/>
    <interval begin="2520.00" end="2550.00" id="D6_2_0" nVehContrib="3" flow="360.00" occupancy="11.25" speed="5.63" harmonicMeanSpeed="4.09" length="5.00" nVehEntered="2"/>
    <interval begin="2550.00" end="2580.00" id="D6_2_0" nVehContrib="0" flow="0.00" occupancy="0.00" speed="-1.00" harmonicMeanSpeed="-1.00" length="-1.00" nVehEntered="0"/>
    <interval begin="2580.00" end="2610.00" id="D6_2_0" nVehContrib="0" flow="0.00" occupancy="0.00" speed="-1.00" harmonicMeanSpeed="-1.00" length="-1.00" nVehEntered="0"/>
    <interval begin="2610.00" end="2640.00" id="D6_2_0" nVehContrib="10" flow="1200.00" occupancy="16.97" speed="11.46" harmonicMeanSpeed="9.82" length="5.00" nVehEntered="10"/>
    <interval begin="2640.00" end="2670.00" id="D6_2_0" nVehContrib="1" flow="120.00" occupancy="91.45" speed="6.18" harmonicMeanSpeed="6.18" length="5.00" nVehEntered="2"/>
    <interval begin="2670.00" end="2700.00" id="D6_2_0" nVehContrib="3" flow="360.00" occupancy="83.06" speed="4.00" harmonicMeanSpeed="0.29" length="5.00" nVehEntered="2"/>
    <interval begin="2700.00" end="2730.00" id="D6_2_0" nVehContrib="5" flow="600.00" occupancy="6.52" speed="13.35" harmonicMeanSpeed="12.79" length="5.00" nVehEntered="5"/>
    <interval begin="2730.00" end="2760.00" id="D6_2_0" nVehContrib="5" flow="600.00" occupancy="4.78" speed="17.43" harmonicMeanSpeed="17.42" length="5.00" nVehEntered="5"/>
    <interval begin="2760.00" end="2790.00" id="D6_2_0" nVehContrib="4" flow="480.00" occupancy="7.82" speed="10.13" harmonicMeanSpeed="8.52" length="5.00" nVehEntered="4"/>
    <interval begin="2790.00" end="2820.00" id="D6_2_0" nVehContrib="3" flow="360.00" occupancy="12.20" speed="4.64" harmonicMeanSpeed="4.10" length="5.00" nVehEntered="3"/>
    <interval begin="2820.00" end="2850.00" id="D6_2_0" nVehContrib="5" flow="600.00" occupancy="11.98" speed="10.31" harmonicMeanSpeed="6.96" length="5.00" nVehEntered="5"/>
    <interval begin="2850.00" end="2880.00" id="D6_2_0" nVehContrib="8" flow="960.00" occupancy="8.52" speed="15.71" harmonicMeanSpeed="15.65" length="5.00" nVehEntered="8"/>
    <interval begin="2880.00" end="2910.00" id="D6_2_0" nVehContrib="6" flow="720.00" occupancy="9.54" speed="12.55" harmonicMeanSpeed="10.48" length="5.00" nVehEntered="6"/>
    <interval begin="2910.00" end="2940.00" id="D6_2_0" nVehContrib="1" flow="120.00" occupancy="12.18" speed="1.37" harmonicMeanSpeed="1.37" length="5.00" nVehEntered="1"/>
    <interval begin="2940.00" end="2970.00" id="D6_2_0" nVehContrib="0" flow="0.00" occupancy="52.95" speed="-1.00" harmonicMeanSpeed="-1.00" length="-1.00" nVehEntered="1"/>
    <interval begin="2970.00" end="3000.00" id="D6_2_0" nVehContrib="3" flow="360.00" occupancy="11.01" speed="4.78" harmonicMeanSpeed="0.78" length="5.00" nVehEntered="2"/>
    <interval begin="3000.00" end="3030.00" id="D6_2_0" nVehContrib="7" flow="840.00" occupancy="9.26" speed="13.70" harmonicMeanSpeed="12.60" length="5.00" nVehEntered="7"/>
    <interval begin="3030.00" end="3060.00" id="D6_2_0" nVehContrib="7" flow="840.00" occupancy="6.62" speed="17.66" harmonicMeanSpeed="17.61" length="5.00" nVehEntered="7"/>
    <interval begin="3060.00" end="3090.00" id="D6_2_0" nVehContrib="6" flow="720.00" occupancy="10.63" speed="10.93" harmonicMeanSpeed="9.41" length="5.00" nVehEntered="6"/>
    <interval begin="3090.00" end="3120.00" id="D6_2_0" nVehContrib="0" flow="0.00" occupancy="2.85" speed="-1.00" harmonicMeanSpeed="-1.00" length="-1.00" nVehEntered="1"/>
    <interval begin="3120.00" end="3150.00" id="D6_2_0" nVehContrib="2" flow="240.00" occupancy="86.05" speed="2.44" harmonicMeanSpeed="0.38" length="5.00" nVehEntered="2"/>
    <interval begin="3150.00" end="3180.00" id="D6_2_0" nVehContrib="4" flow="480.00" occupancy="5.44" speed="9.90" harmonicMeanSpeed="9.57" length="5.00" nVehEntered="3"/>
    <interval begin="3180.00" end="3210.00" id="D6_2_0" nVehContrib="5" flow="600.00" occupancy="5.19" speed="16.10" harmonicMeanSpeed="16.04" length="5.00" nVehEntered="5"/>
    <interval begin="3210.00" end="3240.00" id="D6_2_0" nVehContrib="4" flow="480.00" occupancy="3.92" speed="17.07" harmonicMeanSpeed="17.01" length="5.00" nVehEntered="4"/>
    <interval begin="3240.00" end="3270.00" id="D6_2_0" nVehContrib="8" flow="960.00" occupancy="10.03" speed="14.69" harmonicMeanSpeed="13.29" length="5.00" nVehEntered="8"/>
    <interval begin="3270.00" end="3300.00" id="D6_2_0" nVehContrib="0" flow="0.00" occupancy="90.94" speed="-1.00" harmonicMeanSpeed="-1.00" length="-1.00" nVehEntered="1"/>
    <interval begin="3300.00" end="3330.00" id="D6_2_0" nVehContrib="3" flow="360.00" occupancy="84.70" speed="4.92" harmonicMeanSpeed="0.29" length="5.00" nVehEntered="3"/>
    <interval begin="3330.00" end="3360.00" id="D6_2_0" nVehContrib="7" flow="840.00" occupancy="8.96" speed="12.93" harmonicMeanSpeed="12.66" length="5.00" nVehEntered="6"/>
    <interval begin="3360.00" end="3390.00" id="D6_2_0" nVehContrib="3" flow="360.00" occupancy="6.55" speed="8.70" harmonicMeanSpeed="7.63" length="5.00" nVehEntered="3"/>
    <interval begin="3390.00" end="3420.00" id="D6_2_0" nVehContrib="7" flow="840.00" occupancy="25.87" speed="6.68" harmonicMeanSpeed="4.51" length="5.00" nVehEntered="7"/>
    <interval begin="3420.00" end="3450.00" id="D6_2_0" nVehContrib="8" flow="960.00" occupancy="10.89" speed="13.90" harmonicMeanSpeed="12.24" length="5.00" nVehEntered="8"/>
    <interval begin="3450.00" end="3480.00" id="D6_2_0" nVehContrib="1" flow="120.00" occupancy="20.48" speed="0.81" harmonicMeanSpeed="0.81" length="5.00" nVehEntered="1"/>
    <interval begin="3480.00" end="3510.00" id="D6_2_0" nVehContrib="1" flow="120.00" occupancy="11.14" speed="1.50" harmonicMeanSpeed="1.50" length="5.00" nVehEntered="1"/>
    <interval begin="3510.00" end="3540.00" id="D6_2_0" nVehContrib="0" flow="0.00" occupancy="0.00" speed="-1.00" harmonicMeanSpeed="-1.00" length="-1.00" nVehEntered="0"/>
    <interval begin="3540.00" end="3570.00" id="D6_2_0" nVehContrib="3" flow="360.00" occupancy="3.73" speed="13.47" harmonicMeanSpeed="13.39" length="5.00" nVehEntered="3"/>
    <interval begin="3570.00" end="3600.00" id="D6_2_0" nVehContrib="11" flow="1320.00" occupancy="21.31" speed="12.00" harmonicMeanSpeed="8.60" length="5.00" nVehEntered="11"/>
    <interval begin="3600.00" end="3605.00" id="D6_2_0" nVehContrib="2" flow="1440.00" occupancy="35.07" speed="5.76" harmonicMeanSpeed="5.70" length="5.00" nVehEntered="2"/>
</detector>
