<?xml version="1.0" encoding="UTF-8"?>

<!-- generated on 02/02/20 10:23:44 by Eclipse SUMO Version 1.3.1
<configuration xmlns:xsi="http://www.w3.org/2001/XMLSchema-instance" xsi:noNamespaceSchemaLocation="http://sumo.dlr.de/xsd/sumoConfiguration.xsd">

    <input>
        <net-file value="gnet.net.xml"/>
        <route-files value="grou.rou.xml"/>
        <additional-files value="gadd.additional.xml"/>
    </input>

    <output>
        <queue-output value="Queue.xml"/>
        <summary-output value="Summary.xml"/>
        <tripinfo-output value="output-tripinfos.xml"/>
    </output>

    <time>
        <begin value="0"/>
        <end value="3600"/>
    </time>

    <processing>
        <time-to-teleport value="3600"/>
    </processing>

    <traci_server>
        <remote-port value="10631"/>
    </traci_server>

    <gui_only>
        <gui-settings-file value="gview.view.xml"/>
        <quit-on-end value="true"/>
        <start value="true"/>
    </gui_only>

</configuration>
-->

<detector xmlns:xsi="http://www.w3.org/2001/XMLSchema-instance" xsi:noNamespaceSchemaLocation="http://sumo.dlr.de/xsd/det_e1_file.xsd">
    <interval begin="0.00" end="30.00" id="D6_2_2" nVehContrib="3" flow="360.00" occupancy="5.47" speed="15.13" harmonicMeanSpeed="9.14" length="5.00" nVehEntered="3"/>
    <interval begin="30.00" end="60.00" id="D6_2_2" nVehContrib="4" flow="480.00" occupancy="6.23" speed="16.23" harmonicMeanSpeed="10.70" length="5.00" nVehEntered="4"/>
    <interval begin="60.00" end="90.00" id="D6_2_2" nVehContrib="4" flow="480.00" occupancy="8.84" speed="11.73" harmonicMeanSpeed="7.54" length="5.00" nVehEntered="4"/>
    <interval begin="90.00" end="120.00" id="D6_2_2" nVehContrib="5" flow="600.00" occupancy="4.02" speed="20.73" harmonicMeanSpeed="20.71" length="5.00" nVehEntered="5"/>
    <interval begin="120.00" end="150.00" id="D6_2_2" nVehContrib="3" flow="360.00" occupancy="2.54" speed="19.71" harmonicMeanSpeed="19.70" length="5.00" nVehEntered="3"/>
    <interval begin="150.00" end="180.00" id="D6_2_2" nVehContrib="3" flow="360.00" occupancy="2.51" speed="19.92" harmonicMeanSpeed="19.91" length="5.00" nVehEntered="3"/>
    <interval begin="180.00" end="210.00" id="D6_2_2" nVehContrib="7" flow="840.00" occupancy="5.84" speed="19.98" harmonicMeanSpeed="19.97" length="5.00" nVehEntered="7"/>
    <interval begin="210.00" end="240.00" id="D6_2_2" nVehContrib="3" flow="360.00" occupancy="2.46" speed="20.34" harmonicMeanSpeed="20.34" length="5.00" nVehEntered="3"/>
    <interval begin="240.00" end="270.00" id="D6_2_2" nVehContrib="4" flow="480.00" occupancy="3.38" speed="19.76" harmonicMeanSpeed="19.74" length="5.00" nVehEntered="4"/>
    <interval begin="270.00" end="300.00" id="D6_2_2" nVehContrib="4" flow="480.00" occupancy="3.34" speed="19.98" harmonicMeanSpeed="19.97" length="5.00" nVehEntered="4"/>
    <interval begin="300.00" end="330.00" id="D6_2_2" nVehContrib="5" flow="600.00" occupancy="4.23" speed="19.71" harmonicMeanSpeed="19.68" length="5.00" nVehEntered="5"/>
    <interval begin="330.00" end="360.00" id="D6_2_2" nVehContrib="4" flow="480.00" occupancy="3.31" speed="20.18" harmonicMeanSpeed="20.13" length="5.00" nVehEntered="4"/>
    <interval begin="360.00" end="390.00" id="D6_2_2" nVehContrib="5" flow="600.00" occupancy="10.03" speed="13.70" harmonicMeanSpeed="8.31" length="5.00" nVehEntered="5"/>
    <interval begin="390.00" end="420.00" id="D6_2_2" nVehContrib="5" flow="600.00" occupancy="4.24" speed="19.65" harmonicMeanSpeed="19.64" length="5.00" nVehEntered="5"/>
    <interval begin="420.00" end="450.00" id="D6_2_2" nVehContrib="3" flow="360.00" occupancy="2.53" speed="19.80" harmonicMeanSpeed="19.80" length="5.00" nVehEntered="3"/>
    <interval begin="450.00" end="480.00" id="D6_2_2" nVehContrib="6" flow="720.00" occupancy="8.01" speed="17.32" harmonicMeanSpeed="12.49" length="5.00" nVehEntered="6"/>
    <interval begin="480.00" end="510.00" id="D6_2_2" nVehContrib="5" flow="600.00" occupancy="4.11" speed="20.27" harmonicMeanSpeed="20.26" length="5.00" nVehEntered="5"/>
    <interval begin="510.00" end="540.00" id="D6_2_2" nVehContrib="5" flow="600.00" occupancy="4.24" speed="19.66" harmonicMeanSpeed="19.64" length="5.00" nVehEntered="5"/>
    <interval begin="540.00" end="570.00" id="D6_2_2" nVehContrib="2" flow="240.00" occupancy="4.98" speed="20.27" harmonicMeanSpeed="20.20" length="5.00" nVehEntered="3"/>
    <interval begin="570.00" end="600.00" id="D6_2_2" nVehContrib="5" flow="600.00" occupancy="3.59" speed="16.42" harmonicMeanSpeed="12.04" length="5.00" nVehEntered="4"/>
    <interval begin="600.00" end="630.00" id="D6_2_2" nVehContrib="5" flow="600.00" occupancy="4.34" speed="19.23" harmonicMeanSpeed="19.18" length="5.00" nVehEntered="5"/>
    <interval begin="630.00" end="660.00" id="D6_2_2" nVehContrib="3" flow="360.00" occupancy="5.11" speed="14.83" harmonicMeanSpeed="9.78" length="5.00" nVehEntered="3"/>
    <interval begin="660.00" end="690.00" id="D6_2_2" nVehContrib="5" flow="600.00" occupancy="4.08" speed="20.43" harmonicMeanSpeed="20.43" length="5.00" nVehEntered="5"/>
    <interval begin="690.00" end="720.00" id="D6_2_2" nVehContrib="5" flow="600.00" occupancy="4.30" speed="19.43" harmonicMeanSpeed="19.36" length="5.00" nVehEntered="5"/>
    <interval begin="720.00" end="750.00" id="D6_2_2" nVehContrib="6" flow="720.00" occupancy="5.05" speed="19.80" harmonicMeanSpeed="19.80" length="5.00" nVehEntered="6"/>
    <interval begin="750.00" end="780.00" id="D6_2_2" nVehContrib="5" flow="600.00" occupancy="4.32" speed="19.31" harmonicMeanSpeed="19.31" length="5.00" nVehEntered="5"/>
    <interval begin="780.00" end="810.00" id="D6_2_2" nVehContrib="6" flow="720.00" occupancy="5.63" speed="17.93" harmonicMeanSpeed="17.76" length="5.00" nVehEntered="6"/>
    <interval begin="810.00" end="840.00" id="D6_2_2" nVehContrib="5" flow="600.00" occupancy="5.78" speed="14.56" harmonicMeanSpeed="14.42" length="5.00" nVehEntered="5"/>
    <interval begin="840.00" end="870.00" id="D6_2_2" nVehContrib="5" flow="600.00" occupancy="6.02" speed="14.12" harmonicMeanSpeed="13.84" length="5.00" nVehEntered="5"/>
    <interval begin="870.00" end="900.00" id="D6_2_2" nVehContrib="4" flow="480.00" occupancy="4.64" speed="14.67" harmonicMeanSpeed="14.38" length="5.00" nVehEntered="4"/>
    <interval begin="900.00" end="930.00" id="D6_2_2" nVehContrib="2" flow="240.00" occupancy="5.49" speed="6.97" harmonicMeanSpeed="6.07" length="5.00" nVehEntered="2"/>
    <interval begin="930.00" end="960.00" id="D6_2_2" nVehContrib="0" flow="0.00" occupancy="0.00" speed="-1.00" harmonicMeanSpeed="-1.00" length="-1.00" nVehEntered="0"/>
    <interval begin="960.00" end="990.00" id="D6_2_2" nVehContrib="0" flow="0.00" occupancy="0.00" speed="-1.00" harmonicMeanSpeed="-1.00" length="-1.00" nVehEntered="0"/>
    <interval begin="990.00" end="1020.00" id="D6_2_2" nVehContrib="0" flow="0.00" occupancy="0.00" speed="-1.00" harmonicMeanSpeed="-1.00" length="-1.00" nVehEntered="0"/>
    <interval begin="1020.00" end="1050.00" id="D6_2_2" nVehContrib="0" flow="0.00" occupancy="0.00" speed="-1.00" harmonicMeanSpeed="-1.00" length="-1.00" nVehEntered="0"/>
    <interval begin="1050.00" end="1080.00" id="D6_2_2" nVehContrib="0" flow="0.00" occupancy="0.00" speed="-1.00" harmonicMeanSpeed="-1.00" length="-1.00" nVehEntered="0"/>
    <interval begin="1080.00" end="1110.00" id="D6_2_2" nVehContrib="0" flow="0.00" occupancy="0.00" speed="-1.00" harmonicMeanSpeed="-1.00" length="-1.00" nVehEntered="0"/>
    <interval begin="1110.00" end="1140.00" id="D6_2_2" nVehContrib="1" flow="120.00" occupancy="15.28" speed="1.15" harmonicMeanSpeed="1.15" length="5.00" nVehEntered="2"/>
    <interval begin="1140.00" end="1170.00" id="D6_2_2" nVehContrib="2" flow="240.00" occupancy="39.77" speed="1.24" harmonicMeanSpeed="0.82" length="5.00" nVehEntered="1"/>
    <interval begin="1170.00" end="1200.00" id="D6_2_2" nVehContrib="3" flow="360.00" occupancy="45.83" speed="1.52" harmonicMeanSpeed="1.37" length="5.00" nVehEntered="4"/>
    <interval begin="1200.00" end="1230.00" id="D6_2_2" nVehContrib="5" flow="600.00" occupancy="37.67" speed="2.71" harmonicMeanSpeed="1.78" length="5.00" nVehEntered="5"/>
    <interval begin="1230.00" end="1260.00" id="D6_2_2" nVehContrib="4" flow="480.00" occupancy="57.45" speed="1.51" harmonicMeanSpeed="1.16" length="5.00" nVehEntered="3"/>
    <interval begin="1260.00" end="1290.00" id="D6_2_2" nVehContrib="2" flow="240.00" occupancy="35.28" speed="0.95" harmonicMeanSpeed="0.94" length="5.00" nVehEntered="2"/>
    <interval begin="1290.00" end="1320.00" id="D6_2_2" nVehContrib="3" flow="360.00" occupancy="52.91" speed="1.16" harmonicMeanSpeed="1.10" length="5.00" nVehEntered="4"/>
    <interval begin="1320.00" end="1350.00" id="D6_2_2" nVehContrib="2" flow="240.00" occupancy="44.72" speed="0.70" harmonicMeanSpeed="0.64" length="5.00" nVehEntered="1"/>
    <interval begin="1350.00" end="1380.00" id="D6_2_2" nVehContrib="5" flow="600.00" occupancy="58.66" speed="2.92" harmonicMeanSpeed="1.69" length="5.00" nVehEntered="6"/>
    <interval begin="1380.00" end="1410.00" id="D6_2_2" nVehContrib="2" flow="240.00" occupancy="46.72" speed="0.75" harmonicMeanSpeed="0.60" length="5.00" nVehEntered="1"/>
    <interval begin="1410.00" end="1440.00" id="D6_2_2" nVehContrib="5" flow="600.00" occupancy="54.34" speed="2.71" harmonicMeanSpeed="2.48" length="5.00" nVehEntered="6"/>
    <interval begin="1440.00" end="1470.00" id="D6_2_2" nVehContrib="3" flow="360.00" occupancy="60.83" speed="0.66" harmonicMeanSpeed="0.61" length="5.00" nVehEntered="2"/>
    <interval begin="1470.00" end="1500.00" id="D6_2_2" nVehContrib="1" flow="120.00" occupancy="53.53" speed="0.60" harmonicMeanSpeed="0.60" length="5.00" nVehEntered="2"/>
    <interval begin="1500.00" end="1530.00" id="D6_2_2" nVehContrib="6" flow="720.00" occupancy="50.42" speed="1.92" harmonicMeanSpeed="1.31" length="5.00" nVehEntered="5"/>
    <interval begin="1530.00" end="1560.00" id="D6_2_2" nVehContrib="2" flow="240.00" occupancy="38.87" speed="1.44" harmonicMeanSpeed="1.05" length="5.00" nVehEntered="3"/>
    <interval begin="1560.00" end="1590.00" id="D6_2_2" nVehContrib="2" flow="240.00" occupancy="79.49" speed="2.12" harmonicMeanSpeed="2.11" length="5.00" nVehEntered="2"/>
    <interval begin="1590.00" end="1620.00" id="D6_2_2" nVehContrib="2" flow="240.00" occupancy="23.39" speed="0.51" harmonicMeanSpeed="0.35" length="5.00" nVehEntered="1"/>
    <interval begin="1620.00" end="1650.00" id="D6_2_2" nVehContrib="0" flow="0.00" occupancy="14.64" speed="-1.00" harmonicMeanSpeed="-1.00" length="-1.00" nVehEntered="1"/>
    <interval begin="1650.00" end="1680.00" id="D6_2_2" nVehContrib="2" flow="240.00" occupancy="12.82" speed="1.27" harmonicMeanSpeed="1.21" length="5.00" nVehEntered="1"/>
    <interval begin="1680.00" end="1710.00" id="D6_2_2" nVehContrib="0" flow="0.00" occupancy="77.15" speed="-1.00" harmonicMeanSpeed="-1.00" length="-1.00" nVehEntered="1"/>
    <interval begin="1710.00" end="1740.00" id="D6_2_2" nVehContrib="2" flow="240.00" occupancy="45.85" speed="0.58" harmonicMeanSpeed="0.27" length="5.00" nVehEntered="1"/>
    <interval begin="1740.00" end="1770.00" id="D6_2_2" nVehContrib="2" flow="240.00" occupancy="42.09" speed="1.38" harmonicMeanSpeed="0.79" length="5.00" nVehEntered="2"/>
    <interval begin="1770.00" end="1800.00" id="D6_2_2" nVehContrib="2" flow="240.00" occupancy="23.04" speed="1.45" harmonicMeanSpeed="1.45" length="5.00" nVehEntered="2"/>
    <interval begin="1800.00" end="1830.00" id="D6_2_2" nVehContrib="1" flow="120.00" occupancy="76.81" speed="0.22" harmonicMeanSpeed="0.22" length="5.00" nVehEntered="1"/>
    <interval begin="1830.00" end="1860.00" id="D6_2_2" nVehContrib="2" flow="240.00" occupancy="45.21" speed="0.81" harmonicMeanSpeed="0.80" length="5.00" nVehEntered="3"/>
    <interval begin="1860.00" end="1890.00" id="D6_2_2" nVehContrib="5" flow="600.00" occupancy="49.39" speed="1.80" harmonicMeanSpeed="1.65" length="5.00" nVehEntered="5"/>
    <interval begin="1890.00" end="1920.00" id="D6_2_2" nVehContrib="4" flow="480.00" occupancy="57.80" speed="1.68" harmonicMeanSpeed="1.35" length="5.00" nVehEntered="4"/>
    <interval begin="1920.00" end="1950.00" id="D6_2_2" nVehContrib="1" flow="120.00" occupancy="83.47" speed="1.12" harmonicMeanSpeed="1.12" length="5.00" nVehEntered="1"/>
    <interval begin="1950.00" end="1980.00" id="D6_2_2" nVehContrib="3" flow="360.00" occupancy="41.91" speed="1.74" harmonicMeanSpeed="0.42" length="5.00" nVehEntered="3"/>
    <interval begin="1980.00" end="2010.00" id="D6_2_2" nVehContrib="2" flow="240.00" occupancy="22.13" speed="1.96" harmonicMeanSpeed="1.34" length="5.00" nVehEntered="1"/>
    <interval begin="2010.00" end="2040.00" id="D6_2_2" nVehContrib="0" flow="0.00" occupancy="0.00" speed="-1.00" harmonicMeanSpeed="-1.00" length="-1.00" nVehEntered="0"/>
    <interval begin="2040.00" end="2070.00" id="D6_2_2" nVehContrib="3" flow="360.00" occupancy="49.14" speed="1.07" harmonicMeanSpeed="1.02" length="5.00" nVehEntered="3"/>
    <interval begin="2070.00" end="2100.00" id="D6_2_2" nVehContrib="3" flow="360.00" occupancy="53.91" speed="1.25" harmonicMeanSpeed="0.93" length="5.00" nVehEntered="3"/>
    <interval begin="2100.00" end="2130.00" id="D6_2_2" nVehContrib="3" flow="360.00" occupancy="65.52" speed="1.02" harmonicMeanSpeed="0.86" length="5.00" nVehEntered="4"/>
    <interval begin="2130.00" end="2160.00" id="D6_2_2" nVehContrib="3" flow="360.00" occupancy="77.45" speed="0.86" harmonicMeanSpeed="0.59" length="5.00" nVehEntered="2"/>
    <interval begin="2160.00" end="2190.00" id="D6_2_2" nVehContrib="1" flow="120.00" occupancy="78.12" speed="0.48" harmonicMeanSpeed="0.48" length="5.00" nVehEntered="2"/>
    <interval begin="2190.00" end="2220.00" id="D6_2_2" nVehContrib="3" flow="360.00" occupancy="63.05" speed="1.03" harmonicMeanSpeed="0.47" length="5.00" nVehEntered="2"/>
    <interval begin="2220.00" end="2250.00" id="D6_2_2" nVehContrib="2" flow="240.00" occupancy="59.66" speed="0.98" harmonicMeanSpeed="0.91" length="5.00" nVehEntered="3"/>
    <interval begin="2250.00" end="2280.00" id="D6_2_2" nVehContrib="6" flow="720.00" occupancy="52.18" speed="2.26" harmonicMeanSpeed="1.33" length="5.00" nVehEntered="5"/>
    <interval begin="2280.00" end="2310.00" id="D6_2_2" nVehContrib="3" flow="360.00" occupancy="32.18" speed="1.62" harmonicMeanSpeed="1.55" length="5.00" nVehEntered="3"/>
    <interval begin="2310.00" end="2340.00" id="D6_2_2" nVehContrib="1" flow="120.00" occupancy="8.40" speed="1.98" harmonicMeanSpeed="1.98" length="5.00" nVehEntered="1"/>
    <interval begin="2340.00" end="2370.00" id="D6_2_2" nVehContrib="3" flow="360.00" occupancy="38.06" speed="1.83" harmonicMeanSpeed="1.31" length="5.00" nVehEntered="3"/>
    <interval begin="2370.00" end="2400.00" id="D6_2_2" nVehContrib="1" flow="120.00" occupancy="19.13" speed="0.87" harmonicMeanSpeed="0.87" length="5.00" nVehEntered="1"/>
    <interval begin="2400.00" end="2430.00" id="D6_2_2" nVehContrib="1" flow="120.00" occupancy="33.11" speed="0.68" harmonicMeanSpeed="0.68" length="5.00" nVehEntered="2"/>
    <interval begin="2430.00" end="2460.00" id="D6_2_2" nVehContrib="6" flow="720.00" occupancy="56.30" speed="2.68" harmonicMeanSpeed="1.54" length="5.00" nVehEntered="5"/>
    <interval begin="2460.00" end="2490.00" id="D6_2_2" nVehContrib="2" flow="240.00" occupancy="49.61" speed="0.73" harmonicMeanSpeed="0.67" length="5.00" nVehEntered="2"/>
    <interval begin="2490.00" end="2520.00" id="D6_2_2" nVehContrib="2" flow="240.00" occupancy="50.44" speed="0.76" harmonicMeanSpeed="0.75" length="5.00" nVehEntered="3"/>
    <interval begin="2520.00" end="2550.00" id="D6_2_2" nVehContrib="5" flow="600.00" occupancy="51.84" speed="1.74" harmonicMeanSpeed="1.69" length="5.00" nVehEntered="5"/>
    <interval begin="2550.00" end="2580.00" id="D6_2_2" nVehContrib="2" flow="240.00" occupancy="65.67" speed="0.48" harmonicMeanSpeed="0.46" length="5.00" nVehEntered="2"/>
    <interval begin="2580.00" end="2610.00" id="D6_2_2" nVehContrib="3" flow="360.00" occupancy="50.03" speed="1.25" harmonicMeanSpeed="0.97" length="5.00" nVehEntered="2"/>
    <interval begin="2610.00" end="2640.00" id="D6_2_2" nVehContrib="6" flow="720.00" occupancy="50.52" speed="2.48" harmonicMeanSpeed="2.19" length="5.00" nVehEntered="7"/>
    <interval begin="2640.00" end="2670.00" id="D6_2_2" nVehContrib="2" flow="240.00" occupancy="74.43" speed="0.88" harmonicMeanSpeed="0.51" length="5.00" nVehEntered="2"/>
    <interval begin="2670.00" end="2700.00" id="D6_2_2" nVehContrib="3" flow="360.00" occupancy="64.58" speed="0.72" harmonicMeanSpeed="0.63" length="5.00" nVehEntered="2"/>
    <interval begin="2700.00" end="2730.00" id="D6_2_2" nVehContrib="5" flow="600.00" occupancy="42.26" speed="2.73" harmonicMeanSpeed="2.69" length="5.00" nVehEntered="6"/>
    <interval begin="2730.00" end="2760.00" id="D6_2_2" nVehContrib="2" flow="240.00" occupancy="34.00" speed="1.02" harmonicMeanSpeed="1.01" length="5.00" nVehEntered="2"/>
    <interval begin="2760.00" end="2790.00" id="D6_2_2" nVehContrib="2" flow="240.00" occupancy="31.98" speed="0.75" harmonicMeanSpeed="0.75" length="5.00" nVehEntered="1"/>
    <interval begin="2790.00" end="2820.00" id="D6_2_2" nVehContrib="1" flow="120.00" occupancy="36.16" speed="0.59" harmonicMeanSpeed="0.59" length="5.00" nVehEntered="2"/>
    <interval begin="2820.00" end="2850.00" id="D6_2_2" nVehContrib="5" flow="600.00" occupancy="46.40" speed="2.29" harmonicMeanSpeed="1.54" length="5.00" nVehEntered="5"/>
    <interval begin="2850.00" end="2880.00" id="D6_2_2" nVehContrib="5" flow="600.00" occupancy="56.18" speed="1.78" harmonicMeanSpeed="1.55" length="5.00" nVehEntered="5"/>
    <interval begin="2880.00" end="2910.00" id="D6_2_2" nVehContrib="2" flow="240.00" occupancy="25.18" speed="1.45" harmonicMeanSpeed="1.21" length="5.00" nVehEntered="1"/>
    <interval begin="2910.00" end="2940.00" id="D6_2_2" nVehContrib="1" flow="120.00" occupancy="59.25" speed="0.83" harmonicMeanSpeed="0.83" length="5.00" nVehEntered="2"/>
    <interval begin="2940.00" end="2970.00" id="D6_2_2" nVehContrib="3" flow="360.00" occupancy="57.11" speed="0.60" harmonicMeanSpeed="0.52" length="5.00" nVehEntered="2"/>
    <interval begin="2970.00" end="3000.00" id="D6_2_2" nVehContrib="4" flow="480.00" occupancy="47.84" speed="1.64" harmonicMeanSpeed="1.45" length="5.00" nVehEntered="5"/>
    <interval begin="3000.00" end="3030.00" id="D6_2_2" nVehContrib="5" flow="600.00" occupancy="52.58" speed="2.57" harmonicMeanSpeed="1.53" length="5.00" nVehEntered="4"/>
    <interval begin="3030.00" end="3060.00" id="D6_2_2" nVehContrib="2" flow="240.00" occupancy="62.95" speed="0.54" harmonicMeanSpeed="0.53" length="5.00" nVehEntered="2"/>
    <interval begin="3060.00" end="3090.00" id="D6_2_2" nVehContrib="2" flow="240.00" occupancy="35.33" speed="1.12" harmonicMeanSpeed="0.94" length="5.00" nVehEntered="2"/>
    <interval begin="3090.00" end="3120.00" id="D6_2_2" nVehContrib="1" flow="120.00" occupancy="65.55" speed="0.26" harmonicMeanSpeed="0.26" length="5.00" nVehEntered="2"/>
    <interval begin="3120.00" end="3150.00" id="D6_2_2" nVehContrib="3" flow="360.00" occupancy="68.72" speed="0.91" harmonicMeanSpeed="0.71" length="5.00" nVehEntered="2"/>
    <interval begin="3150.00" end="3180.00" id="D6_2_2" nVehContrib="2" flow="240.00" occupancy="62.12" speed="0.59" harmonicMeanSpeed="0.56" length="5.00" nVehEntered="3"/>
    <interval begin="3180.00" end="3210.00" id="D6_2_2" nVehContrib="2" flow="240.00" occupancy="44.06" speed="1.23" harmonicMeanSpeed="0.77" length="5.00" nVehEntered="2"/>
    <interval begin="3210.00" end="3240.00" id="D6_2_2" nVehContrib="3" flow="360.00" occupancy="51.52" speed="1.07" harmonicMeanSpeed="0.91" length="5.00" nVehEntered="2"/>
    <interval begin="3240.00" end="3270.00" id="D6_2_2" nVehContrib="2" flow="240.00" occupancy="26.42" speed="1.30" harmonicMeanSpeed="1.26" length="5.00" nVehEntered="2"/>
    <interval begin="3270.00" end="3300.00" id="D6_2_2" nVehContrib="0" flow="0.00" occupancy="0.00" speed="-1.00" harmonicMeanSpeed="-1.00" length="-1.00" nVehEntered="0"/>
    <interval begin="3300.00" end="3330.00" id="D6_2_2" nVehContrib="3" flow="360.00" occupancy="52.09" speed="1.54" harmonicMeanSpeed="0.96" length="5.00" nVehEntered="3"/>
    <interval begin="3330.00" end="3360.00" id="D6_2_2" nVehContrib="5" flow="600.00" occupancy="42.14" speed="2.35" harmonicMeanSpeed="1.98" length="5.00" nVehEntered="5"/>
    <interval begin="3360.00" end="3390.00" id="D6_2_2" nVehContrib="1" flow="120.00" occupancy="35.17" speed="0.47" harmonicMeanSpeed="0.47" length="5.00" nVehEntered="1"/>
    <interval begin="3390.00" end="3420.00" id="D6_2_2" nVehContrib="5" flow="600.00" occupancy="40.35" speed="2.34" harmonicMeanSpeed="2.07" length="5.00" nVehEntered="5"/>
    <interval begin="3420.00" end="3450.00" id="D6_2_2" nVehContrib="2" flow="240.00" occupancy="47.28" speed="0.76" harmonicMeanSpeed="0.71" length="5.00" nVehEntered="2"/>
    <interval begin="3450.00" end="3480.00" id="D6_2_2" nVehContrib="2" flow="240.00" occupancy="44.77" speed="0.89" harmonicMeanSpeed="0.74" length="5.00" nVehEntered="2"/>
    <interval begin="3480.00" end="3510.00" id="D6_2_2" nVehContrib="1" flow="120.00" occupancy="49.43" speed="0.47" harmonicMeanSpeed="0.47" length="5.00" nVehEntered="2"/>
    <interval begin="3510.00" end="3540.00" id="D6_2_2" nVehContrib="4" flow="480.00" occupancy="58.19" speed="1.24" harmonicMeanSpeed="1.19" length="5.00" nVehEntered="4"/>
    <interval begin="3540.00" end="3570.00" id="D6_2_2" nVehContrib="2" flow="240.00" occupancy="29.37" speed="0.74" harmonicMeanSpeed="0.73" length="5.00" nVehEntered="1"/>
    <interval begin="3570.00" end="3600.00" id="D6_2_2" nVehContrib="3" flow="360.00" occupancy="46.00" speed="1.29" harmonicMeanSpeed="1.28" length="5.00" nVehEntered="4"/>
    <interval begin="3600.00" end="3605.00" id="D6_2_2" nVehContrib="1" flow="720.00" occupancy="58.28" speed="1.01" harmonicMeanSpeed="1.01" length="5.00" nVehEntered="0"/>
</detector>
