<?xml version="1.0" encoding="UTF-8"?>

<!-- generated on 02/02/20 10:23:44 by Eclipse SUMO Version 1.3.1
<configuration xmlns:xsi="http://www.w3.org/2001/XMLSchema-instance" xsi:noNamespaceSchemaLocation="http://sumo.dlr.de/xsd/sumoConfiguration.xsd">

    <input>
        <net-file value="gnet.net.xml"/>
        <route-files value="grou.rou.xml"/>
        <additional-files value="gadd.additional.xml"/>
    </input>

    <output>
        <queue-output value="Queue.xml"/>
        <summary-output value="Summary.xml"/>
        <tripinfo-output value="output-tripinfos.xml"/>
    </output>

    <time>
        <begin value="0"/>
        <end value="3600"/>
    </time>

    <processing>
        <time-to-teleport value="3600"/>
    </processing>

    <traci_server>
        <remote-port value="10631"/>
    </traci_server>

    <gui_only>
        <gui-settings-file value="gview.view.xml"/>
        <quit-on-end value="true"/>
        <start value="true"/>
    </gui_only>

</configuration>
-->

<detector xmlns:xsi="http://www.w3.org/2001/XMLSchema-instance" xsi:noNamespaceSchemaLocation="http://sumo.dlr.de/xsd/det_e1_file.xsd">
    <interval begin="0.00" end="30.00" id="D6_3_0" nVehContrib="0" flow="0.00" occupancy="0.00" speed="-1.00" harmonicMeanSpeed="-1.00" length="-1.00" nVehEntered="1"/>
    <interval begin="30.00" end="60.00" id="D6_3_0" nVehContrib="0" flow="0.00" occupancy="0.00" speed="-1.00" harmonicMeanSpeed="-1.00" length="-1.00" nVehEntered="1"/>
    <interval begin="60.00" end="90.00" id="D6_3_0" nVehContrib="0" flow="0.00" occupancy="0.00" speed="-1.00" harmonicMeanSpeed="-1.00" length="-1.00" nVehEntered="0"/>
    <interval begin="90.00" end="120.00" id="D6_3_0" nVehContrib="0" flow="0.00" occupancy="0.00" speed="-1.00" harmonicMeanSpeed="-1.00" length="-1.00" nVehEntered="0"/>
    <interval begin="120.00" end="150.00" id="D6_3_0" nVehContrib="0" flow="0.00" occupancy="0.00" speed="-1.00" harmonicMeanSpeed="-1.00" length="-1.00" nVehEntered="0"/>
    <interval begin="150.00" end="180.00" id="D6_3_0" nVehContrib="0" flow="0.00" occupancy="0.00" speed="-1.00" harmonicMeanSpeed="-1.00" length="-1.00" nVehEntered="0"/>
    <interval begin="180.00" end="210.00" id="D6_3_0" nVehContrib="0" flow="0.00" occupancy="0.00" speed="-1.00" harmonicMeanSpeed="-1.00" length="-1.00" nVehEntered="0"/>
    <interval begin="210.00" end="240.00" id="D6_3_0" nVehContrib="0" flow="0.00" occupancy="0.00" speed="-1.00" harmonicMeanSpeed="-1.00" length="-1.00" nVehEntered="0"/>
    <interval begin="240.00" end="270.00" id="D6_3_0" nVehContrib="0" flow="0.00" occupancy="0.00" speed="-1.00" harmonicMeanSpeed="-1.00" length="-1.00" nVehEntered="0"/>
    <interval begin="270.00" end="300.00" id="D6_3_0" nVehContrib="0" flow="0.00" occupancy="0.00" speed="-1.00" harmonicMeanSpeed="-1.00" length="-1.00" nVehEntered="0"/>
    <interval begin="300.00" end="330.00" id="D6_3_0" nVehContrib="0" flow="0.00" occupancy="0.00" speed="-1.00" harmonicMeanSpeed="-1.00" length="-1.00" nVehEntered="0"/>
    <interval begin="330.00" end="360.00" id="D6_3_0" nVehContrib="0" flow="0.00" occupancy="0.00" speed="-1.00" harmonicMeanSpeed="-1.00" length="-1.00" nVehEntered="1"/>
    <interval begin="360.00" end="390.00" id="D6_3_0" nVehContrib="0" flow="0.00" occupancy="0.00" speed="-1.00" harmonicMeanSpeed="-1.00" length="-1.00" nVehEntered="0"/>
    <interval begin="390.00" end="420.00" id="D6_3_0" nVehContrib="0" flow="0.00" occupancy="0.00" speed="-1.00" harmonicMeanSpeed="-1.00" length="-1.00" nVehEntered="0"/>
    <interval begin="420.00" end="450.00" id="D6_3_0" nVehContrib="0" flow="0.00" occupancy="0.00" speed="-1.00" harmonicMeanSpeed="-1.00" length="-1.00" nVehEntered="0"/>
    <interval begin="450.00" end="480.00" id="D6_3_0" nVehContrib="0" flow="0.00" occupancy="0.00" speed="-1.00" harmonicMeanSpeed="-1.00" length="-1.00" nVehEntered="0"/>
    <interval begin="480.00" end="510.00" id="D6_3_0" nVehContrib="0" flow="0.00" occupancy="0.00" speed="-1.00" harmonicMeanSpeed="-1.00" length="-1.00" nVehEntered="0"/>
    <interval begin="510.00" end="540.00" id="D6_3_0" nVehContrib="0" flow="0.00" occupancy="0.00" speed="-1.00" harmonicMeanSpeed="-1.00" length="-1.00" nVehEntered="0"/>
    <interval begin="540.00" end="570.00" id="D6_3_0" nVehContrib="0" flow="0.00" occupancy="0.00" speed="-1.00" harmonicMeanSpeed="-1.00" length="-1.00" nVehEntered="0"/>
    <interval begin="570.00" end="600.00" id="D6_3_0" nVehContrib="0" flow="0.00" occupancy="0.00" speed="-1.00" harmonicMeanSpeed="-1.00" length="-1.00" nVehEntered="0"/>
    <interval begin="600.00" end="630.00" id="D6_3_0" nVehContrib="0" flow="0.00" occupancy="0.00" speed="-1.00" harmonicMeanSpeed="-1.00" length="-1.00" nVehEntered="0"/>
    <interval begin="630.00" end="660.00" id="D6_3_0" nVehContrib="0" flow="0.00" occupancy="0.00" speed="-1.00" harmonicMeanSpeed="-1.00" length="-1.00" nVehEntered="0"/>
    <interval begin="660.00" end="690.00" id="D6_3_0" nVehContrib="0" flow="0.00" occupancy="0.00" speed="-1.00" harmonicMeanSpeed="-1.00" length="-1.00" nVehEntered="0"/>
    <interval begin="690.00" end="720.00" id="D6_3_0" nVehContrib="0" flow="0.00" occupancy="0.00" speed="-1.00" harmonicMeanSpeed="-1.00" length="-1.00" nVehEntered="0"/>
    <interval begin="720.00" end="750.00" id="D6_3_0" nVehContrib="0" flow="0.00" occupancy="0.00" speed="-1.00" harmonicMeanSpeed="-1.00" length="-1.00" nVehEntered="0"/>
    <interval begin="750.00" end="780.00" id="D6_3_0" nVehContrib="0" flow="0.00" occupancy="0.00" speed="-1.00" harmonicMeanSpeed="-1.00" length="-1.00" nVehEntered="0"/>
    <interval begin="780.00" end="810.00" id="D6_3_0" nVehContrib="0" flow="0.00" occupancy="0.00" speed="-1.00" harmonicMeanSpeed="-1.00" length="-1.00" nVehEntered="0"/>
    <interval begin="810.00" end="840.00" id="D6_3_0" nVehContrib="0" flow="0.00" occupancy="0.00" speed="-1.00" harmonicMeanSpeed="-1.00" length="-1.00" nVehEntered="0"/>
    <interval begin="840.00" end="870.00" id="D6_3_0" nVehContrib="0" flow="0.00" occupancy="0.00" speed="-1.00" harmonicMeanSpeed="-1.00" length="-1.00" nVehEntered="0"/>
    <interval begin="870.00" end="900.00" id="D6_3_0" nVehContrib="0" flow="0.00" occupancy="0.00" speed="-1.00" harmonicMeanSpeed="-1.00" length="-1.00" nVehEntered="0"/>
    <interval begin="900.00" end="930.00" id="D6_3_0" nVehContrib="0" flow="0.00" occupancy="0.00" speed="-1.00" harmonicMeanSpeed="-1.00" length="-1.00" nVehEntered="0"/>
    <interval begin="930.00" end="960.00" id="D6_3_0" nVehContrib="0" flow="0.00" occupancy="0.00" speed="-1.00" harmonicMeanSpeed="-1.00" length="-1.00" nVehEntered="0"/>
    <interval begin="960.00" end="990.00" id="D6_3_0" nVehContrib="0" flow="0.00" occupancy="0.00" speed="-1.00" harmonicMeanSpeed="-1.00" length="-1.00" nVehEntered="0"/>
    <interval begin="990.00" end="1020.00" id="D6_3_0" nVehContrib="0" flow="0.00" occupancy="0.00" speed="-1.00" harmonicMeanSpeed="-1.00" length="-1.00" nVehEntered="0"/>
    <interval begin="1020.00" end="1050.00" id="D6_3_0" nVehContrib="0" flow="0.00" occupancy="0.00" speed="-1.00" harmonicMeanSpeed="-1.00" length="-1.00" nVehEntered="0"/>
    <interval begin="1050.00" end="1080.00" id="D6_3_0" nVehContrib="5" flow="600.00" occupancy="6.22" speed="13.41" harmonicMeanSpeed="13.40" length="5.00" nVehEntered="5"/>
    <interval begin="1080.00" end="1110.00" id="D6_3_0" nVehContrib="6" flow="720.00" occupancy="7.64" speed="13.11" harmonicMeanSpeed="13.08" length="5.00" nVehEntered="6"/>
    <interval begin="1110.00" end="1140.00" id="D6_3_0" nVehContrib="9" flow="1080.00" occupancy="11.34" speed="13.26" harmonicMeanSpeed="13.23" length="5.00" nVehEntered="9"/>
    <interval begin="1140.00" end="1170.00" id="D6_3_0" nVehContrib="8" flow="960.00" occupancy="10.30" speed="12.96" harmonicMeanSpeed="12.94" length="5.00" nVehEntered="8"/>
    <interval begin="1170.00" end="1200.00" id="D6_3_0" nVehContrib="5" flow="600.00" occupancy="45.11" speed="9.60" harmonicMeanSpeed="5.74" length="5.00" nVehEntered="6"/>
    <interval begin="1200.00" end="1230.00" id="D6_3_0" nVehContrib="0" flow="0.00" occupancy="100.00" speed="-1.00" harmonicMeanSpeed="-1.00" length="-1.00" nVehEntered="0"/>
    <interval begin="1230.00" end="1260.00" id="D6_3_0" nVehContrib="6" flow="720.00" occupancy="37.78" speed="7.95" harmonicMeanSpeed="0.59" length="5.00" nVehEntered="5"/>
    <interval begin="1260.00" end="1290.00" id="D6_3_0" nVehContrib="5" flow="600.00" occupancy="6.34" speed="13.15" harmonicMeanSpeed="13.14" length="5.00" nVehEntered="5"/>
    <interval begin="1290.00" end="1320.00" id="D6_3_0" nVehContrib="7" flow="840.00" occupancy="8.92" speed="13.09" harmonicMeanSpeed="13.07" length="5.00" nVehEntered="7"/>
    <interval begin="1320.00" end="1350.00" id="D6_3_0" nVehContrib="8" flow="960.00" occupancy="10.32" speed="12.95" harmonicMeanSpeed="12.93" length="5.00" nVehEntered="8"/>
    <interval begin="1350.00" end="1380.00" id="D6_3_0" nVehContrib="5" flow="600.00" occupancy="42.21" speed="12.07" harmonicMeanSpeed="11.73" length="5.00" nVehEntered="6"/>
    <interval begin="1380.00" end="1410.00" id="D6_3_0" nVehContrib="1" flow="120.00" occupancy="83.91" speed="0.33" harmonicMeanSpeed="0.33" length="5.00" nVehEntered="1"/>
    <interval begin="1410.00" end="1440.00" id="D6_3_0" nVehContrib="6" flow="720.00" occupancy="57.55" speed="4.44" harmonicMeanSpeed="0.80" length="5.00" nVehEntered="5"/>
    <interval begin="1440.00" end="1470.00" id="D6_3_0" nVehContrib="5" flow="600.00" occupancy="6.46" speed="12.90" harmonicMeanSpeed="12.89" length="5.00" nVehEntered="5"/>
    <interval begin="1470.00" end="1500.00" id="D6_3_0" nVehContrib="5" flow="600.00" occupancy="47.12" speed="12.27" harmonicMeanSpeed="12.14" length="5.00" nVehEntered="6"/>
    <interval begin="1500.00" end="1530.00" id="D6_3_0" nVehContrib="0" flow="0.00" occupancy="0.00" speed="-1.00" harmonicMeanSpeed="-1.00" length="-1.00" nVehEntered="0"/>
    <interval begin="1530.00" end="1560.00" id="D6_3_0" nVehContrib="0" flow="0.00" occupancy="0.00" speed="-1.00" harmonicMeanSpeed="-1.00" length="-1.00" nVehEntered="0"/>
    <interval begin="1560.00" end="1590.00" id="D6_3_0" nVehContrib="0" flow="0.00" occupancy="0.00" speed="-1.00" harmonicMeanSpeed="-1.00" length="-1.00" nVehEntered="0"/>
    <interval begin="1590.00" end="1620.00" id="D6_3_0" nVehContrib="9" flow="1080.00" occupancy="12.11" speed="12.55" harmonicMeanSpeed="12.39" length="5.00" nVehEntered="9"/>
    <interval begin="1620.00" end="1650.00" id="D6_3_0" nVehContrib="6" flow="720.00" occupancy="7.64" speed="13.14" harmonicMeanSpeed="13.09" length="5.00" nVehEntered="6"/>
    <interval begin="1650.00" end="1680.00" id="D6_3_0" nVehContrib="8" flow="960.00" occupancy="9.91" speed="13.46" harmonicMeanSpeed="13.46" length="5.00" nVehEntered="8"/>
    <interval begin="1680.00" end="1710.00" id="D6_3_0" nVehContrib="7" flow="840.00" occupancy="34.24" speed="12.17" harmonicMeanSpeed="11.73" length="5.00" nVehEntered="8"/>
    <interval begin="1710.00" end="1740.00" id="D6_3_0" nVehContrib="0" flow="0.00" occupancy="100.00" speed="-1.00" harmonicMeanSpeed="-1.00" length="-1.00" nVehEntered="0"/>
    <interval begin="1740.00" end="1770.00" id="D6_3_0" nVehContrib="0" flow="0.00" occupancy="100.00" speed="-1.00" harmonicMeanSpeed="-1.00" length="-1.00" nVehEntered="0"/>
    <interval begin="1770.00" end="1800.00" id="D6_3_0" nVehContrib="0" flow="0.00" occupancy="100.00" speed="-1.00" harmonicMeanSpeed="-1.00" length="-1.00" nVehEntered="0"/>
    <interval begin="1800.00" end="1830.00" id="D6_3_0" nVehContrib="0" flow="0.00" occupancy="100.00" speed="-1.00" harmonicMeanSpeed="-1.00" length="-1.00" nVehEntered="0"/>
    <interval begin="1830.00" end="1860.00" id="D6_3_0" nVehContrib="0" flow="0.00" occupancy="0.00" speed="-1.00" harmonicMeanSpeed="-1.00" length="-1.00" nVehEntered="0"/>
    <interval begin="1860.00" end="1890.00" id="D6_3_0" nVehContrib="5" flow="600.00" occupancy="7.67" speed="11.21" harmonicMeanSpeed="10.86" length="5.00" nVehEntered="5"/>
    <interval begin="1890.00" end="1920.00" id="D6_3_0" nVehContrib="7" flow="840.00" occupancy="9.11" speed="12.82" harmonicMeanSpeed="12.80" length="5.00" nVehEntered="7"/>
    <interval begin="1920.00" end="1950.00" id="D6_3_0" nVehContrib="6" flow="720.00" occupancy="7.72" speed="13.01" harmonicMeanSpeed="12.95" length="5.00" nVehEntered="6"/>
    <interval begin="1950.00" end="1980.00" id="D6_3_0" nVehContrib="9" flow="1080.00" occupancy="11.31" speed="13.28" harmonicMeanSpeed="13.27" length="5.00" nVehEntered="9"/>
    <interval begin="1980.00" end="2010.00" id="D6_3_0" nVehContrib="7" flow="840.00" occupancy="9.21" speed="12.77" harmonicMeanSpeed="12.67" length="5.00" nVehEntered="7"/>
    <interval begin="2010.00" end="2040.00" id="D6_3_0" nVehContrib="1" flow="120.00" occupancy="85.65" speed="8.09" harmonicMeanSpeed="8.09" length="5.00" nVehEntered="2"/>
    <interval begin="2040.00" end="2070.00" id="D6_3_0" nVehContrib="0" flow="0.00" occupancy="100.00" speed="-1.00" harmonicMeanSpeed="-1.00" length="-1.00" nVehEntered="0"/>
    <interval begin="2070.00" end="2100.00" id="D6_3_0" nVehContrib="3" flow="360.00" occupancy="85.10" speed="2.08" harmonicMeanSpeed="0.19" length="5.00" nVehEntered="2"/>
    <interval begin="2100.00" end="2130.00" id="D6_3_0" nVehContrib="10" flow="1200.00" occupancy="32.60" speed="8.00" harmonicMeanSpeed="5.11" length="5.00" nVehEntered="10"/>
    <interval begin="2130.00" end="2160.00" id="D6_3_0" nVehContrib="7" flow="840.00" occupancy="9.38" speed="12.51" harmonicMeanSpeed="12.44" length="5.00" nVehEntered="7"/>
    <interval begin="2160.00" end="2190.00" id="D6_3_0" nVehContrib="1" flow="120.00" occupancy="89.26" speed="6.70" harmonicMeanSpeed="6.70" length="5.00" nVehEntered="2"/>
    <interval begin="2190.00" end="2220.00" id="D6_3_0" nVehContrib="0" flow="0.00" occupancy="100.00" speed="-1.00" harmonicMeanSpeed="-1.00" length="-1.00" nVehEntered="0"/>
    <interval begin="2220.00" end="2250.00" id="D6_3_0" nVehContrib="1" flow="120.00" occupancy="93.74" speed="0.07" harmonicMeanSpeed="0.07" length="5.00" nVehEntered="1"/>
    <interval begin="2250.00" end="2280.00" id="D6_3_0" nVehContrib="5" flow="600.00" occupancy="9.24" speed="9.65" harmonicMeanSpeed="9.02" length="5.00" nVehEntered="5"/>
    <interval begin="2280.00" end="2310.00" id="D6_3_0" nVehContrib="5" flow="600.00" occupancy="6.52" speed="12.79" harmonicMeanSpeed="12.78" length="5.00" nVehEntered="5"/>
    <interval begin="2310.00" end="2340.00" id="D6_3_0" nVehContrib="9" flow="1080.00" occupancy="11.46" speed="13.20" harmonicMeanSpeed="13.15" length="5.00" nVehEntered="10"/>
    <interval begin="2340.00" end="2370.00" id="D6_3_0" nVehContrib="1" flow="120.00" occupancy="89.97" speed="7.81" harmonicMeanSpeed="7.81" length="5.00" nVehEntered="1"/>
    <interval begin="2370.00" end="2400.00" id="D6_3_0" nVehContrib="0" flow="0.00" occupancy="100.00" speed="-1.00" harmonicMeanSpeed="-1.00" length="-1.00" nVehEntered="0"/>
    <interval begin="2400.00" end="2430.00" id="D6_3_0" nVehContrib="0" flow="0.00" occupancy="100.00" speed="-1.00" harmonicMeanSpeed="-1.00" length="-1.00" nVehEntered="0"/>
    <interval begin="2430.00" end="2460.00" id="D6_3_0" nVehContrib="8" flow="960.00" occupancy="16.23" speed="8.46" harmonicMeanSpeed="0.44" length="5.00" nVehEntered="7"/>
    <interval begin="2460.00" end="2490.00" id="D6_3_0" nVehContrib="7" flow="840.00" occupancy="8.93" speed="13.08" harmonicMeanSpeed="13.07" length="5.00" nVehEntered="7"/>
    <interval begin="2490.00" end="2520.00" id="D6_3_0" nVehContrib="9" flow="1080.00" occupancy="18.89" speed="9.99" harmonicMeanSpeed="7.94" length="5.00" nVehEntered="9"/>
    <interval begin="2520.00" end="2550.00" id="D6_3_0" nVehContrib="7" flow="840.00" occupancy="9.15" speed="12.79" harmonicMeanSpeed="12.75" length="5.00" nVehEntered="7"/>
    <interval begin="2550.00" end="2580.00" id="D6_3_0" nVehContrib="2" flow="240.00" occupancy="75.56" speed="4.40" harmonicMeanSpeed="0.78" length="5.00" nVehEntered="3"/>
    <interval begin="2580.00" end="2610.00" id="D6_3_0" nVehContrib="0" flow="0.00" occupancy="100.00" speed="-1.00" harmonicMeanSpeed="-1.00" length="-1.00" nVehEntered="0"/>
    <interval begin="2610.00" end="2640.00" id="D6_3_0" nVehContrib="5" flow="600.00" occupancy="66.25" speed="6.97" harmonicMeanSpeed="0.42" length="5.00" nVehEntered="4"/>
    <interval begin="2640.00" end="2670.00" id="D6_3_0" nVehContrib="6" flow="720.00" occupancy="7.79" speed="12.84" harmonicMeanSpeed="12.84" length="5.00" nVehEntered="6"/>
    <interval begin="2670.00" end="2700.00" id="D6_3_0" nVehContrib="2" flow="240.00" occupancy="4.58" speed="7.78" harmonicMeanSpeed="7.27" length="5.00" nVehEntered="2"/>
    <interval begin="2700.00" end="2730.00" id="D6_3_0" nVehContrib="2" flow="240.00" occupancy="9.91" speed="3.67" harmonicMeanSpeed="3.36" length="5.00" nVehEntered="2"/>
    <interval begin="2730.00" end="2760.00" id="D6_3_0" nVehContrib="5" flow="600.00" occupancy="6.43" speed="13.01" harmonicMeanSpeed="12.97" length="5.00" nVehEntered="5"/>
    <interval begin="2760.00" end="2790.00" id="D6_3_0" nVehContrib="10" flow="1200.00" occupancy="12.41" speed="13.46" harmonicMeanSpeed="13.43" length="5.00" nVehEntered="10"/>
    <interval begin="2790.00" end="2820.00" id="D6_3_0" nVehContrib="1" flow="120.00" occupancy="78.46" speed="8.66" harmonicMeanSpeed="8.66" length="5.00" nVehEntered="2"/>
    <interval begin="2820.00" end="2850.00" id="D6_3_0" nVehContrib="4" flow="480.00" occupancy="76.20" speed="2.43" harmonicMeanSpeed="0.44" length="5.00" nVehEntered="3"/>
    <interval begin="2850.00" end="2880.00" id="D6_3_0" nVehContrib="6" flow="720.00" occupancy="8.85" speed="11.54" harmonicMeanSpeed="11.30" length="5.00" nVehEntered="6"/>
    <interval begin="2880.00" end="2910.00" id="D6_3_0" nVehContrib="7" flow="840.00" occupancy="9.02" speed="12.95" harmonicMeanSpeed="12.93" length="5.00" nVehEntered="7"/>
    <interval begin="2910.00" end="2940.00" id="D6_3_0" nVehContrib="6" flow="720.00" occupancy="42.61" speed="12.06" harmonicMeanSpeed="11.70" length="5.00" nVehEntered="7"/>
    <interval begin="2940.00" end="2970.00" id="D6_3_0" nVehContrib="1" flow="120.00" occupancy="92.50" speed="0.14" harmonicMeanSpeed="0.14" length="5.00" nVehEntered="1"/>
    <interval begin="2970.00" end="3000.00" id="D6_3_0" nVehContrib="2" flow="240.00" occupancy="83.83" speed="1.08" harmonicMeanSpeed="0.38" length="5.00" nVehEntered="1"/>
    <interval begin="3000.00" end="3030.00" id="D6_3_0" nVehContrib="5" flow="600.00" occupancy="8.92" speed="10.05" harmonicMeanSpeed="9.34" length="5.00" nVehEntered="5"/>
    <interval begin="3030.00" end="3060.00" id="D6_3_0" nVehContrib="7" flow="840.00" occupancy="8.87" speed="13.21" harmonicMeanSpeed="13.16" length="5.00" nVehEntered="7"/>
    <interval begin="3060.00" end="3090.00" id="D6_3_0" nVehContrib="9" flow="1080.00" occupancy="11.16" speed="13.46" harmonicMeanSpeed="13.44" length="5.00" nVehEntered="9"/>
    <interval begin="3090.00" end="3120.00" id="D6_3_0" nVehContrib="4" flow="480.00" occupancy="44.37" speed="11.62" harmonicMeanSpeed="11.25" length="5.00" nVehEntered="5"/>
    <interval begin="3120.00" end="3150.00" id="D6_3_0" nVehContrib="1" flow="120.00" occupancy="92.82" speed="0.24" harmonicMeanSpeed="0.24" length="5.00" nVehEntered="1"/>
    <interval begin="3150.00" end="3180.00" id="D6_3_0" nVehContrib="0" flow="0.00" occupancy="100.00" speed="-1.00" harmonicMeanSpeed="-1.00" length="-1.00" nVehEntered="0"/>
    <interval begin="3180.00" end="3210.00" id="D6_3_0" nVehContrib="4" flow="480.00" occupancy="46.88" speed="4.60" harmonicMeanSpeed="0.32" length="5.00" nVehEntered="3"/>
    <interval begin="3210.00" end="3240.00" id="D6_3_0" nVehContrib="5" flow="600.00" occupancy="7.80" speed="10.92" harmonicMeanSpeed="10.69" length="5.00" nVehEntered="5"/>
    <interval begin="3240.00" end="3270.00" id="D6_3_0" nVehContrib="9" flow="1080.00" occupancy="11.62" speed="12.93" harmonicMeanSpeed="12.91" length="5.00" nVehEntered="9"/>
    <interval begin="3270.00" end="3300.00" id="D6_3_0" nVehContrib="7" flow="840.00" occupancy="12.54" speed="10.85" harmonicMeanSpeed="9.30" length="5.00" nVehEntered="7"/>
    <interval begin="3300.00" end="3330.00" id="D6_3_0" nVehContrib="0" flow="0.00" occupancy="0.00" speed="-1.00" harmonicMeanSpeed="-1.00" length="-1.00" nVehEntered="0"/>
    <interval begin="3330.00" end="3360.00" id="D6_3_0" nVehContrib="3" flow="360.00" occupancy="25.34" speed="3.80" harmonicMeanSpeed="1.97" length="5.00" nVehEntered="4"/>
    <interval begin="3360.00" end="3390.00" id="D6_3_0" nVehContrib="7" flow="840.00" occupancy="12.45" speed="10.83" harmonicMeanSpeed="9.37" length="5.00" nVehEntered="7"/>
    <interval begin="3390.00" end="3420.00" id="D6_3_0" nVehContrib="3" flow="360.00" occupancy="69.25" speed="11.49" harmonicMeanSpeed="11.30" length="5.00" nVehEntered="4"/>
    <interval begin="3420.00" end="3450.00" id="D6_3_0" nVehContrib="8" flow="960.00" occupancy="29.92" speed="9.35" harmonicMeanSpeed="1.41" length="5.00" nVehEntered="7"/>
    <interval begin="3450.00" end="3480.00" id="D6_3_0" nVehContrib="8" flow="960.00" occupancy="29.24" speed="12.32" harmonicMeanSpeed="12.07" length="5.00" nVehEntered="9"/>
    <interval begin="3480.00" end="3510.00" id="D6_3_0" nVehContrib="0" flow="0.00" occupancy="100.00" speed="-1.00" harmonicMeanSpeed="-1.00" length="-1.00" nVehEntered="0"/>
    <interval begin="3510.00" end="3540.00" id="D6_3_0" nVehContrib="1" flow="120.00" occupancy="89.06" speed="0.10" harmonicMeanSpeed="0.10" length="5.00" nVehEntered="1"/>
    <interval begin="3540.00" end="3570.00" id="D6_3_0" nVehContrib="2" flow="240.00" occupancy="86.44" speed="1.33" harmonicMeanSpeed="0.25" length="5.00" nVehEntered="2"/>
    <interval begin="3570.00" end="3600.00" id="D6_3_0" nVehContrib="10" flow="1200.00" occupancy="12.73" speed="11.94" harmonicMeanSpeed="11.16" length="5.00" nVehEntered="9"/>
    <interval begin="3600.00" end="3605.00" id="D6_3_0" nVehContrib="1" flow="720.00" occupancy="7.84" speed="12.76" harmonicMeanSpeed="12.76" length="5.00" nVehEntered="1"/>
</detector>
