<?xml version="1.0" encoding="UTF-8"?>

<!-- generated on 02/02/20 10:23:44 by Eclipse SUMO Version 1.3.1
<configuration xmlns:xsi="http://www.w3.org/2001/XMLSchema-instance" xsi:noNamespaceSchemaLocation="http://sumo.dlr.de/xsd/sumoConfiguration.xsd">

    <input>
        <net-file value="gnet.net.xml"/>
        <route-files value="grou.rou.xml"/>
        <additional-files value="gadd.additional.xml"/>
    </input>

    <output>
        <queue-output value="Queue.xml"/>
        <summary-output value="Summary.xml"/>
        <tripinfo-output value="output-tripinfos.xml"/>
    </output>

    <time>
        <begin value="0"/>
        <end value="3600"/>
    </time>

    <processing>
        <time-to-teleport value="3600"/>
    </processing>

    <traci_server>
        <remote-port value="10631"/>
    </traci_server>

    <gui_only>
        <gui-settings-file value="gview.view.xml"/>
        <quit-on-end value="true"/>
        <start value="true"/>
    </gui_only>

</configuration>
-->

<detector xmlns:xsi="http://www.w3.org/2001/XMLSchema-instance" xsi:noNamespaceSchemaLocation="http://sumo.dlr.de/xsd/det_e1_file.xsd">
    <interval begin="0.00" end="30.00" id="D6_3_1" nVehContrib="8" flow="960.00" occupancy="13.35" speed="11.64" harmonicMeanSpeed="9.98" length="5.00" nVehEntered="8"/>
    <interval begin="30.00" end="60.00" id="D6_3_1" nVehContrib="9" flow="1080.00" occupancy="15.39" speed="11.26" harmonicMeanSpeed="9.75" length="5.00" nVehEntered="9"/>
    <interval begin="60.00" end="90.00" id="D6_3_1" nVehContrib="9" flow="1080.00" occupancy="12.54" speed="11.99" harmonicMeanSpeed="11.97" length="5.00" nVehEntered="9"/>
    <interval begin="90.00" end="120.00" id="D6_3_1" nVehContrib="9" flow="1080.00" occupancy="12.49" speed="12.04" harmonicMeanSpeed="12.01" length="5.00" nVehEntered="9"/>
    <interval begin="120.00" end="150.00" id="D6_3_1" nVehContrib="9" flow="1080.00" occupancy="12.35" speed="12.16" harmonicMeanSpeed="12.15" length="5.00" nVehEntered="9"/>
    <interval begin="150.00" end="180.00" id="D6_3_1" nVehContrib="9" flow="1080.00" occupancy="12.47" speed="12.04" harmonicMeanSpeed="12.03" length="5.00" nVehEntered="9"/>
    <interval begin="180.00" end="210.00" id="D6_3_1" nVehContrib="9" flow="1080.00" occupancy="12.29" speed="12.25" harmonicMeanSpeed="12.20" length="5.00" nVehEntered="9"/>
    <interval begin="210.00" end="240.00" id="D6_3_1" nVehContrib="9" flow="1080.00" occupancy="12.62" speed="11.93" harmonicMeanSpeed="11.89" length="5.00" nVehEntered="9"/>
    <interval begin="240.00" end="270.00" id="D6_3_1" nVehContrib="8" flow="960.00" occupancy="12.32" speed="12.04" harmonicMeanSpeed="12.02" length="5.00" nVehEntered="9"/>
    <interval begin="270.00" end="300.00" id="D6_3_1" nVehContrib="10" flow="1200.00" occupancy="12.41" speed="12.23" harmonicMeanSpeed="12.22" length="5.00" nVehEntered="9"/>
    <interval begin="300.00" end="330.00" id="D6_3_1" nVehContrib="9" flow="1080.00" occupancy="12.50" speed="12.03" harmonicMeanSpeed="12.00" length="5.00" nVehEntered="9"/>
    <interval begin="330.00" end="360.00" id="D6_3_1" nVehContrib="9" flow="1080.00" occupancy="14.88" speed="11.26" harmonicMeanSpeed="10.08" length="5.00" nVehEntered="9"/>
    <interval begin="360.00" end="390.00" id="D6_3_1" nVehContrib="9" flow="1080.00" occupancy="12.67" speed="11.86" harmonicMeanSpeed="11.84" length="5.00" nVehEntered="9"/>
    <interval begin="390.00" end="420.00" id="D6_3_1" nVehContrib="10" flow="1200.00" occupancy="13.87" speed="12.04" harmonicMeanSpeed="12.02" length="5.00" nVehEntered="10"/>
    <interval begin="420.00" end="450.00" id="D6_3_1" nVehContrib="9" flow="1080.00" occupancy="12.58" speed="12.55" harmonicMeanSpeed="12.52" length="5.00" nVehEntered="10"/>
    <interval begin="450.00" end="480.00" id="D6_3_1" nVehContrib="10" flow="1200.00" occupancy="13.65" speed="11.70" harmonicMeanSpeed="11.70" length="5.00" nVehEntered="9"/>
    <interval begin="480.00" end="510.00" id="D6_3_1" nVehContrib="9" flow="1080.00" occupancy="12.40" speed="12.10" harmonicMeanSpeed="12.09" length="5.00" nVehEntered="9"/>
    <interval begin="510.00" end="540.00" id="D6_3_1" nVehContrib="10" flow="1200.00" occupancy="13.89" speed="12.02" harmonicMeanSpeed="11.99" length="5.00" nVehEntered="10"/>
    <interval begin="540.00" end="570.00" id="D6_3_1" nVehContrib="9" flow="1080.00" occupancy="11.90" speed="12.67" harmonicMeanSpeed="12.61" length="5.00" nVehEntered="9"/>
    <interval begin="570.00" end="600.00" id="D6_3_1" nVehContrib="9" flow="1080.00" occupancy="12.39" speed="12.14" harmonicMeanSpeed="12.11" length="5.00" nVehEntered="9"/>
    <interval begin="600.00" end="630.00" id="D6_3_1" nVehContrib="9" flow="1080.00" occupancy="12.37" speed="12.15" harmonicMeanSpeed="12.13" length="5.00" nVehEntered="9"/>
    <interval begin="630.00" end="660.00" id="D6_3_1" nVehContrib="9" flow="1080.00" occupancy="12.79" speed="11.74" harmonicMeanSpeed="11.73" length="5.00" nVehEntered="9"/>
    <interval begin="660.00" end="690.00" id="D6_3_1" nVehContrib="9" flow="1080.00" occupancy="12.39" speed="12.13" harmonicMeanSpeed="12.10" length="5.00" nVehEntered="9"/>
    <interval begin="690.00" end="720.00" id="D6_3_1" nVehContrib="9" flow="1080.00" occupancy="12.44" speed="12.08" harmonicMeanSpeed="12.06" length="5.00" nVehEntered="9"/>
    <interval begin="720.00" end="750.00" id="D6_3_1" nVehContrib="9" flow="1080.00" occupancy="12.36" speed="12.17" harmonicMeanSpeed="12.13" length="5.00" nVehEntered="9"/>
    <interval begin="750.00" end="780.00" id="D6_3_1" nVehContrib="10" flow="1200.00" occupancy="13.48" speed="12.38" harmonicMeanSpeed="12.37" length="5.00" nVehEntered="10"/>
    <interval begin="780.00" end="810.00" id="D6_3_1" nVehContrib="9" flow="1080.00" occupancy="12.63" speed="11.90" harmonicMeanSpeed="11.88" length="5.00" nVehEntered="9"/>
    <interval begin="810.00" end="840.00" id="D6_3_1" nVehContrib="10" flow="1200.00" occupancy="14.06" speed="11.87" harmonicMeanSpeed="11.86" length="5.00" nVehEntered="10"/>
    <interval begin="840.00" end="870.00" id="D6_3_1" nVehContrib="10" flow="1200.00" occupancy="13.96" speed="11.96" harmonicMeanSpeed="11.94" length="5.00" nVehEntered="10"/>
    <interval begin="870.00" end="900.00" id="D6_3_1" nVehContrib="9" flow="1080.00" occupancy="12.55" speed="11.97" harmonicMeanSpeed="11.95" length="5.00" nVehEntered="9"/>
    <interval begin="900.00" end="930.00" id="D6_3_1" nVehContrib="10" flow="1200.00" occupancy="13.65" speed="12.22" harmonicMeanSpeed="12.21" length="5.00" nVehEntered="11"/>
    <interval begin="930.00" end="960.00" id="D6_3_1" nVehContrib="10" flow="1200.00" occupancy="13.52" speed="12.36" harmonicMeanSpeed="12.32" length="5.00" nVehEntered="10"/>
    <interval begin="960.00" end="990.00" id="D6_3_1" nVehContrib="10" flow="1200.00" occupancy="15.15" speed="11.15" harmonicMeanSpeed="11.00" length="5.00" nVehEntered="11"/>
    <interval begin="990.00" end="1020.00" id="D6_3_1" nVehContrib="9" flow="1080.00" occupancy="26.87" speed="7.88" harmonicMeanSpeed="6.80" length="5.00" nVehEntered="10"/>
    <interval begin="1020.00" end="1050.00" id="D6_3_1" nVehContrib="9" flow="1080.00" occupancy="42.08" speed="3.64" harmonicMeanSpeed="3.36" length="5.00" nVehEntered="9"/>
    <interval begin="1050.00" end="1080.00" id="D6_3_1" nVehContrib="7" flow="840.00" occupancy="45.26" speed="2.96" harmonicMeanSpeed="2.73" length="5.00" nVehEntered="7"/>
    <interval begin="1080.00" end="1110.00" id="D6_3_1" nVehContrib="5" flow="600.00" occupancy="57.60" speed="3.19" harmonicMeanSpeed="2.62" length="5.00" nVehEntered="5"/>
    <interval begin="1110.00" end="1140.00" id="D6_3_1" nVehContrib="1" flow="120.00" occupancy="91.00" speed="0.24" harmonicMeanSpeed="0.24" length="5.00" nVehEntered="1"/>
    <interval begin="1140.00" end="1170.00" id="D6_3_1" nVehContrib="1" flow="120.00" occupancy="79.88" speed="0.27" harmonicMeanSpeed="0.27" length="5.00" nVehEntered="1"/>
    <interval begin="1170.00" end="1200.00" id="D6_3_1" nVehContrib="1" flow="120.00" occupancy="83.22" speed="0.11" harmonicMeanSpeed="0.11" length="5.00" nVehEntered="0"/>
    <interval begin="1200.00" end="1230.00" id="D6_3_1" nVehContrib="0" flow="0.00" occupancy="34.00" speed="-1.00" harmonicMeanSpeed="-1.00" length="-1.00" nVehEntered="1"/>
    <interval begin="1230.00" end="1260.00" id="D6_3_1" nVehContrib="5" flow="600.00" occupancy="62.70" speed="3.05" harmonicMeanSpeed="0.89" length="5.00" nVehEntered="5"/>
    <interval begin="1260.00" end="1290.00" id="D6_3_1" nVehContrib="3" flow="360.00" occupancy="55.25" speed="2.05" harmonicMeanSpeed="1.29" length="5.00" nVehEntered="3"/>
    <interval begin="1290.00" end="1320.00" id="D6_3_1" nVehContrib="1" flow="120.00" occupancy="59.59" speed="0.48" harmonicMeanSpeed="0.48" length="5.00" nVehEntered="1"/>
    <interval begin="1320.00" end="1350.00" id="D6_3_1" nVehContrib="1" flow="120.00" occupancy="85.23" speed="0.23" harmonicMeanSpeed="0.23" length="5.00" nVehEntered="1"/>
    <interval begin="1350.00" end="1380.00" id="D6_3_1" nVehContrib="1" flow="120.00" occupancy="22.54" speed="0.22" harmonicMeanSpeed="0.22" length="5.00" nVehEntered="2"/>
    <interval begin="1380.00" end="1410.00" id="D6_3_1" nVehContrib="1" flow="120.00" occupancy="70.38" speed="0.93" harmonicMeanSpeed="0.93" length="5.00" nVehEntered="1"/>
    <interval begin="1410.00" end="1440.00" id="D6_3_1" nVehContrib="2" flow="240.00" occupancy="61.58" speed="0.62" harmonicMeanSpeed="0.29" length="5.00" nVehEntered="1"/>
    <interval begin="1440.00" end="1470.00" id="D6_3_1" nVehContrib="4" flow="480.00" occupancy="63.11" speed="1.64" harmonicMeanSpeed="1.06" length="5.00" nVehEntered="4"/>
    <interval begin="1470.00" end="1500.00" id="D6_3_1" nVehContrib="0" flow="0.00" occupancy="85.04" speed="-1.00" harmonicMeanSpeed="-1.00" length="-1.00" nVehEntered="1"/>
    <interval begin="1500.00" end="1530.00" id="D6_3_1" nVehContrib="2" flow="240.00" occupancy="59.47" speed="1.32" harmonicMeanSpeed="0.28" length="5.00" nVehEntered="2"/>
    <interval begin="1530.00" end="1560.00" id="D6_3_1" nVehContrib="1" flow="120.00" occupancy="88.50" speed="0.62" harmonicMeanSpeed="0.62" length="5.00" nVehEntered="1"/>
    <interval begin="1560.00" end="1590.00" id="D6_3_1" nVehContrib="1" flow="120.00" occupancy="40.59" speed="0.13" harmonicMeanSpeed="0.13" length="5.00" nVehEntered="0"/>
    <interval begin="1590.00" end="1620.00" id="D6_3_1" nVehContrib="3" flow="360.00" occupancy="67.31" speed="2.68" harmonicMeanSpeed="0.74" length="5.00" nVehEntered="3"/>
    <interval begin="1620.00" end="1650.00" id="D6_3_1" nVehContrib="2" flow="240.00" occupancy="54.92" speed="0.65" harmonicMeanSpeed="0.61" length="5.00" nVehEntered="2"/>
    <interval begin="1650.00" end="1680.00" id="D6_3_1" nVehContrib="1" flow="120.00" occupancy="71.65" speed="1.45" harmonicMeanSpeed="1.45" length="5.00" nVehEntered="2"/>
    <interval begin="1680.00" end="1710.00" id="D6_3_1" nVehContrib="0" flow="0.00" occupancy="100.00" speed="-1.00" harmonicMeanSpeed="-1.00" length="-1.00" nVehEntered="0"/>
    <interval begin="1710.00" end="1740.00" id="D6_3_1" nVehContrib="0" flow="0.00" occupancy="100.00" speed="-1.00" harmonicMeanSpeed="-1.00" length="-1.00" nVehEntered="0"/>
    <interval begin="1740.00" end="1770.00" id="D6_3_1" nVehContrib="0" flow="0.00" occupancy="100.00" speed="-1.00" harmonicMeanSpeed="-1.00" length="-1.00" nVehEntered="0"/>
    <interval begin="1770.00" end="1800.00" id="D6_3_1" nVehContrib="1" flow="120.00" occupancy="51.88" speed="0.04" harmonicMeanSpeed="0.04" length="5.00" nVehEntered="0"/>
    <interval begin="1800.00" end="1830.00" id="D6_3_1" nVehContrib="0" flow="0.00" occupancy="0.00" speed="-1.00" harmonicMeanSpeed="-1.00" length="-1.00" nVehEntered="0"/>
    <interval begin="1830.00" end="1860.00" id="D6_3_1" nVehContrib="1" flow="120.00" occupancy="77.49" speed="0.84" harmonicMeanSpeed="0.84" length="5.00" nVehEntered="2"/>
    <interval begin="1860.00" end="1890.00" id="D6_3_1" nVehContrib="2" flow="240.00" occupancy="72.59" speed="0.49" harmonicMeanSpeed="0.27" length="5.00" nVehEntered="2"/>
    <interval begin="1890.00" end="1920.00" id="D6_3_1" nVehContrib="3" flow="360.00" occupancy="52.15" speed="0.84" harmonicMeanSpeed="0.83" length="5.00" nVehEntered="2"/>
    <interval begin="1920.00" end="1950.00" id="D6_3_1" nVehContrib="4" flow="480.00" occupancy="30.37" speed="3.94" harmonicMeanSpeed="2.19" length="5.00" nVehEntered="4"/>
    <interval begin="1950.00" end="1980.00" id="D6_3_1" nVehContrib="1" flow="120.00" occupancy="60.93" speed="0.27" harmonicMeanSpeed="0.27" length="5.00" nVehEntered="1"/>
    <interval begin="1980.00" end="2010.00" id="D6_3_1" nVehContrib="0" flow="0.00" occupancy="77.07" speed="-1.00" harmonicMeanSpeed="-1.00" length="-1.00" nVehEntered="1"/>
    <interval begin="2010.00" end="2040.00" id="D6_3_1" nVehContrib="0" flow="0.00" occupancy="100.00" speed="-1.00" harmonicMeanSpeed="-1.00" length="-1.00" nVehEntered="0"/>
    <interval begin="2040.00" end="2070.00" id="D6_3_1" nVehContrib="0" flow="0.00" occupancy="100.00" speed="-1.00" harmonicMeanSpeed="-1.00" length="-1.00" nVehEntered="0"/>
    <interval begin="2070.00" end="2100.00" id="D6_3_1" nVehContrib="1" flow="120.00" occupancy="85.64" speed="0.06" harmonicMeanSpeed="0.06" length="5.00" nVehEntered="1"/>
    <interval begin="2100.00" end="2130.00" id="D6_3_1" nVehContrib="4" flow="480.00" occupancy="52.05" speed="1.42" harmonicMeanSpeed="0.53" length="5.00" nVehEntered="3"/>
    <interval begin="2130.00" end="2160.00" id="D6_3_1" nVehContrib="1" flow="120.00" occupancy="65.97" speed="0.52" harmonicMeanSpeed="0.52" length="5.00" nVehEntered="2"/>
    <interval begin="2160.00" end="2190.00" id="D6_3_1" nVehContrib="0" flow="0.00" occupancy="100.00" speed="-1.00" harmonicMeanSpeed="-1.00" length="-1.00" nVehEntered="0"/>
    <interval begin="2190.00" end="2220.00" id="D6_3_1" nVehContrib="1" flow="120.00" occupancy="76.92" speed="0.11" harmonicMeanSpeed="0.11" length="5.00" nVehEntered="1"/>
    <interval begin="2220.00" end="2250.00" id="D6_3_1" nVehContrib="0" flow="0.00" occupancy="0.00" speed="-1.00" harmonicMeanSpeed="-1.00" length="-1.00" nVehEntered="0"/>
    <interval begin="2250.00" end="2280.00" id="D6_3_1" nVehContrib="2" flow="240.00" occupancy="41.32" speed="0.83" harmonicMeanSpeed="0.81" length="5.00" nVehEntered="2"/>
    <interval begin="2280.00" end="2310.00" id="D6_3_1" nVehContrib="2" flow="240.00" occupancy="68.59" speed="0.82" harmonicMeanSpeed="0.68" length="5.00" nVehEntered="3"/>
    <interval begin="2310.00" end="2340.00" id="D6_3_1" nVehContrib="0" flow="0.00" occupancy="100.00" speed="-1.00" harmonicMeanSpeed="-1.00" length="-1.00" nVehEntered="0"/>
    <interval begin="2340.00" end="2370.00" id="D6_3_1" nVehContrib="0" flow="0.00" occupancy="100.00" speed="-1.00" harmonicMeanSpeed="-1.00" length="-1.00" nVehEntered="0"/>
    <interval begin="2370.00" end="2400.00" id="D6_3_1" nVehContrib="0" flow="0.00" occupancy="100.00" speed="-1.00" harmonicMeanSpeed="-1.00" length="-1.00" nVehEntered="0"/>
    <interval begin="2400.00" end="2430.00" id="D6_3_1" nVehContrib="0" flow="0.00" occupancy="100.00" speed="-1.00" harmonicMeanSpeed="-1.00" length="-1.00" nVehEntered="0"/>
    <interval begin="2430.00" end="2460.00" id="D6_3_1" nVehContrib="4" flow="480.00" occupancy="45.52" speed="1.57" harmonicMeanSpeed="0.15" length="5.00" nVehEntered="4"/>
    <interval begin="2460.00" end="2490.00" id="D6_3_1" nVehContrib="1" flow="120.00" occupancy="75.52" speed="1.14" harmonicMeanSpeed="1.14" length="5.00" nVehEntered="1"/>
    <interval begin="2490.00" end="2520.00" id="D6_3_1" nVehContrib="1" flow="120.00" occupancy="73.60" speed="0.11" harmonicMeanSpeed="0.11" length="5.00" nVehEntered="0"/>
    <interval begin="2520.00" end="2550.00" id="D6_3_1" nVehContrib="1" flow="120.00" occupancy="87.70" speed="1.98" harmonicMeanSpeed="1.98" length="5.00" nVehEntered="2"/>
    <interval begin="2550.00" end="2580.00" id="D6_3_1" nVehContrib="1" flow="120.00" occupancy="91.32" speed="0.10" harmonicMeanSpeed="0.10" length="5.00" nVehEntered="1"/>
    <interval begin="2580.00" end="2610.00" id="D6_3_1" nVehContrib="0" flow="0.00" occupancy="100.00" speed="-1.00" harmonicMeanSpeed="-1.00" length="-1.00" nVehEntered="0"/>
    <interval begin="2610.00" end="2640.00" id="D6_3_1" nVehContrib="2" flow="240.00" occupancy="84.05" speed="1.30" harmonicMeanSpeed="0.17" length="5.00" nVehEntered="1"/>
    <interval begin="2640.00" end="2670.00" id="D6_3_1" nVehContrib="1" flow="120.00" occupancy="14.40" speed="1.16" harmonicMeanSpeed="1.16" length="5.00" nVehEntered="1"/>
    <interval begin="2670.00" end="2700.00" id="D6_3_1" nVehContrib="1" flow="120.00" occupancy="7.49" speed="2.22" harmonicMeanSpeed="2.22" length="5.00" nVehEntered="1"/>
    <interval begin="2700.00" end="2730.00" id="D6_3_1" nVehContrib="1" flow="120.00" occupancy="6.90" speed="2.42" harmonicMeanSpeed="2.42" length="5.00" nVehEntered="1"/>
    <interval begin="2730.00" end="2760.00" id="D6_3_1" nVehContrib="1" flow="120.00" occupancy="80.90" speed="1.79" harmonicMeanSpeed="1.79" length="5.00" nVehEntered="2"/>
    <interval begin="2760.00" end="2790.00" id="D6_3_1" nVehContrib="0" flow="0.00" occupancy="100.00" speed="-1.00" harmonicMeanSpeed="-1.00" length="-1.00" nVehEntered="0"/>
    <interval begin="2790.00" end="2820.00" id="D6_3_1" nVehContrib="0" flow="0.00" occupancy="100.00" speed="-1.00" harmonicMeanSpeed="-1.00" length="-1.00" nVehEntered="0"/>
    <interval begin="2820.00" end="2850.00" id="D6_3_1" nVehContrib="1" flow="120.00" occupancy="44.57" speed="0.05" harmonicMeanSpeed="0.05" length="5.00" nVehEntered="1"/>
    <interval begin="2850.00" end="2880.00" id="D6_3_1" nVehContrib="5" flow="600.00" occupancy="55.75" speed="3.43" harmonicMeanSpeed="2.68" length="5.00" nVehEntered="5"/>
    <interval begin="2880.00" end="2910.00" id="D6_3_1" nVehContrib="2" flow="240.00" occupancy="81.03" speed="0.98" harmonicMeanSpeed="0.53" length="5.00" nVehEntered="2"/>
    <interval begin="2910.00" end="2940.00" id="D6_3_1" nVehContrib="1" flow="120.00" occupancy="87.01" speed="0.13" harmonicMeanSpeed="0.13" length="5.00" nVehEntered="0"/>
    <interval begin="2940.00" end="2970.00" id="D6_3_1" nVehContrib="1" flow="120.00" occupancy="25.08" speed="0.66" harmonicMeanSpeed="0.66" length="5.00" nVehEntered="1"/>
    <interval begin="2970.00" end="3000.00" id="D6_3_1" nVehContrib="1" flow="120.00" occupancy="63.03" speed="0.26" harmonicMeanSpeed="0.26" length="5.00" nVehEntered="1"/>
    <interval begin="3000.00" end="3030.00" id="D6_3_1" nVehContrib="3" flow="360.00" occupancy="54.48" speed="1.78" harmonicMeanSpeed="1.46" length="5.00" nVehEntered="4"/>
    <interval begin="3030.00" end="3060.00" id="D6_3_1" nVehContrib="2" flow="240.00" occupancy="83.15" speed="0.58" harmonicMeanSpeed="0.32" length="5.00" nVehEntered="1"/>
    <interval begin="3060.00" end="3090.00" id="D6_3_1" nVehContrib="0" flow="0.00" occupancy="90.08" speed="-1.00" harmonicMeanSpeed="-1.00" length="-1.00" nVehEntered="1"/>
    <interval begin="3090.00" end="3120.00" id="D6_3_1" nVehContrib="1" flow="120.00" occupancy="78.56" speed="0.14" harmonicMeanSpeed="0.14" length="5.00" nVehEntered="1"/>
    <interval begin="3120.00" end="3150.00" id="D6_3_1" nVehContrib="1" flow="120.00" occupancy="79.55" speed="0.19" harmonicMeanSpeed="0.19" length="5.00" nVehEntered="1"/>
    <interval begin="3150.00" end="3180.00" id="D6_3_1" nVehContrib="0" flow="0.00" occupancy="100.00" speed="-1.00" harmonicMeanSpeed="-1.00" length="-1.00" nVehEntered="0"/>
    <interval begin="3180.00" end="3210.00" id="D6_3_1" nVehContrib="1" flow="120.00" occupancy="83.31" speed="0.10" harmonicMeanSpeed="0.10" length="5.00" nVehEntered="1"/>
    <interval begin="3210.00" end="3240.00" id="D6_3_1" nVehContrib="1" flow="120.00" occupancy="85.33" speed="0.23" harmonicMeanSpeed="0.23" length="5.00" nVehEntered="1"/>
    <interval begin="3240.00" end="3270.00" id="D6_3_1" nVehContrib="1" flow="120.00" occupancy="85.69" speed="0.17" harmonicMeanSpeed="0.17" length="5.00" nVehEntered="1"/>
    <interval begin="3270.00" end="3300.00" id="D6_3_1" nVehContrib="1" flow="120.00" occupancy="17.74" speed="0.22" harmonicMeanSpeed="0.22" length="5.00" nVehEntered="0"/>
    <interval begin="3300.00" end="3330.00" id="D6_3_1" nVehContrib="0" flow="0.00" occupancy="0.00" speed="-1.00" harmonicMeanSpeed="-1.00" length="-1.00" nVehEntered="0"/>
    <interval begin="3330.00" end="3360.00" id="D6_3_1" nVehContrib="3" flow="360.00" occupancy="12.50" speed="4.10" harmonicMeanSpeed="4.00" length="5.00" nVehEntered="4"/>
    <interval begin="3360.00" end="3390.00" id="D6_3_1" nVehContrib="1" flow="120.00" occupancy="74.15" speed="4.01" harmonicMeanSpeed="4.01" length="5.00" nVehEntered="2"/>
    <interval begin="3390.00" end="3420.00" id="D6_3_1" nVehContrib="0" flow="0.00" occupancy="2.85" speed="-1.00" harmonicMeanSpeed="-1.00" length="-1.00" nVehEntered="2"/>
    <interval begin="3420.00" end="3450.00" id="D6_3_1" nVehContrib="2" flow="240.00" occupancy="67.24" speed="1.01" harmonicMeanSpeed="0.93" length="5.00" nVehEntered="2"/>
    <interval begin="3450.00" end="3480.00" id="D6_3_1" nVehContrib="0" flow="0.00" occupancy="100.00" speed="-1.00" harmonicMeanSpeed="-1.00" length="-1.00" nVehEntered="0"/>
    <interval begin="3480.00" end="3510.00" id="D6_3_1" nVehContrib="0" flow="0.00" occupancy="100.00" speed="-1.00" harmonicMeanSpeed="-1.00" length="-1.00" nVehEntered="0"/>
    <interval begin="3510.00" end="3540.00" id="D6_3_1" nVehContrib="2" flow="240.00" occupancy="67.34" speed="0.86" harmonicMeanSpeed="0.11" length="5.00" nVehEntered="1"/>
    <interval begin="3540.00" end="3570.00" id="D6_3_1" nVehContrib="1" flow="120.00" occupancy="52.25" speed="0.40" harmonicMeanSpeed="0.40" length="5.00" nVehEntered="2"/>
    <interval begin="3570.00" end="3600.00" id="D6_3_1" nVehContrib="1" flow="120.00" occupancy="88.20" speed="1.16" harmonicMeanSpeed="1.16" length="5.00" nVehEntered="1"/>
    <interval begin="3600.00" end="3605.00" id="D6_3_1" nVehContrib="1" flow="720.00" occupancy="40.19" speed="0.20" harmonicMeanSpeed="0.20" length="5.00" nVehEntered="1"/>
</detector>
