<?xml version="1.0" encoding="UTF-8"?>

<!-- generated on 02/02/20 10:23:44 by Eclipse SUMO Version 1.3.1
<configuration xmlns:xsi="http://www.w3.org/2001/XMLSchema-instance" xsi:noNamespaceSchemaLocation="http://sumo.dlr.de/xsd/sumoConfiguration.xsd">

    <input>
        <net-file value="gnet.net.xml"/>
        <route-files value="grou.rou.xml"/>
        <additional-files value="gadd.additional.xml"/>
    </input>

    <output>
        <queue-output value="Queue.xml"/>
        <summary-output value="Summary.xml"/>
        <tripinfo-output value="output-tripinfos.xml"/>
    </output>

    <time>
        <begin value="0"/>
        <end value="3600"/>
    </time>

    <processing>
        <time-to-teleport value="3600"/>
    </processing>

    <traci_server>
        <remote-port value="10631"/>
    </traci_server>

    <gui_only>
        <gui-settings-file value="gview.view.xml"/>
        <quit-on-end value="true"/>
        <start value="true"/>
    </gui_only>

</configuration>
-->

<detector xmlns:xsi="http://www.w3.org/2001/XMLSchema-instance" xsi:noNamespaceSchemaLocation="http://sumo.dlr.de/xsd/det_e1_file.xsd">
    <interval begin="0.00" end="30.00" id="D6_3_2" nVehContrib="0" flow="0.00" occupancy="0.00" speed="-1.00" harmonicMeanSpeed="-1.00" length="-1.00" nVehEntered="0"/>
    <interval begin="30.00" end="60.00" id="D6_3_2" nVehContrib="1" flow="120.00" occupancy="1.38" speed="12.11" harmonicMeanSpeed="12.11" length="5.00" nVehEntered="1"/>
    <interval begin="60.00" end="90.00" id="D6_3_2" nVehContrib="1" flow="120.00" occupancy="1.47" speed="11.32" harmonicMeanSpeed="11.32" length="5.00" nVehEntered="1"/>
    <interval begin="90.00" end="120.00" id="D6_3_2" nVehContrib="1" flow="120.00" occupancy="1.33" speed="12.52" harmonicMeanSpeed="12.52" length="5.00" nVehEntered="1"/>
    <interval begin="120.00" end="150.00" id="D6_3_2" nVehContrib="1" flow="120.00" occupancy="1.36" speed="12.23" harmonicMeanSpeed="12.23" length="5.00" nVehEntered="1"/>
    <interval begin="150.00" end="180.00" id="D6_3_2" nVehContrib="1" flow="120.00" occupancy="1.46" speed="11.44" harmonicMeanSpeed="11.44" length="5.00" nVehEntered="1"/>
    <interval begin="180.00" end="210.00" id="D6_3_2" nVehContrib="1" flow="120.00" occupancy="1.37" speed="12.14" harmonicMeanSpeed="12.14" length="5.00" nVehEntered="1"/>
    <interval begin="210.00" end="240.00" id="D6_3_2" nVehContrib="1" flow="120.00" occupancy="1.36" speed="12.26" harmonicMeanSpeed="12.26" length="5.00" nVehEntered="1"/>
    <interval begin="240.00" end="270.00" id="D6_3_2" nVehContrib="1" flow="120.00" occupancy="1.32" speed="12.65" harmonicMeanSpeed="12.65" length="5.00" nVehEntered="1"/>
    <interval begin="270.00" end="300.00" id="D6_3_2" nVehContrib="1" flow="120.00" occupancy="1.34" speed="12.39" harmonicMeanSpeed="12.39" length="5.00" nVehEntered="1"/>
    <interval begin="300.00" end="330.00" id="D6_3_2" nVehContrib="1" flow="120.00" occupancy="1.35" speed="12.32" harmonicMeanSpeed="12.32" length="5.00" nVehEntered="1"/>
    <interval begin="330.00" end="360.00" id="D6_3_2" nVehContrib="1" flow="120.00" occupancy="1.30" speed="12.82" harmonicMeanSpeed="12.82" length="5.00" nVehEntered="1"/>
    <interval begin="360.00" end="390.00" id="D6_3_2" nVehContrib="1" flow="120.00" occupancy="1.37" speed="12.21" harmonicMeanSpeed="12.21" length="5.00" nVehEntered="1"/>
    <interval begin="390.00" end="420.00" id="D6_3_2" nVehContrib="0" flow="0.00" occupancy="0.00" speed="-1.00" harmonicMeanSpeed="-1.00" length="-1.00" nVehEntered="0"/>
    <interval begin="420.00" end="450.00" id="D6_3_2" nVehContrib="1" flow="120.00" occupancy="1.47" speed="11.33" harmonicMeanSpeed="11.33" length="5.00" nVehEntered="1"/>
    <interval begin="450.00" end="480.00" id="D6_3_2" nVehContrib="1" flow="120.00" occupancy="1.29" speed="12.95" harmonicMeanSpeed="12.95" length="5.00" nVehEntered="1"/>
    <interval begin="480.00" end="510.00" id="D6_3_2" nVehContrib="1" flow="120.00" occupancy="1.43" speed="11.68" harmonicMeanSpeed="11.68" length="5.00" nVehEntered="1"/>
    <interval begin="510.00" end="540.00" id="D6_3_2" nVehContrib="1" flow="120.00" occupancy="1.47" speed="11.32" harmonicMeanSpeed="11.32" length="5.00" nVehEntered="1"/>
    <interval begin="540.00" end="570.00" id="D6_3_2" nVehContrib="1" flow="120.00" occupancy="1.45" speed="11.53" harmonicMeanSpeed="11.53" length="5.00" nVehEntered="1"/>
    <interval begin="570.00" end="600.00" id="D6_3_2" nVehContrib="1" flow="120.00" occupancy="1.39" speed="12.02" harmonicMeanSpeed="12.02" length="5.00" nVehEntered="1"/>
    <interval begin="600.00" end="630.00" id="D6_3_2" nVehContrib="1" flow="120.00" occupancy="1.35" speed="12.31" harmonicMeanSpeed="12.31" length="5.00" nVehEntered="1"/>
    <interval begin="630.00" end="660.00" id="D6_3_2" nVehContrib="1" flow="120.00" occupancy="1.31" speed="12.69" harmonicMeanSpeed="12.69" length="5.00" nVehEntered="1"/>
    <interval begin="660.00" end="690.00" id="D6_3_2" nVehContrib="1" flow="120.00" occupancy="1.40" speed="11.91" harmonicMeanSpeed="11.91" length="5.00" nVehEntered="1"/>
    <interval begin="690.00" end="720.00" id="D6_3_2" nVehContrib="1" flow="120.00" occupancy="1.38" speed="12.08" harmonicMeanSpeed="12.08" length="5.00" nVehEntered="1"/>
    <interval begin="720.00" end="750.00" id="D6_3_2" nVehContrib="1" flow="120.00" occupancy="1.34" speed="12.39" harmonicMeanSpeed="12.39" length="5.00" nVehEntered="1"/>
    <interval begin="750.00" end="780.00" id="D6_3_2" nVehContrib="1" flow="120.00" occupancy="1.46" speed="11.45" harmonicMeanSpeed="11.45" length="5.00" nVehEntered="1"/>
    <interval begin="780.00" end="810.00" id="D6_3_2" nVehContrib="1" flow="120.00" occupancy="1.38" speed="12.12" harmonicMeanSpeed="12.12" length="5.00" nVehEntered="1"/>
    <interval begin="810.00" end="840.00" id="D6_3_2" nVehContrib="1" flow="120.00" occupancy="1.45" speed="11.52" harmonicMeanSpeed="11.52" length="5.00" nVehEntered="1"/>
    <interval begin="840.00" end="870.00" id="D6_3_2" nVehContrib="1" flow="120.00" occupancy="1.50" speed="11.15" harmonicMeanSpeed="11.15" length="5.00" nVehEntered="1"/>
    <interval begin="870.00" end="900.00" id="D6_3_2" nVehContrib="1" flow="120.00" occupancy="1.37" speed="12.21" harmonicMeanSpeed="12.21" length="5.00" nVehEntered="1"/>
    <interval begin="900.00" end="930.00" id="D6_3_2" nVehContrib="2" flow="240.00" occupancy="5.42" speed="8.38" harmonicMeanSpeed="6.15" length="5.00" nVehEntered="2"/>
    <interval begin="930.00" end="960.00" id="D6_3_2" nVehContrib="1" flow="120.00" occupancy="1.40" speed="11.94" harmonicMeanSpeed="11.94" length="5.00" nVehEntered="1"/>
    <interval begin="960.00" end="990.00" id="D6_3_2" nVehContrib="3" flow="360.00" occupancy="7.44" speed="9.07" harmonicMeanSpeed="6.72" length="5.00" nVehEntered="3"/>
    <interval begin="990.00" end="1020.00" id="D6_3_2" nVehContrib="1" flow="120.00" occupancy="46.24" speed="8.22" harmonicMeanSpeed="8.22" length="5.00" nVehEntered="2"/>
    <interval begin="1020.00" end="1050.00" id="D6_3_2" nVehContrib="0" flow="0.00" occupancy="100.00" speed="-1.00" harmonicMeanSpeed="-1.00" length="-1.00" nVehEntered="0"/>
    <interval begin="1050.00" end="1080.00" id="D6_3_2" nVehContrib="0" flow="0.00" occupancy="100.00" speed="-1.00" harmonicMeanSpeed="-1.00" length="-1.00" nVehEntered="0"/>
    <interval begin="1080.00" end="1110.00" id="D6_3_2" nVehContrib="0" flow="0.00" occupancy="100.00" speed="-1.00" harmonicMeanSpeed="-1.00" length="-1.00" nVehEntered="0"/>
    <interval begin="1110.00" end="1140.00" id="D6_3_2" nVehContrib="0" flow="0.00" occupancy="100.00" speed="-1.00" harmonicMeanSpeed="-1.00" length="-1.00" nVehEntered="0"/>
    <interval begin="1140.00" end="1170.00" id="D6_3_2" nVehContrib="3" flow="360.00" occupancy="59.99" speed="1.55" harmonicMeanSpeed="0.11" length="5.00" nVehEntered="3"/>
    <interval begin="1170.00" end="1200.00" id="D6_3_2" nVehContrib="3" flow="360.00" occupancy="65.23" speed="1.04" harmonicMeanSpeed="0.50" length="5.00" nVehEntered="2"/>
    <interval begin="1200.00" end="1230.00" id="D6_3_2" nVehContrib="4" flow="480.00" occupancy="47.12" speed="2.04" harmonicMeanSpeed="1.49" length="5.00" nVehEntered="5"/>
    <interval begin="1230.00" end="1260.00" id="D6_3_2" nVehContrib="5" flow="600.00" occupancy="56.95" speed="1.56" harmonicMeanSpeed="1.41" length="5.00" nVehEntered="4"/>
    <interval begin="1260.00" end="1290.00" id="D6_3_2" nVehContrib="1" flow="120.00" occupancy="69.27" speed="0.40" harmonicMeanSpeed="0.40" length="5.00" nVehEntered="2"/>
    <interval begin="1290.00" end="1320.00" id="D6_3_2" nVehContrib="3" flow="360.00" occupancy="61.32" speed="0.93" harmonicMeanSpeed="0.65" length="5.00" nVehEntered="3"/>
    <interval begin="1320.00" end="1350.00" id="D6_3_2" nVehContrib="3" flow="360.00" occupancy="63.67" speed="0.83" harmonicMeanSpeed="0.66" length="5.00" nVehEntered="2"/>
    <interval begin="1350.00" end="1380.00" id="D6_3_2" nVehContrib="3" flow="360.00" occupancy="66.06" speed="1.21" harmonicMeanSpeed="0.76" length="5.00" nVehEntered="3"/>
    <interval begin="1380.00" end="1410.00" id="D6_3_2" nVehContrib="2" flow="240.00" occupancy="72.10" speed="0.56" harmonicMeanSpeed="0.46" length="5.00" nVehEntered="2"/>
    <interval begin="1410.00" end="1440.00" id="D6_3_2" nVehContrib="5" flow="600.00" occupancy="59.14" speed="2.35" harmonicMeanSpeed="1.41" length="5.00" nVehEntered="5"/>
    <interval begin="1440.00" end="1470.00" id="D6_3_2" nVehContrib="3" flow="360.00" occupancy="66.67" speed="0.92" harmonicMeanSpeed="0.75" length="5.00" nVehEntered="3"/>
    <interval begin="1470.00" end="1500.00" id="D6_3_2" nVehContrib="1" flow="120.00" occupancy="65.87" speed="0.28" harmonicMeanSpeed="0.28" length="5.00" nVehEntered="2"/>
    <interval begin="1500.00" end="1530.00" id="D6_3_2" nVehContrib="4" flow="480.00" occupancy="59.78" speed="1.34" harmonicMeanSpeed="1.20" length="5.00" nVehEntered="4"/>
    <interval begin="1530.00" end="1560.00" id="D6_3_2" nVehContrib="3" flow="360.00" occupancy="66.73" speed="1.49" harmonicMeanSpeed="1.41" length="5.00" nVehEntered="3"/>
    <interval begin="1560.00" end="1590.00" id="D6_3_2" nVehContrib="4" flow="480.00" occupancy="40.58" speed="1.37" harmonicMeanSpeed="0.82" length="5.00" nVehEntered="3"/>
    <interval begin="1590.00" end="1620.00" id="D6_3_2" nVehContrib="1" flow="120.00" occupancy="70.39" speed="0.28" harmonicMeanSpeed="0.28" length="5.00" nVehEntered="2"/>
    <interval begin="1620.00" end="1650.00" id="D6_3_2" nVehContrib="0" flow="0.00" occupancy="100.00" speed="-1.00" harmonicMeanSpeed="-1.00" length="-1.00" nVehEntered="0"/>
    <interval begin="1650.00" end="1680.00" id="D6_3_2" nVehContrib="2" flow="240.00" occupancy="77.70" speed="0.73" harmonicMeanSpeed="0.23" length="5.00" nVehEntered="2"/>
    <interval begin="1680.00" end="1710.00" id="D6_3_2" nVehContrib="1" flow="120.00" occupancy="60.76" speed="0.16" harmonicMeanSpeed="0.16" length="5.00" nVehEntered="0"/>
    <interval begin="1710.00" end="1740.00" id="D6_3_2" nVehContrib="1" flow="120.00" occupancy="29.33" speed="1.20" harmonicMeanSpeed="1.20" length="5.00" nVehEntered="2"/>
    <interval begin="1740.00" end="1770.00" id="D6_3_2" nVehContrib="1" flow="120.00" occupancy="86.16" speed="0.17" harmonicMeanSpeed="0.17" length="5.00" nVehEntered="1"/>
    <interval begin="1770.00" end="1800.00" id="D6_3_2" nVehContrib="3" flow="360.00" occupancy="68.06" speed="1.73" harmonicMeanSpeed="0.83" length="5.00" nVehEntered="3"/>
    <interval begin="1800.00" end="1830.00" id="D6_3_2" nVehContrib="1" flow="120.00" occupancy="51.16" speed="0.27" harmonicMeanSpeed="0.27" length="5.00" nVehEntered="0"/>
    <interval begin="1830.00" end="1860.00" id="D6_3_2" nVehContrib="2" flow="240.00" occupancy="51.05" speed="0.92" harmonicMeanSpeed="0.92" length="5.00" nVehEntered="3"/>
    <interval begin="1860.00" end="1890.00" id="D6_3_2" nVehContrib="4" flow="480.00" occupancy="59.67" speed="1.56" harmonicMeanSpeed="0.90" length="5.00" nVehEntered="3"/>
    <interval begin="1890.00" end="1920.00" id="D6_3_2" nVehContrib="3" flow="360.00" occupancy="60.38" speed="1.41" harmonicMeanSpeed="1.18" length="5.00" nVehEntered="4"/>
    <interval begin="1920.00" end="1950.00" id="D6_3_2" nVehContrib="2" flow="240.00" occupancy="49.43" speed="0.56" harmonicMeanSpeed="0.49" length="5.00" nVehEntered="1"/>
    <interval begin="1950.00" end="1980.00" id="D6_3_2" nVehContrib="1" flow="120.00" occupancy="60.38" speed="0.28" harmonicMeanSpeed="0.28" length="5.00" nVehEntered="1"/>
    <interval begin="1980.00" end="2010.00" id="D6_3_2" nVehContrib="3" flow="360.00" occupancy="57.32" speed="2.91" harmonicMeanSpeed="2.61" length="5.00" nVehEntered="4"/>
    <interval begin="2010.00" end="2040.00" id="D6_3_2" nVehContrib="0" flow="0.00" occupancy="100.00" speed="-1.00" harmonicMeanSpeed="-1.00" length="-1.00" nVehEntered="0"/>
    <interval begin="2040.00" end="2070.00" id="D6_3_2" nVehContrib="2" flow="240.00" occupancy="71.96" speed="0.40" harmonicMeanSpeed="0.16" length="5.00" nVehEntered="2"/>
    <interval begin="2070.00" end="2100.00" id="D6_3_2" nVehContrib="2" flow="240.00" occupancy="72.50" speed="1.16" harmonicMeanSpeed="1.15" length="5.00" nVehEntered="2"/>
    <interval begin="2100.00" end="2130.00" id="D6_3_2" nVehContrib="4" flow="480.00" occupancy="54.93" speed="0.98" harmonicMeanSpeed="0.65" length="5.00" nVehEntered="3"/>
    <interval begin="2130.00" end="2160.00" id="D6_3_2" nVehContrib="2" flow="240.00" occupancy="60.87" speed="1.25" harmonicMeanSpeed="1.23" length="5.00" nVehEntered="3"/>
    <interval begin="2160.00" end="2190.00" id="D6_3_2" nVehContrib="1" flow="120.00" occupancy="82.15" speed="0.21" harmonicMeanSpeed="0.21" length="5.00" nVehEntered="1"/>
    <interval begin="2190.00" end="2220.00" id="D6_3_2" nVehContrib="2" flow="240.00" occupancy="76.91" speed="0.34" harmonicMeanSpeed="0.33" length="5.00" nVehEntered="2"/>
    <interval begin="2220.00" end="2250.00" id="D6_3_2" nVehContrib="3" flow="360.00" occupancy="80.01" speed="0.62" harmonicMeanSpeed="0.57" length="5.00" nVehEntered="3"/>
    <interval begin="2250.00" end="2280.00" id="D6_3_2" nVehContrib="4" flow="480.00" occupancy="50.49" speed="1.76" harmonicMeanSpeed="1.17" length="5.00" nVehEntered="3"/>
    <interval begin="2280.00" end="2310.00" id="D6_3_2" nVehContrib="5" flow="600.00" occupancy="51.01" speed="2.10" harmonicMeanSpeed="1.89" length="5.00" nVehEntered="6"/>
    <interval begin="2310.00" end="2340.00" id="D6_3_2" nVehContrib="0" flow="0.00" occupancy="100.00" speed="-1.00" harmonicMeanSpeed="-1.00" length="-1.00" nVehEntered="0"/>
    <interval begin="2340.00" end="2370.00" id="D6_3_2" nVehContrib="3" flow="360.00" occupancy="71.31" speed="0.62" harmonicMeanSpeed="0.28" length="5.00" nVehEntered="2"/>
    <interval begin="2370.00" end="2400.00" id="D6_3_2" nVehContrib="2" flow="240.00" occupancy="70.45" speed="1.31" harmonicMeanSpeed="1.27" length="5.00" nVehEntered="3"/>
    <interval begin="2400.00" end="2430.00" id="D6_3_2" nVehContrib="1" flow="120.00" occupancy="92.49" speed="0.12" harmonicMeanSpeed="0.12" length="5.00" nVehEntered="0"/>
    <interval begin="2430.00" end="2460.00" id="D6_3_2" nVehContrib="5" flow="600.00" occupancy="51.16" speed="2.66" harmonicMeanSpeed="1.97" length="5.00" nVehEntered="6"/>
    <interval begin="2460.00" end="2490.00" id="D6_3_2" nVehContrib="2" flow="240.00" occupancy="57.77" speed="0.85" harmonicMeanSpeed="0.84" length="5.00" nVehEntered="2"/>
    <interval begin="2490.00" end="2520.00" id="D6_3_2" nVehContrib="3" flow="360.00" occupancy="69.46" speed="0.64" harmonicMeanSpeed="0.52" length="5.00" nVehEntered="2"/>
    <interval begin="2520.00" end="2550.00" id="D6_3_2" nVehContrib="3" flow="360.00" occupancy="62.64" speed="1.35" harmonicMeanSpeed="1.11" length="5.00" nVehEntered="4"/>
    <interval begin="2550.00" end="2580.00" id="D6_3_2" nVehContrib="2" flow="240.00" occupancy="68.48" speed="0.43" harmonicMeanSpeed="0.39" length="5.00" nVehEntered="1"/>
    <interval begin="2580.00" end="2610.00" id="D6_3_2" nVehContrib="3" flow="360.00" occupancy="41.94" speed="1.36" harmonicMeanSpeed="1.19" length="5.00" nVehEntered="3"/>
    <interval begin="2610.00" end="2640.00" id="D6_3_2" nVehContrib="4" flow="480.00" occupancy="66.85" speed="1.78" harmonicMeanSpeed="1.00" length="5.00" nVehEntered="5"/>
    <interval begin="2640.00" end="2670.00" id="D6_3_2" nVehContrib="3" flow="360.00" occupancy="36.62" speed="1.45" harmonicMeanSpeed="1.35" length="5.00" nVehEntered="2"/>
    <interval begin="2670.00" end="2700.00" id="D6_3_2" nVehContrib="1" flow="120.00" occupancy="24.48" speed="0.68" harmonicMeanSpeed="0.68" length="5.00" nVehEntered="1"/>
    <interval begin="2700.00" end="2730.00" id="D6_3_2" nVehContrib="4" flow="480.00" occupancy="21.22" speed="3.31" harmonicMeanSpeed="3.23" length="5.00" nVehEntered="5"/>
    <interval begin="2730.00" end="2760.00" id="D6_3_2" nVehContrib="3" flow="360.00" occupancy="70.53" speed="1.77" harmonicMeanSpeed="1.72" length="5.00" nVehEntered="3"/>
    <interval begin="2760.00" end="2790.00" id="D6_3_2" nVehContrib="2" flow="240.00" occupancy="77.58" speed="0.28" harmonicMeanSpeed="0.28" length="5.00" nVehEntered="1"/>
    <interval begin="2790.00" end="2820.00" id="D6_3_2" nVehContrib="1" flow="120.00" occupancy="84.61" speed="0.20" harmonicMeanSpeed="0.20" length="5.00" nVehEntered="1"/>
    <interval begin="2820.00" end="2850.00" id="D6_3_2" nVehContrib="3" flow="360.00" occupancy="61.44" speed="1.25" harmonicMeanSpeed="0.92" length="5.00" nVehEntered="4"/>
    <interval begin="2850.00" end="2880.00" id="D6_3_2" nVehContrib="4" flow="480.00" occupancy="53.07" speed="1.56" harmonicMeanSpeed="1.39" length="5.00" nVehEntered="4"/>
    <interval begin="2880.00" end="2910.00" id="D6_3_2" nVehContrib="4" flow="480.00" occupancy="60.56" speed="2.10" harmonicMeanSpeed="1.96" length="5.00" nVehEntered="4"/>
    <interval begin="2910.00" end="2940.00" id="D6_3_2" nVehContrib="1" flow="120.00" occupancy="96.94" speed="0.12" harmonicMeanSpeed="0.12" length="5.00" nVehEntered="0"/>
    <interval begin="2940.00" end="2970.00" id="D6_3_2" nVehContrib="1" flow="120.00" occupancy="72.62" speed="0.35" harmonicMeanSpeed="0.35" length="5.00" nVehEntered="2"/>
    <interval begin="2970.00" end="3000.00" id="D6_3_2" nVehContrib="3" flow="360.00" occupancy="85.19" speed="0.97" harmonicMeanSpeed="0.45" length="5.00" nVehEntered="2"/>
    <interval begin="3000.00" end="3030.00" id="D6_3_2" nVehContrib="4" flow="480.00" occupancy="40.65" speed="1.80" harmonicMeanSpeed="1.64" length="5.00" nVehEntered="4"/>
    <interval begin="3030.00" end="3060.00" id="D6_3_2" nVehContrib="2" flow="240.00" occupancy="64.34" speed="0.52" harmonicMeanSpeed="0.52" length="5.00" nVehEntered="2"/>
    <interval begin="3060.00" end="3090.00" id="D6_3_2" nVehContrib="1" flow="120.00" occupancy="71.70" speed="0.25" harmonicMeanSpeed="0.25" length="5.00" nVehEntered="2"/>
    <interval begin="3090.00" end="3120.00" id="D6_3_2" nVehContrib="2" flow="240.00" occupancy="69.95" speed="0.83" harmonicMeanSpeed="0.80" length="5.00" nVehEntered="2"/>
    <interval begin="3120.00" end="3150.00" id="D6_3_2" nVehContrib="3" flow="360.00" occupancy="64.90" speed="1.01" harmonicMeanSpeed="0.52" length="5.00" nVehEntered="3"/>
    <interval begin="3150.00" end="3180.00" id="D6_3_2" nVehContrib="2" flow="240.00" occupancy="78.94" speed="0.40" harmonicMeanSpeed="0.40" length="5.00" nVehEntered="1"/>
    <interval begin="3180.00" end="3210.00" id="D6_3_2" nVehContrib="1" flow="120.00" occupancy="68.05" speed="0.65" harmonicMeanSpeed="0.65" length="5.00" nVehEntered="2"/>
    <interval begin="3210.00" end="3240.00" id="D6_3_2" nVehContrib="3" flow="360.00" occupancy="66.68" speed="0.62" harmonicMeanSpeed="0.46" length="5.00" nVehEntered="2"/>
    <interval begin="3240.00" end="3270.00" id="D6_3_2" nVehContrib="2" flow="240.00" occupancy="66.00" speed="0.86" harmonicMeanSpeed="0.51" length="5.00" nVehEntered="3"/>
    <interval begin="3270.00" end="3300.00" id="D6_3_2" nVehContrib="1" flow="120.00" occupancy="90.16" speed="1.25" harmonicMeanSpeed="1.25" length="5.00" nVehEntered="1"/>
    <interval begin="3300.00" end="3330.00" id="D6_3_2" nVehContrib="1" flow="120.00" occupancy="56.78" speed="0.12" harmonicMeanSpeed="0.12" length="5.00" nVehEntered="0"/>
    <interval begin="3330.00" end="3360.00" id="D6_3_2" nVehContrib="5" flow="600.00" occupancy="51.09" speed="3.47" harmonicMeanSpeed="3.05" length="5.00" nVehEntered="6"/>
    <interval begin="3360.00" end="3390.00" id="D6_3_2" nVehContrib="2" flow="240.00" occupancy="67.15" speed="0.42" harmonicMeanSpeed="0.42" length="5.00" nVehEntered="3"/>
    <interval begin="3390.00" end="3420.00" id="D6_3_2" nVehContrib="4" flow="480.00" occupancy="79.04" speed="1.38" harmonicMeanSpeed="0.74" length="5.00" nVehEntered="3"/>
    <interval begin="3420.00" end="3450.00" id="D6_3_2" nVehContrib="2" flow="240.00" occupancy="65.85" speed="0.66" harmonicMeanSpeed="0.51" length="5.00" nVehEntered="2"/>
    <interval begin="3450.00" end="3480.00" id="D6_3_2" nVehContrib="0" flow="0.00" occupancy="83.58" speed="-1.00" harmonicMeanSpeed="-1.00" length="-1.00" nVehEntered="1"/>
    <interval begin="3480.00" end="3510.00" id="D6_3_2" nVehContrib="1" flow="120.00" occupancy="89.57" speed="0.19" harmonicMeanSpeed="0.19" length="5.00" nVehEntered="1"/>
    <interval begin="3510.00" end="3540.00" id="D6_3_2" nVehContrib="3" flow="360.00" occupancy="69.70" speed="0.40" harmonicMeanSpeed="0.32" length="5.00" nVehEntered="2"/>
    <interval begin="3540.00" end="3570.00" id="D6_3_2" nVehContrib="2" flow="240.00" occupancy="83.31" speed="0.45" harmonicMeanSpeed="0.40" length="5.00" nVehEntered="2"/>
    <interval begin="3570.00" end="3600.00" id="D6_3_2" nVehContrib="2" flow="240.00" occupancy="69.28" speed="0.79" harmonicMeanSpeed="0.58" length="5.00" nVehEntered="3"/>
    <interval begin="3600.00" end="3605.00" id="D6_3_2" nVehContrib="1" flow="720.00" occupancy="43.20" speed="0.89" harmonicMeanSpeed="0.89" length="5.00" nVehEntered="0"/>
</detector>
