<?xml version="1.0" encoding="UTF-8"?>

<!-- generated on 02/02/20 10:23:44 by Eclipse SUMO Version 1.3.1
<configuration xmlns:xsi="http://www.w3.org/2001/XMLSchema-instance" xsi:noNamespaceSchemaLocation="http://sumo.dlr.de/xsd/sumoConfiguration.xsd">

    <input>
        <net-file value="gnet.net.xml"/>
        <route-files value="grou.rou.xml"/>
        <additional-files value="gadd.additional.xml"/>
    </input>

    <output>
        <queue-output value="Queue.xml"/>
        <summary-output value="Summary.xml"/>
        <tripinfo-output value="output-tripinfos.xml"/>
    </output>

    <time>
        <begin value="0"/>
        <end value="3600"/>
    </time>

    <processing>
        <time-to-teleport value="3600"/>
    </processing>

    <traci_server>
        <remote-port value="10631"/>
    </traci_server>

    <gui_only>
        <gui-settings-file value="gview.view.xml"/>
        <quit-on-end value="true"/>
        <start value="true"/>
    </gui_only>

</configuration>
-->

<detector xmlns:xsi="http://www.w3.org/2001/XMLSchema-instance" xsi:noNamespaceSchemaLocation="http://sumo.dlr.de/xsd/det_e1_file.xsd">
    <interval begin="0.00" end="30.00" id="D7_1_0" nVehContrib="1" flow="120.00" occupancy="0.73" speed="22.68" harmonicMeanSpeed="22.68" length="5.00" nVehEntered="1"/>
    <interval begin="30.00" end="60.00" id="D7_1_0" nVehContrib="2" flow="240.00" occupancy="1.57" speed="21.23" harmonicMeanSpeed="21.23" length="5.00" nVehEntered="2"/>
    <interval begin="60.00" end="90.00" id="D7_1_0" nVehContrib="2" flow="240.00" occupancy="1.80" speed="18.50" harmonicMeanSpeed="18.50" length="5.00" nVehEntered="2"/>
    <interval begin="90.00" end="120.00" id="D7_1_0" nVehContrib="6" flow="720.00" occupancy="5.05" speed="19.85" harmonicMeanSpeed="19.82" length="5.00" nVehEntered="6"/>
    <interval begin="120.00" end="150.00" id="D7_1_0" nVehContrib="8" flow="960.00" occupancy="6.21" speed="21.50" harmonicMeanSpeed="21.48" length="5.00" nVehEntered="8"/>
    <interval begin="150.00" end="180.00" id="D7_1_0" nVehContrib="1" flow="120.00" occupancy="0.75" speed="22.22" harmonicMeanSpeed="22.22" length="5.00" nVehEntered="1"/>
    <interval begin="180.00" end="210.00" id="D7_1_0" nVehContrib="3" flow="360.00" occupancy="2.73" speed="18.59" harmonicMeanSpeed="18.55" length="5.00" nVehEntered="4"/>
    <interval begin="210.00" end="240.00" id="D7_1_0" nVehContrib="12" flow="1440.00" occupancy="9.53" speed="20.99" harmonicMeanSpeed="20.93" length="5.00" nVehEntered="11"/>
    <interval begin="240.00" end="270.00" id="D7_1_0" nVehContrib="1" flow="120.00" occupancy="0.81" speed="20.52" harmonicMeanSpeed="20.52" length="5.00" nVehEntered="1"/>
    <interval begin="270.00" end="300.00" id="D7_1_0" nVehContrib="2" flow="240.00" occupancy="1.75" speed="19.03" harmonicMeanSpeed="19.02" length="5.00" nVehEntered="2"/>
    <interval begin="300.00" end="330.00" id="D7_1_0" nVehContrib="12" flow="1440.00" occupancy="9.60" speed="20.90" harmonicMeanSpeed="20.84" length="5.00" nVehEntered="12"/>
    <interval begin="330.00" end="360.00" id="D7_1_0" nVehContrib="1" flow="120.00" occupancy="0.81" speed="20.47" harmonicMeanSpeed="20.47" length="5.00" nVehEntered="1"/>
    <interval begin="360.00" end="390.00" id="D7_1_0" nVehContrib="2" flow="240.00" occupancy="1.73" speed="19.23" harmonicMeanSpeed="19.22" length="5.00" nVehEntered="2"/>
    <interval begin="390.00" end="420.00" id="D7_1_0" nVehContrib="8" flow="960.00" occupancy="6.76" speed="19.83" harmonicMeanSpeed="19.74" length="5.00" nVehEntered="8"/>
    <interval begin="420.00" end="450.00" id="D7_1_0" nVehContrib="8" flow="960.00" occupancy="6.31" speed="21.15" harmonicMeanSpeed="21.12" length="5.00" nVehEntered="8"/>
    <interval begin="450.00" end="480.00" id="D7_1_0" nVehContrib="1" flow="120.00" occupancy="0.90" speed="18.56" harmonicMeanSpeed="18.56" length="5.00" nVehEntered="1"/>
    <interval begin="480.00" end="510.00" id="D7_1_0" nVehContrib="3" flow="360.00" occupancy="2.56" speed="19.55" harmonicMeanSpeed="19.55" length="5.00" nVehEntered="3"/>
    <interval begin="510.00" end="540.00" id="D7_1_0" nVehContrib="13" flow="1560.00" occupancy="10.45" speed="20.78" harmonicMeanSpeed="20.73" length="5.00" nVehEntered="13"/>
    <interval begin="540.00" end="570.00" id="D7_1_0" nVehContrib="0" flow="0.00" occupancy="0.00" speed="-1.00" harmonicMeanSpeed="-1.00" length="-1.00" nVehEntered="0"/>
    <interval begin="570.00" end="600.00" id="D7_1_0" nVehContrib="1" flow="120.00" occupancy="0.92" speed="18.04" harmonicMeanSpeed="18.04" length="5.00" nVehEntered="1"/>
    <interval begin="600.00" end="630.00" id="D7_1_0" nVehContrib="11" flow="1320.00" occupancy="8.97" speed="20.50" harmonicMeanSpeed="20.44" length="5.00" nVehEntered="11"/>
    <interval begin="630.00" end="660.00" id="D7_1_0" nVehContrib="5" flow="600.00" occupancy="3.88" speed="21.52" harmonicMeanSpeed="21.50" length="5.00" nVehEntered="5"/>
    <interval begin="660.00" end="690.00" id="D7_1_0" nVehContrib="1" flow="120.00" occupancy="0.91" speed="18.29" harmonicMeanSpeed="18.29" length="5.00" nVehEntered="1"/>
    <interval begin="690.00" end="720.00" id="D7_1_0" nVehContrib="3" flow="360.00" occupancy="2.66" speed="18.86" harmonicMeanSpeed="18.83" length="5.00" nVehEntered="3"/>
    <interval begin="720.00" end="750.00" id="D7_1_0" nVehContrib="6" flow="720.00" occupancy="5.13" speed="19.50" harmonicMeanSpeed="19.49" length="5.00" nVehEntered="6"/>
    <interval begin="750.00" end="780.00" id="D7_1_0" nVehContrib="4" flow="480.00" occupancy="3.50" speed="19.08" harmonicMeanSpeed="19.02" length="5.00" nVehEntered="4"/>
    <interval begin="780.00" end="810.00" id="D7_1_0" nVehContrib="4" flow="480.00" occupancy="3.61" speed="18.54" harmonicMeanSpeed="18.45" length="5.00" nVehEntered="4"/>
    <interval begin="810.00" end="840.00" id="D7_1_0" nVehContrib="4" flow="480.00" occupancy="3.37" speed="19.82" harmonicMeanSpeed="19.77" length="5.00" nVehEntered="4"/>
    <interval begin="840.00" end="870.00" id="D7_1_0" nVehContrib="6" flow="720.00" occupancy="5.00" speed="20.06" harmonicMeanSpeed="20.02" length="5.00" nVehEntered="6"/>
    <interval begin="870.00" end="900.00" id="D7_1_0" nVehContrib="3" flow="360.00" occupancy="2.59" speed="19.36" harmonicMeanSpeed="19.31" length="5.00" nVehEntered="3"/>
    <interval begin="900.00" end="930.00" id="D7_1_0" nVehContrib="5" flow="600.00" occupancy="4.27" speed="19.54" harmonicMeanSpeed="19.51" length="5.00" nVehEntered="5"/>
    <interval begin="930.00" end="960.00" id="D7_1_0" nVehContrib="5" flow="600.00" occupancy="4.42" speed="18.96" harmonicMeanSpeed="18.85" length="5.00" nVehEntered="5"/>
    <interval begin="960.00" end="990.00" id="D7_1_0" nVehContrib="5" flow="600.00" occupancy="4.58" speed="18.18" harmonicMeanSpeed="18.18" length="5.00" nVehEntered="5"/>
    <interval begin="990.00" end="1020.00" id="D7_1_0" nVehContrib="6" flow="720.00" occupancy="5.38" speed="18.64" harmonicMeanSpeed="18.59" length="5.00" nVehEntered="6"/>
    <interval begin="1020.00" end="1050.00" id="D7_1_0" nVehContrib="3" flow="360.00" occupancy="2.64" speed="19.01" harmonicMeanSpeed="18.97" length="5.00" nVehEntered="3"/>
    <interval begin="1050.00" end="1080.00" id="D7_1_0" nVehContrib="2" flow="240.00" occupancy="1.66" speed="20.12" harmonicMeanSpeed="20.09" length="5.00" nVehEntered="2"/>
    <interval begin="1080.00" end="1110.00" id="D7_1_0" nVehContrib="4" flow="480.00" occupancy="3.70" speed="18.79" harmonicMeanSpeed="18.74" length="5.00" nVehEntered="5"/>
    <interval begin="1110.00" end="1140.00" id="D7_1_0" nVehContrib="5" flow="600.00" occupancy="4.17" speed="19.42" harmonicMeanSpeed="19.33" length="5.00" nVehEntered="4"/>
    <interval begin="1140.00" end="1170.00" id="D7_1_0" nVehContrib="4" flow="480.00" occupancy="3.33" speed="20.05" harmonicMeanSpeed="20.05" length="5.00" nVehEntered="4"/>
    <interval begin="1170.00" end="1200.00" id="D7_1_0" nVehContrib="7" flow="840.00" occupancy="5.99" speed="19.60" harmonicMeanSpeed="19.49" length="5.00" nVehEntered="7"/>
    <interval begin="1200.00" end="1230.00" id="D7_1_0" nVehContrib="3" flow="360.00" occupancy="2.69" speed="18.64" harmonicMeanSpeed="18.59" length="5.00" nVehEntered="3"/>
    <interval begin="1230.00" end="1260.00" id="D7_1_0" nVehContrib="1" flow="120.00" occupancy="1.66" speed="21.13" harmonicMeanSpeed="21.13" length="5.00" nVehEntered="2"/>
    <interval begin="1260.00" end="1290.00" id="D7_1_0" nVehContrib="8" flow="960.00" occupancy="6.02" speed="19.36" harmonicMeanSpeed="19.33" length="5.00" nVehEntered="7"/>
    <interval begin="1290.00" end="1320.00" id="D7_1_0" nVehContrib="5" flow="600.00" occupancy="4.33" speed="19.24" harmonicMeanSpeed="19.23" length="5.00" nVehEntered="5"/>
    <interval begin="1320.00" end="1350.00" id="D7_1_0" nVehContrib="4" flow="480.00" occupancy="3.38" speed="19.79" harmonicMeanSpeed="19.73" length="5.00" nVehEntered="4"/>
    <interval begin="1350.00" end="1380.00" id="D7_1_0" nVehContrib="3" flow="360.00" occupancy="2.70" speed="18.57" harmonicMeanSpeed="18.55" length="5.00" nVehEntered="3"/>
    <interval begin="1380.00" end="1410.00" id="D7_1_0" nVehContrib="5" flow="600.00" occupancy="5.07" speed="19.89" harmonicMeanSpeed="19.87" length="5.00" nVehEntered="6"/>
    <interval begin="1410.00" end="1440.00" id="D7_1_0" nVehContrib="4" flow="480.00" occupancy="2.63" speed="19.09" harmonicMeanSpeed="19.05" length="5.00" nVehEntered="3"/>
    <interval begin="1440.00" end="1470.00" id="D7_1_0" nVehContrib="6" flow="720.00" occupancy="5.12" speed="19.54" harmonicMeanSpeed="19.53" length="5.00" nVehEntered="6"/>
    <interval begin="1470.00" end="1500.00" id="D7_1_0" nVehContrib="3" flow="360.00" occupancy="2.69" speed="18.64" harmonicMeanSpeed="18.61" length="5.00" nVehEntered="3"/>
    <interval begin="1500.00" end="1530.00" id="D7_1_0" nVehContrib="7" flow="840.00" occupancy="6.02" speed="19.41" harmonicMeanSpeed="19.39" length="5.00" nVehEntered="7"/>
    <interval begin="1530.00" end="1560.00" id="D7_1_0" nVehContrib="2" flow="240.00" occupancy="1.69" speed="19.79" harmonicMeanSpeed="19.77" length="5.00" nVehEntered="2"/>
    <interval begin="1560.00" end="1590.00" id="D7_1_0" nVehContrib="4" flow="480.00" occupancy="3.36" speed="19.82" harmonicMeanSpeed="19.81" length="5.00" nVehEntered="4"/>
    <interval begin="1590.00" end="1620.00" id="D7_1_0" nVehContrib="5" flow="600.00" occupancy="4.29" speed="19.44" harmonicMeanSpeed="19.43" length="5.00" nVehEntered="5"/>
    <interval begin="1620.00" end="1650.00" id="D7_1_0" nVehContrib="0" flow="0.00" occupancy="0.00" speed="-1.00" harmonicMeanSpeed="-1.00" length="-1.00" nVehEntered="0"/>
    <interval begin="1650.00" end="1680.00" id="D7_1_0" nVehContrib="3" flow="360.00" occupancy="2.67" speed="18.75" harmonicMeanSpeed="18.74" length="5.00" nVehEntered="3"/>
    <interval begin="1680.00" end="1710.00" id="D7_1_0" nVehContrib="4" flow="480.00" occupancy="3.59" speed="19.34" harmonicMeanSpeed="19.33" length="5.00" nVehEntered="5"/>
    <interval begin="1710.00" end="1740.00" id="D7_1_0" nVehContrib="4" flow="480.00" occupancy="3.22" speed="19.99" harmonicMeanSpeed="19.84" length="5.00" nVehEntered="3"/>
    <interval begin="1740.00" end="1770.00" id="D7_1_0" nVehContrib="1" flow="120.00" occupancy="0.82" speed="20.20" harmonicMeanSpeed="20.20" length="5.00" nVehEntered="1"/>
    <interval begin="1770.00" end="1800.00" id="D7_1_0" nVehContrib="2" flow="240.00" occupancy="1.79" speed="18.65" harmonicMeanSpeed="18.65" length="5.00" nVehEntered="2"/>
    <interval begin="1800.00" end="1830.00" id="D7_1_0" nVehContrib="6" flow="720.00" occupancy="5.22" speed="19.21" harmonicMeanSpeed="19.18" length="5.00" nVehEntered="6"/>
    <interval begin="1830.00" end="1860.00" id="D7_1_0" nVehContrib="4" flow="480.00" occupancy="3.66" speed="18.23" harmonicMeanSpeed="18.20" length="5.00" nVehEntered="4"/>
    <interval begin="1860.00" end="1890.00" id="D7_1_0" nVehContrib="5" flow="600.00" occupancy="4.38" speed="19.05" harmonicMeanSpeed="19.05" length="5.00" nVehEntered="5"/>
    <interval begin="1890.00" end="1920.00" id="D7_1_0" nVehContrib="3" flow="360.00" occupancy="2.66" speed="18.77" harmonicMeanSpeed="18.77" length="5.00" nVehEntered="3"/>
    <interval begin="1920.00" end="1950.00" id="D7_1_0" nVehContrib="3" flow="360.00" occupancy="2.58" speed="19.43" harmonicMeanSpeed="19.41" length="5.00" nVehEntered="3"/>
    <interval begin="1950.00" end="1980.00" id="D7_1_0" nVehContrib="3" flow="360.00" occupancy="2.61" speed="19.16" harmonicMeanSpeed="19.12" length="5.00" nVehEntered="3"/>
    <interval begin="1980.00" end="2010.00" id="D7_1_0" nVehContrib="5" flow="600.00" occupancy="4.38" speed="19.52" harmonicMeanSpeed="19.51" length="5.00" nVehEntered="6"/>
    <interval begin="2010.00" end="2040.00" id="D7_1_0" nVehContrib="5" flow="600.00" occupancy="4.19" speed="19.37" harmonicMeanSpeed="19.36" length="5.00" nVehEntered="4"/>
    <interval begin="2040.00" end="2070.00" id="D7_1_0" nVehContrib="3" flow="360.00" occupancy="2.67" speed="18.77" harmonicMeanSpeed="18.75" length="5.00" nVehEntered="3"/>
    <interval begin="2070.00" end="2100.00" id="D7_1_0" nVehContrib="5" flow="600.00" occupancy="4.43" speed="18.84" harmonicMeanSpeed="18.82" length="5.00" nVehEntered="5"/>
    <interval begin="2100.00" end="2130.00" id="D7_1_0" nVehContrib="4" flow="480.00" occupancy="3.41" speed="19.62" harmonicMeanSpeed="19.56" length="5.00" nVehEntered="4"/>
    <interval begin="2130.00" end="2160.00" id="D7_1_0" nVehContrib="5" flow="600.00" occupancy="4.37" speed="19.10" harmonicMeanSpeed="19.06" length="5.00" nVehEntered="5"/>
    <interval begin="2160.00" end="2190.00" id="D7_1_0" nVehContrib="4" flow="480.00" occupancy="3.49" speed="19.14" harmonicMeanSpeed="19.12" length="5.00" nVehEntered="4"/>
    <interval begin="2190.00" end="2220.00" id="D7_1_0" nVehContrib="2" flow="240.00" occupancy="1.80" speed="18.48" harmonicMeanSpeed="18.48" length="5.00" nVehEntered="2"/>
    <interval begin="2220.00" end="2250.00" id="D7_1_0" nVehContrib="4" flow="480.00" occupancy="3.55" speed="18.85" harmonicMeanSpeed="18.79" length="5.00" nVehEntered="4"/>
    <interval begin="2250.00" end="2280.00" id="D7_1_0" nVehContrib="5" flow="600.00" occupancy="4.17" speed="20.01" harmonicMeanSpeed="19.98" length="5.00" nVehEntered="5"/>
    <interval begin="2280.00" end="2310.00" id="D7_1_0" nVehContrib="3" flow="360.00" occupancy="2.56" speed="19.52" harmonicMeanSpeed="19.50" length="5.00" nVehEntered="3"/>
    <interval begin="2310.00" end="2340.00" id="D7_1_0" nVehContrib="4" flow="480.00" occupancy="3.43" speed="19.49" harmonicMeanSpeed="19.41" length="5.00" nVehEntered="4"/>
    <interval begin="2340.00" end="2370.00" id="D7_1_0" nVehContrib="5" flow="600.00" occupancy="4.21" speed="19.80" harmonicMeanSpeed="19.78" length="5.00" nVehEntered="5"/>
    <interval begin="2370.00" end="2400.00" id="D7_1_0" nVehContrib="4" flow="480.00" occupancy="3.40" speed="19.59" harmonicMeanSpeed="19.58" length="5.00" nVehEntered="4"/>
    <interval begin="2400.00" end="2430.00" id="D7_1_0" nVehContrib="5" flow="600.00" occupancy="4.44" speed="18.86" harmonicMeanSpeed="18.77" length="5.00" nVehEntered="5"/>
    <interval begin="2430.00" end="2460.00" id="D7_1_0" nVehContrib="2" flow="240.00" occupancy="1.76" speed="18.93" harmonicMeanSpeed="18.91" length="5.00" nVehEntered="2"/>
    <interval begin="2460.00" end="2490.00" id="D7_1_0" nVehContrib="5" flow="600.00" occupancy="4.17" speed="20.00" harmonicMeanSpeed="19.98" length="5.00" nVehEntered="5"/>
    <interval begin="2490.00" end="2520.00" id="D7_1_0" nVehContrib="4" flow="480.00" occupancy="3.48" speed="19.23" harmonicMeanSpeed="19.16" length="5.00" nVehEntered="4"/>
    <interval begin="2520.00" end="2550.00" id="D7_1_0" nVehContrib="4" flow="480.00" occupancy="3.41" speed="19.54" harmonicMeanSpeed="19.52" length="5.00" nVehEntered="4"/>
    <interval begin="2550.00" end="2580.00" id="D7_1_0" nVehContrib="3" flow="360.00" occupancy="2.91" speed="19.00" harmonicMeanSpeed="18.98" length="5.00" nVehEntered="4"/>
    <interval begin="2580.00" end="2610.00" id="D7_1_0" nVehContrib="6" flow="720.00" occupancy="4.94" speed="19.20" harmonicMeanSpeed="19.16" length="5.00" nVehEntered="5"/>
    <interval begin="2610.00" end="2640.00" id="D7_1_0" nVehContrib="3" flow="360.00" occupancy="2.57" speed="19.50" harmonicMeanSpeed="19.47" length="5.00" nVehEntered="3"/>
    <interval begin="2640.00" end="2670.00" id="D7_1_0" nVehContrib="5" flow="600.00" occupancy="4.37" speed="19.17" harmonicMeanSpeed="19.07" length="5.00" nVehEntered="5"/>
    <interval begin="2670.00" end="2700.00" id="D7_1_0" nVehContrib="4" flow="480.00" occupancy="3.38" speed="19.79" harmonicMeanSpeed="19.70" length="5.00" nVehEntered="4"/>
    <interval begin="2700.00" end="2730.00" id="D7_1_0" nVehContrib="4" flow="480.00" occupancy="3.52" speed="18.95" harmonicMeanSpeed="18.93" length="5.00" nVehEntered="4"/>
    <interval begin="2730.00" end="2760.00" id="D7_1_0" nVehContrib="4" flow="480.00" occupancy="3.42" speed="19.51" harmonicMeanSpeed="19.49" length="5.00" nVehEntered="4"/>
    <interval begin="2760.00" end="2790.00" id="D7_1_0" nVehContrib="3" flow="360.00" occupancy="2.70" speed="18.50" harmonicMeanSpeed="18.49" length="5.00" nVehEntered="3"/>
    <interval begin="2790.00" end="2820.00" id="D7_1_0" nVehContrib="6" flow="720.00" occupancy="5.24" speed="19.12" harmonicMeanSpeed="19.10" length="5.00" nVehEntered="6"/>
    <interval begin="2820.00" end="2850.00" id="D7_1_0" nVehContrib="4" flow="480.00" occupancy="3.31" speed="20.20" harmonicMeanSpeed="20.16" length="5.00" nVehEntered="4"/>
    <interval begin="2850.00" end="2880.00" id="D7_1_0" nVehContrib="4" flow="480.00" occupancy="3.48" speed="19.17" harmonicMeanSpeed="19.14" length="5.00" nVehEntered="4"/>
    <interval begin="2880.00" end="2910.00" id="D7_1_0" nVehContrib="5" flow="600.00" occupancy="4.23" speed="19.73" harmonicMeanSpeed="19.70" length="5.00" nVehEntered="5"/>
    <interval begin="2910.00" end="2940.00" id="D7_1_0" nVehContrib="4" flow="480.00" occupancy="3.46" speed="19.30" harmonicMeanSpeed="19.26" length="5.00" nVehEntered="4"/>
    <interval begin="2940.00" end="2970.00" id="D7_1_0" nVehContrib="4" flow="480.00" occupancy="3.50" speed="19.07" harmonicMeanSpeed="19.07" length="5.00" nVehEntered="4"/>
    <interval begin="2970.00" end="3000.00" id="D7_1_0" nVehContrib="6" flow="720.00" occupancy="5.10" speed="19.64" harmonicMeanSpeed="19.62" length="5.00" nVehEntered="6"/>
    <interval begin="3000.00" end="3030.00" id="D7_1_0" nVehContrib="3" flow="360.00" occupancy="2.70" speed="18.57" harmonicMeanSpeed="18.54" length="5.00" nVehEntered="3"/>
    <interval begin="3030.00" end="3060.00" id="D7_1_0" nVehContrib="3" flow="360.00" occupancy="2.62" speed="19.06" harmonicMeanSpeed="19.06" length="5.00" nVehEntered="3"/>
    <interval begin="3060.00" end="3090.00" id="D7_1_0" nVehContrib="4" flow="480.00" occupancy="3.63" speed="18.41" harmonicMeanSpeed="18.38" length="5.00" nVehEntered="4"/>
    <interval begin="3090.00" end="3120.00" id="D7_1_0" nVehContrib="4" flow="480.00" occupancy="3.49" speed="19.28" harmonicMeanSpeed="19.13" length="5.00" nVehEntered="4"/>
    <interval begin="3120.00" end="3150.00" id="D7_1_0" nVehContrib="4" flow="480.00" occupancy="3.77" speed="17.74" harmonicMeanSpeed="17.66" length="5.00" nVehEntered="4"/>
    <interval begin="3150.00" end="3180.00" id="D7_1_0" nVehContrib="4" flow="480.00" occupancy="3.57" speed="18.70" harmonicMeanSpeed="18.68" length="5.00" nVehEntered="4"/>
    <interval begin="3180.00" end="3210.00" id="D7_1_0" nVehContrib="3" flow="360.00" occupancy="2.62" speed="19.26" harmonicMeanSpeed="19.12" length="5.00" nVehEntered="3"/>
    <interval begin="3210.00" end="3240.00" id="D7_1_0" nVehContrib="3" flow="360.00" occupancy="2.56" speed="19.50" harmonicMeanSpeed="19.50" length="5.00" nVehEntered="3"/>
    <interval begin="3240.00" end="3270.00" id="D7_1_0" nVehContrib="4" flow="480.00" occupancy="3.54" speed="18.87" harmonicMeanSpeed="18.82" length="5.00" nVehEntered="4"/>
    <interval begin="3270.00" end="3300.00" id="D7_1_0" nVehContrib="3" flow="360.00" occupancy="2.71" speed="18.44" harmonicMeanSpeed="18.44" length="5.00" nVehEntered="3"/>
    <interval begin="3300.00" end="3330.00" id="D7_1_0" nVehContrib="5" flow="600.00" occupancy="4.40" speed="19.03" harmonicMeanSpeed="18.96" length="5.00" nVehEntered="5"/>
    <interval begin="3330.00" end="3360.00" id="D7_1_0" nVehContrib="4" flow="480.00" occupancy="3.51" speed="19.10" harmonicMeanSpeed="18.99" length="5.00" nVehEntered="4"/>
    <interval begin="3360.00" end="3390.00" id="D7_1_0" nVehContrib="4" flow="480.00" occupancy="3.61" speed="18.49" harmonicMeanSpeed="18.45" length="5.00" nVehEntered="4"/>
    <interval begin="3390.00" end="3420.00" id="D7_1_0" nVehContrib="5" flow="600.00" occupancy="4.18" speed="19.96" harmonicMeanSpeed="19.93" length="5.00" nVehEntered="5"/>
    <interval begin="3420.00" end="3450.00" id="D7_1_0" nVehContrib="3" flow="360.00" occupancy="2.62" speed="19.16" harmonicMeanSpeed="19.07" length="5.00" nVehEntered="3"/>
    <interval begin="3450.00" end="3480.00" id="D7_1_0" nVehContrib="3" flow="360.00" occupancy="2.59" speed="19.29" harmonicMeanSpeed="19.29" length="5.00" nVehEntered="3"/>
    <interval begin="3480.00" end="3510.00" id="D7_1_0" nVehContrib="6" flow="720.00" occupancy="5.07" speed="19.75" harmonicMeanSpeed="19.72" length="5.00" nVehEntered="6"/>
    <interval begin="3510.00" end="3540.00" id="D7_1_0" nVehContrib="2" flow="240.00" occupancy="1.75" speed="19.11" harmonicMeanSpeed="19.05" length="5.00" nVehEntered="2"/>
    <interval begin="3540.00" end="3570.00" id="D7_1_0" nVehContrib="4" flow="480.00" occupancy="3.57" speed="18.73" harmonicMeanSpeed="18.69" length="5.00" nVehEntered="4"/>
    <interval begin="3570.00" end="3600.00" id="D7_1_0" nVehContrib="4" flow="480.00" occupancy="3.44" speed="19.46" harmonicMeanSpeed="19.39" length="5.00" nVehEntered="4"/>
    <interval begin="3600.00" end="3605.00" id="D7_1_0" nVehContrib="1" flow="720.00" occupancy="4.87" speed="20.54" harmonicMeanSpeed="20.54" length="5.00" nVehEntered="1"/>
</detector>
