<?xml version="1.0" encoding="UTF-8"?>

<!-- generated on 02/02/20 10:23:44 by Eclipse SUMO Version 1.3.1
<configuration xmlns:xsi="http://www.w3.org/2001/XMLSchema-instance" xsi:noNamespaceSchemaLocation="http://sumo.dlr.de/xsd/sumoConfiguration.xsd">

    <input>
        <net-file value="gnet.net.xml"/>
        <route-files value="grou.rou.xml"/>
        <additional-files value="gadd.additional.xml"/>
    </input>

    <output>
        <queue-output value="Queue.xml"/>
        <summary-output value="Summary.xml"/>
        <tripinfo-output value="output-tripinfos.xml"/>
    </output>

    <time>
        <begin value="0"/>
        <end value="3600"/>
    </time>

    <processing>
        <time-to-teleport value="3600"/>
    </processing>

    <traci_server>
        <remote-port value="10631"/>
    </traci_server>

    <gui_only>
        <gui-settings-file value="gview.view.xml"/>
        <quit-on-end value="true"/>
        <start value="true"/>
    </gui_only>

</configuration>
-->

<detector xmlns:xsi="http://www.w3.org/2001/XMLSchema-instance" xsi:noNamespaceSchemaLocation="http://sumo.dlr.de/xsd/det_e1_file.xsd">
    <interval begin="0.00" end="30.00" id="D8_1_1" nVehContrib="0" flow="0.00" occupancy="0.00" speed="-1.00" harmonicMeanSpeed="-1.00" length="-1.00" nVehEntered="0"/>
    <interval begin="30.00" end="60.00" id="D8_1_1" nVehContrib="0" flow="0.00" occupancy="0.00" speed="-1.00" harmonicMeanSpeed="-1.00" length="-1.00" nVehEntered="0"/>
    <interval begin="60.00" end="90.00" id="D8_1_1" nVehContrib="0" flow="0.00" occupancy="0.00" speed="-1.00" harmonicMeanSpeed="-1.00" length="-1.00" nVehEntered="0"/>
    <interval begin="90.00" end="120.00" id="D8_1_1" nVehContrib="10" flow="1200.00" occupancy="19.47" speed="10.47" harmonicMeanSpeed="8.56" length="5.00" nVehEntered="10"/>
    <interval begin="120.00" end="150.00" id="D8_1_1" nVehContrib="5" flow="600.00" occupancy="4.91" speed="17.02" harmonicMeanSpeed="16.96" length="5.00" nVehEntered="5"/>
    <interval begin="150.00" end="180.00" id="D8_1_1" nVehContrib="0" flow="0.00" occupancy="0.00" speed="-1.00" harmonicMeanSpeed="-1.00" length="-1.00" nVehEntered="0"/>
    <interval begin="180.00" end="210.00" id="D8_1_1" nVehContrib="5" flow="600.00" occupancy="12.87" speed="7.77" harmonicMeanSpeed="6.47" length="5.00" nVehEntered="5"/>
    <interval begin="210.00" end="240.00" id="D8_1_1" nVehContrib="8" flow="960.00" occupancy="8.93" speed="15.38" harmonicMeanSpeed="14.93" length="5.00" nVehEntered="8"/>
    <interval begin="240.00" end="270.00" id="D8_1_1" nVehContrib="0" flow="0.00" occupancy="0.00" speed="-1.00" harmonicMeanSpeed="-1.00" length="-1.00" nVehEntered="0"/>
    <interval begin="270.00" end="300.00" id="D8_1_1" nVehContrib="1" flow="120.00" occupancy="4.69" speed="3.55" harmonicMeanSpeed="3.55" length="5.00" nVehEntered="1"/>
    <interval begin="300.00" end="330.00" id="D8_1_1" nVehContrib="14" flow="1680.00" occupancy="19.62" speed="13.21" harmonicMeanSpeed="12.26" length="5.00" nVehEntered="15"/>
    <interval begin="330.00" end="360.00" id="D8_1_1" nVehContrib="3" flow="360.00" occupancy="2.29" speed="17.37" harmonicMeanSpeed="17.36" length="5.00" nVehEntered="2"/>
    <interval begin="360.00" end="390.00" id="D8_1_1" nVehContrib="0" flow="0.00" occupancy="0.00" speed="-1.00" harmonicMeanSpeed="-1.00" length="-1.00" nVehEntered="0"/>
    <interval begin="390.00" end="420.00" id="D8_1_1" nVehContrib="10" flow="1200.00" occupancy="20.36" speed="11.01" harmonicMeanSpeed="8.19" length="5.00" nVehEntered="10"/>
    <interval begin="420.00" end="450.00" id="D8_1_1" nVehContrib="6" flow="720.00" occupancy="6.55" speed="15.42" harmonicMeanSpeed="15.28" length="5.00" nVehEntered="6"/>
    <interval begin="450.00" end="480.00" id="D8_1_1" nVehContrib="0" flow="0.00" occupancy="0.00" speed="-1.00" harmonicMeanSpeed="-1.00" length="-1.00" nVehEntered="0"/>
    <interval begin="480.00" end="510.00" id="D8_1_1" nVehContrib="6" flow="720.00" occupancy="13.27" speed="8.77" harmonicMeanSpeed="7.53" length="5.00" nVehEntered="6"/>
    <interval begin="510.00" end="540.00" id="D8_1_1" nVehContrib="12" flow="1440.00" occupancy="12.55" speed="16.24" harmonicMeanSpeed="15.94" length="5.00" nVehEntered="12"/>
    <interval begin="540.00" end="570.00" id="D8_1_1" nVehContrib="0" flow="0.00" occupancy="0.00" speed="-1.00" harmonicMeanSpeed="-1.00" length="-1.00" nVehEntered="0"/>
    <interval begin="570.00" end="600.00" id="D8_1_1" nVehContrib="1" flow="120.00" occupancy="4.97" speed="3.35" harmonicMeanSpeed="3.35" length="5.00" nVehEntered="1"/>
    <interval begin="600.00" end="630.00" id="D8_1_1" nVehContrib="14" flow="1680.00" occupancy="24.27" speed="12.25" harmonicMeanSpeed="9.62" length="5.00" nVehEntered="14"/>
    <interval begin="630.00" end="660.00" id="D8_1_1" nVehContrib="1" flow="120.00" occupancy="0.92" speed="18.17" harmonicMeanSpeed="18.17" length="5.00" nVehEntered="1"/>
    <interval begin="660.00" end="690.00" id="D8_1_1" nVehContrib="0" flow="0.00" occupancy="0.00" speed="-1.00" harmonicMeanSpeed="-1.00" length="-1.00" nVehEntered="0"/>
    <interval begin="690.00" end="720.00" id="D8_1_1" nVehContrib="4" flow="480.00" occupancy="45.05" speed="4.24" harmonicMeanSpeed="2.53" length="5.00" nVehEntered="5"/>
    <interval begin="720.00" end="750.00" id="D8_1_1" nVehContrib="4" flow="480.00" occupancy="45.47" speed="1.55" harmonicMeanSpeed="1.07" length="5.00" nVehEntered="4"/>
    <interval begin="750.00" end="780.00" id="D8_1_1" nVehContrib="3" flow="360.00" occupancy="42.27" speed="1.76" harmonicMeanSpeed="1.14" length="5.00" nVehEntered="2"/>
    <interval begin="780.00" end="810.00" id="D8_1_1" nVehContrib="2" flow="240.00" occupancy="15.79" speed="2.19" harmonicMeanSpeed="2.11" length="5.00" nVehEntered="2"/>
    <interval begin="810.00" end="840.00" id="D8_1_1" nVehContrib="4" flow="480.00" occupancy="19.41" speed="3.44" harmonicMeanSpeed="3.44" length="5.00" nVehEntered="4"/>
    <interval begin="840.00" end="870.00" id="D8_1_1" nVehContrib="7" flow="840.00" occupancy="26.64" speed="5.15" harmonicMeanSpeed="4.38" length="5.00" nVehEntered="7"/>
    <interval begin="870.00" end="900.00" id="D8_1_1" nVehContrib="3" flow="360.00" occupancy="23.24" speed="2.91" harmonicMeanSpeed="2.15" length="5.00" nVehEntered="3"/>
    <interval begin="900.00" end="930.00" id="D8_1_1" nVehContrib="3" flow="360.00" occupancy="33.57" speed="3.32" harmonicMeanSpeed="3.30" length="5.00" nVehEntered="4"/>
    <interval begin="930.00" end="960.00" id="D8_1_1" nVehContrib="5" flow="600.00" occupancy="21.56" speed="3.11" harmonicMeanSpeed="2.19" length="5.00" nVehEntered="5"/>
    <interval begin="960.00" end="990.00" id="D8_1_1" nVehContrib="3" flow="360.00" occupancy="44.52" speed="3.37" harmonicMeanSpeed="3.33" length="5.00" nVehEntered="3"/>
    <interval begin="990.00" end="1020.00" id="D8_1_1" nVehContrib="5" flow="600.00" occupancy="35.84" speed="2.09" harmonicMeanSpeed="1.24" length="5.00" nVehEntered="4"/>
    <interval begin="1020.00" end="1050.00" id="D8_1_1" nVehContrib="3" flow="360.00" occupancy="43.95" speed="1.60" harmonicMeanSpeed="1.14" length="5.00" nVehEntered="3"/>
    <interval begin="1050.00" end="1080.00" id="D8_1_1" nVehContrib="1" flow="120.00" occupancy="80.05" speed="3.37" harmonicMeanSpeed="3.37" length="5.00" nVehEntered="2"/>
    <interval begin="1080.00" end="1110.00" id="D8_1_1" nVehContrib="8" flow="960.00" occupancy="31.90" speed="4.99" harmonicMeanSpeed="1.25" length="5.00" nVehEntered="7"/>
    <interval begin="1110.00" end="1140.00" id="D8_1_1" nVehContrib="5" flow="600.00" occupancy="34.68" speed="3.03" harmonicMeanSpeed="2.40" length="5.00" nVehEntered="5"/>
    <interval begin="1140.00" end="1170.00" id="D8_1_1" nVehContrib="2" flow="240.00" occupancy="24.90" speed="2.21" harmonicMeanSpeed="1.53" length="5.00" nVehEntered="3"/>
    <interval begin="1170.00" end="1200.00" id="D8_1_1" nVehContrib="7" flow="840.00" occupancy="25.96" speed="5.10" harmonicMeanSpeed="4.01" length="5.00" nVehEntered="6"/>
    <interval begin="1200.00" end="1230.00" id="D8_1_1" nVehContrib="3" flow="360.00" occupancy="58.68" speed="0.97" harmonicMeanSpeed="0.87" length="5.00" nVehEntered="4"/>
    <interval begin="1230.00" end="1260.00" id="D8_1_1" nVehContrib="4" flow="480.00" occupancy="43.94" speed="2.82" harmonicMeanSpeed="1.47" length="5.00" nVehEntered="3"/>
    <interval begin="1260.00" end="1290.00" id="D8_1_1" nVehContrib="4" flow="480.00" occupancy="33.80" speed="4.24" harmonicMeanSpeed="2.32" length="5.00" nVehEntered="5"/>
    <interval begin="1290.00" end="1320.00" id="D8_1_1" nVehContrib="5" flow="600.00" occupancy="43.33" speed="2.46" harmonicMeanSpeed="1.72" length="5.00" nVehEntered="4"/>
    <interval begin="1320.00" end="1350.00" id="D8_1_1" nVehContrib="4" flow="480.00" occupancy="26.39" speed="4.09" harmonicMeanSpeed="2.53" length="5.00" nVehEntered="4"/>
    <interval begin="1350.00" end="1380.00" id="D8_1_1" nVehContrib="3" flow="360.00" occupancy="22.42" speed="2.56" harmonicMeanSpeed="2.45" length="5.00" nVehEntered="4"/>
    <interval begin="1380.00" end="1410.00" id="D8_1_1" nVehContrib="6" flow="720.00" occupancy="29.39" speed="5.39" harmonicMeanSpeed="4.38" length="5.00" nVehEntered="6"/>
    <interval begin="1410.00" end="1440.00" id="D8_1_1" nVehContrib="5" flow="600.00" occupancy="38.44" speed="2.53" harmonicMeanSpeed="1.77" length="5.00" nVehEntered="4"/>
    <interval begin="1440.00" end="1470.00" id="D8_1_1" nVehContrib="3" flow="360.00" occupancy="40.51" speed="1.52" harmonicMeanSpeed="1.23" length="5.00" nVehEntered="3"/>
    <interval begin="1470.00" end="1500.00" id="D8_1_1" nVehContrib="3" flow="360.00" occupancy="72.51" speed="1.67" harmonicMeanSpeed="0.69" length="5.00" nVehEntered="3"/>
    <interval begin="1500.00" end="1530.00" id="D8_1_1" nVehContrib="3" flow="360.00" occupancy="54.00" speed="1.22" harmonicMeanSpeed="1.19" length="5.00" nVehEntered="4"/>
    <interval begin="1530.00" end="1560.00" id="D8_1_1" nVehContrib="2" flow="240.00" occupancy="17.95" speed="1.13" harmonicMeanSpeed="1.12" length="5.00" nVehEntered="1"/>
    <interval begin="1560.00" end="1590.00" id="D8_1_1" nVehContrib="4" flow="480.00" occupancy="22.90" speed="3.21" harmonicMeanSpeed="3.17" length="5.00" nVehEntered="5"/>
    <interval begin="1590.00" end="1620.00" id="D8_1_1" nVehContrib="4" flow="480.00" occupancy="64.59" speed="1.72" harmonicMeanSpeed="1.00" length="5.00" nVehEntered="3"/>
    <interval begin="1620.00" end="1650.00" id="D8_1_1" nVehContrib="2" flow="240.00" occupancy="10.70" speed="3.12" harmonicMeanSpeed="3.11" length="5.00" nVehEntered="2"/>
    <interval begin="1650.00" end="1680.00" id="D8_1_1" nVehContrib="3" flow="360.00" occupancy="16.13" speed="3.14" harmonicMeanSpeed="3.10" length="5.00" nVehEntered="3"/>
    <interval begin="1680.00" end="1710.00" id="D8_1_1" nVehContrib="5" flow="600.00" occupancy="48.06" speed="2.41" harmonicMeanSpeed="1.73" length="5.00" nVehEntered="5"/>
    <interval begin="1710.00" end="1740.00" id="D8_1_1" nVehContrib="2" flow="240.00" occupancy="22.15" speed="2.04" harmonicMeanSpeed="1.50" length="5.00" nVehEntered="2"/>
    <interval begin="1740.00" end="1770.00" id="D8_1_1" nVehContrib="0" flow="0.00" occupancy="0.00" speed="-1.00" harmonicMeanSpeed="-1.00" length="-1.00" nVehEntered="0"/>
    <interval begin="1770.00" end="1800.00" id="D8_1_1" nVehContrib="2" flow="240.00" occupancy="12.18" speed="2.75" harmonicMeanSpeed="2.74" length="5.00" nVehEntered="2"/>
    <interval begin="1800.00" end="1830.00" id="D8_1_1" nVehContrib="2" flow="240.00" occupancy="48.67" speed="1.46" harmonicMeanSpeed="0.83" length="5.00" nVehEntered="3"/>
    <interval begin="1830.00" end="1860.00" id="D8_1_1" nVehContrib="3" flow="360.00" occupancy="65.99" speed="0.99" harmonicMeanSpeed="0.84" length="5.00" nVehEntered="3"/>
    <interval begin="1860.00" end="1890.00" id="D8_1_1" nVehContrib="2" flow="240.00" occupancy="59.89" speed="0.64" harmonicMeanSpeed="0.63" length="5.00" nVehEntered="2"/>
    <interval begin="1890.00" end="1920.00" id="D8_1_1" nVehContrib="3" flow="360.00" occupancy="17.57" speed="2.23" harmonicMeanSpeed="1.24" length="5.00" nVehEntered="2"/>
    <interval begin="1920.00" end="1950.00" id="D8_1_1" nVehContrib="0" flow="0.00" occupancy="12.57" speed="-1.00" harmonicMeanSpeed="-1.00" length="-1.00" nVehEntered="1"/>
    <interval begin="1950.00" end="1980.00" id="D8_1_1" nVehContrib="3" flow="360.00" occupancy="74.07" speed="0.82" harmonicMeanSpeed="0.73" length="5.00" nVehEntered="3"/>
    <interval begin="1980.00" end="2010.00" id="D8_1_1" nVehContrib="4" flow="480.00" occupancy="56.57" speed="2.35" harmonicMeanSpeed="1.16" length="5.00" nVehEntered="4"/>
    <interval begin="2010.00" end="2040.00" id="D8_1_1" nVehContrib="5" flow="600.00" occupancy="33.93" speed="2.02" harmonicMeanSpeed="1.63" length="5.00" nVehEntered="4"/>
    <interval begin="2040.00" end="2070.00" id="D8_1_1" nVehContrib="3" flow="360.00" occupancy="38.41" speed="2.52" harmonicMeanSpeed="2.09" length="5.00" nVehEntered="4"/>
    <interval begin="2070.00" end="2100.00" id="D8_1_1" nVehContrib="3" flow="360.00" occupancy="46.84" speed="1.47" harmonicMeanSpeed="0.81" length="5.00" nVehEntered="2"/>
    <interval begin="2100.00" end="2130.00" id="D8_1_1" nVehContrib="2" flow="240.00" occupancy="29.73" speed="1.92" harmonicMeanSpeed="1.12" length="5.00" nVehEntered="2"/>
    <interval begin="2130.00" end="2160.00" id="D8_1_1" nVehContrib="4" flow="480.00" occupancy="44.42" speed="2.84" harmonicMeanSpeed="2.02" length="5.00" nVehEntered="5"/>
    <interval begin="2160.00" end="2190.00" id="D8_1_1" nVehContrib="4" flow="480.00" occupancy="61.26" speed="1.01" harmonicMeanSpeed="0.92" length="5.00" nVehEntered="3"/>
    <interval begin="2190.00" end="2220.00" id="D8_1_1" nVehContrib="2" flow="240.00" occupancy="12.23" speed="3.10" harmonicMeanSpeed="3.05" length="5.00" nVehEntered="3"/>
    <interval begin="2220.00" end="2250.00" id="D8_1_1" nVehContrib="4" flow="480.00" occupancy="53.31" speed="1.89" harmonicMeanSpeed="1.22" length="5.00" nVehEntered="3"/>
    <interval begin="2250.00" end="2280.00" id="D8_1_1" nVehContrib="4" flow="480.00" occupancy="40.78" speed="2.38" harmonicMeanSpeed="1.63" length="5.00" nVehEntered="4"/>
    <interval begin="2280.00" end="2310.00" id="D8_1_1" nVehContrib="2" flow="240.00" occupancy="32.62" speed="1.83" harmonicMeanSpeed="1.02" length="5.00" nVehEntered="2"/>
    <interval begin="2310.00" end="2340.00" id="D8_1_1" nVehContrib="4" flow="480.00" occupancy="55.77" speed="1.76" harmonicMeanSpeed="1.20" length="5.00" nVehEntered="4"/>
    <interval begin="2340.00" end="2370.00" id="D8_1_1" nVehContrib="3" flow="360.00" occupancy="26.79" speed="3.40" harmonicMeanSpeed="3.37" length="5.00" nVehEntered="4"/>
    <interval begin="2370.00" end="2400.00" id="D8_1_1" nVehContrib="4" flow="480.00" occupancy="64.67" speed="1.05" harmonicMeanSpeed="0.87" length="5.00" nVehEntered="3"/>
    <interval begin="2400.00" end="2430.00" id="D8_1_1" nVehContrib="4" flow="480.00" occupancy="50.73" speed="1.66" harmonicMeanSpeed="1.31" length="5.00" nVehEntered="4"/>
    <interval begin="2430.00" end="2460.00" id="D8_1_1" nVehContrib="3" flow="360.00" occupancy="68.08" speed="0.90" harmonicMeanSpeed="0.76" length="5.00" nVehEntered="4"/>
    <interval begin="2460.00" end="2490.00" id="D8_1_1" nVehContrib="4" flow="480.00" occupancy="54.94" speed="1.50" harmonicMeanSpeed="1.17" length="5.00" nVehEntered="3"/>
    <interval begin="2490.00" end="2520.00" id="D8_1_1" nVehContrib="4" flow="480.00" occupancy="16.29" speed="5.17" harmonicMeanSpeed="4.09" length="5.00" nVehEntered="4"/>
    <interval begin="2520.00" end="2550.00" id="D8_1_1" nVehContrib="4" flow="480.00" occupancy="54.88" speed="1.43" harmonicMeanSpeed="1.33" length="5.00" nVehEntered="5"/>
    <interval begin="2550.00" end="2580.00" id="D8_1_1" nVehContrib="3" flow="360.00" occupancy="39.37" speed="2.17" harmonicMeanSpeed="1.14" length="5.00" nVehEntered="2"/>
    <interval begin="2580.00" end="2610.00" id="D8_1_1" nVehContrib="5" flow="600.00" occupancy="34.34" speed="3.59" harmonicMeanSpeed="2.43" length="5.00" nVehEntered="5"/>
    <interval begin="2610.00" end="2640.00" id="D8_1_1" nVehContrib="3" flow="360.00" occupancy="41.53" speed="2.35" harmonicMeanSpeed="1.26" length="5.00" nVehEntered="4"/>
    <interval begin="2640.00" end="2670.00" id="D8_1_1" nVehContrib="4" flow="480.00" occupancy="72.43" speed="1.03" harmonicMeanSpeed="1.02" length="5.00" nVehEntered="4"/>
    <interval begin="2670.00" end="2700.00" id="D8_1_1" nVehContrib="5" flow="600.00" occupancy="30.80" speed="2.29" harmonicMeanSpeed="2.11" length="5.00" nVehEntered="4"/>
    <interval begin="2700.00" end="2730.00" id="D8_1_1" nVehContrib="3" flow="360.00" occupancy="32.85" speed="2.75" harmonicMeanSpeed="1.52" length="5.00" nVehEntered="3"/>
    <interval begin="2730.00" end="2760.00" id="D8_1_1" nVehContrib="4" flow="480.00" occupancy="39.32" speed="2.26" harmonicMeanSpeed="1.96" length="5.00" nVehEntered="5"/>
    <interval begin="2760.00" end="2790.00" id="D8_1_1" nVehContrib="2" flow="240.00" occupancy="13.03" speed="2.31" harmonicMeanSpeed="1.82" length="5.00" nVehEntered="1"/>
    <interval begin="2790.00" end="2820.00" id="D8_1_1" nVehContrib="5" flow="600.00" occupancy="25.06" speed="3.85" harmonicMeanSpeed="3.33" length="5.00" nVehEntered="5"/>
    <interval begin="2820.00" end="2850.00" id="D8_1_1" nVehContrib="3" flow="360.00" occupancy="63.27" speed="0.89" harmonicMeanSpeed="0.79" length="5.00" nVehEntered="3"/>
    <interval begin="2850.00" end="2880.00" id="D8_1_1" nVehContrib="3" flow="360.00" occupancy="33.43" speed="1.66" harmonicMeanSpeed="1.50" length="5.00" nVehEntered="3"/>
    <interval begin="2880.00" end="2910.00" id="D8_1_1" nVehContrib="4" flow="480.00" occupancy="30.11" speed="3.11" harmonicMeanSpeed="2.21" length="5.00" nVehEntered="4"/>
    <interval begin="2910.00" end="2940.00" id="D8_1_1" nVehContrib="4" flow="480.00" occupancy="28.70" speed="2.59" harmonicMeanSpeed="2.32" length="5.00" nVehEntered="4"/>
    <interval begin="2940.00" end="2970.00" id="D8_1_1" nVehContrib="2" flow="240.00" occupancy="42.62" speed="0.79" harmonicMeanSpeed="0.78" length="5.00" nVehEntered="2"/>
    <interval begin="2970.00" end="3000.00" id="D8_1_1" nVehContrib="6" flow="720.00" occupancy="47.02" speed="4.93" harmonicMeanSpeed="2.74" length="5.00" nVehEntered="7"/>
    <interval begin="3000.00" end="3030.00" id="D8_1_1" nVehContrib="2" flow="240.00" occupancy="28.28" speed="1.56" harmonicMeanSpeed="0.86" length="5.00" nVehEntered="1"/>
    <interval begin="3030.00" end="3060.00" id="D8_1_1" nVehContrib="3" flow="360.00" occupancy="34.22" speed="1.81" harmonicMeanSpeed="1.46" length="5.00" nVehEntered="3"/>
    <interval begin="3060.00" end="3090.00" id="D8_1_1" nVehContrib="5" flow="600.00" occupancy="35.41" speed="3.48" harmonicMeanSpeed="2.35" length="5.00" nVehEntered="5"/>
    <interval begin="3090.00" end="3120.00" id="D8_1_1" nVehContrib="3" flow="360.00" occupancy="45.37" speed="1.80" harmonicMeanSpeed="1.10" length="5.00" nVehEntered="3"/>
    <interval begin="3120.00" end="3150.00" id="D8_1_1" nVehContrib="3" flow="360.00" occupancy="53.79" speed="0.98" harmonicMeanSpeed="0.93" length="5.00" nVehEntered="3"/>
    <interval begin="3150.00" end="3180.00" id="D8_1_1" nVehContrib="2" flow="240.00" occupancy="28.90" speed="1.69" harmonicMeanSpeed="1.16" length="5.00" nVehEntered="3"/>
    <interval begin="3180.00" end="3210.00" id="D8_1_1" nVehContrib="4" flow="480.00" occupancy="18.74" speed="3.77" harmonicMeanSpeed="3.54" length="5.00" nVehEntered="3"/>
    <interval begin="3210.00" end="3240.00" id="D8_1_1" nVehContrib="2" flow="240.00" occupancy="63.48" speed="2.33" harmonicMeanSpeed="0.53" length="5.00" nVehEntered="2"/>
    <interval begin="3240.00" end="3270.00" id="D8_1_1" nVehContrib="2" flow="240.00" occupancy="37.26" speed="0.99" harmonicMeanSpeed="0.89" length="5.00" nVehEntered="2"/>
    <interval begin="3270.00" end="3300.00" id="D8_1_1" nVehContrib="5" flow="600.00" occupancy="38.70" speed="2.65" harmonicMeanSpeed="2.15" length="5.00" nVehEntered="5"/>
    <interval begin="3300.00" end="3330.00" id="D8_1_1" nVehContrib="4" flow="480.00" occupancy="29.48" speed="2.50" harmonicMeanSpeed="2.26" length="5.00" nVehEntered="4"/>
    <interval begin="3330.00" end="3360.00" id="D8_1_1" nVehContrib="3" flow="360.00" occupancy="33.82" speed="2.32" harmonicMeanSpeed="1.48" length="5.00" nVehEntered="3"/>
    <interval begin="3360.00" end="3390.00" id="D8_1_1" nVehContrib="4" flow="480.00" occupancy="64.31" speed="1.13" harmonicMeanSpeed="1.12" length="5.00" nVehEntered="5"/>
    <interval begin="3390.00" end="3420.00" id="D8_1_1" nVehContrib="5" flow="600.00" occupancy="41.72" speed="2.86" harmonicMeanSpeed="1.79" length="5.00" nVehEntered="4"/>
    <interval begin="3420.00" end="3450.00" id="D8_1_1" nVehContrib="3" flow="360.00" occupancy="24.30" speed="2.40" harmonicMeanSpeed="2.06" length="5.00" nVehEntered="3"/>
    <interval begin="3450.00" end="3480.00" id="D8_1_1" nVehContrib="3" flow="360.00" occupancy="37.83" speed="2.40" harmonicMeanSpeed="1.39" length="5.00" nVehEntered="4"/>
    <interval begin="3480.00" end="3510.00" id="D8_1_1" nVehContrib="5" flow="600.00" occupancy="28.30" speed="2.95" harmonicMeanSpeed="2.76" length="5.00" nVehEntered="4"/>
    <interval begin="3510.00" end="3540.00" id="D8_1_1" nVehContrib="1" flow="120.00" occupancy="32.44" speed="0.51" harmonicMeanSpeed="0.51" length="5.00" nVehEntered="1"/>
    <interval begin="3540.00" end="3570.00" id="D8_1_1" nVehContrib="5" flow="600.00" occupancy="28.64" speed="4.36" harmonicMeanSpeed="2.91" length="5.00" nVehEntered="5"/>
    <interval begin="3570.00" end="3600.00" id="D8_1_1" nVehContrib="2" flow="240.00" occupancy="68.20" speed="2.49" harmonicMeanSpeed="1.65" length="5.00" nVehEntered="3"/>
    <interval begin="3600.00" end="3605.00" id="D8_1_1" nVehContrib="0" flow="0.00" occupancy="100.00" speed="-1.00" harmonicMeanSpeed="-1.00" length="-1.00" nVehEntered="0"/>
</detector>
