<?xml version="1.0" encoding="UTF-8"?>

<!-- generated on 02/02/20 10:23:44 by Eclipse SUMO Version 1.3.1
<configuration xmlns:xsi="http://www.w3.org/2001/XMLSchema-instance" xsi:noNamespaceSchemaLocation="http://sumo.dlr.de/xsd/sumoConfiguration.xsd">

    <input>
        <net-file value="gnet.net.xml"/>
        <route-files value="grou.rou.xml"/>
        <additional-files value="gadd.additional.xml"/>
    </input>

    <output>
        <queue-output value="Queue.xml"/>
        <summary-output value="Summary.xml"/>
        <tripinfo-output value="output-tripinfos.xml"/>
    </output>

    <time>
        <begin value="0"/>
        <end value="3600"/>
    </time>

    <processing>
        <time-to-teleport value="3600"/>
    </processing>

    <traci_server>
        <remote-port value="10631"/>
    </traci_server>

    <gui_only>
        <gui-settings-file value="gview.view.xml"/>
        <quit-on-end value="true"/>
        <start value="true"/>
    </gui_only>

</configuration>
-->

<detector xmlns:xsi="http://www.w3.org/2001/XMLSchema-instance" xsi:noNamespaceSchemaLocation="http://sumo.dlr.de/xsd/det_e1_file.xsd">
    <interval begin="0.00" end="30.00" id="D8_1_0" nVehContrib="3" flow="360.00" occupancy="1.46" speed="34.33" harmonicMeanSpeed="34.32" length="5.00" nVehEntered="3"/>
    <interval begin="30.00" end="60.00" id="D8_1_0" nVehContrib="6" flow="720.00" occupancy="2.95" speed="34.01" harmonicMeanSpeed="33.94" length="5.00" nVehEntered="6"/>
    <interval begin="60.00" end="90.00" id="D8_1_0" nVehContrib="0" flow="0.00" occupancy="0.00" speed="-1.00" harmonicMeanSpeed="-1.00" length="-1.00" nVehEntered="0"/>
    <interval begin="90.00" end="120.00" id="D8_1_0" nVehContrib="9" flow="1080.00" occupancy="18.02" speed="10.22" harmonicMeanSpeed="8.33" length="5.00" nVehEntered="9"/>
    <interval begin="120.00" end="150.00" id="D8_1_0" nVehContrib="6" flow="720.00" occupancy="3.68" speed="28.54" harmonicMeanSpeed="27.15" length="5.00" nVehEntered="6"/>
    <interval begin="150.00" end="180.00" id="D8_1_0" nVehContrib="0" flow="0.00" occupancy="0.00" speed="-1.00" harmonicMeanSpeed="-1.00" length="-1.00" nVehEntered="0"/>
    <interval begin="180.00" end="210.00" id="D8_1_0" nVehContrib="5" flow="600.00" occupancy="12.57" speed="8.11" harmonicMeanSpeed="6.63" length="5.00" nVehEntered="5"/>
    <interval begin="210.00" end="240.00" id="D8_1_0" nVehContrib="10" flow="1200.00" occupancy="8.12" speed="23.88" harmonicMeanSpeed="20.54" length="5.00" nVehEntered="10"/>
    <interval begin="240.00" end="270.00" id="D8_1_0" nVehContrib="1" flow="120.00" occupancy="0.49" speed="33.96" harmonicMeanSpeed="33.96" length="5.00" nVehEntered="1"/>
    <interval begin="270.00" end="300.00" id="D8_1_0" nVehContrib="1" flow="120.00" occupancy="5.15" speed="3.24" harmonicMeanSpeed="3.24" length="5.00" nVehEntered="1"/>
    <interval begin="300.00" end="330.00" id="D8_1_0" nVehContrib="8" flow="960.00" occupancy="12.49" speed="11.26" harmonicMeanSpeed="10.67" length="5.00" nVehEntered="8"/>
    <interval begin="330.00" end="360.00" id="D8_1_0" nVehContrib="2" flow="240.00" occupancy="1.48" speed="22.48" harmonicMeanSpeed="22.47" length="5.00" nVehEntered="2"/>
    <interval begin="360.00" end="390.00" id="D8_1_0" nVehContrib="0" flow="0.00" occupancy="0.00" speed="-1.00" harmonicMeanSpeed="-1.00" length="-1.00" nVehEntered="0"/>
    <interval begin="390.00" end="420.00" id="D8_1_0" nVehContrib="9" flow="1080.00" occupancy="18.95" speed="10.05" harmonicMeanSpeed="7.92" length="5.00" nVehEntered="9"/>
    <interval begin="420.00" end="450.00" id="D8_1_0" nVehContrib="4" flow="480.00" occupancy="3.31" speed="20.69" harmonicMeanSpeed="20.14" length="5.00" nVehEntered="4"/>
    <interval begin="450.00" end="480.00" id="D8_1_0" nVehContrib="0" flow="0.00" occupancy="0.00" speed="-1.00" harmonicMeanSpeed="-1.00" length="-1.00" nVehEntered="0"/>
    <interval begin="480.00" end="510.00" id="D8_1_0" nVehContrib="7" flow="840.00" occupancy="14.87" speed="9.17" harmonicMeanSpeed="7.85" length="5.00" nVehEntered="7"/>
    <interval begin="510.00" end="540.00" id="D8_1_0" nVehContrib="4" flow="480.00" occupancy="4.22" speed="16.43" harmonicMeanSpeed="15.81" length="5.00" nVehEntered="4"/>
    <interval begin="540.00" end="570.00" id="D8_1_0" nVehContrib="0" flow="0.00" occupancy="0.00" speed="-1.00" harmonicMeanSpeed="-1.00" length="-1.00" nVehEntered="0"/>
    <interval begin="570.00" end="600.00" id="D8_1_0" nVehContrib="1" flow="120.00" occupancy="5.33" speed="3.13" harmonicMeanSpeed="3.13" length="5.00" nVehEntered="1"/>
    <interval begin="600.00" end="630.00" id="D8_1_0" nVehContrib="11" flow="1320.00" occupancy="22.32" speed="10.77" harmonicMeanSpeed="8.21" length="5.00" nVehEntered="11"/>
    <interval begin="630.00" end="660.00" id="D8_1_0" nVehContrib="3" flow="360.00" occupancy="1.70" speed="30.54" harmonicMeanSpeed="29.33" length="5.00" nVehEntered="3"/>
    <interval begin="660.00" end="690.00" id="D8_1_0" nVehContrib="0" flow="0.00" occupancy="0.00" speed="-1.00" harmonicMeanSpeed="-1.00" length="-1.00" nVehEntered="0"/>
    <interval begin="690.00" end="720.00" id="D8_1_0" nVehContrib="3" flow="360.00" occupancy="43.83" speed="2.93" harmonicMeanSpeed="2.00" length="5.00" nVehEntered="4"/>
    <interval begin="720.00" end="750.00" id="D8_1_0" nVehContrib="4" flow="480.00" occupancy="54.21" speed="1.44" harmonicMeanSpeed="0.94" length="5.00" nVehEntered="4"/>
    <interval begin="750.00" end="780.00" id="D8_1_0" nVehContrib="3" flow="360.00" occupancy="44.40" speed="1.81" harmonicMeanSpeed="1.08" length="5.00" nVehEntered="2"/>
    <interval begin="780.00" end="810.00" id="D8_1_0" nVehContrib="2" flow="240.00" occupancy="13.31" speed="2.57" harmonicMeanSpeed="2.50" length="5.00" nVehEntered="2"/>
    <interval begin="810.00" end="840.00" id="D8_1_0" nVehContrib="4" flow="480.00" occupancy="20.30" speed="3.30" harmonicMeanSpeed="3.28" length="5.00" nVehEntered="4"/>
    <interval begin="840.00" end="870.00" id="D8_1_0" nVehContrib="7" flow="840.00" occupancy="25.26" speed="5.70" harmonicMeanSpeed="4.62" length="5.00" nVehEntered="7"/>
    <interval begin="870.00" end="900.00" id="D8_1_0" nVehContrib="3" flow="360.00" occupancy="35.70" speed="2.12" harmonicMeanSpeed="1.40" length="5.00" nVehEntered="3"/>
    <interval begin="900.00" end="930.00" id="D8_1_0" nVehContrib="3" flow="360.00" occupancy="36.37" speed="2.84" harmonicMeanSpeed="2.70" length="5.00" nVehEntered="4"/>
    <interval begin="930.00" end="960.00" id="D8_1_0" nVehContrib="5" flow="600.00" occupancy="20.43" speed="3.33" harmonicMeanSpeed="2.29" length="5.00" nVehEntered="5"/>
    <interval begin="960.00" end="990.00" id="D8_1_0" nVehContrib="3" flow="360.00" occupancy="44.80" speed="3.39" harmonicMeanSpeed="3.38" length="5.00" nVehEntered="3"/>
    <interval begin="990.00" end="1020.00" id="D8_1_0" nVehContrib="5" flow="600.00" occupancy="35.02" speed="2.15" harmonicMeanSpeed="1.25" length="5.00" nVehEntered="4"/>
    <interval begin="1020.00" end="1050.00" id="D8_1_0" nVehContrib="3" flow="360.00" occupancy="47.01" speed="1.47" harmonicMeanSpeed="1.06" length="5.00" nVehEntered="3"/>
    <interval begin="1050.00" end="1080.00" id="D8_1_0" nVehContrib="1" flow="120.00" occupancy="79.78" speed="3.02" harmonicMeanSpeed="3.02" length="5.00" nVehEntered="2"/>
    <interval begin="1080.00" end="1110.00" id="D8_1_0" nVehContrib="7" flow="840.00" occupancy="42.92" speed="4.72" harmonicMeanSpeed="1.10" length="5.00" nVehEntered="7"/>
    <interval begin="1110.00" end="1140.00" id="D8_1_0" nVehContrib="6" flow="720.00" occupancy="46.18" speed="3.00" harmonicMeanSpeed="1.74" length="5.00" nVehEntered="5"/>
    <interval begin="1140.00" end="1170.00" id="D8_1_0" nVehContrib="2" flow="240.00" occupancy="24.27" speed="2.33" harmonicMeanSpeed="1.57" length="5.00" nVehEntered="3"/>
    <interval begin="1170.00" end="1200.00" id="D8_1_0" nVehContrib="8" flow="960.00" occupancy="33.47" speed="5.81" harmonicMeanSpeed="3.65" length="5.00" nVehEntered="7"/>
    <interval begin="1200.00" end="1230.00" id="D8_1_0" nVehContrib="3" flow="360.00" occupancy="63.61" speed="0.83" harmonicMeanSpeed="0.79" length="5.00" nVehEntered="3"/>
    <interval begin="1230.00" end="1260.00" id="D8_1_0" nVehContrib="4" flow="480.00" occupancy="50.71" speed="2.61" harmonicMeanSpeed="1.31" length="5.00" nVehEntered="4"/>
    <interval begin="1260.00" end="1290.00" id="D8_1_0" nVehContrib="3" flow="360.00" occupancy="40.22" speed="2.59" harmonicMeanSpeed="1.42" length="5.00" nVehEntered="4"/>
    <interval begin="1290.00" end="1320.00" id="D8_1_0" nVehContrib="5" flow="600.00" occupancy="52.95" speed="2.01" harmonicMeanSpeed="1.44" length="5.00" nVehEntered="4"/>
    <interval begin="1320.00" end="1350.00" id="D8_1_0" nVehContrib="5" flow="600.00" occupancy="27.05" speed="5.73" harmonicMeanSpeed="3.08" length="5.00" nVehEntered="5"/>
    <interval begin="1350.00" end="1380.00" id="D8_1_0" nVehContrib="3" flow="360.00" occupancy="26.71" speed="2.33" harmonicMeanSpeed="2.05" length="5.00" nVehEntered="4"/>
    <interval begin="1380.00" end="1410.00" id="D8_1_0" nVehContrib="6" flow="720.00" occupancy="26.48" speed="5.61" harmonicMeanSpeed="4.75" length="5.00" nVehEntered="6"/>
    <interval begin="1410.00" end="1440.00" id="D8_1_0" nVehContrib="5" flow="600.00" occupancy="38.65" speed="2.55" harmonicMeanSpeed="1.80" length="5.00" nVehEntered="4"/>
    <interval begin="1440.00" end="1470.00" id="D8_1_0" nVehContrib="3" flow="360.00" occupancy="37.62" speed="1.81" harmonicMeanSpeed="1.33" length="5.00" nVehEntered="3"/>
    <interval begin="1470.00" end="1500.00" id="D8_1_0" nVehContrib="2" flow="240.00" occupancy="68.13" speed="0.49" harmonicMeanSpeed="0.49" length="5.00" nVehEntered="2"/>
    <interval begin="1500.00" end="1530.00" id="D8_1_0" nVehContrib="3" flow="360.00" occupancy="56.56" speed="1.12" harmonicMeanSpeed="1.09" length="5.00" nVehEntered="4"/>
    <interval begin="1530.00" end="1560.00" id="D8_1_0" nVehContrib="2" flow="240.00" occupancy="36.56" speed="1.09" harmonicMeanSpeed="1.09" length="5.00" nVehEntered="2"/>
    <interval begin="1560.00" end="1590.00" id="D8_1_0" nVehContrib="4" flow="480.00" occupancy="36.85" speed="2.34" harmonicMeanSpeed="1.28" length="5.00" nVehEntered="4"/>
    <interval begin="1590.00" end="1620.00" id="D8_1_0" nVehContrib="4" flow="480.00" occupancy="64.54" speed="1.82" harmonicMeanSpeed="1.01" length="5.00" nVehEntered="3"/>
    <interval begin="1620.00" end="1650.00" id="D8_1_0" nVehContrib="2" flow="240.00" occupancy="10.06" speed="3.31" harmonicMeanSpeed="3.31" length="5.00" nVehEntered="2"/>
    <interval begin="1650.00" end="1680.00" id="D8_1_0" nVehContrib="3" flow="360.00" occupancy="17.60" speed="2.90" harmonicMeanSpeed="2.84" length="5.00" nVehEntered="3"/>
    <interval begin="1680.00" end="1710.00" id="D8_1_0" nVehContrib="4" flow="480.00" occupancy="58.06" speed="2.04" harmonicMeanSpeed="1.24" length="5.00" nVehEntered="5"/>
    <interval begin="1710.00" end="1740.00" id="D8_1_0" nVehContrib="3" flow="360.00" occupancy="26.10" speed="2.10" harmonicMeanSpeed="1.65" length="5.00" nVehEntered="2"/>
    <interval begin="1740.00" end="1770.00" id="D8_1_0" nVehContrib="0" flow="0.00" occupancy="0.00" speed="-1.00" harmonicMeanSpeed="-1.00" length="-1.00" nVehEntered="0"/>
    <interval begin="1770.00" end="1800.00" id="D8_1_0" nVehContrib="2" flow="240.00" occupancy="37.75" speed="2.67" harmonicMeanSpeed="2.67" length="5.00" nVehEntered="3"/>
    <interval begin="1800.00" end="1830.00" id="D8_1_0" nVehContrib="3" flow="360.00" occupancy="54.37" speed="1.19" harmonicMeanSpeed="0.69" length="5.00" nVehEntered="3"/>
    <interval begin="1830.00" end="1860.00" id="D8_1_0" nVehContrib="3" flow="360.00" occupancy="68.64" speed="1.05" harmonicMeanSpeed="0.82" length="5.00" nVehEntered="3"/>
    <interval begin="1860.00" end="1890.00" id="D8_1_0" nVehContrib="2" flow="240.00" occupancy="60.62" speed="0.64" harmonicMeanSpeed="0.64" length="5.00" nVehEntered="2"/>
    <interval begin="1890.00" end="1920.00" id="D8_1_0" nVehContrib="2" flow="240.00" occupancy="46.66" speed="0.81" harmonicMeanSpeed="0.75" length="5.00" nVehEntered="2"/>
    <interval begin="1920.00" end="1950.00" id="D8_1_0" nVehContrib="2" flow="240.00" occupancy="41.41" speed="1.49" harmonicMeanSpeed="0.62" length="5.00" nVehEntered="2"/>
    <interval begin="1950.00" end="1980.00" id="D8_1_0" nVehContrib="3" flow="360.00" occupancy="73.53" speed="0.84" harmonicMeanSpeed="0.74" length="5.00" nVehEntered="3"/>
    <interval begin="1980.00" end="2010.00" id="D8_1_0" nVehContrib="4" flow="480.00" occupancy="38.79" speed="2.45" harmonicMeanSpeed="1.16" length="5.00" nVehEntered="3"/>
    <interval begin="2010.00" end="2040.00" id="D8_1_0" nVehContrib="3" flow="360.00" occupancy="41.98" speed="1.70" harmonicMeanSpeed="1.50" length="5.00" nVehEntered="4"/>
    <interval begin="2040.00" end="2070.00" id="D8_1_0" nVehContrib="4" flow="480.00" occupancy="46.90" speed="1.97" harmonicMeanSpeed="1.62" length="5.00" nVehEntered="4"/>
    <interval begin="2070.00" end="2100.00" id="D8_1_0" nVehContrib="3" flow="360.00" occupancy="47.62" speed="1.51" harmonicMeanSpeed="0.80" length="5.00" nVehEntered="2"/>
    <interval begin="2100.00" end="2130.00" id="D8_1_0" nVehContrib="2" flow="240.00" occupancy="28.91" speed="2.08" harmonicMeanSpeed="1.15" length="5.00" nVehEntered="2"/>
    <interval begin="2130.00" end="2160.00" id="D8_1_0" nVehContrib="4" flow="480.00" occupancy="42.76" speed="2.89" harmonicMeanSpeed="1.99" length="5.00" nVehEntered="5"/>
    <interval begin="2160.00" end="2190.00" id="D8_1_0" nVehContrib="4" flow="480.00" occupancy="63.57" speed="1.04" harmonicMeanSpeed="0.91" length="5.00" nVehEntered="3"/>
    <interval begin="2190.00" end="2220.00" id="D8_1_0" nVehContrib="2" flow="240.00" occupancy="12.46" speed="3.02" harmonicMeanSpeed="3.02" length="5.00" nVehEntered="3"/>
    <interval begin="2220.00" end="2250.00" id="D8_1_0" nVehContrib="4" flow="480.00" occupancy="54.90" speed="1.58" harmonicMeanSpeed="1.18" length="5.00" nVehEntered="3"/>
    <interval begin="2250.00" end="2280.00" id="D8_1_0" nVehContrib="3" flow="360.00" occupancy="38.46" speed="1.84" harmonicMeanSpeed="1.30" length="5.00" nVehEntered="3"/>
    <interval begin="2280.00" end="2310.00" id="D8_1_0" nVehContrib="2" flow="240.00" occupancy="40.94" speed="1.47" harmonicMeanSpeed="0.81" length="5.00" nVehEntered="2"/>
    <interval begin="2310.00" end="2340.00" id="D8_1_0" nVehContrib="4" flow="480.00" occupancy="54.33" speed="1.73" harmonicMeanSpeed="1.23" length="5.00" nVehEntered="4"/>
    <interval begin="2340.00" end="2370.00" id="D8_1_0" nVehContrib="3" flow="360.00" occupancy="26.30" speed="3.27" harmonicMeanSpeed="3.27" length="5.00" nVehEntered="4"/>
    <interval begin="2370.00" end="2400.00" id="D8_1_0" nVehContrib="4" flow="480.00" occupancy="66.45" speed="0.96" harmonicMeanSpeed="0.86" length="5.00" nVehEntered="3"/>
    <interval begin="2400.00" end="2430.00" id="D8_1_0" nVehContrib="2" flow="240.00" occupancy="50.07" speed="1.42" harmonicMeanSpeed="1.06" length="5.00" nVehEntered="3"/>
    <interval begin="2430.00" end="2460.00" id="D8_1_0" nVehContrib="3" flow="360.00" occupancy="65.54" speed="0.69" harmonicMeanSpeed="0.63" length="5.00" nVehEntered="3"/>
    <interval begin="2460.00" end="2490.00" id="D8_1_0" nVehContrib="4" flow="480.00" occupancy="48.35" speed="1.63" harmonicMeanSpeed="1.27" length="5.00" nVehEntered="3"/>
    <interval begin="2490.00" end="2520.00" id="D8_1_0" nVehContrib="4" flow="480.00" occupancy="15.40" speed="5.27" harmonicMeanSpeed="4.33" length="5.00" nVehEntered="4"/>
    <interval begin="2520.00" end="2550.00" id="D8_1_0" nVehContrib="4" flow="480.00" occupancy="56.62" speed="1.40" harmonicMeanSpeed="1.27" length="5.00" nVehEntered="5"/>
    <interval begin="2550.00" end="2580.00" id="D8_1_0" nVehContrib="2" flow="240.00" occupancy="41.29" speed="1.44" harmonicMeanSpeed="0.85" length="5.00" nVehEntered="2"/>
    <interval begin="2580.00" end="2610.00" id="D8_1_0" nVehContrib="6" flow="720.00" occupancy="43.08" speed="3.02" harmonicMeanSpeed="2.03" length="5.00" nVehEntered="5"/>
    <interval begin="2610.00" end="2640.00" id="D8_1_0" nVehContrib="3" flow="360.00" occupancy="48.27" speed="2.31" harmonicMeanSpeed="1.08" length="5.00" nVehEntered="4"/>
    <interval begin="2640.00" end="2670.00" id="D8_1_0" nVehContrib="4" flow="480.00" occupancy="70.37" speed="1.09" harmonicMeanSpeed="1.04" length="5.00" nVehEntered="4"/>
    <interval begin="2670.00" end="2700.00" id="D8_1_0" nVehContrib="5" flow="600.00" occupancy="43.34" speed="2.31" harmonicMeanSpeed="1.62" length="5.00" nVehEntered="4"/>
    <interval begin="2700.00" end="2730.00" id="D8_1_0" nVehContrib="2" flow="240.00" occupancy="33.14" speed="1.96" harmonicMeanSpeed="1.01" length="5.00" nVehEntered="2"/>
    <interval begin="2730.00" end="2760.00" id="D8_1_0" nVehContrib="2" flow="240.00" occupancy="31.31" speed="1.29" harmonicMeanSpeed="1.28" length="5.00" nVehEntered="3"/>
    <interval begin="2760.00" end="2790.00" id="D8_1_0" nVehContrib="2" flow="240.00" occupancy="14.31" speed="1.85" harmonicMeanSpeed="1.70" length="5.00" nVehEntered="1"/>
    <interval begin="2790.00" end="2820.00" id="D8_1_0" nVehContrib="5" flow="600.00" occupancy="27.14" speed="4.11" harmonicMeanSpeed="3.07" length="5.00" nVehEntered="5"/>
    <interval begin="2820.00" end="2850.00" id="D8_1_0" nVehContrib="3" flow="360.00" occupancy="64.55" speed="0.88" harmonicMeanSpeed="0.77" length="5.00" nVehEntered="3"/>
    <interval begin="2850.00" end="2880.00" id="D8_1_0" nVehContrib="3" flow="360.00" occupancy="32.44" speed="1.64" harmonicMeanSpeed="1.54" length="5.00" nVehEntered="3"/>
    <interval begin="2880.00" end="2910.00" id="D8_1_0" nVehContrib="4" flow="480.00" occupancy="27.61" speed="4.65" harmonicMeanSpeed="2.41" length="5.00" nVehEntered="4"/>
    <interval begin="2910.00" end="2940.00" id="D8_1_0" nVehContrib="4" flow="480.00" occupancy="31.84" speed="2.39" harmonicMeanSpeed="2.09" length="5.00" nVehEntered="4"/>
    <interval begin="2940.00" end="2970.00" id="D8_1_0" nVehContrib="3" flow="360.00" occupancy="56.12" speed="0.93" harmonicMeanSpeed="0.89" length="5.00" nVehEntered="3"/>
    <interval begin="2970.00" end="3000.00" id="D8_1_0" nVehContrib="5" flow="600.00" occupancy="41.22" speed="4.24" harmonicMeanSpeed="2.64" length="5.00" nVehEntered="6"/>
    <interval begin="3000.00" end="3030.00" id="D8_1_0" nVehContrib="1" flow="120.00" occupancy="85.03" speed="0.18" harmonicMeanSpeed="0.18" length="5.00" nVehEntered="0"/>
    <interval begin="3030.00" end="3060.00" id="D8_1_0" nVehContrib="3" flow="360.00" occupancy="42.64" speed="1.23" harmonicMeanSpeed="1.17" length="5.00" nVehEntered="3"/>
    <interval begin="3060.00" end="3090.00" id="D8_1_0" nVehContrib="3" flow="360.00" occupancy="58.14" speed="1.92" harmonicMeanSpeed="0.86" length="5.00" nVehEntered="3"/>
    <interval begin="3090.00" end="3120.00" id="D8_1_0" nVehContrib="3" flow="360.00" occupancy="48.11" speed="1.39" harmonicMeanSpeed="1.04" length="5.00" nVehEntered="3"/>
    <interval begin="3120.00" end="3150.00" id="D8_1_0" nVehContrib="3" flow="360.00" occupancy="55.99" speed="0.95" harmonicMeanSpeed="0.89" length="5.00" nVehEntered="3"/>
    <interval begin="3150.00" end="3180.00" id="D8_1_0" nVehContrib="2" flow="240.00" occupancy="30.79" speed="1.96" harmonicMeanSpeed="1.08" length="5.00" nVehEntered="2"/>
    <interval begin="3180.00" end="3210.00" id="D8_1_0" nVehContrib="4" flow="480.00" occupancy="24.20" speed="3.01" harmonicMeanSpeed="2.75" length="5.00" nVehEntered="4"/>
    <interval begin="3210.00" end="3240.00" id="D8_1_0" nVehContrib="2" flow="240.00" occupancy="63.94" speed="2.03" harmonicMeanSpeed="0.52" length="5.00" nVehEntered="2"/>
    <interval begin="3240.00" end="3270.00" id="D8_1_0" nVehContrib="2" flow="240.00" occupancy="38.00" speed="0.95" harmonicMeanSpeed="0.89" length="5.00" nVehEntered="3"/>
    <interval begin="3270.00" end="3300.00" id="D8_1_0" nVehContrib="4" flow="480.00" occupancy="53.63" speed="2.33" harmonicMeanSpeed="1.43" length="5.00" nVehEntered="4"/>
    <interval begin="3300.00" end="3330.00" id="D8_1_0" nVehContrib="5" flow="600.00" occupancy="48.43" speed="1.76" harmonicMeanSpeed="1.49" length="5.00" nVehEntered="4"/>
    <interval begin="3330.00" end="3360.00" id="D8_1_0" nVehContrib="2" flow="240.00" occupancy="27.48" speed="2.07" harmonicMeanSpeed="1.21" length="5.00" nVehEntered="2"/>
    <interval begin="3360.00" end="3390.00" id="D8_1_0" nVehContrib="4" flow="480.00" occupancy="68.27" speed="1.01" harmonicMeanSpeed="0.99" length="5.00" nVehEntered="5"/>
    <interval begin="3390.00" end="3420.00" id="D8_1_0" nVehContrib="5" flow="600.00" occupancy="42.54" speed="3.80" harmonicMeanSpeed="1.92" length="5.00" nVehEntered="4"/>
    <interval begin="3420.00" end="3450.00" id="D8_1_0" nVehContrib="3" flow="360.00" occupancy="27.50" speed="2.20" harmonicMeanSpeed="1.82" length="5.00" nVehEntered="3"/>
    <interval begin="3450.00" end="3480.00" id="D8_1_0" nVehContrib="3" flow="360.00" occupancy="36.05" speed="2.37" harmonicMeanSpeed="1.42" length="5.00" nVehEntered="4"/>
    <interval begin="3480.00" end="3510.00" id="D8_1_0" nVehContrib="4" flow="480.00" occupancy="38.01" speed="2.76" harmonicMeanSpeed="1.87" length="5.00" nVehEntered="4"/>
    <interval begin="3510.00" end="3540.00" id="D8_1_0" nVehContrib="1" flow="120.00" occupancy="87.21" speed="3.11" harmonicMeanSpeed="3.11" length="5.00" nVehEntered="1"/>
    <interval begin="3540.00" end="3570.00" id="D8_1_0" nVehContrib="5" flow="600.00" occupancy="39.74" speed="3.69" harmonicMeanSpeed="0.67" length="5.00" nVehEntered="4"/>
    <interval begin="3570.00" end="3600.00" id="D8_1_0" nVehContrib="1" flow="120.00" occupancy="72.59" speed="0.83" harmonicMeanSpeed="0.83" length="5.00" nVehEntered="2"/>
    <interval begin="3600.00" end="3605.00" id="D8_1_0" nVehContrib="0" flow="0.00" occupancy="100.00" speed="-1.00" harmonicMeanSpeed="-1.00" length="-1.00" nVehEntered="0"/>
</detector>
