<?xml version="1.0" encoding="UTF-8"?>

<!-- generated on 02/02/20 10:23:44 by Eclipse SUMO Version 1.3.1
<configuration xmlns:xsi="http://www.w3.org/2001/XMLSchema-instance" xsi:noNamespaceSchemaLocation="http://sumo.dlr.de/xsd/sumoConfiguration.xsd">

    <input>
        <net-file value="gnet.net.xml"/>
        <route-files value="grou.rou.xml"/>
        <additional-files value="gadd.additional.xml"/>
    </input>

    <output>
        <queue-output value="Queue.xml"/>
        <summary-output value="Summary.xml"/>
        <tripinfo-output value="output-tripinfos.xml"/>
    </output>

    <time>
        <begin value="0"/>
        <end value="3600"/>
    </time>

    <processing>
        <time-to-teleport value="3600"/>
    </processing>

    <traci_server>
        <remote-port value="10631"/>
    </traci_server>

    <gui_only>
        <gui-settings-file value="gview.view.xml"/>
        <quit-on-end value="true"/>
        <start value="true"/>
    </gui_only>

</configuration>
-->

<detector xmlns:xsi="http://www.w3.org/2001/XMLSchema-instance" xsi:noNamespaceSchemaLocation="http://sumo.dlr.de/xsd/det_e1_file.xsd">
    <interval begin="0.00" end="30.00" id="D8_2_0" nVehContrib="4" flow="480.00" occupancy="2.20" speed="30.40" harmonicMeanSpeed="30.36" length="5.00" nVehEntered="4"/>
    <interval begin="30.00" end="60.00" id="D8_2_0" nVehContrib="9" flow="1080.00" occupancy="5.69" speed="26.97" harmonicMeanSpeed="26.34" length="5.00" nVehEntered="9"/>
    <interval begin="60.00" end="90.00" id="D8_2_0" nVehContrib="4" flow="480.00" occupancy="3.64" speed="18.45" harmonicMeanSpeed="18.31" length="5.00" nVehEntered="4"/>
    <interval begin="90.00" end="120.00" id="D8_2_0" nVehContrib="3" flow="360.00" occupancy="4.66" speed="12.17" harmonicMeanSpeed="11.90" length="5.00" nVehEntered="4"/>
    <interval begin="120.00" end="150.00" id="D8_2_0" nVehContrib="8" flow="960.00" occupancy="5.13" speed="24.87" harmonicMeanSpeed="23.83" length="5.00" nVehEntered="7"/>
    <interval begin="150.00" end="180.00" id="D8_2_0" nVehContrib="7" flow="840.00" occupancy="5.78" speed="20.43" harmonicMeanSpeed="20.18" length="5.00" nVehEntered="7"/>
    <interval begin="180.00" end="210.00" id="D8_2_0" nVehContrib="3" flow="360.00" occupancy="3.45" speed="14.63" harmonicMeanSpeed="14.50" length="5.00" nVehEntered="3"/>
    <interval begin="210.00" end="240.00" id="D8_2_0" nVehContrib="7" flow="840.00" occupancy="4.46" speed="27.03" harmonicMeanSpeed="26.13" length="5.00" nVehEntered="7"/>
    <interval begin="240.00" end="270.00" id="D8_2_0" nVehContrib="5" flow="600.00" occupancy="3.78" speed="22.28" harmonicMeanSpeed="22.03" length="5.00" nVehEntered="5"/>
    <interval begin="270.00" end="300.00" id="D8_2_0" nVehContrib="3" flow="360.00" occupancy="3.22" speed="15.63" harmonicMeanSpeed="15.54" length="5.00" nVehEntered="3"/>
    <interval begin="300.00" end="330.00" id="D8_2_0" nVehContrib="2" flow="240.00" occupancy="2.38" speed="16.40" harmonicMeanSpeed="14.03" length="5.00" nVehEntered="2"/>
    <interval begin="330.00" end="360.00" id="D8_2_0" nVehContrib="7" flow="840.00" occupancy="5.02" speed="23.33" harmonicMeanSpeed="23.25" length="5.00" nVehEntered="7"/>
    <interval begin="360.00" end="390.00" id="D8_2_0" nVehContrib="4" flow="480.00" occupancy="3.95" speed="17.12" harmonicMeanSpeed="16.88" length="5.00" nVehEntered="4"/>
    <interval begin="390.00" end="420.00" id="D8_2_0" nVehContrib="3" flow="360.00" occupancy="4.19" speed="12.03" harmonicMeanSpeed="11.94" length="5.00" nVehEntered="3"/>
    <interval begin="420.00" end="450.00" id="D8_2_0" nVehContrib="7" flow="840.00" occupancy="4.82" speed="24.35" harmonicMeanSpeed="24.19" length="5.00" nVehEntered="7"/>
    <interval begin="450.00" end="480.00" id="D8_2_0" nVehContrib="3" flow="360.00" occupancy="3.44" speed="20.13" harmonicMeanSpeed="20.03" length="5.00" nVehEntered="5"/>
    <interval begin="480.00" end="510.00" id="D8_2_0" nVehContrib="3" flow="360.00" occupancy="3.14" speed="12.89" harmonicMeanSpeed="12.24" length="5.00" nVehEntered="2"/>
    <interval begin="510.00" end="540.00" id="D8_2_0" nVehContrib="3" flow="360.00" occupancy="2.55" speed="19.68" harmonicMeanSpeed="19.60" length="5.00" nVehEntered="3"/>
    <interval begin="540.00" end="570.00" id="D8_2_0" nVehContrib="5" flow="600.00" occupancy="4.45" speed="18.92" harmonicMeanSpeed="18.72" length="5.00" nVehEntered="5"/>
    <interval begin="570.00" end="600.00" id="D8_2_0" nVehContrib="4" flow="480.00" occupancy="5.22" speed="12.99" harmonicMeanSpeed="12.78" length="5.00" nVehEntered="4"/>
    <interval begin="600.00" end="630.00" id="D8_2_0" nVehContrib="5" flow="600.00" occupancy="7.50" speed="15.41" harmonicMeanSpeed="11.11" length="5.00" nVehEntered="5"/>
    <interval begin="630.00" end="660.00" id="D8_2_0" nVehContrib="7" flow="840.00" occupancy="4.95" speed="24.18" harmonicMeanSpeed="23.57" length="5.00" nVehEntered="7"/>
    <interval begin="660.00" end="690.00" id="D8_2_0" nVehContrib="3" flow="360.00" occupancy="3.23" speed="15.62" harmonicMeanSpeed="15.47" length="5.00" nVehEntered="3"/>
    <interval begin="690.00" end="720.00" id="D8_2_0" nVehContrib="4" flow="480.00" occupancy="11.31" speed="9.25" harmonicMeanSpeed="5.90" length="5.00" nVehEntered="4"/>
    <interval begin="720.00" end="750.00" id="D8_2_0" nVehContrib="4" flow="480.00" occupancy="10.18" speed="6.84" harmonicMeanSpeed="6.55" length="5.00" nVehEntered="4"/>
    <interval begin="750.00" end="780.00" id="D8_2_0" nVehContrib="4" flow="480.00" occupancy="29.15" speed="3.52" harmonicMeanSpeed="2.29" length="5.00" nVehEntered="4"/>
    <interval begin="780.00" end="810.00" id="D8_2_0" nVehContrib="1" flow="120.00" occupancy="6.97" speed="2.39" harmonicMeanSpeed="2.39" length="5.00" nVehEntered="1"/>
    <interval begin="810.00" end="840.00" id="D8_2_0" nVehContrib="4" flow="480.00" occupancy="53.89" speed="1.41" harmonicMeanSpeed="1.38" length="5.00" nVehEntered="5"/>
    <interval begin="840.00" end="870.00" id="D8_2_0" nVehContrib="6" flow="720.00" occupancy="52.96" speed="2.90" harmonicMeanSpeed="2.09" length="5.00" nVehEntered="6"/>
    <interval begin="870.00" end="900.00" id="D8_2_0" nVehContrib="3" flow="360.00" occupancy="48.06" speed="1.32" harmonicMeanSpeed="1.32" length="5.00" nVehEntered="3"/>
    <interval begin="900.00" end="930.00" id="D8_2_0" nVehContrib="5" flow="600.00" occupancy="45.85" speed="1.46" harmonicMeanSpeed="1.27" length="5.00" nVehEntered="5"/>
    <interval begin="930.00" end="960.00" id="D8_2_0" nVehContrib="4" flow="480.00" occupancy="54.27" speed="1.41" harmonicMeanSpeed="1.37" length="5.00" nVehEntered="4"/>
    <interval begin="960.00" end="990.00" id="D8_2_0" nVehContrib="5" flow="600.00" occupancy="46.60" speed="1.57" harmonicMeanSpeed="1.56" length="5.00" nVehEntered="4"/>
    <interval begin="990.00" end="1020.00" id="D8_2_0" nVehContrib="3" flow="360.00" occupancy="62.61" speed="1.01" harmonicMeanSpeed="0.80" length="5.00" nVehEntered="3"/>
    <interval begin="1020.00" end="1050.00" id="D8_2_0" nVehContrib="3" flow="360.00" occupancy="58.01" speed="1.13" harmonicMeanSpeed="0.97" length="5.00" nVehEntered="4"/>
    <interval begin="1050.00" end="1080.00" id="D8_2_0" nVehContrib="3" flow="360.00" occupancy="59.04" speed="1.44" harmonicMeanSpeed="1.38" length="5.00" nVehEntered="3"/>
    <interval begin="1080.00" end="1110.00" id="D8_2_0" nVehContrib="5" flow="600.00" occupancy="66.80" speed="2.71" harmonicMeanSpeed="0.87" length="5.00" nVehEntered="4"/>
    <interval begin="1110.00" end="1140.00" id="D8_2_0" nVehContrib="5" flow="600.00" occupancy="47.39" speed="2.21" harmonicMeanSpeed="1.76" length="5.00" nVehEntered="5"/>
    <interval begin="1140.00" end="1170.00" id="D8_2_0" nVehContrib="5" flow="600.00" occupancy="51.92" speed="2.31" harmonicMeanSpeed="1.61" length="5.00" nVehEntered="5"/>
    <interval begin="1170.00" end="1200.00" id="D8_2_0" nVehContrib="4" flow="480.00" occupancy="38.01" speed="3.28" harmonicMeanSpeed="1.75" length="5.00" nVehEntered="4"/>
    <interval begin="1200.00" end="1230.00" id="D8_2_0" nVehContrib="5" flow="600.00" occupancy="50.03" speed="4.05" harmonicMeanSpeed="2.46" length="5.00" nVehEntered="6"/>
    <interval begin="1230.00" end="1260.00" id="D8_2_0" nVehContrib="4" flow="480.00" occupancy="55.74" speed="1.03" harmonicMeanSpeed="0.93" length="5.00" nVehEntered="3"/>
    <interval begin="1260.00" end="1290.00" id="D8_2_0" nVehContrib="3" flow="360.00" occupancy="50.02" speed="1.41" harmonicMeanSpeed="1.38" length="5.00" nVehEntered="4"/>
    <interval begin="1290.00" end="1320.00" id="D8_2_0" nVehContrib="5" flow="600.00" occupancy="59.42" speed="1.33" harmonicMeanSpeed="1.14" length="5.00" nVehEntered="4"/>
    <interval begin="1320.00" end="1350.00" id="D8_2_0" nVehContrib="6" flow="720.00" occupancy="44.75" speed="2.98" harmonicMeanSpeed="2.23" length="5.00" nVehEntered="6"/>
    <interval begin="1350.00" end="1380.00" id="D8_2_0" nVehContrib="2" flow="240.00" occupancy="37.82" speed="0.97" harmonicMeanSpeed="0.96" length="5.00" nVehEntered="3"/>
    <interval begin="1380.00" end="1410.00" id="D8_2_0" nVehContrib="6" flow="720.00" occupancy="54.61" speed="3.17" harmonicMeanSpeed="2.06" length="5.00" nVehEntered="6"/>
    <interval begin="1410.00" end="1440.00" id="D8_2_0" nVehContrib="5" flow="600.00" occupancy="48.24" speed="1.50" harmonicMeanSpeed="1.45" length="5.00" nVehEntered="4"/>
    <interval begin="1440.00" end="1470.00" id="D8_2_0" nVehContrib="3" flow="360.00" occupancy="42.25" speed="1.32" harmonicMeanSpeed="1.29" length="5.00" nVehEntered="4"/>
    <interval begin="1470.00" end="1500.00" id="D8_2_0" nVehContrib="3" flow="360.00" occupancy="66.26" speed="1.03" harmonicMeanSpeed="0.81" length="5.00" nVehEntered="3"/>
    <interval begin="1500.00" end="1530.00" id="D8_2_0" nVehContrib="2" flow="240.00" occupancy="64.13" speed="0.56" harmonicMeanSpeed="0.55" length="5.00" nVehEntered="2"/>
    <interval begin="1530.00" end="1560.00" id="D8_2_0" nVehContrib="4" flow="480.00" occupancy="38.91" speed="1.34" harmonicMeanSpeed="1.33" length="5.00" nVehEntered="3"/>
    <interval begin="1560.00" end="1590.00" id="D8_2_0" nVehContrib="2" flow="240.00" occupancy="39.10" speed="1.35" harmonicMeanSpeed="1.03" length="5.00" nVehEntered="3"/>
    <interval begin="1590.00" end="1620.00" id="D8_2_0" nVehContrib="4" flow="480.00" occupancy="49.71" speed="1.60" harmonicMeanSpeed="1.44" length="5.00" nVehEntered="4"/>
    <interval begin="1620.00" end="1650.00" id="D8_2_0" nVehContrib="3" flow="360.00" occupancy="43.52" speed="1.04" harmonicMeanSpeed="0.94" length="5.00" nVehEntered="2"/>
    <interval begin="1650.00" end="1680.00" id="D8_2_0" nVehContrib="2" flow="240.00" occupancy="41.33" speed="1.06" harmonicMeanSpeed="1.05" length="5.00" nVehEntered="3"/>
    <interval begin="1680.00" end="1710.00" id="D8_2_0" nVehContrib="4" flow="480.00" occupancy="51.61" speed="1.20" harmonicMeanSpeed="1.18" length="5.00" nVehEntered="4"/>
    <interval begin="1710.00" end="1740.00" id="D8_2_0" nVehContrib="4" flow="480.00" occupancy="61.41" speed="1.31" harmonicMeanSpeed="1.26" length="5.00" nVehEntered="4"/>
    <interval begin="1740.00" end="1770.00" id="D8_2_0" nVehContrib="1" flow="120.00" occupancy="3.83" speed="0.97" harmonicMeanSpeed="0.97" length="5.00" nVehEntered="0"/>
    <interval begin="1770.00" end="1800.00" id="D8_2_0" nVehContrib="1" flow="120.00" occupancy="30.77" speed="0.84" harmonicMeanSpeed="0.84" length="5.00" nVehEntered="2"/>
    <interval begin="1800.00" end="1830.00" id="D8_2_0" nVehContrib="2" flow="240.00" occupancy="78.78" speed="0.74" harmonicMeanSpeed="0.63" length="5.00" nVehEntered="2"/>
    <interval begin="1830.00" end="1860.00" id="D8_2_0" nVehContrib="4" flow="480.00" occupancy="49.89" speed="1.28" harmonicMeanSpeed="0.92" length="5.00" nVehEntered="4"/>
    <interval begin="1860.00" end="1890.00" id="D8_2_0" nVehContrib="2" flow="240.00" occupancy="68.39" speed="0.56" harmonicMeanSpeed="0.56" length="5.00" nVehEntered="2"/>
    <interval begin="1890.00" end="1920.00" id="D8_2_0" nVehContrib="3" flow="360.00" occupancy="52.42" speed="0.73" harmonicMeanSpeed="0.66" length="5.00" nVehEntered="2"/>
    <interval begin="1920.00" end="1950.00" id="D8_2_0" nVehContrib="2" flow="240.00" occupancy="61.85" speed="0.78" harmonicMeanSpeed="0.54" length="5.00" nVehEntered="2"/>
    <interval begin="1950.00" end="1980.00" id="D8_2_0" nVehContrib="2" flow="240.00" occupancy="50.41" speed="1.11" harmonicMeanSpeed="0.97" length="5.00" nVehEntered="3"/>
    <interval begin="1980.00" end="2010.00" id="D8_2_0" nVehContrib="4" flow="480.00" occupancy="57.08" speed="1.33" harmonicMeanSpeed="1.00" length="5.00" nVehEntered="4"/>
    <interval begin="2010.00" end="2040.00" id="D8_2_0" nVehContrib="2" flow="240.00" occupancy="48.79" speed="0.78" harmonicMeanSpeed="0.74" length="5.00" nVehEntered="2"/>
    <interval begin="2040.00" end="2070.00" id="D8_2_0" nVehContrib="5" flow="600.00" occupancy="48.46" speed="1.44" harmonicMeanSpeed="1.42" length="5.00" nVehEntered="4"/>
    <interval begin="2070.00" end="2100.00" id="D8_2_0" nVehContrib="2" flow="240.00" occupancy="65.71" speed="0.90" harmonicMeanSpeed="0.76" length="5.00" nVehEntered="3"/>
    <interval begin="2100.00" end="2130.00" id="D8_2_0" nVehContrib="3" flow="360.00" occupancy="34.14" speed="1.01" harmonicMeanSpeed="0.90" length="5.00" nVehEntered="2"/>
    <interval begin="2130.00" end="2160.00" id="D8_2_0" nVehContrib="4" flow="480.00" occupancy="61.89" speed="1.28" harmonicMeanSpeed="1.08" length="5.00" nVehEntered="4"/>
    <interval begin="2160.00" end="2190.00" id="D8_2_0" nVehContrib="3" flow="360.00" occupancy="53.54" speed="1.33" harmonicMeanSpeed="1.33" length="5.00" nVehEntered="4"/>
    <interval begin="2190.00" end="2220.00" id="D8_2_0" nVehContrib="2" flow="240.00" occupancy="55.47" speed="1.69" harmonicMeanSpeed="0.47" length="5.00" nVehEntered="1"/>
    <interval begin="2220.00" end="2250.00" id="D8_2_0" nVehContrib="4" flow="480.00" occupancy="54.48" speed="2.21" harmonicMeanSpeed="1.22" length="5.00" nVehEntered="4"/>
    <interval begin="2250.00" end="2280.00" id="D8_2_0" nVehContrib="4" flow="480.00" occupancy="51.87" speed="1.32" harmonicMeanSpeed="1.29" length="5.00" nVehEntered="4"/>
    <interval begin="2280.00" end="2310.00" id="D8_2_0" nVehContrib="2" flow="240.00" occupancy="56.81" speed="0.67" harmonicMeanSpeed="0.59" length="5.00" nVehEntered="2"/>
    <interval begin="2310.00" end="2340.00" id="D8_2_0" nVehContrib="3" flow="360.00" occupancy="57.74" speed="0.93" harmonicMeanSpeed="0.87" length="5.00" nVehEntered="3"/>
    <interval begin="2340.00" end="2370.00" id="D8_2_0" nVehContrib="4" flow="480.00" occupancy="50.38" speed="2.77" harmonicMeanSpeed="1.76" length="5.00" nVehEntered="5"/>
    <interval begin="2370.00" end="2400.00" id="D8_2_0" nVehContrib="5" flow="600.00" occupancy="59.90" speed="2.21" harmonicMeanSpeed="1.43" length="5.00" nVehEntered="5"/>
    <interval begin="2400.00" end="2430.00" id="D8_2_0" nVehContrib="3" flow="360.00" occupancy="49.76" speed="1.09" harmonicMeanSpeed="0.94" length="5.00" nVehEntered="3"/>
    <interval begin="2430.00" end="2460.00" id="D8_2_0" nVehContrib="3" flow="360.00" occupancy="58.88" speed="0.74" harmonicMeanSpeed="0.73" length="5.00" nVehEntered="3"/>
    <interval begin="2460.00" end="2490.00" id="D8_2_0" nVehContrib="3" flow="360.00" occupancy="61.69" speed="1.57" harmonicMeanSpeed="1.00" length="5.00" nVehEntered="3"/>
    <interval begin="2490.00" end="2520.00" id="D8_2_0" nVehContrib="3" flow="360.00" occupancy="34.56" speed="1.16" harmonicMeanSpeed="1.15" length="5.00" nVehEntered="3"/>
    <interval begin="2520.00" end="2550.00" id="D8_2_0" nVehContrib="5" flow="600.00" occupancy="49.49" speed="2.37" harmonicMeanSpeed="1.73" length="5.00" nVehEntered="5"/>
    <interval begin="2550.00" end="2580.00" id="D8_2_0" nVehContrib="3" flow="360.00" occupancy="48.43" speed="1.29" harmonicMeanSpeed="0.93" length="5.00" nVehEntered="2"/>
    <interval begin="2580.00" end="2610.00" id="D8_2_0" nVehContrib="5" flow="600.00" occupancy="51.56" speed="2.15" harmonicMeanSpeed="1.62" length="5.00" nVehEntered="5"/>
    <interval begin="2610.00" end="2640.00" id="D8_2_0" nVehContrib="4" flow="480.00" occupancy="50.51" speed="1.38" harmonicMeanSpeed="1.36" length="5.00" nVehEntered="5"/>
    <interval begin="2640.00" end="2670.00" id="D8_2_0" nVehContrib="3" flow="360.00" occupancy="42.13" speed="2.32" harmonicMeanSpeed="1.14" length="5.00" nVehEntered="2"/>
    <interval begin="2670.00" end="2700.00" id="D8_2_0" nVehContrib="4" flow="480.00" occupancy="41.14" speed="1.85" harmonicMeanSpeed="1.62" length="5.00" nVehEntered="4"/>
    <interval begin="2700.00" end="2730.00" id="D8_2_0" nVehContrib="3" flow="360.00" occupancy="45.97" speed="1.34" harmonicMeanSpeed="1.32" length="5.00" nVehEntered="4"/>
    <interval begin="2730.00" end="2760.00" id="D8_2_0" nVehContrib="1" flow="120.00" occupancy="42.89" speed="0.48" harmonicMeanSpeed="0.48" length="5.00" nVehEntered="1"/>
    <interval begin="2760.00" end="2790.00" id="D8_2_0" nVehContrib="3" flow="360.00" occupancy="32.08" speed="1.21" harmonicMeanSpeed="1.03" length="5.00" nVehEntered="2"/>
    <interval begin="2790.00" end="2820.00" id="D8_2_0" nVehContrib="4" flow="480.00" occupancy="43.90" speed="1.98" harmonicMeanSpeed="1.52" length="5.00" nVehEntered="4"/>
    <interval begin="2820.00" end="2850.00" id="D8_2_0" nVehContrib="3" flow="360.00" occupancy="63.62" speed="1.45" harmonicMeanSpeed="1.34" length="5.00" nVehEntered="4"/>
    <interval begin="2850.00" end="2880.00" id="D8_2_0" nVehContrib="3" flow="360.00" occupancy="24.22" speed="1.34" harmonicMeanSpeed="0.99" length="5.00" nVehEntered="2"/>
    <interval begin="2880.00" end="2910.00" id="D8_2_0" nVehContrib="2" flow="240.00" occupancy="25.66" speed="1.66" harmonicMeanSpeed="1.30" length="5.00" nVehEntered="2"/>
    <interval begin="2910.00" end="2940.00" id="D8_2_0" nVehContrib="5" flow="600.00" occupancy="43.72" speed="2.70" harmonicMeanSpeed="2.09" length="5.00" nVehEntered="6"/>
    <interval begin="2940.00" end="2970.00" id="D8_2_0" nVehContrib="4" flow="480.00" occupancy="64.21" speed="1.03" harmonicMeanSpeed="0.98" length="5.00" nVehEntered="3"/>
    <interval begin="2970.00" end="3000.00" id="D8_2_0" nVehContrib="4" flow="480.00" occupancy="30.97" speed="2.85" harmonicMeanSpeed="2.15" length="5.00" nVehEntered="4"/>
    <interval begin="3000.00" end="3030.00" id="D8_2_0" nVehContrib="1" flow="120.00" occupancy="77.31" speed="1.10" harmonicMeanSpeed="1.10" length="5.00" nVehEntered="2"/>
    <interval begin="3030.00" end="3060.00" id="D8_2_0" nVehContrib="3" flow="360.00" occupancy="57.15" speed="0.86" harmonicMeanSpeed="0.43" length="5.00" nVehEntered="3"/>
    <interval begin="3060.00" end="3090.00" id="D8_2_0" nVehContrib="2" flow="240.00" occupancy="51.94" speed="1.24" harmonicMeanSpeed="1.21" length="5.00" nVehEntered="2"/>
    <interval begin="3090.00" end="3120.00" id="D8_2_0" nVehContrib="3" flow="360.00" occupancy="60.17" speed="1.03" harmonicMeanSpeed="0.72" length="5.00" nVehEntered="3"/>
    <interval begin="3120.00" end="3150.00" id="D8_2_0" nVehContrib="3" flow="360.00" occupancy="61.71" speed="0.78" harmonicMeanSpeed="0.76" length="5.00" nVehEntered="3"/>
    <interval begin="3150.00" end="3180.00" id="D8_2_0" nVehContrib="2" flow="240.00" occupancy="40.80" speed="0.89" harmonicMeanSpeed="0.89" length="5.00" nVehEntered="2"/>
    <interval begin="3180.00" end="3210.00" id="D8_2_0" nVehContrib="4" flow="480.00" occupancy="56.12" speed="0.98" harmonicMeanSpeed="0.91" length="5.00" nVehEntered="3"/>
    <interval begin="3210.00" end="3240.00" id="D8_2_0" nVehContrib="2" flow="240.00" occupancy="64.08" speed="1.78" harmonicMeanSpeed="1.77" length="5.00" nVehEntered="3"/>
    <interval begin="3240.00" end="3270.00" id="D8_2_0" nVehContrib="2" flow="240.00" occupancy="39.02" speed="0.86" harmonicMeanSpeed="0.47" length="5.00" nVehEntered="2"/>
    <interval begin="3270.00" end="3300.00" id="D8_2_0" nVehContrib="4" flow="480.00" occupancy="58.11" speed="1.41" harmonicMeanSpeed="1.10" length="5.00" nVehEntered="4"/>
    <interval begin="3300.00" end="3330.00" id="D8_2_0" nVehContrib="4" flow="480.00" occupancy="61.73" speed="1.19" harmonicMeanSpeed="1.18" length="5.00" nVehEntered="4"/>
    <interval begin="3330.00" end="3360.00" id="D8_2_0" nVehContrib="3" flow="360.00" occupancy="33.79" speed="1.07" harmonicMeanSpeed="1.01" length="5.00" nVehEntered="2"/>
    <interval begin="3360.00" end="3390.00" id="D8_2_0" nVehContrib="3" flow="360.00" occupancy="48.92" speed="1.10" harmonicMeanSpeed="1.10" length="5.00" nVehEntered="4"/>
    <interval begin="3390.00" end="3420.00" id="D8_2_0" nVehContrib="5" flow="600.00" occupancy="41.17" speed="2.32" harmonicMeanSpeed="1.87" length="5.00" nVehEntered="4"/>
    <interval begin="3420.00" end="3450.00" id="D8_2_0" nVehContrib="3" flow="360.00" occupancy="48.41" speed="1.12" harmonicMeanSpeed="1.03" length="5.00" nVehEntered="3"/>
    <interval begin="3450.00" end="3480.00" id="D8_2_0" nVehContrib="3" flow="360.00" occupancy="54.53" speed="1.14" harmonicMeanSpeed="1.05" length="5.00" nVehEntered="4"/>
    <interval begin="3480.00" end="3510.00" id="D8_2_0" nVehContrib="5" flow="600.00" occupancy="52.53" speed="1.46" harmonicMeanSpeed="1.40" length="5.00" nVehEntered="4"/>
    <interval begin="3510.00" end="3540.00" id="D8_2_0" nVehContrib="2" flow="240.00" occupancy="64.42" speed="1.37" harmonicMeanSpeed="1.33" length="5.00" nVehEntered="3"/>
    <interval begin="3540.00" end="3570.00" id="D8_2_0" nVehContrib="3" flow="360.00" occupancy="78.97" speed="1.82" harmonicMeanSpeed="0.42" length="5.00" nVehEntered="3"/>
    <interval begin="3570.00" end="3600.00" id="D8_2_0" nVehContrib="3" flow="360.00" occupancy="50.16" speed="1.44" harmonicMeanSpeed="1.31" length="5.00" nVehEntered="3"/>
    <interval begin="3600.00" end="3605.00" id="D8_2_0" nVehContrib="0" flow="0.00" occupancy="100.00" speed="-1.00" harmonicMeanSpeed="-1.00" length="-1.00" nVehEntered="0"/>
</detector>
