<?xml version="1.0" encoding="UTF-8"?>

<!-- generated on 02/02/20 10:23:44 by Eclipse SUMO Version 1.3.1
<configuration xmlns:xsi="http://www.w3.org/2001/XMLSchema-instance" xsi:noNamespaceSchemaLocation="http://sumo.dlr.de/xsd/sumoConfiguration.xsd">

    <input>
        <net-file value="gnet.net.xml"/>
        <route-files value="grou.rou.xml"/>
        <additional-files value="gadd.additional.xml"/>
    </input>

    <output>
        <queue-output value="Queue.xml"/>
        <summary-output value="Summary.xml"/>
        <tripinfo-output value="output-tripinfos.xml"/>
    </output>

    <time>
        <begin value="0"/>
        <end value="3600"/>
    </time>

    <processing>
        <time-to-teleport value="3600"/>
    </processing>

    <traci_server>
        <remote-port value="10631"/>
    </traci_server>

    <gui_only>
        <gui-settings-file value="gview.view.xml"/>
        <quit-on-end value="true"/>
        <start value="true"/>
    </gui_only>

</configuration>
-->

<detector xmlns:xsi="http://www.w3.org/2001/XMLSchema-instance" xsi:noNamespaceSchemaLocation="http://sumo.dlr.de/xsd/det_e1_file.xsd">
    <interval begin="0.00" end="30.00" id="D8_2_1" nVehContrib="0" flow="0.00" occupancy="0.00" speed="-1.00" harmonicMeanSpeed="-1.00" length="-1.00" nVehEntered="0"/>
    <interval begin="30.00" end="60.00" id="D8_2_1" nVehContrib="0" flow="0.00" occupancy="0.00" speed="-1.00" harmonicMeanSpeed="-1.00" length="-1.00" nVehEntered="0"/>
    <interval begin="60.00" end="90.00" id="D8_2_1" nVehContrib="4" flow="480.00" occupancy="3.35" speed="20.15" harmonicMeanSpeed="19.92" length="5.00" nVehEntered="4"/>
    <interval begin="90.00" end="120.00" id="D8_2_1" nVehContrib="6" flow="720.00" occupancy="11.89" speed="10.45" harmonicMeanSpeed="8.41" length="5.00" nVehEntered="6"/>
    <interval begin="120.00" end="150.00" id="D8_2_1" nVehContrib="2" flow="240.00" occupancy="1.48" speed="22.55" harmonicMeanSpeed="22.54" length="5.00" nVehEntered="2"/>
    <interval begin="150.00" end="180.00" id="D8_2_1" nVehContrib="2" flow="240.00" occupancy="1.60" speed="20.87" harmonicMeanSpeed="20.78" length="5.00" nVehEntered="2"/>
    <interval begin="180.00" end="210.00" id="D8_2_1" nVehContrib="6" flow="720.00" occupancy="12.19" speed="10.36" harmonicMeanSpeed="8.21" length="5.00" nVehEntered="6"/>
    <interval begin="210.00" end="240.00" id="D8_2_1" nVehContrib="3" flow="360.00" occupancy="4.19" speed="14.37" harmonicMeanSpeed="11.92" length="5.00" nVehEntered="3"/>
    <interval begin="240.00" end="270.00" id="D8_2_1" nVehContrib="3" flow="360.00" occupancy="2.35" speed="21.57" harmonicMeanSpeed="21.32" length="5.00" nVehEntered="3"/>
    <interval begin="270.00" end="300.00" id="D8_2_1" nVehContrib="5" flow="600.00" occupancy="8.84" speed="14.21" harmonicMeanSpeed="13.27" length="5.00" nVehEntered="6"/>
    <interval begin="300.00" end="330.00" id="D8_2_1" nVehContrib="8" flow="960.00" occupancy="14.86" speed="13.22" harmonicMeanSpeed="7.65" length="5.00" nVehEntered="7"/>
    <interval begin="330.00" end="360.00" id="D8_2_1" nVehContrib="2" flow="240.00" occupancy="1.45" speed="22.97" harmonicMeanSpeed="22.91" length="5.00" nVehEntered="2"/>
    <interval begin="360.00" end="390.00" id="D8_2_1" nVehContrib="5" flow="600.00" occupancy="4.91" speed="17.91" harmonicMeanSpeed="16.97" length="5.00" nVehEntered="5"/>
    <interval begin="390.00" end="420.00" id="D8_2_1" nVehContrib="5" flow="600.00" occupancy="13.36" speed="8.61" harmonicMeanSpeed="6.24" length="5.00" nVehEntered="5"/>
    <interval begin="420.00" end="450.00" id="D8_2_1" nVehContrib="2" flow="240.00" occupancy="1.66" speed="20.19" harmonicMeanSpeed="20.11" length="5.00" nVehEntered="2"/>
    <interval begin="450.00" end="480.00" id="D8_2_1" nVehContrib="5" flow="600.00" occupancy="7.53" speed="16.77" harmonicMeanSpeed="11.06" length="5.00" nVehEntered="5"/>
    <interval begin="480.00" end="510.00" id="D8_2_1" nVehContrib="5" flow="600.00" occupancy="17.68" speed="9.19" harmonicMeanSpeed="5.85" length="5.00" nVehEntered="6"/>
    <interval begin="510.00" end="540.00" id="D8_2_1" nVehContrib="8" flow="960.00" occupancy="8.54" speed="16.98" harmonicMeanSpeed="11.13" length="5.00" nVehEntered="7"/>
    <interval begin="540.00" end="570.00" id="D8_2_1" nVehContrib="4" flow="480.00" occupancy="3.24" speed="20.79" harmonicMeanSpeed="20.60" length="5.00" nVehEntered="4"/>
    <interval begin="570.00" end="600.00" id="D8_2_1" nVehContrib="5" flow="600.00" occupancy="9.33" speed="11.03" harmonicMeanSpeed="8.93" length="5.00" nVehEntered="5"/>
    <interval begin="600.00" end="630.00" id="D8_2_1" nVehContrib="5" flow="600.00" occupancy="22.63" speed="8.97" harmonicMeanSpeed="3.68" length="5.00" nVehEntered="5"/>
    <interval begin="630.00" end="660.00" id="D8_2_1" nVehContrib="2" flow="240.00" occupancy="1.47" speed="22.68" harmonicMeanSpeed="22.68" length="5.00" nVehEntered="2"/>
    <interval begin="660.00" end="690.00" id="D8_2_1" nVehContrib="5" flow="600.00" occupancy="5.40" speed="15.81" harmonicMeanSpeed="15.42" length="5.00" nVehEntered="5"/>
    <interval begin="690.00" end="720.00" id="D8_2_1" nVehContrib="4" flow="480.00" occupancy="12.73" speed="6.35" harmonicMeanSpeed="5.24" length="5.00" nVehEntered="5"/>
    <interval begin="720.00" end="750.00" id="D8_2_1" nVehContrib="4" flow="480.00" occupancy="23.98" speed="4.91" harmonicMeanSpeed="3.30" length="5.00" nVehEntered="5"/>
    <interval begin="750.00" end="780.00" id="D8_2_1" nVehContrib="3" flow="360.00" occupancy="56.29" speed="1.11" harmonicMeanSpeed="1.02" length="5.00" nVehEntered="4"/>
    <interval begin="780.00" end="810.00" id="D8_2_1" nVehContrib="2" flow="240.00" occupancy="11.55" speed="1.49" harmonicMeanSpeed="1.48" length="5.00" nVehEntered="1"/>
    <interval begin="810.00" end="840.00" id="D8_2_1" nVehContrib="4" flow="480.00" occupancy="55.01" speed="1.32" harmonicMeanSpeed="1.31" length="5.00" nVehEntered="5"/>
    <interval begin="840.00" end="870.00" id="D8_2_1" nVehContrib="6" flow="720.00" occupancy="50.75" speed="2.89" harmonicMeanSpeed="2.13" length="5.00" nVehEntered="6"/>
    <interval begin="870.00" end="900.00" id="D8_2_1" nVehContrib="4" flow="480.00" occupancy="38.15" speed="1.48" harmonicMeanSpeed="1.45" length="5.00" nVehEntered="3"/>
    <interval begin="900.00" end="930.00" id="D8_2_1" nVehContrib="4" flow="480.00" occupancy="47.24" speed="1.59" harmonicMeanSpeed="1.41" length="5.00" nVehEntered="4"/>
    <interval begin="930.00" end="960.00" id="D8_2_1" nVehContrib="4" flow="480.00" occupancy="56.66" speed="1.44" harmonicMeanSpeed="1.38" length="5.00" nVehEntered="5"/>
    <interval begin="960.00" end="990.00" id="D8_2_1" nVehContrib="5" flow="600.00" occupancy="50.94" speed="1.44" harmonicMeanSpeed="1.41" length="5.00" nVehEntered="4"/>
    <interval begin="990.00" end="1020.00" id="D8_2_1" nVehContrib="3" flow="360.00" occupancy="54.54" speed="1.06" harmonicMeanSpeed="0.92" length="5.00" nVehEntered="3"/>
    <interval begin="1020.00" end="1050.00" id="D8_2_1" nVehContrib="3" flow="360.00" occupancy="58.52" speed="1.09" harmonicMeanSpeed="0.85" length="5.00" nVehEntered="3"/>
    <interval begin="1050.00" end="1080.00" id="D8_2_1" nVehContrib="3" flow="360.00" occupancy="71.38" speed="1.29" harmonicMeanSpeed="1.25" length="5.00" nVehEntered="4"/>
    <interval begin="1080.00" end="1110.00" id="D8_2_1" nVehContrib="5" flow="600.00" occupancy="64.54" speed="2.46" harmonicMeanSpeed="0.87" length="5.00" nVehEntered="4"/>
    <interval begin="1110.00" end="1140.00" id="D8_2_1" nVehContrib="5" flow="600.00" occupancy="54.41" speed="1.83" harmonicMeanSpeed="1.53" length="5.00" nVehEntered="5"/>
    <interval begin="1140.00" end="1170.00" id="D8_2_1" nVehContrib="5" flow="600.00" occupancy="46.58" speed="2.00" harmonicMeanSpeed="1.79" length="5.00" nVehEntered="5"/>
    <interval begin="1170.00" end="1200.00" id="D8_2_1" nVehContrib="3" flow="360.00" occupancy="35.31" speed="1.59" harmonicMeanSpeed="1.46" length="5.00" nVehEntered="4"/>
    <interval begin="1200.00" end="1230.00" id="D8_2_1" nVehContrib="5" flow="600.00" occupancy="48.81" speed="3.05" harmonicMeanSpeed="2.32" length="5.00" nVehEntered="5"/>
    <interval begin="1230.00" end="1260.00" id="D8_2_1" nVehContrib="4" flow="480.00" occupancy="45.80" speed="1.22" harmonicMeanSpeed="1.12" length="5.00" nVehEntered="3"/>
    <interval begin="1260.00" end="1290.00" id="D8_2_1" nVehContrib="3" flow="360.00" occupancy="55.54" speed="1.40" harmonicMeanSpeed="1.27" length="5.00" nVehEntered="4"/>
    <interval begin="1290.00" end="1320.00" id="D8_2_1" nVehContrib="6" flow="720.00" occupancy="57.45" speed="1.81" harmonicMeanSpeed="1.36" length="5.00" nVehEntered="5"/>
    <interval begin="1320.00" end="1350.00" id="D8_2_1" nVehContrib="5" flow="600.00" occupancy="47.64" speed="2.17" harmonicMeanSpeed="1.75" length="5.00" nVehEntered="5"/>
    <interval begin="1350.00" end="1380.00" id="D8_2_1" nVehContrib="2" flow="240.00" occupancy="37.67" speed="1.01" harmonicMeanSpeed="1.01" length="5.00" nVehEntered="3"/>
    <interval begin="1380.00" end="1410.00" id="D8_2_1" nVehContrib="6" flow="720.00" occupancy="51.63" speed="2.92" harmonicMeanSpeed="2.06" length="5.00" nVehEntered="6"/>
    <interval begin="1410.00" end="1440.00" id="D8_2_1" nVehContrib="5" flow="600.00" occupancy="54.34" speed="1.44" harmonicMeanSpeed="1.34" length="5.00" nVehEntered="4"/>
    <interval begin="1440.00" end="1470.00" id="D8_2_1" nVehContrib="3" flow="360.00" occupancy="36.79" speed="1.39" harmonicMeanSpeed="1.36" length="5.00" nVehEntered="3"/>
    <interval begin="1470.00" end="1500.00" id="D8_2_1" nVehContrib="3" flow="360.00" occupancy="63.04" speed="1.18" harmonicMeanSpeed="0.94" length="5.00" nVehEntered="4"/>
    <interval begin="1500.00" end="1530.00" id="D8_2_1" nVehContrib="3" flow="360.00" occupancy="67.50" speed="0.97" harmonicMeanSpeed="0.79" length="5.00" nVehEntered="3"/>
    <interval begin="1530.00" end="1560.00" id="D8_2_1" nVehContrib="4" flow="480.00" occupancy="39.45" speed="1.26" harmonicMeanSpeed="1.25" length="5.00" nVehEntered="3"/>
    <interval begin="1560.00" end="1590.00" id="D8_2_1" nVehContrib="2" flow="240.00" occupancy="31.21" speed="1.69" harmonicMeanSpeed="1.51" length="5.00" nVehEntered="3"/>
    <interval begin="1590.00" end="1620.00" id="D8_2_1" nVehContrib="4" flow="480.00" occupancy="51.85" speed="1.47" harmonicMeanSpeed="1.42" length="5.00" nVehEntered="4"/>
    <interval begin="1620.00" end="1650.00" id="D8_2_1" nVehContrib="3" flow="360.00" occupancy="41.73" speed="1.25" harmonicMeanSpeed="0.89" length="5.00" nVehEntered="2"/>
    <interval begin="1650.00" end="1680.00" id="D8_2_1" nVehContrib="3" flow="360.00" occupancy="38.98" speed="1.37" harmonicMeanSpeed="1.28" length="5.00" nVehEntered="3"/>
    <interval begin="1680.00" end="1710.00" id="D8_2_1" nVehContrib="3" flow="360.00" occupancy="50.49" speed="1.25" harmonicMeanSpeed="1.20" length="5.00" nVehEntered="4"/>
    <interval begin="1710.00" end="1740.00" id="D8_2_1" nVehContrib="4" flow="480.00" occupancy="57.55" speed="1.32" harmonicMeanSpeed="1.31" length="5.00" nVehEntered="4"/>
    <interval begin="1740.00" end="1770.00" id="D8_2_1" nVehContrib="1" flow="120.00" occupancy="5.31" speed="0.80" harmonicMeanSpeed="0.80" length="5.00" nVehEntered="0"/>
    <interval begin="1770.00" end="1800.00" id="D8_2_1" nVehContrib="2" flow="240.00" occupancy="28.84" speed="1.20" harmonicMeanSpeed="1.16" length="5.00" nVehEntered="2"/>
    <interval begin="1800.00" end="1830.00" id="D8_2_1" nVehContrib="1" flow="120.00" occupancy="35.23" speed="0.47" harmonicMeanSpeed="0.47" length="5.00" nVehEntered="1"/>
    <interval begin="1830.00" end="1860.00" id="D8_2_1" nVehContrib="3" flow="360.00" occupancy="54.38" speed="1.36" harmonicMeanSpeed="1.34" length="5.00" nVehEntered="4"/>
    <interval begin="1860.00" end="1890.00" id="D8_2_1" nVehContrib="2" flow="240.00" occupancy="65.39" speed="0.57" harmonicMeanSpeed="0.57" length="5.00" nVehEntered="2"/>
    <interval begin="1890.00" end="1920.00" id="D8_2_1" nVehContrib="3" flow="360.00" occupancy="61.63" speed="1.06" harmonicMeanSpeed="0.58" length="5.00" nVehEntered="2"/>
    <interval begin="1920.00" end="1950.00" id="D8_2_1" nVehContrib="0" flow="0.00" occupancy="0.00" speed="-1.00" harmonicMeanSpeed="-1.00" length="-1.00" nVehEntered="0"/>
    <interval begin="1950.00" end="1980.00" id="D8_2_1" nVehContrib="2" flow="240.00" occupancy="49.26" speed="1.05" harmonicMeanSpeed="1.00" length="5.00" nVehEntered="3"/>
    <interval begin="1980.00" end="2010.00" id="D8_2_1" nVehContrib="4" flow="480.00" occupancy="57.69" speed="1.18" harmonicMeanSpeed="0.96" length="5.00" nVehEntered="4"/>
    <interval begin="2010.00" end="2040.00" id="D8_2_1" nVehContrib="4" flow="480.00" occupancy="60.45" speed="1.20" harmonicMeanSpeed="1.03" length="5.00" nVehEntered="3"/>
    <interval begin="2040.00" end="2070.00" id="D8_2_1" nVehContrib="4" flow="480.00" occupancy="45.89" speed="1.52" harmonicMeanSpeed="1.45" length="5.00" nVehEntered="4"/>
    <interval begin="2070.00" end="2100.00" id="D8_2_1" nVehContrib="2" flow="240.00" occupancy="68.84" speed="0.95" harmonicMeanSpeed="0.76" length="5.00" nVehEntered="3"/>
    <interval begin="2100.00" end="2130.00" id="D8_2_1" nVehContrib="3" flow="360.00" occupancy="25.67" speed="1.14" harmonicMeanSpeed="0.99" length="5.00" nVehEntered="2"/>
    <interval begin="2130.00" end="2160.00" id="D8_2_1" nVehContrib="4" flow="480.00" occupancy="58.06" speed="1.34" harmonicMeanSpeed="1.15" length="5.00" nVehEntered="4"/>
    <interval begin="2160.00" end="2190.00" id="D8_2_1" nVehContrib="3" flow="360.00" occupancy="53.18" speed="1.41" harmonicMeanSpeed="1.39" length="5.00" nVehEntered="4"/>
    <interval begin="2190.00" end="2220.00" id="D8_2_1" nVehContrib="2" flow="240.00" occupancy="57.95" speed="1.42" harmonicMeanSpeed="0.44" length="5.00" nVehEntered="1"/>
    <interval begin="2220.00" end="2250.00" id="D8_2_1" nVehContrib="2" flow="240.00" occupancy="44.43" speed="1.13" harmonicMeanSpeed="0.76" length="5.00" nVehEntered="3"/>
    <interval begin="2250.00" end="2280.00" id="D8_2_1" nVehContrib="4" flow="480.00" occupancy="51.78" speed="1.28" harmonicMeanSpeed="1.27" length="5.00" nVehEntered="3"/>
    <interval begin="2280.00" end="2310.00" id="D8_2_1" nVehContrib="1" flow="120.00" occupancy="25.45" speed="0.65" harmonicMeanSpeed="0.65" length="5.00" nVehEntered="1"/>
    <interval begin="2310.00" end="2340.00" id="D8_2_1" nVehContrib="3" flow="360.00" occupancy="58.80" speed="0.88" harmonicMeanSpeed="0.85" length="5.00" nVehEntered="3"/>
    <interval begin="2340.00" end="2370.00" id="D8_2_1" nVehContrib="3" flow="360.00" occupancy="49.72" speed="1.94" harmonicMeanSpeed="1.31" length="5.00" nVehEntered="4"/>
    <interval begin="2370.00" end="2400.00" id="D8_2_1" nVehContrib="4" flow="480.00" occupancy="60.25" speed="1.39" harmonicMeanSpeed="1.20" length="5.00" nVehEntered="4"/>
    <interval begin="2400.00" end="2430.00" id="D8_2_1" nVehContrib="4" flow="480.00" occupancy="50.82" speed="1.15" harmonicMeanSpeed="1.01" length="5.00" nVehEntered="4"/>
    <interval begin="2430.00" end="2460.00" id="D8_2_1" nVehContrib="4" flow="480.00" occupancy="56.35" speed="1.31" harmonicMeanSpeed="1.27" length="5.00" nVehEntered="4"/>
    <interval begin="2460.00" end="2490.00" id="D8_2_1" nVehContrib="3" flow="360.00" occupancy="59.92" speed="1.34" harmonicMeanSpeed="0.92" length="5.00" nVehEntered="3"/>
    <interval begin="2490.00" end="2520.00" id="D8_2_1" nVehContrib="4" flow="480.00" occupancy="29.58" speed="2.36" harmonicMeanSpeed="1.69" length="5.00" nVehEntered="3"/>
    <interval begin="2520.00" end="2550.00" id="D8_2_1" nVehContrib="4" flow="480.00" occupancy="51.12" speed="1.72" harmonicMeanSpeed="1.55" length="5.00" nVehEntered="5"/>
    <interval begin="2550.00" end="2580.00" id="D8_2_1" nVehContrib="3" flow="360.00" occupancy="51.72" speed="1.04" harmonicMeanSpeed="0.83" length="5.00" nVehEntered="2"/>
    <interval begin="2580.00" end="2610.00" id="D8_2_1" nVehContrib="4" flow="480.00" occupancy="31.23" speed="2.43" harmonicMeanSpeed="2.13" length="5.00" nVehEntered="4"/>
    <interval begin="2610.00" end="2640.00" id="D8_2_1" nVehContrib="4" flow="480.00" occupancy="58.89" speed="1.38" harmonicMeanSpeed="1.13" length="5.00" nVehEntered="4"/>
    <interval begin="2640.00" end="2670.00" id="D8_2_1" nVehContrib="1" flow="120.00" occupancy="15.02" speed="1.11" harmonicMeanSpeed="1.11" length="5.00" nVehEntered="1"/>
    <interval begin="2670.00" end="2700.00" id="D8_2_1" nVehContrib="2" flow="240.00" occupancy="41.47" speed="1.04" harmonicMeanSpeed="1.02" length="5.00" nVehEntered="3"/>
    <interval begin="2700.00" end="2730.00" id="D8_2_1" nVehContrib="3" flow="360.00" occupancy="45.26" speed="1.21" harmonicMeanSpeed="1.05" length="5.00" nVehEntered="3"/>
    <interval begin="2730.00" end="2760.00" id="D8_2_1" nVehContrib="4" flow="480.00" occupancy="62.07" speed="1.24" harmonicMeanSpeed="1.09" length="5.00" nVehEntered="4"/>
    <interval begin="2760.00" end="2790.00" id="D8_2_1" nVehContrib="3" flow="360.00" occupancy="29.20" speed="1.38" harmonicMeanSpeed="1.36" length="5.00" nVehEntered="2"/>
    <interval begin="2790.00" end="2820.00" id="D8_2_1" nVehContrib="4" flow="480.00" occupancy="41.43" speed="2.29" harmonicMeanSpeed="1.61" length="5.00" nVehEntered="4"/>
    <interval begin="2820.00" end="2850.00" id="D8_2_1" nVehContrib="4" flow="480.00" occupancy="55.31" speed="1.47" harmonicMeanSpeed="1.21" length="5.00" nVehEntered="4"/>
    <interval begin="2850.00" end="2880.00" id="D8_2_1" nVehContrib="1" flow="120.00" occupancy="11.19" speed="1.49" harmonicMeanSpeed="1.49" length="5.00" nVehEntered="1"/>
    <interval begin="2880.00" end="2910.00" id="D8_2_1" nVehContrib="1" flow="120.00" occupancy="22.90" speed="2.25" harmonicMeanSpeed="2.25" length="5.00" nVehEntered="2"/>
    <interval begin="2910.00" end="2940.00" id="D8_2_1" nVehContrib="4" flow="480.00" occupancy="34.30" speed="1.47" harmonicMeanSpeed="1.39" length="5.00" nVehEntered="4"/>
    <interval begin="2940.00" end="2970.00" id="D8_2_1" nVehContrib="3" flow="360.00" occupancy="50.46" speed="1.01" harmonicMeanSpeed="0.96" length="5.00" nVehEntered="2"/>
    <interval begin="2970.00" end="3000.00" id="D8_2_1" nVehContrib="4" flow="480.00" occupancy="37.59" speed="2.30" harmonicMeanSpeed="1.77" length="5.00" nVehEntered="4"/>
    <interval begin="3000.00" end="3030.00" id="D8_2_1" nVehContrib="2" flow="240.00" occupancy="50.70" speed="0.73" harmonicMeanSpeed="0.66" length="5.00" nVehEntered="2"/>
    <interval begin="3030.00" end="3060.00" id="D8_2_1" nVehContrib="3" flow="360.00" occupancy="43.01" speed="1.27" harmonicMeanSpeed="1.19" length="5.00" nVehEntered="4"/>
    <interval begin="3060.00" end="3090.00" id="D8_2_1" nVehContrib="2" flow="240.00" occupancy="41.85" speed="1.25" harmonicMeanSpeed="1.22" length="5.00" nVehEntered="2"/>
    <interval begin="3090.00" end="3120.00" id="D8_2_1" nVehContrib="6" flow="720.00" occupancy="43.07" speed="2.18" harmonicMeanSpeed="1.70" length="5.00" nVehEntered="5"/>
    <interval begin="3120.00" end="3150.00" id="D8_2_1" nVehContrib="2" flow="240.00" occupancy="67.12" speed="0.62" harmonicMeanSpeed="0.62" length="5.00" nVehEntered="3"/>
    <interval begin="3150.00" end="3180.00" id="D8_2_1" nVehContrib="2" flow="240.00" occupancy="38.08" speed="0.94" harmonicMeanSpeed="0.94" length="5.00" nVehEntered="2"/>
    <interval begin="3180.00" end="3210.00" id="D8_2_1" nVehContrib="4" flow="480.00" occupancy="43.44" speed="1.18" harmonicMeanSpeed="1.12" length="5.00" nVehEntered="3"/>
    <interval begin="3210.00" end="3240.00" id="D8_2_1" nVehContrib="2" flow="240.00" occupancy="65.72" speed="1.65" harmonicMeanSpeed="1.57" length="5.00" nVehEntered="3"/>
    <interval begin="3240.00" end="3270.00" id="D8_2_1" nVehContrib="2" flow="240.00" occupancy="35.73" speed="0.91" harmonicMeanSpeed="0.49" length="5.00" nVehEntered="2"/>
    <interval begin="3270.00" end="3300.00" id="D8_2_1" nVehContrib="4" flow="480.00" occupancy="58.70" speed="1.45" harmonicMeanSpeed="1.14" length="5.00" nVehEntered="4"/>
    <interval begin="3300.00" end="3330.00" id="D8_2_1" nVehContrib="5" flow="600.00" occupancy="49.49" speed="1.35" harmonicMeanSpeed="1.35" length="5.00" nVehEntered="4"/>
    <interval begin="3330.00" end="3360.00" id="D8_2_1" nVehContrib="2" flow="240.00" occupancy="45.46" speed="1.03" harmonicMeanSpeed="0.84" length="5.00" nVehEntered="3"/>
    <interval begin="3360.00" end="3390.00" id="D8_2_1" nVehContrib="4" flow="480.00" occupancy="53.84" speed="1.26" harmonicMeanSpeed="1.20" length="5.00" nVehEntered="4"/>
    <interval begin="3390.00" end="3420.00" id="D8_2_1" nVehContrib="5" flow="600.00" occupancy="54.16" speed="1.45" harmonicMeanSpeed="1.43" length="5.00" nVehEntered="4"/>
    <interval begin="3420.00" end="3450.00" id="D8_2_1" nVehContrib="3" flow="360.00" occupancy="35.15" speed="1.54" harmonicMeanSpeed="1.42" length="5.00" nVehEntered="3"/>
    <interval begin="3450.00" end="3480.00" id="D8_2_1" nVehContrib="3" flow="360.00" occupancy="65.44" speed="1.12" harmonicMeanSpeed="0.89" length="5.00" nVehEntered="4"/>
    <interval begin="3480.00" end="3510.00" id="D8_2_1" nVehContrib="4" flow="480.00" occupancy="55.13" speed="1.36" harmonicMeanSpeed="1.33" length="5.00" nVehEntered="4"/>
    <interval begin="3510.00" end="3540.00" id="D8_2_1" nVehContrib="4" flow="480.00" occupancy="57.91" speed="1.10" harmonicMeanSpeed="0.92" length="5.00" nVehEntered="3"/>
    <interval begin="3540.00" end="3570.00" id="D8_2_1" nVehContrib="3" flow="360.00" occupancy="35.48" speed="2.20" harmonicMeanSpeed="1.60" length="5.00" nVehEntered="4"/>
    <interval begin="3570.00" end="3600.00" id="D8_2_1" nVehContrib="4" flow="480.00" occupancy="46.23" speed="1.54" harmonicMeanSpeed="1.54" length="5.00" nVehEntered="4"/>
    <interval begin="3600.00" end="3605.00" id="D8_2_1" nVehContrib="0" flow="0.00" occupancy="100.00" speed="-1.00" harmonicMeanSpeed="-1.00" length="-1.00" nVehEntered="0"/>
</detector>
