<?xml version="1.0" encoding="UTF-8"?>

<!-- generated on 02/02/20 10:23:44 by Eclipse SUMO Version 1.3.1
<configuration xmlns:xsi="http://www.w3.org/2001/XMLSchema-instance" xsi:noNamespaceSchemaLocation="http://sumo.dlr.de/xsd/sumoConfiguration.xsd">

    <input>
        <net-file value="gnet.net.xml"/>
        <route-files value="grou.rou.xml"/>
        <additional-files value="gadd.additional.xml"/>
    </input>

    <output>
        <queue-output value="Queue.xml"/>
        <summary-output value="Summary.xml"/>
        <tripinfo-output value="output-tripinfos.xml"/>
    </output>

    <time>
        <begin value="0"/>
        <end value="3600"/>
    </time>

    <processing>
        <time-to-teleport value="3600"/>
    </processing>

    <traci_server>
        <remote-port value="10631"/>
    </traci_server>

    <gui_only>
        <gui-settings-file value="gview.view.xml"/>
        <quit-on-end value="true"/>
        <start value="true"/>
    </gui_only>

</configuration>
-->

<detector xmlns:xsi="http://www.w3.org/2001/XMLSchema-instance" xsi:noNamespaceSchemaLocation="http://sumo.dlr.de/xsd/det_e1_file.xsd">
    <interval begin="0.00" end="30.00" id="D8_2_2" nVehContrib="1" flow="120.00" occupancy="0.66" speed="25.29" harmonicMeanSpeed="25.29" length="5.00" nVehEntered="1"/>
    <interval begin="30.00" end="60.00" id="D8_2_2" nVehContrib="1" flow="120.00" occupancy="0.69" speed="24.02" harmonicMeanSpeed="24.02" length="5.00" nVehEntered="1"/>
    <interval begin="60.00" end="90.00" id="D8_2_2" nVehContrib="1" flow="120.00" occupancy="0.66" speed="25.34" harmonicMeanSpeed="25.34" length="5.00" nVehEntered="1"/>
    <interval begin="90.00" end="120.00" id="D8_2_2" nVehContrib="1" flow="120.00" occupancy="0.69" speed="24.02" harmonicMeanSpeed="24.02" length="5.00" nVehEntered="1"/>
    <interval begin="120.00" end="150.00" id="D8_2_2" nVehContrib="1" flow="120.00" occupancy="0.76" speed="21.84" harmonicMeanSpeed="21.84" length="5.00" nVehEntered="1"/>
    <interval begin="150.00" end="180.00" id="D8_2_2" nVehContrib="1" flow="120.00" occupancy="0.65" speed="25.71" harmonicMeanSpeed="25.71" length="5.00" nVehEntered="1"/>
    <interval begin="180.00" end="210.00" id="D8_2_2" nVehContrib="1" flow="120.00" occupancy="0.76" speed="21.99" harmonicMeanSpeed="21.99" length="5.00" nVehEntered="1"/>
    <interval begin="210.00" end="240.00" id="D8_2_2" nVehContrib="0" flow="0.00" occupancy="0.00" speed="-1.00" harmonicMeanSpeed="-1.00" length="-1.00" nVehEntered="0"/>
    <interval begin="240.00" end="270.00" id="D8_2_2" nVehContrib="1" flow="120.00" occupancy="0.74" speed="22.57" harmonicMeanSpeed="22.57" length="5.00" nVehEntered="1"/>
    <interval begin="270.00" end="300.00" id="D8_2_2" nVehContrib="1" flow="120.00" occupancy="0.67" speed="24.97" harmonicMeanSpeed="24.97" length="5.00" nVehEntered="1"/>
    <interval begin="300.00" end="330.00" id="D8_2_2" nVehContrib="1" flow="120.00" occupancy="0.70" speed="23.89" harmonicMeanSpeed="23.89" length="5.00" nVehEntered="1"/>
    <interval begin="330.00" end="360.00" id="D8_2_2" nVehContrib="1" flow="120.00" occupancy="0.73" speed="22.75" harmonicMeanSpeed="22.75" length="5.00" nVehEntered="1"/>
    <interval begin="360.00" end="390.00" id="D8_2_2" nVehContrib="1" flow="120.00" occupancy="0.70" speed="23.64" harmonicMeanSpeed="23.64" length="5.00" nVehEntered="1"/>
    <interval begin="390.00" end="420.00" id="D8_2_2" nVehContrib="1" flow="120.00" occupancy="0.73" speed="22.77" harmonicMeanSpeed="22.77" length="5.00" nVehEntered="1"/>
    <interval begin="420.00" end="450.00" id="D8_2_2" nVehContrib="1" flow="120.00" occupancy="0.81" speed="20.45" harmonicMeanSpeed="20.45" length="5.00" nVehEntered="1"/>
    <interval begin="450.00" end="480.00" id="D8_2_2" nVehContrib="1" flow="120.00" occupancy="0.73" speed="22.81" harmonicMeanSpeed="22.81" length="5.00" nVehEntered="1"/>
    <interval begin="480.00" end="510.00" id="D8_2_2" nVehContrib="1" flow="120.00" occupancy="0.71" speed="23.50" harmonicMeanSpeed="23.50" length="5.00" nVehEntered="1"/>
    <interval begin="510.00" end="540.00" id="D8_2_2" nVehContrib="1" flow="120.00" occupancy="0.72" speed="23.16" harmonicMeanSpeed="23.16" length="5.00" nVehEntered="1"/>
    <interval begin="540.00" end="570.00" id="D8_2_2" nVehContrib="1" flow="120.00" occupancy="0.72" speed="23.09" harmonicMeanSpeed="23.09" length="5.00" nVehEntered="1"/>
    <interval begin="570.00" end="600.00" id="D8_2_2" nVehContrib="1" flow="120.00" occupancy="0.72" speed="23.26" harmonicMeanSpeed="23.26" length="5.00" nVehEntered="1"/>
    <interval begin="600.00" end="630.00" id="D8_2_2" nVehContrib="0" flow="0.00" occupancy="0.00" speed="-1.00" harmonicMeanSpeed="-1.00" length="-1.00" nVehEntered="0"/>
    <interval begin="630.00" end="660.00" id="D8_2_2" nVehContrib="1" flow="120.00" occupancy="0.78" speed="21.38" harmonicMeanSpeed="21.38" length="5.00" nVehEntered="1"/>
    <interval begin="660.00" end="690.00" id="D8_2_2" nVehContrib="1" flow="120.00" occupancy="0.68" speed="24.60" harmonicMeanSpeed="24.60" length="5.00" nVehEntered="1"/>
    <interval begin="690.00" end="720.00" id="D8_2_2" nVehContrib="1" flow="120.00" occupancy="0.75" speed="22.33" harmonicMeanSpeed="22.33" length="5.00" nVehEntered="1"/>
    <interval begin="720.00" end="750.00" id="D8_2_2" nVehContrib="1" flow="120.00" occupancy="0.69" speed="24.31" harmonicMeanSpeed="24.31" length="5.00" nVehEntered="1"/>
    <interval begin="750.00" end="780.00" id="D8_2_2" nVehContrib="1" flow="120.00" occupancy="0.74" speed="22.44" harmonicMeanSpeed="22.44" length="5.00" nVehEntered="1"/>
    <interval begin="780.00" end="810.00" id="D8_2_2" nVehContrib="1" flow="120.00" occupancy="0.74" speed="22.42" harmonicMeanSpeed="22.42" length="5.00" nVehEntered="1"/>
    <interval begin="810.00" end="840.00" id="D8_2_2" nVehContrib="1" flow="120.00" occupancy="0.93" speed="17.87" harmonicMeanSpeed="17.87" length="5.00" nVehEntered="1"/>
    <interval begin="840.00" end="870.00" id="D8_2_2" nVehContrib="1" flow="120.00" occupancy="1.00" speed="16.73" harmonicMeanSpeed="16.73" length="5.00" nVehEntered="1"/>
    <interval begin="870.00" end="900.00" id="D8_2_2" nVehContrib="1" flow="120.00" occupancy="1.06" speed="15.79" harmonicMeanSpeed="15.79" length="5.00" nVehEntered="1"/>
    <interval begin="900.00" end="930.00" id="D8_2_2" nVehContrib="1" flow="120.00" occupancy="1.29" speed="12.91" harmonicMeanSpeed="12.91" length="5.00" nVehEntered="1"/>
    <interval begin="930.00" end="960.00" id="D8_2_2" nVehContrib="1" flow="120.00" occupancy="1.94" speed="8.57" harmonicMeanSpeed="8.57" length="5.00" nVehEntered="1"/>
    <interval begin="960.00" end="990.00" id="D8_2_2" nVehContrib="1" flow="120.00" occupancy="3.68" speed="4.53" harmonicMeanSpeed="4.53" length="5.00" nVehEntered="1"/>
    <interval begin="990.00" end="1020.00" id="D8_2_2" nVehContrib="0" flow="0.00" occupancy="0.00" speed="-1.00" harmonicMeanSpeed="-1.00" length="-1.00" nVehEntered="0"/>
    <interval begin="1020.00" end="1050.00" id="D8_2_2" nVehContrib="0" flow="0.00" occupancy="0.00" speed="-1.00" harmonicMeanSpeed="-1.00" length="-1.00" nVehEntered="0"/>
    <interval begin="1050.00" end="1080.00" id="D8_2_2" nVehContrib="2" flow="240.00" occupancy="15.98" speed="2.09" harmonicMeanSpeed="2.09" length="5.00" nVehEntered="2"/>
    <interval begin="1080.00" end="1110.00" id="D8_2_2" nVehContrib="1" flow="120.00" occupancy="35.80" speed="0.47" harmonicMeanSpeed="0.47" length="5.00" nVehEntered="1"/>
    <interval begin="1110.00" end="1140.00" id="D8_2_2" nVehContrib="1" flow="120.00" occupancy="1.88" speed="8.87" harmonicMeanSpeed="8.87" length="5.00" nVehEntered="1"/>
    <interval begin="1140.00" end="1170.00" id="D8_2_2" nVehContrib="1" flow="120.00" occupancy="1.16" speed="14.43" harmonicMeanSpeed="14.43" length="5.00" nVehEntered="1"/>
    <interval begin="1170.00" end="1200.00" id="D8_2_2" nVehContrib="1" flow="120.00" occupancy="0.97" speed="17.10" harmonicMeanSpeed="17.10" length="5.00" nVehEntered="1"/>
    <interval begin="1200.00" end="1230.00" id="D8_2_2" nVehContrib="1" flow="120.00" occupancy="0.72" speed="23.09" harmonicMeanSpeed="23.09" length="5.00" nVehEntered="1"/>
    <interval begin="1230.00" end="1260.00" id="D8_2_2" nVehContrib="1" flow="120.00" occupancy="0.77" speed="21.71" harmonicMeanSpeed="21.71" length="5.00" nVehEntered="1"/>
    <interval begin="1260.00" end="1290.00" id="D8_2_2" nVehContrib="1" flow="120.00" occupancy="0.74" speed="22.45" harmonicMeanSpeed="22.45" length="5.00" nVehEntered="1"/>
    <interval begin="1290.00" end="1320.00" id="D8_2_2" nVehContrib="1" flow="120.00" occupancy="0.66" speed="25.30" harmonicMeanSpeed="25.30" length="5.00" nVehEntered="1"/>
    <interval begin="1320.00" end="1350.00" id="D8_2_2" nVehContrib="1" flow="120.00" occupancy="0.65" speed="25.63" harmonicMeanSpeed="25.63" length="5.00" nVehEntered="1"/>
    <interval begin="1350.00" end="1380.00" id="D8_2_2" nVehContrib="1" flow="120.00" occupancy="0.64" speed="26.19" harmonicMeanSpeed="26.19" length="5.00" nVehEntered="1"/>
    <interval begin="1380.00" end="1410.00" id="D8_2_2" nVehContrib="1" flow="120.00" occupancy="0.70" speed="23.64" harmonicMeanSpeed="23.64" length="5.00" nVehEntered="1"/>
    <interval begin="1410.00" end="1440.00" id="D8_2_2" nVehContrib="1" flow="120.00" occupancy="0.66" speed="25.33" harmonicMeanSpeed="25.33" length="5.00" nVehEntered="1"/>
    <interval begin="1440.00" end="1470.00" id="D8_2_2" nVehContrib="1" flow="120.00" occupancy="0.81" speed="20.46" harmonicMeanSpeed="20.46" length="5.00" nVehEntered="1"/>
    <interval begin="1470.00" end="1500.00" id="D8_2_2" nVehContrib="1" flow="120.00" occupancy="0.84" speed="19.81" harmonicMeanSpeed="19.81" length="5.00" nVehEntered="1"/>
    <interval begin="1500.00" end="1530.00" id="D8_2_2" nVehContrib="0" flow="0.00" occupancy="0.00" speed="-1.00" harmonicMeanSpeed="-1.00" length="-1.00" nVehEntered="0"/>
    <interval begin="1530.00" end="1560.00" id="D8_2_2" nVehContrib="1" flow="120.00" occupancy="0.93" speed="17.90" harmonicMeanSpeed="17.90" length="5.00" nVehEntered="1"/>
    <interval begin="1560.00" end="1590.00" id="D8_2_2" nVehContrib="1" flow="120.00" occupancy="0.99" speed="16.77" harmonicMeanSpeed="16.77" length="5.00" nVehEntered="1"/>
    <interval begin="1590.00" end="1620.00" id="D8_2_2" nVehContrib="1" flow="120.00" occupancy="1.03" speed="16.18" harmonicMeanSpeed="16.18" length="5.00" nVehEntered="1"/>
    <interval begin="1620.00" end="1650.00" id="D8_2_2" nVehContrib="1" flow="120.00" occupancy="1.24" speed="13.46" harmonicMeanSpeed="13.46" length="5.00" nVehEntered="1"/>
    <interval begin="1650.00" end="1680.00" id="D8_2_2" nVehContrib="1" flow="120.00" occupancy="1.09" speed="15.31" harmonicMeanSpeed="15.31" length="5.00" nVehEntered="1"/>
    <interval begin="1680.00" end="1710.00" id="D8_2_2" nVehContrib="1" flow="120.00" occupancy="0.87" speed="19.05" harmonicMeanSpeed="19.05" length="5.00" nVehEntered="1"/>
    <interval begin="1710.00" end="1740.00" id="D8_2_2" nVehContrib="1" flow="120.00" occupancy="0.66" speed="25.10" harmonicMeanSpeed="25.10" length="5.00" nVehEntered="1"/>
    <interval begin="1740.00" end="1770.00" id="D8_2_2" nVehContrib="1" flow="120.00" occupancy="0.67" speed="24.98" harmonicMeanSpeed="24.98" length="5.00" nVehEntered="1"/>
    <interval begin="1770.00" end="1800.00" id="D8_2_2" nVehContrib="1" flow="120.00" occupancy="0.78" speed="21.32" harmonicMeanSpeed="21.32" length="5.00" nVehEntered="1"/>
    <interval begin="1800.00" end="1830.00" id="D8_2_2" nVehContrib="0" flow="0.00" occupancy="0.00" speed="-1.00" harmonicMeanSpeed="-1.00" length="-1.00" nVehEntered="0"/>
    <interval begin="1830.00" end="1860.00" id="D8_2_2" nVehContrib="0" flow="0.00" occupancy="0.00" speed="-1.00" harmonicMeanSpeed="-1.00" length="-1.00" nVehEntered="0"/>
    <interval begin="1860.00" end="1890.00" id="D8_2_2" nVehContrib="2" flow="240.00" occupancy="1.62" speed="20.72" harmonicMeanSpeed="20.63" length="5.00" nVehEntered="2"/>
    <interval begin="1890.00" end="1920.00" id="D8_2_2" nVehContrib="0" flow="0.00" occupancy="0.00" speed="-1.00" harmonicMeanSpeed="-1.00" length="-1.00" nVehEntered="0"/>
    <interval begin="1920.00" end="1950.00" id="D8_2_2" nVehContrib="0" flow="0.00" occupancy="0.00" speed="-1.00" harmonicMeanSpeed="-1.00" length="-1.00" nVehEntered="0"/>
    <interval begin="1950.00" end="1980.00" id="D8_2_2" nVehContrib="0" flow="0.00" occupancy="0.00" speed="-1.00" harmonicMeanSpeed="-1.00" length="-1.00" nVehEntered="0"/>
    <interval begin="1980.00" end="2010.00" id="D8_2_2" nVehContrib="0" flow="0.00" occupancy="0.00" speed="-1.00" harmonicMeanSpeed="-1.00" length="-1.00" nVehEntered="0"/>
    <interval begin="2010.00" end="2040.00" id="D8_2_2" nVehContrib="1" flow="120.00" occupancy="0.80" speed="20.91" harmonicMeanSpeed="20.91" length="5.00" nVehEntered="1"/>
    <interval begin="2040.00" end="2070.00" id="D8_2_2" nVehContrib="0" flow="0.00" occupancy="0.00" speed="-1.00" harmonicMeanSpeed="-1.00" length="-1.00" nVehEntered="0"/>
    <interval begin="2070.00" end="2100.00" id="D8_2_2" nVehContrib="0" flow="0.00" occupancy="0.00" speed="-1.00" harmonicMeanSpeed="-1.00" length="-1.00" nVehEntered="0"/>
    <interval begin="2100.00" end="2130.00" id="D8_2_2" nVehContrib="0" flow="0.00" occupancy="0.00" speed="-1.00" harmonicMeanSpeed="-1.00" length="-1.00" nVehEntered="0"/>
    <interval begin="2130.00" end="2160.00" id="D8_2_2" nVehContrib="1" flow="120.00" occupancy="0.67" speed="25.04" harmonicMeanSpeed="25.04" length="5.00" nVehEntered="1"/>
    <interval begin="2160.00" end="2190.00" id="D8_2_2" nVehContrib="3" flow="360.00" occupancy="2.91" speed="17.41" harmonicMeanSpeed="17.17" length="5.00" nVehEntered="3"/>
    <interval begin="2190.00" end="2220.00" id="D8_2_2" nVehContrib="1" flow="120.00" occupancy="0.89" speed="18.66" harmonicMeanSpeed="18.66" length="5.00" nVehEntered="1"/>
    <interval begin="2220.00" end="2250.00" id="D8_2_2" nVehContrib="0" flow="0.00" occupancy="0.00" speed="-1.00" harmonicMeanSpeed="-1.00" length="-1.00" nVehEntered="0"/>
    <interval begin="2250.00" end="2280.00" id="D8_2_2" nVehContrib="1" flow="120.00" occupancy="0.81" speed="20.50" harmonicMeanSpeed="20.50" length="5.00" nVehEntered="1"/>
    <interval begin="2280.00" end="2310.00" id="D8_2_2" nVehContrib="1" flow="120.00" occupancy="1.00" speed="16.68" harmonicMeanSpeed="16.68" length="5.00" nVehEntered="1"/>
    <interval begin="2310.00" end="2340.00" id="D8_2_2" nVehContrib="1" flow="120.00" occupancy="0.70" speed="23.75" harmonicMeanSpeed="23.75" length="5.00" nVehEntered="1"/>
    <interval begin="2340.00" end="2370.00" id="D8_2_2" nVehContrib="0" flow="0.00" occupancy="0.00" speed="-1.00" harmonicMeanSpeed="-1.00" length="-1.00" nVehEntered="0"/>
    <interval begin="2370.00" end="2400.00" id="D8_2_2" nVehContrib="2" flow="240.00" occupancy="1.80" speed="18.77" harmonicMeanSpeed="18.52" length="5.00" nVehEntered="2"/>
    <interval begin="2400.00" end="2430.00" id="D8_2_2" nVehContrib="1" flow="120.00" occupancy="0.73" speed="22.95" harmonicMeanSpeed="22.95" length="5.00" nVehEntered="1"/>
    <interval begin="2430.00" end="2460.00" id="D8_2_2" nVehContrib="0" flow="0.00" occupancy="0.00" speed="-1.00" harmonicMeanSpeed="-1.00" length="-1.00" nVehEntered="0"/>
    <interval begin="2460.00" end="2490.00" id="D8_2_2" nVehContrib="1" flow="120.00" occupancy="3.38" speed="4.93" harmonicMeanSpeed="4.93" length="5.00" nVehEntered="1"/>
    <interval begin="2490.00" end="2520.00" id="D8_2_2" nVehContrib="1" flow="120.00" occupancy="0.75" speed="22.36" harmonicMeanSpeed="22.36" length="5.00" nVehEntered="1"/>
    <interval begin="2520.00" end="2550.00" id="D8_2_2" nVehContrib="0" flow="0.00" occupancy="0.00" speed="-1.00" harmonicMeanSpeed="-1.00" length="-1.00" nVehEntered="0"/>
    <interval begin="2550.00" end="2580.00" id="D8_2_2" nVehContrib="1" flow="120.00" occupancy="0.77" speed="21.74" harmonicMeanSpeed="21.74" length="5.00" nVehEntered="1"/>
    <interval begin="2580.00" end="2610.00" id="D8_2_2" nVehContrib="0" flow="0.00" occupancy="0.00" speed="-1.00" harmonicMeanSpeed="-1.00" length="-1.00" nVehEntered="0"/>
    <interval begin="2610.00" end="2640.00" id="D8_2_2" nVehContrib="7" flow="840.00" occupancy="8.94" speed="14.10" harmonicMeanSpeed="13.05" length="5.00" nVehEntered="7"/>
    <interval begin="2640.00" end="2670.00" id="D8_2_2" nVehContrib="2" flow="240.00" occupancy="11.15" speed="3.24" harmonicMeanSpeed="3.01" length="5.00" nVehEntered="3"/>
    <interval begin="2670.00" end="2700.00" id="D8_2_2" nVehContrib="3" flow="360.00" occupancy="32.73" speed="1.74" harmonicMeanSpeed="1.52" length="5.00" nVehEntered="2"/>
    <interval begin="2700.00" end="2730.00" id="D8_2_2" nVehContrib="0" flow="0.00" occupancy="0.00" speed="-1.00" harmonicMeanSpeed="-1.00" length="-1.00" nVehEntered="0"/>
    <interval begin="2730.00" end="2760.00" id="D8_2_2" nVehContrib="0" flow="0.00" occupancy="0.00" speed="-1.00" harmonicMeanSpeed="-1.00" length="-1.00" nVehEntered="0"/>
    <interval begin="2760.00" end="2790.00" id="D8_2_2" nVehContrib="1" flow="120.00" occupancy="1.04" speed="16.06" harmonicMeanSpeed="16.06" length="5.00" nVehEntered="1"/>
    <interval begin="2790.00" end="2820.00" id="D8_2_2" nVehContrib="1" flow="120.00" occupancy="0.78" speed="21.37" harmonicMeanSpeed="21.37" length="5.00" nVehEntered="1"/>
    <interval begin="2820.00" end="2850.00" id="D8_2_2" nVehContrib="5" flow="600.00" occupancy="5.43" speed="15.99" harmonicMeanSpeed="15.34" length="5.00" nVehEntered="5"/>
    <interval begin="2850.00" end="2880.00" id="D8_2_2" nVehContrib="2" flow="240.00" occupancy="5.08" speed="7.26" harmonicMeanSpeed="6.56" length="5.00" nVehEntered="2"/>
    <interval begin="2880.00" end="2910.00" id="D8_2_2" nVehContrib="0" flow="0.00" occupancy="0.00" speed="-1.00" harmonicMeanSpeed="-1.00" length="-1.00" nVehEntered="0"/>
    <interval begin="2910.00" end="2940.00" id="D8_2_2" nVehContrib="0" flow="0.00" occupancy="0.00" speed="-1.00" harmonicMeanSpeed="-1.00" length="-1.00" nVehEntered="0"/>
    <interval begin="2940.00" end="2970.00" id="D8_2_2" nVehContrib="4" flow="480.00" occupancy="3.78" speed="17.76" harmonicMeanSpeed="17.63" length="5.00" nVehEntered="4"/>
    <interval begin="2970.00" end="3000.00" id="D8_2_2" nVehContrib="0" flow="0.00" occupancy="0.00" speed="-1.00" harmonicMeanSpeed="-1.00" length="-1.00" nVehEntered="0"/>
    <interval begin="3000.00" end="3030.00" id="D8_2_2" nVehContrib="2" flow="240.00" occupancy="1.55" speed="21.55" harmonicMeanSpeed="21.45" length="5.00" nVehEntered="2"/>
    <interval begin="3030.00" end="3060.00" id="D8_2_2" nVehContrib="2" flow="240.00" occupancy="1.48" speed="22.60" harmonicMeanSpeed="22.51" length="5.00" nVehEntered="2"/>
    <interval begin="3060.00" end="3090.00" id="D8_2_2" nVehContrib="0" flow="0.00" occupancy="0.00" speed="-1.00" harmonicMeanSpeed="-1.00" length="-1.00" nVehEntered="0"/>
    <interval begin="3090.00" end="3120.00" id="D8_2_2" nVehContrib="1" flow="120.00" occupancy="0.80" speed="20.89" harmonicMeanSpeed="20.89" length="5.00" nVehEntered="1"/>
    <interval begin="3120.00" end="3150.00" id="D8_2_2" nVehContrib="0" flow="0.00" occupancy="0.00" speed="-1.00" harmonicMeanSpeed="-1.00" length="-1.00" nVehEntered="0"/>
    <interval begin="3150.00" end="3180.00" id="D8_2_2" nVehContrib="1" flow="120.00" occupancy="0.92" speed="18.16" harmonicMeanSpeed="18.16" length="5.00" nVehEntered="1"/>
    <interval begin="3180.00" end="3210.00" id="D8_2_2" nVehContrib="1" flow="120.00" occupancy="0.94" speed="17.71" harmonicMeanSpeed="17.71" length="5.00" nVehEntered="1"/>
    <interval begin="3210.00" end="3240.00" id="D8_2_2" nVehContrib="0" flow="0.00" occupancy="0.00" speed="-1.00" harmonicMeanSpeed="-1.00" length="-1.00" nVehEntered="0"/>
    <interval begin="3240.00" end="3270.00" id="D8_2_2" nVehContrib="0" flow="0.00" occupancy="0.00" speed="-1.00" harmonicMeanSpeed="-1.00" length="-1.00" nVehEntered="0"/>
    <interval begin="3270.00" end="3300.00" id="D8_2_2" nVehContrib="0" flow="0.00" occupancy="0.00" speed="-1.00" harmonicMeanSpeed="-1.00" length="-1.00" nVehEntered="0"/>
    <interval begin="3300.00" end="3330.00" id="D8_2_2" nVehContrib="2" flow="240.00" occupancy="1.67" speed="20.19" harmonicMeanSpeed="19.94" length="5.00" nVehEntered="2"/>
    <interval begin="3330.00" end="3360.00" id="D8_2_2" nVehContrib="1" flow="120.00" occupancy="0.72" speed="23.12" harmonicMeanSpeed="23.12" length="5.00" nVehEntered="1"/>
    <interval begin="3360.00" end="3390.00" id="D8_2_2" nVehContrib="0" flow="0.00" occupancy="0.00" speed="-1.00" harmonicMeanSpeed="-1.00" length="-1.00" nVehEntered="0"/>
    <interval begin="3390.00" end="3420.00" id="D8_2_2" nVehContrib="1" flow="120.00" occupancy="0.71" speed="23.57" harmonicMeanSpeed="23.57" length="5.00" nVehEntered="1"/>
    <interval begin="3420.00" end="3450.00" id="D8_2_2" nVehContrib="2" flow="240.00" occupancy="2.25" speed="16.56" harmonicMeanSpeed="14.79" length="5.00" nVehEntered="2"/>
    <interval begin="3450.00" end="3480.00" id="D8_2_2" nVehContrib="1" flow="120.00" occupancy="1.12" speed="14.89" harmonicMeanSpeed="14.89" length="5.00" nVehEntered="1"/>
    <interval begin="3480.00" end="3510.00" id="D8_2_2" nVehContrib="0" flow="0.00" occupancy="0.00" speed="-1.00" harmonicMeanSpeed="-1.00" length="-1.00" nVehEntered="0"/>
    <interval begin="3510.00" end="3540.00" id="D8_2_2" nVehContrib="0" flow="0.00" occupancy="0.00" speed="-1.00" harmonicMeanSpeed="-1.00" length="-1.00" nVehEntered="0"/>
    <interval begin="3540.00" end="3570.00" id="D8_2_2" nVehContrib="1" flow="120.00" occupancy="0.67" speed="24.93" harmonicMeanSpeed="24.93" length="5.00" nVehEntered="1"/>
    <interval begin="3570.00" end="3600.00" id="D8_2_2" nVehContrib="4" flow="480.00" occupancy="4.92" speed="17.08" harmonicMeanSpeed="16.57" length="5.00" nVehEntered="5"/>
    <interval begin="3600.00" end="3605.00" id="D8_2_2" nVehContrib="2" flow="1440.00" occupancy="16.54" speed="9.52" harmonicMeanSpeed="9.13" length="5.00" nVehEntered="1"/>
</detector>
