<?xml version="1.0" encoding="UTF-8"?>

<!-- generated on 02/02/20 10:23:44 by Eclipse SUMO Version 1.3.1
<configuration xmlns:xsi="http://www.w3.org/2001/XMLSchema-instance" xsi:noNamespaceSchemaLocation="http://sumo.dlr.de/xsd/sumoConfiguration.xsd">

    <input>
        <net-file value="gnet.net.xml"/>
        <route-files value="grou.rou.xml"/>
        <additional-files value="gadd.additional.xml"/>
    </input>

    <output>
        <queue-output value="Queue.xml"/>
        <summary-output value="Summary.xml"/>
        <tripinfo-output value="output-tripinfos.xml"/>
    </output>

    <time>
        <begin value="0"/>
        <end value="3600"/>
    </time>

    <processing>
        <time-to-teleport value="3600"/>
    </processing>

    <traci_server>
        <remote-port value="10631"/>
    </traci_server>

    <gui_only>
        <gui-settings-file value="gview.view.xml"/>
        <quit-on-end value="true"/>
        <start value="true"/>
    </gui_only>

</configuration>
-->

<detector xmlns:xsi="http://www.w3.org/2001/XMLSchema-instance" xsi:noNamespaceSchemaLocation="http://sumo.dlr.de/xsd/det_e1_file.xsd">
    <interval begin="0.00" end="30.00" id="D8_3_1" nVehContrib="0" flow="0.00" occupancy="0.00" speed="-1.00" harmonicMeanSpeed="-1.00" length="-1.00" nVehEntered="0"/>
    <interval begin="30.00" end="60.00" id="D8_3_1" nVehContrib="0" flow="0.00" occupancy="0.00" speed="-1.00" harmonicMeanSpeed="-1.00" length="-1.00" nVehEntered="0"/>
    <interval begin="60.00" end="90.00" id="D8_3_1" nVehContrib="5" flow="600.00" occupancy="3.31" speed="25.23" harmonicMeanSpeed="25.20" length="5.00" nVehEntered="5"/>
    <interval begin="90.00" end="120.00" id="D8_3_1" nVehContrib="6" flow="720.00" occupancy="4.10" speed="24.39" harmonicMeanSpeed="24.37" length="5.00" nVehEntered="6"/>
    <interval begin="120.00" end="150.00" id="D8_3_1" nVehContrib="1" flow="120.00" occupancy="0.70" speed="23.71" harmonicMeanSpeed="23.71" length="5.00" nVehEntered="1"/>
    <interval begin="150.00" end="180.00" id="D8_3_1" nVehContrib="3" flow="360.00" occupancy="2.04" speed="24.54" harmonicMeanSpeed="24.54" length="5.00" nVehEntered="3"/>
    <interval begin="180.00" end="210.00" id="D8_3_1" nVehContrib="6" flow="720.00" occupancy="4.10" speed="24.42" harmonicMeanSpeed="24.41" length="5.00" nVehEntered="6"/>
    <interval begin="210.00" end="240.00" id="D8_3_1" nVehContrib="2" flow="240.00" occupancy="1.39" speed="24.07" harmonicMeanSpeed="24.02" length="5.00" nVehEntered="2"/>
    <interval begin="240.00" end="270.00" id="D8_3_1" nVehContrib="4" flow="480.00" occupancy="2.71" speed="24.63" harmonicMeanSpeed="24.58" length="5.00" nVehEntered="4"/>
    <interval begin="270.00" end="300.00" id="D8_3_1" nVehContrib="6" flow="720.00" occupancy="4.15" speed="24.17" harmonicMeanSpeed="24.10" length="5.00" nVehEntered="6"/>
    <interval begin="300.00" end="330.00" id="D8_3_1" nVehContrib="6" flow="720.00" occupancy="4.32" speed="23.23" harmonicMeanSpeed="23.17" length="5.00" nVehEntered="6"/>
    <interval begin="330.00" end="360.00" id="D8_3_1" nVehContrib="2" flow="240.00" occupancy="1.36" speed="24.55" harmonicMeanSpeed="24.55" length="5.00" nVehEntered="2"/>
    <interval begin="360.00" end="390.00" id="D8_3_1" nVehContrib="6" flow="720.00" occupancy="4.08" speed="24.54" harmonicMeanSpeed="24.52" length="5.00" nVehEntered="6"/>
    <interval begin="390.00" end="420.00" id="D8_3_1" nVehContrib="4" flow="480.00" occupancy="2.82" speed="23.65" harmonicMeanSpeed="23.61" length="5.00" nVehEntered="4"/>
    <interval begin="420.00" end="450.00" id="D8_3_1" nVehContrib="2" flow="240.00" occupancy="1.31" speed="25.51" harmonicMeanSpeed="25.51" length="5.00" nVehEntered="2"/>
    <interval begin="450.00" end="480.00" id="D8_3_1" nVehContrib="5" flow="600.00" occupancy="3.35" speed="24.92" harmonicMeanSpeed="24.90" length="5.00" nVehEntered="5"/>
    <interval begin="480.00" end="510.00" id="D8_3_1" nVehContrib="6" flow="720.00" occupancy="4.12" speed="24.31" harmonicMeanSpeed="24.26" length="5.00" nVehEntered="6"/>
    <interval begin="510.00" end="540.00" id="D8_3_1" nVehContrib="6" flow="720.00" occupancy="4.05" speed="24.70" harmonicMeanSpeed="24.69" length="5.00" nVehEntered="6"/>
    <interval begin="540.00" end="570.00" id="D8_3_1" nVehContrib="5" flow="600.00" occupancy="3.34" speed="24.96" harmonicMeanSpeed="24.93" length="5.00" nVehEntered="5"/>
    <interval begin="570.00" end="600.00" id="D8_3_1" nVehContrib="5" flow="600.00" occupancy="3.37" speed="24.74" harmonicMeanSpeed="24.72" length="5.00" nVehEntered="5"/>
    <interval begin="600.00" end="630.00" id="D8_3_1" nVehContrib="5" flow="600.00" occupancy="3.84" speed="21.79" harmonicMeanSpeed="21.71" length="5.00" nVehEntered="5"/>
    <interval begin="630.00" end="660.00" id="D8_3_1" nVehContrib="2" flow="240.00" occupancy="1.35" speed="24.72" harmonicMeanSpeed="24.71" length="5.00" nVehEntered="2"/>
    <interval begin="660.00" end="690.00" id="D8_3_1" nVehContrib="5" flow="600.00" occupancy="3.32" speed="25.14" harmonicMeanSpeed="25.11" length="5.00" nVehEntered="5"/>
    <interval begin="690.00" end="720.00" id="D8_3_1" nVehContrib="5" flow="600.00" occupancy="3.96" speed="23.89" harmonicMeanSpeed="23.80" length="5.00" nVehEntered="6"/>
    <interval begin="720.00" end="750.00" id="D8_3_1" nVehContrib="7" flow="840.00" occupancy="4.46" speed="23.73" harmonicMeanSpeed="23.69" length="5.00" nVehEntered="6"/>
    <interval begin="750.00" end="780.00" id="D8_3_1" nVehContrib="5" flow="600.00" occupancy="4.10" speed="20.35" harmonicMeanSpeed="20.32" length="5.00" nVehEntered="5"/>
    <interval begin="780.00" end="810.00" id="D8_3_1" nVehContrib="6" flow="720.00" occupancy="5.56" speed="18.14" harmonicMeanSpeed="17.99" length="5.00" nVehEntered="6"/>
    <interval begin="810.00" end="840.00" id="D8_3_1" nVehContrib="6" flow="720.00" occupancy="7.96" speed="12.84" harmonicMeanSpeed="12.56" length="5.00" nVehEntered="6"/>
    <interval begin="840.00" end="870.00" id="D8_3_1" nVehContrib="6" flow="720.00" occupancy="7.77" speed="13.12" harmonicMeanSpeed="12.87" length="5.00" nVehEntered="6"/>
    <interval begin="870.00" end="900.00" id="D8_3_1" nVehContrib="5" flow="600.00" occupancy="4.88" speed="17.17" harmonicMeanSpeed="17.08" length="5.00" nVehEntered="5"/>
    <interval begin="900.00" end="930.00" id="D8_3_1" nVehContrib="5" flow="600.00" occupancy="7.63" speed="12.76" harmonicMeanSpeed="12.67" length="5.00" nVehEntered="6"/>
    <interval begin="930.00" end="960.00" id="D8_3_1" nVehContrib="6" flow="720.00" occupancy="6.66" speed="13.02" harmonicMeanSpeed="12.96" length="5.00" nVehEntered="5"/>
    <interval begin="960.00" end="990.00" id="D8_3_1" nVehContrib="6" flow="720.00" occupancy="8.22" speed="12.35" harmonicMeanSpeed="12.16" length="5.00" nVehEntered="6"/>
    <interval begin="990.00" end="1020.00" id="D8_3_1" nVehContrib="6" flow="720.00" occupancy="10.97" speed="9.93" harmonicMeanSpeed="9.12" length="5.00" nVehEntered="6"/>
    <interval begin="1020.00" end="1050.00" id="D8_3_1" nVehContrib="5" flow="600.00" occupancy="24.75" speed="4.97" harmonicMeanSpeed="3.37" length="5.00" nVehEntered="5"/>
    <interval begin="1050.00" end="1080.00" id="D8_3_1" nVehContrib="5" flow="600.00" occupancy="42.75" speed="2.68" harmonicMeanSpeed="1.95" length="5.00" nVehEntered="5"/>
    <interval begin="1080.00" end="1110.00" id="D8_3_1" nVehContrib="2" flow="240.00" occupancy="61.49" speed="2.50" harmonicMeanSpeed="0.57" length="5.00" nVehEntered="3"/>
    <interval begin="1110.00" end="1140.00" id="D8_3_1" nVehContrib="6" flow="720.00" occupancy="45.88" speed="2.58" harmonicMeanSpeed="2.27" length="5.00" nVehEntered="6"/>
    <interval begin="1140.00" end="1170.00" id="D8_3_1" nVehContrib="5" flow="600.00" occupancy="46.83" speed="2.04" harmonicMeanSpeed="1.78" length="5.00" nVehEntered="5"/>
    <interval begin="1170.00" end="1200.00" id="D8_3_1" nVehContrib="3" flow="360.00" occupancy="34.05" speed="1.44" harmonicMeanSpeed="1.30" length="5.00" nVehEntered="2"/>
    <interval begin="1200.00" end="1230.00" id="D8_3_1" nVehContrib="6" flow="720.00" occupancy="43.56" speed="2.69" harmonicMeanSpeed="2.30" length="5.00" nVehEntered="6"/>
    <interval begin="1230.00" end="1260.00" id="D8_3_1" nVehContrib="4" flow="480.00" occupancy="57.47" speed="1.23" harmonicMeanSpeed="1.16" length="5.00" nVehEntered="4"/>
    <interval begin="1260.00" end="1290.00" id="D8_3_1" nVehContrib="3" flow="360.00" occupancy="54.94" speed="1.42" harmonicMeanSpeed="1.18" length="5.00" nVehEntered="4"/>
    <interval begin="1290.00" end="1320.00" id="D8_3_1" nVehContrib="5" flow="600.00" occupancy="43.69" speed="1.82" harmonicMeanSpeed="1.48" length="5.00" nVehEntered="4"/>
    <interval begin="1320.00" end="1350.00" id="D8_3_1" nVehContrib="5" flow="600.00" occupancy="50.51" speed="2.19" harmonicMeanSpeed="1.65" length="5.00" nVehEntered="5"/>
    <interval begin="1350.00" end="1380.00" id="D8_3_1" nVehContrib="3" flow="360.00" occupancy="40.98" speed="1.48" harmonicMeanSpeed="1.22" length="5.00" nVehEntered="3"/>
    <interval begin="1380.00" end="1410.00" id="D8_3_1" nVehContrib="4" flow="480.00" occupancy="60.91" speed="1.16" harmonicMeanSpeed="1.09" length="5.00" nVehEntered="4"/>
    <interval begin="1410.00" end="1440.00" id="D8_3_1" nVehContrib="6" flow="720.00" occupancy="47.27" speed="2.93" harmonicMeanSpeed="2.12" length="5.00" nVehEntered="6"/>
    <interval begin="1440.00" end="1470.00" id="D8_3_1" nVehContrib="4" flow="480.00" occupancy="46.92" speed="1.45" harmonicMeanSpeed="1.42" length="5.00" nVehEntered="4"/>
    <interval begin="1470.00" end="1500.00" id="D8_3_1" nVehContrib="3" flow="360.00" occupancy="50.96" speed="1.22" harmonicMeanSpeed="1.10" length="5.00" nVehEntered="4"/>
    <interval begin="1500.00" end="1530.00" id="D8_3_1" nVehContrib="3" flow="360.00" occupancy="67.61" speed="0.77" harmonicMeanSpeed="0.68" length="5.00" nVehEntered="2"/>
    <interval begin="1530.00" end="1560.00" id="D8_3_1" nVehContrib="4" flow="480.00" occupancy="54.19" speed="1.26" harmonicMeanSpeed="1.23" length="5.00" nVehEntered="4"/>
    <interval begin="1560.00" end="1590.00" id="D8_3_1" nVehContrib="1" flow="120.00" occupancy="23.55" speed="1.38" harmonicMeanSpeed="1.38" length="5.00" nVehEntered="2"/>
    <interval begin="1590.00" end="1620.00" id="D8_3_1" nVehContrib="5" flow="600.00" occupancy="51.69" speed="1.39" harmonicMeanSpeed="1.32" length="5.00" nVehEntered="4"/>
    <interval begin="1620.00" end="1650.00" id="D8_3_1" nVehContrib="3" flow="360.00" occupancy="57.29" speed="0.94" harmonicMeanSpeed="0.88" length="5.00" nVehEntered="4"/>
    <interval begin="1650.00" end="1680.00" id="D8_3_1" nVehContrib="2" flow="240.00" occupancy="44.06" speed="1.05" harmonicMeanSpeed="0.97" length="5.00" nVehEntered="2"/>
    <interval begin="1680.00" end="1710.00" id="D8_3_1" nVehContrib="4" flow="480.00" occupancy="47.53" speed="1.17" harmonicMeanSpeed="1.16" length="5.00" nVehEntered="3"/>
    <interval begin="1710.00" end="1740.00" id="D8_3_1" nVehContrib="4" flow="480.00" occupancy="50.18" speed="1.37" harmonicMeanSpeed="1.33" length="5.00" nVehEntered="4"/>
    <interval begin="1740.00" end="1770.00" id="D8_3_1" nVehContrib="2" flow="240.00" occupancy="35.09" speed="1.03" harmonicMeanSpeed="0.95" length="5.00" nVehEntered="2"/>
    <interval begin="1770.00" end="1800.00" id="D8_3_1" nVehContrib="1" flow="120.00" occupancy="19.59" speed="0.85" harmonicMeanSpeed="0.85" length="5.00" nVehEntered="1"/>
    <interval begin="1800.00" end="1830.00" id="D8_3_1" nVehContrib="1" flow="120.00" occupancy="13.06" speed="1.28" harmonicMeanSpeed="1.28" length="5.00" nVehEntered="1"/>
    <interval begin="1830.00" end="1860.00" id="D8_3_1" nVehContrib="3" flow="360.00" occupancy="64.89" speed="0.92" harmonicMeanSpeed="0.77" length="5.00" nVehEntered="3"/>
    <interval begin="1860.00" end="1890.00" id="D8_3_1" nVehContrib="2" flow="240.00" occupancy="64.91" speed="0.99" harmonicMeanSpeed="0.90" length="5.00" nVehEntered="3"/>
    <interval begin="1890.00" end="1920.00" id="D8_3_1" nVehContrib="2" flow="240.00" occupancy="68.88" speed="0.42" harmonicMeanSpeed="0.37" length="5.00" nVehEntered="2"/>
    <interval begin="1920.00" end="1950.00" id="D8_3_1" nVehContrib="2" flow="240.00" occupancy="15.51" speed="1.59" harmonicMeanSpeed="1.54" length="5.00" nVehEntered="1"/>
    <interval begin="1950.00" end="1980.00" id="D8_3_1" nVehContrib="1" flow="120.00" occupancy="24.92" speed="0.67" harmonicMeanSpeed="0.67" length="5.00" nVehEntered="1"/>
    <interval begin="1980.00" end="2010.00" id="D8_3_1" nVehContrib="3" flow="360.00" occupancy="59.59" speed="1.09" harmonicMeanSpeed="0.86" length="5.00" nVehEntered="4"/>
    <interval begin="2010.00" end="2040.00" id="D8_3_1" nVehContrib="4" flow="480.00" occupancy="62.36" speed="1.18" harmonicMeanSpeed="1.04" length="5.00" nVehEntered="3"/>
    <interval begin="2040.00" end="2070.00" id="D8_3_1" nVehContrib="4" flow="480.00" occupancy="52.13" speed="1.31" harmonicMeanSpeed="1.30" length="5.00" nVehEntered="5"/>
    <interval begin="2070.00" end="2100.00" id="D8_3_1" nVehContrib="3" flow="360.00" occupancy="64.51" speed="1.21" harmonicMeanSpeed="1.21" length="5.00" nVehEntered="3"/>
    <interval begin="2100.00" end="2130.00" id="D8_3_1" nVehContrib="4" flow="480.00" occupancy="57.89" speed="0.97" harmonicMeanSpeed="0.81" length="5.00" nVehEntered="3"/>
    <interval begin="2130.00" end="2160.00" id="D8_3_1" nVehContrib="2" flow="240.00" occupancy="40.46" speed="0.97" harmonicMeanSpeed="0.82" length="5.00" nVehEntered="2"/>
    <interval begin="2160.00" end="2190.00" id="D8_3_1" nVehContrib="4" flow="480.00" occupancy="45.83" speed="1.52" harmonicMeanSpeed="1.45" length="5.00" nVehEntered="4"/>
    <interval begin="2190.00" end="2220.00" id="D8_3_1" nVehContrib="2" flow="240.00" occupancy="78.90" speed="0.74" harmonicMeanSpeed="0.42" length="5.00" nVehEntered="2"/>
    <interval begin="2220.00" end="2250.00" id="D8_3_1" nVehContrib="1" flow="120.00" occupancy="28.39" speed="1.68" harmonicMeanSpeed="1.68" length="5.00" nVehEntered="2"/>
    <interval begin="2250.00" end="2280.00" id="D8_3_1" nVehContrib="4" flow="480.00" occupancy="52.21" speed="1.43" harmonicMeanSpeed="0.95" length="5.00" nVehEntered="4"/>
    <interval begin="2280.00" end="2310.00" id="D8_3_1" nVehContrib="3" flow="360.00" occupancy="50.26" speed="1.02" harmonicMeanSpeed="0.98" length="5.00" nVehEntered="2"/>
    <interval begin="2310.00" end="2340.00" id="D8_3_1" nVehContrib="1" flow="120.00" occupancy="31.92" speed="0.72" harmonicMeanSpeed="0.72" length="5.00" nVehEntered="2"/>
    <interval begin="2340.00" end="2370.00" id="D8_3_1" nVehContrib="3" flow="360.00" occupancy="61.38" speed="0.93" harmonicMeanSpeed="0.72" length="5.00" nVehEntered="3"/>
    <interval begin="2370.00" end="2400.00" id="D8_3_1" nVehContrib="5" flow="600.00" occupancy="48.36" speed="1.80" harmonicMeanSpeed="1.69" length="5.00" nVehEntered="4"/>
    <interval begin="2400.00" end="2430.00" id="D8_3_1" nVehContrib="3" flow="360.00" occupancy="56.62" speed="1.54" harmonicMeanSpeed="1.08" length="5.00" nVehEntered="4"/>
    <interval begin="2430.00" end="2460.00" id="D8_3_1" nVehContrib="4" flow="480.00" occupancy="50.92" speed="1.28" harmonicMeanSpeed="1.24" length="5.00" nVehEntered="4"/>
    <interval begin="2460.00" end="2490.00" id="D8_3_1" nVehContrib="3" flow="360.00" occupancy="62.59" speed="0.97" harmonicMeanSpeed="0.84" length="5.00" nVehEntered="3"/>
    <interval begin="2490.00" end="2520.00" id="D8_3_1" nVehContrib="4" flow="480.00" occupancy="44.85" speed="1.54" harmonicMeanSpeed="1.19" length="5.00" nVehEntered="3"/>
    <interval begin="2520.00" end="2550.00" id="D8_3_1" nVehContrib="5" flow="600.00" occupancy="49.63" speed="2.06" harmonicMeanSpeed="1.68" length="5.00" nVehEntered="5"/>
    <interval begin="2550.00" end="2580.00" id="D8_3_1" nVehContrib="3" flow="360.00" occupancy="52.99" speed="1.13" harmonicMeanSpeed="1.13" length="5.00" nVehEntered="4"/>
    <interval begin="2580.00" end="2610.00" id="D8_3_1" nVehContrib="2" flow="240.00" occupancy="42.37" speed="0.78" harmonicMeanSpeed="0.67" length="5.00" nVehEntered="2"/>
    <interval begin="2610.00" end="2640.00" id="D8_3_1" nVehContrib="5" flow="600.00" occupancy="58.66" speed="2.31" harmonicMeanSpeed="1.57" length="5.00" nVehEntered="5"/>
    <interval begin="2640.00" end="2670.00" id="D8_3_1" nVehContrib="2" flow="240.00" occupancy="30.51" speed="1.02" harmonicMeanSpeed="0.89" length="5.00" nVehEntered="1"/>
    <interval begin="2670.00" end="2700.00" id="D8_3_1" nVehContrib="3" flow="360.00" occupancy="47.71" speed="1.06" harmonicMeanSpeed="1.05" length="5.00" nVehEntered="3"/>
    <interval begin="2700.00" end="2730.00" id="D8_3_1" nVehContrib="2" flow="240.00" occupancy="48.93" speed="0.89" harmonicMeanSpeed="0.82" length="5.00" nVehEntered="3"/>
    <interval begin="2730.00" end="2760.00" id="D8_3_1" nVehContrib="3" flow="360.00" occupancy="55.32" speed="1.12" harmonicMeanSpeed="0.99" length="5.00" nVehEntered="3"/>
    <interval begin="2760.00" end="2790.00" id="D8_3_1" nVehContrib="5" flow="600.00" occupancy="57.90" speed="1.19" harmonicMeanSpeed="1.17" length="5.00" nVehEntered="4"/>
    <interval begin="2790.00" end="2820.00" id="D8_3_1" nVehContrib="1" flow="120.00" occupancy="28.64" speed="0.68" harmonicMeanSpeed="0.68" length="5.00" nVehEntered="2"/>
    <interval begin="2820.00" end="2850.00" id="D8_3_1" nVehContrib="5" flow="600.00" occupancy="52.83" speed="1.87" harmonicMeanSpeed="1.63" length="5.00" nVehEntered="5"/>
    <interval begin="2850.00" end="2880.00" id="D8_3_1" nVehContrib="2" flow="240.00" occupancy="41.36" speed="0.92" harmonicMeanSpeed="0.81" length="5.00" nVehEntered="2"/>
    <interval begin="2880.00" end="2910.00" id="D8_3_1" nVehContrib="1" flow="120.00" occupancy="11.01" speed="0.99" harmonicMeanSpeed="0.99" length="5.00" nVehEntered="0"/>
    <interval begin="2910.00" end="2940.00" id="D8_3_1" nVehContrib="3" flow="360.00" occupancy="51.00" speed="1.05" harmonicMeanSpeed="1.04" length="5.00" nVehEntered="4"/>
    <interval begin="2940.00" end="2970.00" id="D8_3_1" nVehContrib="4" flow="480.00" occupancy="50.31" speed="1.32" harmonicMeanSpeed="1.25" length="5.00" nVehEntered="3"/>
    <interval begin="2970.00" end="3000.00" id="D8_3_1" nVehContrib="2" flow="240.00" occupancy="42.51" speed="0.83" harmonicMeanSpeed="0.79" length="5.00" nVehEntered="3"/>
    <interval begin="3000.00" end="3030.00" id="D8_3_1" nVehContrib="4" flow="480.00" occupancy="54.34" speed="2.47" harmonicMeanSpeed="1.81" length="5.00" nVehEntered="4"/>
    <interval begin="3030.00" end="3060.00" id="D8_3_1" nVehContrib="3" flow="360.00" occupancy="40.99" speed="1.11" harmonicMeanSpeed="0.85" length="5.00" nVehEntered="2"/>
    <interval begin="3060.00" end="3090.00" id="D8_3_1" nVehContrib="3" flow="360.00" occupancy="50.18" speed="1.07" harmonicMeanSpeed="1.00" length="5.00" nVehEntered="3"/>
    <interval begin="3090.00" end="3120.00" id="D8_3_1" nVehContrib="4" flow="480.00" occupancy="43.37" speed="2.07" harmonicMeanSpeed="1.58" length="5.00" nVehEntered="5"/>
    <interval begin="3120.00" end="3150.00" id="D8_3_1" nVehContrib="3" flow="360.00" occupancy="51.54" speed="1.14" harmonicMeanSpeed="1.04" length="5.00" nVehEntered="3"/>
    <interval begin="3150.00" end="3180.00" id="D8_3_1" nVehContrib="3" flow="360.00" occupancy="58.73" speed="0.80" harmonicMeanSpeed="0.79" length="5.00" nVehEntered="2"/>
    <interval begin="3180.00" end="3210.00" id="D8_3_1" nVehContrib="3" flow="360.00" occupancy="46.73" speed="1.16" harmonicMeanSpeed="1.07" length="5.00" nVehEntered="3"/>
    <interval begin="3210.00" end="3240.00" id="D8_3_1" nVehContrib="3" flow="360.00" occupancy="42.93" speed="1.33" harmonicMeanSpeed="1.19" length="5.00" nVehEntered="4"/>
    <interval begin="3240.00" end="3270.00" id="D8_3_1" nVehContrib="2" flow="240.00" occupancy="66.33" speed="0.78" harmonicMeanSpeed="0.50" length="5.00" nVehEntered="1"/>
    <interval begin="3270.00" end="3300.00" id="D8_3_1" nVehContrib="3" flow="360.00" occupancy="50.84" speed="1.26" harmonicMeanSpeed="0.98" length="5.00" nVehEntered="3"/>
    <interval begin="3300.00" end="3330.00" id="D8_3_1" nVehContrib="4" flow="480.00" occupancy="45.28" speed="1.48" harmonicMeanSpeed="1.47" length="5.00" nVehEntered="4"/>
    <interval begin="3330.00" end="3360.00" id="D8_3_1" nVehContrib="3" flow="360.00" occupancy="46.01" speed="1.24" harmonicMeanSpeed="1.19" length="5.00" nVehEntered="4"/>
    <interval begin="3360.00" end="3390.00" id="D8_3_1" nVehContrib="3" flow="360.00" occupancy="64.08" speed="0.92" harmonicMeanSpeed="0.86" length="5.00" nVehEntered="3"/>
    <interval begin="3390.00" end="3420.00" id="D8_3_1" nVehContrib="5" flow="600.00" occupancy="51.95" speed="1.46" harmonicMeanSpeed="1.35" length="5.00" nVehEntered="4"/>
    <interval begin="3420.00" end="3450.00" id="D8_3_1" nVehContrib="3" flow="360.00" occupancy="54.78" speed="1.45" harmonicMeanSpeed="1.25" length="5.00" nVehEntered="4"/>
    <interval begin="3450.00" end="3480.00" id="D8_3_1" nVehContrib="4" flow="480.00" occupancy="54.66" speed="1.76" harmonicMeanSpeed="1.04" length="5.00" nVehEntered="4"/>
    <interval begin="3480.00" end="3510.00" id="D8_3_1" nVehContrib="4" flow="480.00" occupancy="65.93" speed="1.02" harmonicMeanSpeed="0.94" length="5.00" nVehEntered="3"/>
    <interval begin="3510.00" end="3540.00" id="D8_3_1" nVehContrib="4" flow="480.00" occupancy="53.55" speed="1.30" harmonicMeanSpeed="1.24" length="5.00" nVehEntered="4"/>
    <interval begin="3540.00" end="3570.00" id="D8_3_1" nVehContrib="1" flow="120.00" occupancy="48.66" speed="0.51" harmonicMeanSpeed="0.51" length="5.00" nVehEntered="2"/>
    <interval begin="3570.00" end="3600.00" id="D8_3_1" nVehContrib="5" flow="600.00" occupancy="49.10" speed="1.74" harmonicMeanSpeed="1.48" length="5.00" nVehEntered="5"/>
    <interval begin="3600.00" end="3605.00" id="D8_3_1" nVehContrib="0" flow="0.00" occupancy="100.00" speed="-1.00" harmonicMeanSpeed="-1.00" length="-1.00" nVehEntered="0"/>
</detector>
