<?xml version="1.0" encoding="UTF-8"?>

<!-- generated on 02/02/20 10:23:44 by Eclipse SUMO Version 1.3.1
<configuration xmlns:xsi="http://www.w3.org/2001/XMLSchema-instance" xsi:noNamespaceSchemaLocation="http://sumo.dlr.de/xsd/sumoConfiguration.xsd">

    <input>
        <net-file value="gnet.net.xml"/>
        <route-files value="grou.rou.xml"/>
        <additional-files value="gadd.additional.xml"/>
    </input>

    <output>
        <queue-output value="Queue.xml"/>
        <summary-output value="Summary.xml"/>
        <tripinfo-output value="output-tripinfos.xml"/>
    </output>

    <time>
        <begin value="0"/>
        <end value="3600"/>
    </time>

    <processing>
        <time-to-teleport value="3600"/>
    </processing>

    <traci_server>
        <remote-port value="10631"/>
    </traci_server>

    <gui_only>
        <gui-settings-file value="gview.view.xml"/>
        <quit-on-end value="true"/>
        <start value="true"/>
    </gui_only>

</configuration>
-->

<detector xmlns:xsi="http://www.w3.org/2001/XMLSchema-instance" xsi:noNamespaceSchemaLocation="http://sumo.dlr.de/xsd/det_e1_file.xsd">
    <interval begin="0.00" end="30.00" id="D8_3_0" nVehContrib="5" flow="600.00" occupancy="3.35" speed="24.90" harmonicMeanSpeed="24.88" length="5.00" nVehEntered="5"/>
    <interval begin="30.00" end="60.00" id="D8_3_0" nVehContrib="9" flow="1080.00" occupancy="6.17" speed="24.36" harmonicMeanSpeed="24.32" length="5.00" nVehEntered="9"/>
    <interval begin="60.00" end="90.00" id="D8_3_0" nVehContrib="4" flow="480.00" occupancy="2.65" speed="25.16" harmonicMeanSpeed="25.12" length="5.00" nVehEntered="4"/>
    <interval begin="90.00" end="120.00" id="D8_3_0" nVehContrib="3" flow="360.00" occupancy="2.04" speed="24.51" harmonicMeanSpeed="24.51" length="5.00" nVehEntered="3"/>
    <interval begin="120.00" end="150.00" id="D8_3_0" nVehContrib="8" flow="960.00" occupancy="5.27" speed="25.33" harmonicMeanSpeed="25.32" length="5.00" nVehEntered="8"/>
    <interval begin="150.00" end="180.00" id="D8_3_0" nVehContrib="6" flow="720.00" occupancy="3.95" speed="25.36" harmonicMeanSpeed="25.33" length="5.00" nVehEntered="6"/>
    <interval begin="180.00" end="210.00" id="D8_3_0" nVehContrib="3" flow="360.00" occupancy="2.03" speed="24.60" harmonicMeanSpeed="24.59" length="5.00" nVehEntered="3"/>
    <interval begin="210.00" end="240.00" id="D8_3_0" nVehContrib="7" flow="840.00" occupancy="4.76" speed="24.51" harmonicMeanSpeed="24.49" length="5.00" nVehEntered="7"/>
    <interval begin="240.00" end="270.00" id="D8_3_0" nVehContrib="5" flow="600.00" occupancy="3.34" speed="24.96" harmonicMeanSpeed="24.95" length="5.00" nVehEntered="5"/>
    <interval begin="270.00" end="300.00" id="D8_3_0" nVehContrib="3" flow="360.00" occupancy="1.97" speed="25.36" harmonicMeanSpeed="25.35" length="5.00" nVehEntered="3"/>
    <interval begin="300.00" end="330.00" id="D8_3_0" nVehContrib="3" flow="360.00" occupancy="2.07" speed="24.13" harmonicMeanSpeed="24.12" length="5.00" nVehEntered="3"/>
    <interval begin="330.00" end="360.00" id="D8_3_0" nVehContrib="7" flow="840.00" occupancy="4.80" speed="24.31" harmonicMeanSpeed="24.29" length="5.00" nVehEntered="7"/>
    <interval begin="360.00" end="390.00" id="D8_3_0" nVehContrib="3" flow="360.00" occupancy="2.00" speed="25.03" harmonicMeanSpeed="24.98" length="5.00" nVehEntered="3"/>
    <interval begin="390.00" end="420.00" id="D8_3_0" nVehContrib="4" flow="480.00" occupancy="2.83" speed="23.64" harmonicMeanSpeed="23.58" length="5.00" nVehEntered="4"/>
    <interval begin="420.00" end="450.00" id="D8_3_0" nVehContrib="6" flow="720.00" occupancy="3.92" speed="25.51" harmonicMeanSpeed="25.50" length="5.00" nVehEntered="6"/>
    <interval begin="450.00" end="480.00" id="D8_3_0" nVehContrib="5" flow="600.00" occupancy="3.29" speed="25.32" harmonicMeanSpeed="25.29" length="5.00" nVehEntered="5"/>
    <interval begin="480.00" end="510.00" id="D8_3_0" nVehContrib="3" flow="360.00" occupancy="2.15" speed="23.28" harmonicMeanSpeed="23.20" length="5.00" nVehEntered="3"/>
    <interval begin="510.00" end="540.00" id="D8_3_0" nVehContrib="3" flow="360.00" occupancy="1.99" speed="25.12" harmonicMeanSpeed="25.08" length="5.00" nVehEntered="3"/>
    <interval begin="540.00" end="570.00" id="D8_3_0" nVehContrib="4" flow="480.00" occupancy="2.55" speed="26.17" harmonicMeanSpeed="26.16" length="5.00" nVehEntered="4"/>
    <interval begin="570.00" end="600.00" id="D8_3_0" nVehContrib="4" flow="480.00" occupancy="2.69" speed="24.78" harmonicMeanSpeed="24.77" length="5.00" nVehEntered="4"/>
    <interval begin="600.00" end="630.00" id="D8_3_0" nVehContrib="4" flow="480.00" occupancy="2.89" speed="23.19" harmonicMeanSpeed="23.10" length="5.00" nVehEntered="4"/>
    <interval begin="630.00" end="660.00" id="D8_3_0" nVehContrib="7" flow="840.00" occupancy="4.65" speed="25.10" harmonicMeanSpeed="25.09" length="5.00" nVehEntered="7"/>
    <interval begin="660.00" end="690.00" id="D8_3_0" nVehContrib="4" flow="480.00" occupancy="2.68" speed="24.92" harmonicMeanSpeed="24.91" length="5.00" nVehEntered="4"/>
    <interval begin="690.00" end="720.00" id="D8_3_0" nVehContrib="3" flow="360.00" occupancy="2.08" speed="24.02" harmonicMeanSpeed="24.01" length="5.00" nVehEntered="3"/>
    <interval begin="720.00" end="750.00" id="D8_3_0" nVehContrib="3" flow="360.00" occupancy="2.08" speed="24.01" harmonicMeanSpeed="24.01" length="5.00" nVehEntered="3"/>
    <interval begin="750.00" end="780.00" id="D8_3_0" nVehContrib="4" flow="480.00" occupancy="3.23" speed="20.73" harmonicMeanSpeed="20.64" length="5.00" nVehEntered="4"/>
    <interval begin="780.00" end="810.00" id="D8_3_0" nVehContrib="3" flow="360.00" occupancy="3.02" speed="16.74" harmonicMeanSpeed="16.56" length="5.00" nVehEntered="3"/>
    <interval begin="810.00" end="840.00" id="D8_3_0" nVehContrib="2" flow="240.00" occupancy="2.08" speed="16.16" harmonicMeanSpeed="16.04" length="5.00" nVehEntered="2"/>
    <interval begin="840.00" end="870.00" id="D8_3_0" nVehContrib="4" flow="480.00" occupancy="4.45" speed="15.10" harmonicMeanSpeed="14.98" length="5.00" nVehEntered="4"/>
    <interval begin="870.00" end="900.00" id="D8_3_0" nVehContrib="4" flow="480.00" occupancy="4.01" speed="16.70" harmonicMeanSpeed="16.64" length="5.00" nVehEntered="4"/>
    <interval begin="900.00" end="930.00" id="D8_3_0" nVehContrib="3" flow="360.00" occupancy="3.22" speed="15.80" harmonicMeanSpeed="15.55" length="5.00" nVehEntered="3"/>
    <interval begin="930.00" end="960.00" id="D8_3_0" nVehContrib="3" flow="360.00" occupancy="3.65" speed="13.82" harmonicMeanSpeed="13.71" length="5.00" nVehEntered="3"/>
    <interval begin="960.00" end="990.00" id="D8_3_0" nVehContrib="3" flow="360.00" occupancy="2.98" speed="16.94" harmonicMeanSpeed="16.76" length="5.00" nVehEntered="3"/>
    <interval begin="990.00" end="1020.00" id="D8_3_0" nVehContrib="3" flow="360.00" occupancy="4.01" speed="12.99" harmonicMeanSpeed="12.47" length="5.00" nVehEntered="3"/>
    <interval begin="1020.00" end="1050.00" id="D8_3_0" nVehContrib="4" flow="480.00" occupancy="5.48" speed="12.31" harmonicMeanSpeed="12.18" length="5.00" nVehEntered="4"/>
    <interval begin="1050.00" end="1080.00" id="D8_3_0" nVehContrib="4" flow="480.00" occupancy="17.39" speed="6.76" harmonicMeanSpeed="6.39" length="5.00" nVehEntered="5"/>
    <interval begin="1080.00" end="1110.00" id="D8_3_0" nVehContrib="3" flow="360.00" occupancy="72.32" speed="2.42" harmonicMeanSpeed="0.63" length="5.00" nVehEntered="2"/>
    <interval begin="1110.00" end="1140.00" id="D8_3_0" nVehContrib="6" flow="720.00" occupancy="46.30" speed="2.63" harmonicMeanSpeed="2.16" length="5.00" nVehEntered="6"/>
    <interval begin="1140.00" end="1170.00" id="D8_3_0" nVehContrib="5" flow="600.00" occupancy="19.63" speed="5.83" harmonicMeanSpeed="4.25" length="5.00" nVehEntered="5"/>
    <interval begin="1170.00" end="1200.00" id="D8_3_0" nVehContrib="3" flow="360.00" occupancy="29.61" speed="3.57" harmonicMeanSpeed="1.69" length="5.00" nVehEntered="3"/>
    <interval begin="1200.00" end="1230.00" id="D8_3_0" nVehContrib="6" flow="720.00" occupancy="21.07" speed="6.02" harmonicMeanSpeed="4.75" length="5.00" nVehEntered="6"/>
    <interval begin="1230.00" end="1260.00" id="D8_3_0" nVehContrib="4" flow="480.00" occupancy="22.94" speed="4.51" harmonicMeanSpeed="3.25" length="5.00" nVehEntered="5"/>
    <interval begin="1260.00" end="1290.00" id="D8_3_0" nVehContrib="4" flow="480.00" occupancy="57.05" speed="1.53" harmonicMeanSpeed="1.29" length="5.00" nVehEntered="4"/>
    <interval begin="1290.00" end="1320.00" id="D8_3_0" nVehContrib="4" flow="480.00" occupancy="44.44" speed="1.40" harmonicMeanSpeed="1.27" length="5.00" nVehEntered="3"/>
    <interval begin="1320.00" end="1350.00" id="D8_3_0" nVehContrib="6" flow="720.00" occupancy="56.86" speed="2.62" harmonicMeanSpeed="1.76" length="5.00" nVehEntered="6"/>
    <interval begin="1350.00" end="1380.00" id="D8_3_0" nVehContrib="3" flow="360.00" occupancy="36.50" speed="1.75" harmonicMeanSpeed="1.37" length="5.00" nVehEntered="3"/>
    <interval begin="1380.00" end="1410.00" id="D8_3_0" nVehContrib="4" flow="480.00" occupancy="61.62" speed="1.15" harmonicMeanSpeed="1.08" length="5.00" nVehEntered="4"/>
    <interval begin="1410.00" end="1440.00" id="D8_3_0" nVehContrib="6" flow="720.00" occupancy="47.89" speed="2.81" harmonicMeanSpeed="2.09" length="5.00" nVehEntered="6"/>
    <interval begin="1440.00" end="1470.00" id="D8_3_0" nVehContrib="4" flow="480.00" occupancy="46.86" speed="1.46" harmonicMeanSpeed="1.42" length="5.00" nVehEntered="4"/>
    <interval begin="1470.00" end="1500.00" id="D8_3_0" nVehContrib="3" flow="360.00" occupancy="53.02" speed="1.12" harmonicMeanSpeed="1.07" length="5.00" nVehEntered="4"/>
    <interval begin="1500.00" end="1530.00" id="D8_3_0" nVehContrib="2" flow="240.00" occupancy="59.14" speed="0.52" harmonicMeanSpeed="0.52" length="5.00" nVehEntered="2"/>
    <interval begin="1530.00" end="1560.00" id="D8_3_0" nVehContrib="4" flow="480.00" occupancy="60.74" speed="1.18" harmonicMeanSpeed="1.07" length="5.00" nVehEntered="3"/>
    <interval begin="1560.00" end="1590.00" id="D8_3_0" nVehContrib="1" flow="120.00" occupancy="34.87" speed="0.95" harmonicMeanSpeed="0.95" length="5.00" nVehEntered="2"/>
    <interval begin="1590.00" end="1620.00" id="D8_3_0" nVehContrib="5" flow="600.00" occupancy="54.07" speed="1.36" harmonicMeanSpeed="1.17" length="5.00" nVehEntered="4"/>
    <interval begin="1620.00" end="1650.00" id="D8_3_0" nVehContrib="3" flow="360.00" occupancy="59.88" speed="0.92" harmonicMeanSpeed="0.84" length="5.00" nVehEntered="3"/>
    <interval begin="1650.00" end="1680.00" id="D8_3_0" nVehContrib="2" flow="240.00" occupancy="45.64" speed="0.97" harmonicMeanSpeed="0.93" length="5.00" nVehEntered="3"/>
    <interval begin="1680.00" end="1710.00" id="D8_3_0" nVehContrib="3" flow="360.00" occupancy="53.86" speed="1.08" harmonicMeanSpeed="0.99" length="5.00" nVehEntered="3"/>
    <interval begin="1710.00" end="1740.00" id="D8_3_0" nVehContrib="5" flow="600.00" occupancy="48.64" speed="1.38" harmonicMeanSpeed="1.34" length="5.00" nVehEntered="4"/>
    <interval begin="1740.00" end="1770.00" id="D8_3_0" nVehContrib="2" flow="240.00" occupancy="32.26" speed="1.06" harmonicMeanSpeed="1.03" length="5.00" nVehEntered="2"/>
    <interval begin="1770.00" end="1800.00" id="D8_3_0" nVehContrib="0" flow="0.00" occupancy="19.97" speed="-1.00" harmonicMeanSpeed="-1.00" length="-1.00" nVehEntered="1"/>
    <interval begin="1800.00" end="1830.00" id="D8_3_0" nVehContrib="3" flow="360.00" occupancy="53.11" speed="0.71" harmonicMeanSpeed="0.68" length="5.00" nVehEntered="2"/>
    <interval begin="1830.00" end="1860.00" id="D8_3_0" nVehContrib="3" flow="360.00" occupancy="65.20" speed="1.00" harmonicMeanSpeed="0.77" length="5.00" nVehEntered="3"/>
    <interval begin="1860.00" end="1890.00" id="D8_3_0" nVehContrib="2" flow="240.00" occupancy="63.63" speed="1.09" harmonicMeanSpeed="0.88" length="5.00" nVehEntered="3"/>
    <interval begin="1890.00" end="1920.00" id="D8_3_0" nVehContrib="3" flow="360.00" occupancy="64.34" speed="0.56" harmonicMeanSpeed="0.56" length="5.00" nVehEntered="2"/>
    <interval begin="1920.00" end="1950.00" id="D8_3_0" nVehContrib="1" flow="120.00" occupancy="56.32" speed="1.01" harmonicMeanSpeed="1.01" length="5.00" nVehEntered="2"/>
    <interval begin="1950.00" end="1980.00" id="D8_3_0" nVehContrib="3" flow="360.00" occupancy="51.53" speed="0.74" harmonicMeanSpeed="0.55" length="5.00" nVehEntered="2"/>
    <interval begin="1980.00" end="2010.00" id="D8_3_0" nVehContrib="3" flow="360.00" occupancy="55.64" speed="1.35" harmonicMeanSpeed="1.01" length="5.00" nVehEntered="4"/>
    <interval begin="2010.00" end="2040.00" id="D8_3_0" nVehContrib="3" flow="360.00" occupancy="41.63" speed="1.26" harmonicMeanSpeed="1.04" length="5.00" nVehEntered="2"/>
    <interval begin="2040.00" end="2070.00" id="D8_3_0" nVehContrib="4" flow="480.00" occupancy="59.45" speed="1.20" harmonicMeanSpeed="1.12" length="5.00" nVehEntered="4"/>
    <interval begin="2070.00" end="2100.00" id="D8_3_0" nVehContrib="3" flow="360.00" occupancy="58.77" speed="1.25" harmonicMeanSpeed="1.23" length="5.00" nVehEntered="4"/>
    <interval begin="2100.00" end="2130.00" id="D8_3_0" nVehContrib="3" flow="360.00" occupancy="61.63" speed="0.86" harmonicMeanSpeed="0.77" length="5.00" nVehEntered="3"/>
    <interval begin="2130.00" end="2160.00" id="D8_3_0" nVehContrib="3" flow="360.00" occupancy="38.64" speed="1.34" harmonicMeanSpeed="0.94" length="5.00" nVehEntered="2"/>
    <interval begin="2160.00" end="2190.00" id="D8_3_0" nVehContrib="4" flow="480.00" occupancy="57.98" speed="1.17" harmonicMeanSpeed="1.15" length="5.00" nVehEntered="4"/>
    <interval begin="2190.00" end="2220.00" id="D8_3_0" nVehContrib="2" flow="240.00" occupancy="73.86" speed="0.88" harmonicMeanSpeed="0.46" length="5.00" nVehEntered="3"/>
    <interval begin="2220.00" end="2250.00" id="D8_3_0" nVehContrib="2" flow="240.00" occupancy="45.47" speed="1.13" harmonicMeanSpeed="1.00" length="5.00" nVehEntered="2"/>
    <interval begin="2250.00" end="2280.00" id="D8_3_0" nVehContrib="5" flow="600.00" occupancy="57.75" speed="1.43" harmonicMeanSpeed="1.16" length="5.00" nVehEntered="4"/>
    <interval begin="2280.00" end="2310.00" id="D8_3_0" nVehContrib="3" flow="360.00" occupancy="53.40" speed="1.10" harmonicMeanSpeed="1.07" length="5.00" nVehEntered="4"/>
    <interval begin="2310.00" end="2340.00" id="D8_3_0" nVehContrib="2" flow="240.00" occupancy="61.31" speed="0.64" harmonicMeanSpeed="0.57" length="5.00" nVehEntered="2"/>
    <interval begin="2340.00" end="2370.00" id="D8_3_0" nVehContrib="4" flow="480.00" occupancy="60.50" speed="1.69" harmonicMeanSpeed="0.95" length="5.00" nVehEntered="3"/>
    <interval begin="2370.00" end="2400.00" id="D8_3_0" nVehContrib="6" flow="720.00" occupancy="45.49" speed="2.56" harmonicMeanSpeed="2.20" length="5.00" nVehEntered="6"/>
    <interval begin="2400.00" end="2430.00" id="D8_3_0" nVehContrib="3" flow="360.00" occupancy="59.38" speed="0.96" harmonicMeanSpeed="0.92" length="5.00" nVehEntered="4"/>
    <interval begin="2430.00" end="2460.00" id="D8_3_0" nVehContrib="3" flow="360.00" occupancy="55.41" speed="0.93" harmonicMeanSpeed="0.82" length="5.00" nVehEntered="2"/>
    <interval begin="2460.00" end="2490.00" id="D8_3_0" nVehContrib="3" flow="360.00" occupancy="56.76" speed="0.98" harmonicMeanSpeed="0.88" length="5.00" nVehEntered="3"/>
    <interval begin="2490.00" end="2520.00" id="D8_3_0" nVehContrib="4" flow="480.00" occupancy="38.42" speed="2.03" harmonicMeanSpeed="1.74" length="5.00" nVehEntered="4"/>
    <interval begin="2520.00" end="2550.00" id="D8_3_0" nVehContrib="5" flow="600.00" occupancy="49.68" speed="2.26" harmonicMeanSpeed="1.68" length="5.00" nVehEntered="5"/>
    <interval begin="2550.00" end="2580.00" id="D8_3_0" nVehContrib="3" flow="360.00" occupancy="54.18" speed="1.24" harmonicMeanSpeed="1.13" length="5.00" nVehEntered="4"/>
    <interval begin="2580.00" end="2610.00" id="D8_3_0" nVehContrib="3" flow="360.00" occupancy="53.21" speed="0.97" harmonicMeanSpeed="0.83" length="5.00" nVehEntered="3"/>
    <interval begin="2610.00" end="2640.00" id="D8_3_0" nVehContrib="6" flow="720.00" occupancy="49.69" speed="2.67" harmonicMeanSpeed="2.15" length="5.00" nVehEntered="6"/>
    <interval begin="2640.00" end="2670.00" id="D8_3_0" nVehContrib="3" flow="360.00" occupancy="48.93" speed="1.12" harmonicMeanSpeed="0.91" length="5.00" nVehEntered="2"/>
    <interval begin="2670.00" end="2700.00" id="D8_3_0" nVehContrib="4" flow="480.00" occupancy="47.03" speed="2.19" harmonicMeanSpeed="2.15" length="5.00" nVehEntered="5"/>
    <interval begin="2700.00" end="2730.00" id="D8_3_0" nVehContrib="4" flow="480.00" occupancy="45.22" speed="1.27" harmonicMeanSpeed="1.22" length="5.00" nVehEntered="4"/>
    <interval begin="2730.00" end="2760.00" id="D8_3_0" nVehContrib="2" flow="240.00" occupancy="39.08" speed="0.88" harmonicMeanSpeed="0.73" length="5.00" nVehEntered="1"/>
    <interval begin="2760.00" end="2790.00" id="D8_3_0" nVehContrib="2" flow="240.00" occupancy="45.43" speed="1.51" harmonicMeanSpeed="1.14" length="5.00" nVehEntered="3"/>
    <interval begin="2790.00" end="2820.00" id="D8_3_0" nVehContrib="2" flow="240.00" occupancy="27.18" speed="0.79" harmonicMeanSpeed="0.78" length="5.00" nVehEntered="2"/>
    <interval begin="2820.00" end="2850.00" id="D8_3_0" nVehContrib="5" flow="600.00" occupancy="49.82" speed="2.33" harmonicMeanSpeed="1.99" length="5.00" nVehEntered="5"/>
    <interval begin="2850.00" end="2880.00" id="D8_3_0" nVehContrib="2" flow="240.00" occupancy="42.59" speed="0.78" harmonicMeanSpeed="0.72" length="5.00" nVehEntered="2"/>
    <interval begin="2880.00" end="2910.00" id="D8_3_0" nVehContrib="2" flow="240.00" occupancy="31.90" speed="1.22" harmonicMeanSpeed="1.22" length="5.00" nVehEntered="2"/>
    <interval begin="2910.00" end="2940.00" id="D8_3_0" nVehContrib="5" flow="600.00" occupancy="49.59" speed="2.07" harmonicMeanSpeed="1.63" length="5.00" nVehEntered="5"/>
    <interval begin="2940.00" end="2970.00" id="D8_3_0" nVehContrib="4" flow="480.00" occupancy="51.44" speed="1.39" harmonicMeanSpeed="1.36" length="5.00" nVehEntered="4"/>
    <interval begin="2970.00" end="3000.00" id="D8_3_0" nVehContrib="4" flow="480.00" occupancy="46.24" speed="1.92" harmonicMeanSpeed="1.18" length="5.00" nVehEntered="3"/>
    <interval begin="3000.00" end="3030.00" id="D8_3_0" nVehContrib="3" flow="360.00" occupancy="53.53" speed="1.49" harmonicMeanSpeed="1.33" length="5.00" nVehEntered="4"/>
    <interval begin="3030.00" end="3060.00" id="D8_3_0" nVehContrib="1" flow="120.00" occupancy="79.94" speed="0.20" harmonicMeanSpeed="0.20" length="5.00" nVehEntered="1"/>
    <interval begin="3060.00" end="3090.00" id="D8_3_0" nVehContrib="4" flow="480.00" occupancy="51.04" speed="1.16" harmonicMeanSpeed="1.07" length="5.00" nVehEntered="3"/>
    <interval begin="3090.00" end="3120.00" id="D8_3_0" nVehContrib="2" flow="240.00" occupancy="61.49" speed="0.67" harmonicMeanSpeed="0.54" length="5.00" nVehEntered="2"/>
    <interval begin="3120.00" end="3150.00" id="D8_3_0" nVehContrib="3" flow="360.00" occupancy="55.81" speed="1.05" harmonicMeanSpeed="0.99" length="5.00" nVehEntered="4"/>
    <interval begin="3150.00" end="3180.00" id="D8_3_0" nVehContrib="3" flow="360.00" occupancy="53.01" speed="0.89" harmonicMeanSpeed="0.86" length="5.00" nVehEntered="2"/>
    <interval begin="3180.00" end="3210.00" id="D8_3_0" nVehContrib="2" flow="240.00" occupancy="52.00" speed="0.65" harmonicMeanSpeed="0.64" length="5.00" nVehEntered="2"/>
    <interval begin="3210.00" end="3240.00" id="D8_3_0" nVehContrib="4" flow="480.00" occupancy="51.33" speed="1.35" harmonicMeanSpeed="1.33" length="5.00" nVehEntered="5"/>
    <interval begin="3240.00" end="3270.00" id="D8_3_0" nVehContrib="2" flow="240.00" occupancy="69.80" speed="0.79" harmonicMeanSpeed="0.47" length="5.00" nVehEntered="1"/>
    <interval begin="3270.00" end="3300.00" id="D8_3_0" nVehContrib="3" flow="360.00" occupancy="53.80" speed="1.58" harmonicMeanSpeed="0.93" length="5.00" nVehEntered="3"/>
    <interval begin="3300.00" end="3330.00" id="D8_3_0" nVehContrib="4" flow="480.00" occupancy="54.78" speed="1.28" harmonicMeanSpeed="1.22" length="5.00" nVehEntered="4"/>
    <interval begin="3330.00" end="3360.00" id="D8_3_0" nVehContrib="3" flow="360.00" occupancy="46.97" speed="1.11" harmonicMeanSpeed="1.08" length="5.00" nVehEntered="4"/>
    <interval begin="3360.00" end="3390.00" id="D8_3_0" nVehContrib="2" flow="240.00" occupancy="50.87" speed="0.74" harmonicMeanSpeed="0.74" length="5.00" nVehEntered="2"/>
    <interval begin="3390.00" end="3420.00" id="D8_3_0" nVehContrib="5" flow="600.00" occupancy="48.98" speed="1.73" harmonicMeanSpeed="1.53" length="5.00" nVehEntered="5"/>
    <interval begin="3420.00" end="3450.00" id="D8_3_0" nVehContrib="4" flow="480.00" occupancy="52.17" speed="1.81" harmonicMeanSpeed="1.37" length="5.00" nVehEntered="4"/>
    <interval begin="3450.00" end="3480.00" id="D8_3_0" nVehContrib="5" flow="600.00" occupancy="41.97" speed="2.58" harmonicMeanSpeed="1.82" length="5.00" nVehEntered="5"/>
    <interval begin="3480.00" end="3510.00" id="D8_3_0" nVehContrib="4" flow="480.00" occupancy="63.12" speed="1.08" harmonicMeanSpeed="1.04" length="5.00" nVehEntered="3"/>
    <interval begin="3510.00" end="3540.00" id="D8_3_0" nVehContrib="4" flow="480.00" occupancy="51.72" speed="1.33" harmonicMeanSpeed="1.29" length="5.00" nVehEntered="4"/>
    <interval begin="3540.00" end="3570.00" id="D8_3_0" nVehContrib="0" flow="0.00" occupancy="91.72" speed="-1.00" harmonicMeanSpeed="-1.00" length="-1.00" nVehEntered="1"/>
    <interval begin="3570.00" end="3600.00" id="D8_3_0" nVehContrib="5" flow="600.00" occupancy="51.96" speed="1.54" harmonicMeanSpeed="0.62" length="5.00" nVehEntered="5"/>
    <interval begin="3600.00" end="3605.00" id="D8_3_0" nVehContrib="1" flow="720.00" occupancy="49.62" speed="0.90" harmonicMeanSpeed="0.90" length="5.00" nVehEntered="0"/>
</detector>
