<?xml version="1.0" encoding="UTF-8"?>

<!-- generated on 02/02/20 10:23:45 by Eclipse SUMO Version 1.3.1
<configuration xmlns:xsi="http://www.w3.org/2001/XMLSchema-instance" xsi:noNamespaceSchemaLocation="http://sumo.dlr.de/xsd/sumoConfiguration.xsd">

    <input>
        <net-file value="gnet.net.xml"/>
        <route-files value="grou.rou.xml"/>
        <additional-files value="gadd.additional.xml"/>
    </input>

    <output>
        <queue-output value="Queue.xml"/>
        <summary-output value="Summary.xml"/>
        <tripinfo-output value="output-tripinfos.xml"/>
    </output>

    <time>
        <begin value="0"/>
        <end value="3600"/>
    </time>

    <processing>
        <time-to-teleport value="3600"/>
    </processing>

    <traci_server>
        <remote-port value="10631"/>
    </traci_server>

    <gui_only>
        <gui-settings-file value="gview.view.xml"/>
        <quit-on-end value="true"/>
        <start value="true"/>
    </gui_only>

</configuration>
-->

<detector xmlns:xsi="http://www.w3.org/2001/XMLSchema-instance" xsi:noNamespaceSchemaLocation="http://sumo.dlr.de/xsd/det_e1_file.xsd">
    <interval begin="0.00" end="30.00" id="D8_3_2" nVehContrib="1" flow="120.00" occupancy="0.64" speed="25.89" harmonicMeanSpeed="25.89" length="5.00" nVehEntered="1"/>
    <interval begin="30.00" end="60.00" id="D8_3_2" nVehContrib="1" flow="120.00" occupancy="0.64" speed="25.86" harmonicMeanSpeed="25.86" length="5.00" nVehEntered="1"/>
    <interval begin="60.00" end="90.00" id="D8_3_2" nVehContrib="1" flow="120.00" occupancy="0.70" speed="23.67" harmonicMeanSpeed="23.67" length="5.00" nVehEntered="1"/>
    <interval begin="90.00" end="120.00" id="D8_3_2" nVehContrib="1" flow="120.00" occupancy="0.70" speed="23.85" harmonicMeanSpeed="23.85" length="5.00" nVehEntered="1"/>
    <interval begin="120.00" end="150.00" id="D8_3_2" nVehContrib="1" flow="120.00" occupancy="0.65" speed="25.59" harmonicMeanSpeed="25.59" length="5.00" nVehEntered="1"/>
    <interval begin="150.00" end="180.00" id="D8_3_2" nVehContrib="1" flow="120.00" occupancy="0.67" speed="25.02" harmonicMeanSpeed="25.02" length="5.00" nVehEntered="1"/>
    <interval begin="180.00" end="210.00" id="D8_3_2" nVehContrib="1" flow="120.00" occupancy="0.68" speed="24.52" harmonicMeanSpeed="24.52" length="5.00" nVehEntered="1"/>
    <interval begin="210.00" end="240.00" id="D8_3_2" nVehContrib="1" flow="120.00" occupancy="0.69" speed="24.17" harmonicMeanSpeed="24.17" length="5.00" nVehEntered="1"/>
    <interval begin="240.00" end="270.00" id="D8_3_2" nVehContrib="0" flow="0.00" occupancy="0.00" speed="-1.00" harmonicMeanSpeed="-1.00" length="-1.00" nVehEntered="0"/>
    <interval begin="270.00" end="300.00" id="D8_3_2" nVehContrib="1" flow="120.00" occupancy="0.71" speed="23.53" harmonicMeanSpeed="23.53" length="5.00" nVehEntered="1"/>
    <interval begin="300.00" end="330.00" id="D8_3_2" nVehContrib="1" flow="120.00" occupancy="0.69" speed="24.26" harmonicMeanSpeed="24.26" length="5.00" nVehEntered="1"/>
    <interval begin="330.00" end="360.00" id="D8_3_2" nVehContrib="1" flow="120.00" occupancy="0.67" speed="24.77" harmonicMeanSpeed="24.77" length="5.00" nVehEntered="1"/>
    <interval begin="360.00" end="390.00" id="D8_3_2" nVehContrib="1" flow="120.00" occupancy="0.67" speed="24.91" harmonicMeanSpeed="24.91" length="5.00" nVehEntered="1"/>
    <interval begin="390.00" end="420.00" id="D8_3_2" nVehContrib="1" flow="120.00" occupancy="0.62" speed="27.00" harmonicMeanSpeed="27.00" length="5.00" nVehEntered="1"/>
    <interval begin="420.00" end="450.00" id="D8_3_2" nVehContrib="1" flow="120.00" occupancy="0.64" speed="26.13" harmonicMeanSpeed="26.13" length="5.00" nVehEntered="1"/>
    <interval begin="450.00" end="480.00" id="D8_3_2" nVehContrib="1" flow="120.00" occupancy="0.65" speed="25.77" harmonicMeanSpeed="25.77" length="5.00" nVehEntered="1"/>
    <interval begin="480.00" end="510.00" id="D8_3_2" nVehContrib="1" flow="120.00" occupancy="0.68" speed="24.41" harmonicMeanSpeed="24.41" length="5.00" nVehEntered="1"/>
    <interval begin="510.00" end="540.00" id="D8_3_2" nVehContrib="1" flow="120.00" occupancy="0.68" speed="24.37" harmonicMeanSpeed="24.37" length="5.00" nVehEntered="1"/>
    <interval begin="540.00" end="570.00" id="D8_3_2" nVehContrib="1" flow="120.00" occupancy="0.66" speed="25.14" harmonicMeanSpeed="25.14" length="5.00" nVehEntered="1"/>
    <interval begin="570.00" end="600.00" id="D8_3_2" nVehContrib="1" flow="120.00" occupancy="0.69" speed="24.19" harmonicMeanSpeed="24.19" length="5.00" nVehEntered="1"/>
    <interval begin="600.00" end="630.00" id="D8_3_2" nVehContrib="1" flow="120.00" occupancy="0.65" speed="25.76" harmonicMeanSpeed="25.76" length="5.00" nVehEntered="1"/>
    <interval begin="630.00" end="660.00" id="D8_3_2" nVehContrib="0" flow="0.00" occupancy="0.00" speed="-1.00" harmonicMeanSpeed="-1.00" length="-1.00" nVehEntered="0"/>
    <interval begin="660.00" end="690.00" id="D8_3_2" nVehContrib="1" flow="120.00" occupancy="0.70" speed="23.89" harmonicMeanSpeed="23.89" length="5.00" nVehEntered="1"/>
    <interval begin="690.00" end="720.00" id="D8_3_2" nVehContrib="1" flow="120.00" occupancy="0.64" speed="26.09" harmonicMeanSpeed="26.09" length="5.00" nVehEntered="1"/>
    <interval begin="720.00" end="750.00" id="D8_3_2" nVehContrib="1" flow="120.00" occupancy="0.71" speed="23.31" harmonicMeanSpeed="23.31" length="5.00" nVehEntered="1"/>
    <interval begin="750.00" end="780.00" id="D8_3_2" nVehContrib="1" flow="120.00" occupancy="0.62" speed="26.93" harmonicMeanSpeed="26.93" length="5.00" nVehEntered="1"/>
    <interval begin="780.00" end="810.00" id="D8_3_2" nVehContrib="1" flow="120.00" occupancy="0.65" speed="25.78" harmonicMeanSpeed="25.78" length="5.00" nVehEntered="1"/>
    <interval begin="810.00" end="840.00" id="D8_3_2" nVehContrib="1" flow="120.00" occupancy="0.65" speed="25.69" harmonicMeanSpeed="25.69" length="5.00" nVehEntered="1"/>
    <interval begin="840.00" end="870.00" id="D8_3_2" nVehContrib="1" flow="120.00" occupancy="0.66" speed="25.43" harmonicMeanSpeed="25.43" length="5.00" nVehEntered="1"/>
    <interval begin="870.00" end="900.00" id="D8_3_2" nVehContrib="1" flow="120.00" occupancy="0.68" speed="24.50" harmonicMeanSpeed="24.50" length="5.00" nVehEntered="1"/>
    <interval begin="900.00" end="930.00" id="D8_3_2" nVehContrib="1" flow="120.00" occupancy="0.68" speed="24.58" harmonicMeanSpeed="24.58" length="5.00" nVehEntered="1"/>
    <interval begin="930.00" end="960.00" id="D8_3_2" nVehContrib="1" flow="120.00" occupancy="0.66" speed="25.36" harmonicMeanSpeed="25.36" length="5.00" nVehEntered="1"/>
    <interval begin="960.00" end="990.00" id="D8_3_2" nVehContrib="1" flow="120.00" occupancy="0.69" speed="24.09" harmonicMeanSpeed="24.09" length="5.00" nVehEntered="1"/>
    <interval begin="990.00" end="1020.00" id="D8_3_2" nVehContrib="1" flow="120.00" occupancy="0.64" speed="25.85" harmonicMeanSpeed="25.85" length="5.00" nVehEntered="1"/>
    <interval begin="1020.00" end="1050.00" id="D8_3_2" nVehContrib="1" flow="120.00" occupancy="0.73" speed="22.75" harmonicMeanSpeed="22.75" length="5.00" nVehEntered="1"/>
    <interval begin="1050.00" end="1080.00" id="D8_3_2" nVehContrib="1" flow="120.00" occupancy="0.71" speed="23.56" harmonicMeanSpeed="23.56" length="5.00" nVehEntered="1"/>
    <interval begin="1080.00" end="1110.00" id="D8_3_2" nVehContrib="0" flow="0.00" occupancy="0.00" speed="-1.00" harmonicMeanSpeed="-1.00" length="-1.00" nVehEntered="0"/>
    <interval begin="1110.00" end="1140.00" id="D8_3_2" nVehContrib="1" flow="120.00" occupancy="0.73" speed="22.74" harmonicMeanSpeed="22.74" length="5.00" nVehEntered="1"/>
    <interval begin="1140.00" end="1170.00" id="D8_3_2" nVehContrib="1" flow="120.00" occupancy="0.67" speed="24.93" harmonicMeanSpeed="24.93" length="5.00" nVehEntered="1"/>
    <interval begin="1170.00" end="1200.00" id="D8_3_2" nVehContrib="1" flow="120.00" occupancy="0.64" speed="25.94" harmonicMeanSpeed="25.94" length="5.00" nVehEntered="1"/>
    <interval begin="1200.00" end="1230.00" id="D8_3_2" nVehContrib="1" flow="120.00" occupancy="0.68" speed="24.45" harmonicMeanSpeed="24.45" length="5.00" nVehEntered="1"/>
    <interval begin="1230.00" end="1260.00" id="D8_3_2" nVehContrib="1" flow="120.00" occupancy="0.64" speed="25.89" harmonicMeanSpeed="25.89" length="5.00" nVehEntered="1"/>
    <interval begin="1260.00" end="1290.00" id="D8_3_2" nVehContrib="1" flow="120.00" occupancy="0.66" speed="25.14" harmonicMeanSpeed="25.14" length="5.00" nVehEntered="1"/>
    <interval begin="1290.00" end="1320.00" id="D8_3_2" nVehContrib="1" flow="120.00" occupancy="0.68" speed="24.68" harmonicMeanSpeed="24.68" length="5.00" nVehEntered="1"/>
    <interval begin="1320.00" end="1350.00" id="D8_3_2" nVehContrib="1" flow="120.00" occupancy="0.64" speed="25.95" harmonicMeanSpeed="25.95" length="5.00" nVehEntered="1"/>
    <interval begin="1350.00" end="1380.00" id="D8_3_2" nVehContrib="1" flow="120.00" occupancy="0.67" speed="25.04" harmonicMeanSpeed="25.04" length="5.00" nVehEntered="1"/>
    <interval begin="1380.00" end="1410.00" id="D8_3_2" nVehContrib="1" flow="120.00" occupancy="0.67" speed="24.91" harmonicMeanSpeed="24.91" length="5.00" nVehEntered="1"/>
    <interval begin="1410.00" end="1440.00" id="D8_3_2" nVehContrib="1" flow="120.00" occupancy="0.69" speed="23.99" harmonicMeanSpeed="23.99" length="5.00" nVehEntered="1"/>
    <interval begin="1440.00" end="1470.00" id="D8_3_2" nVehContrib="1" flow="120.00" occupancy="0.68" speed="24.37" harmonicMeanSpeed="24.37" length="5.00" nVehEntered="1"/>
    <interval begin="1470.00" end="1500.00" id="D8_3_2" nVehContrib="1" flow="120.00" occupancy="0.65" speed="25.47" harmonicMeanSpeed="25.47" length="5.00" nVehEntered="1"/>
    <interval begin="1500.00" end="1530.00" id="D8_3_2" nVehContrib="1" flow="120.00" occupancy="0.67" speed="25.00" harmonicMeanSpeed="25.00" length="5.00" nVehEntered="1"/>
    <interval begin="1530.00" end="1560.00" id="D8_3_2" nVehContrib="0" flow="0.00" occupancy="0.00" speed="-1.00" harmonicMeanSpeed="-1.00" length="-1.00" nVehEntered="0"/>
    <interval begin="1560.00" end="1590.00" id="D8_3_2" nVehContrib="1" flow="120.00" occupancy="0.62" speed="26.84" harmonicMeanSpeed="26.84" length="5.00" nVehEntered="1"/>
    <interval begin="1590.00" end="1620.00" id="D8_3_2" nVehContrib="1" flow="120.00" occupancy="0.67" speed="24.81" harmonicMeanSpeed="24.81" length="5.00" nVehEntered="1"/>
    <interval begin="1620.00" end="1650.00" id="D8_3_2" nVehContrib="1" flow="120.00" occupancy="0.65" speed="25.69" harmonicMeanSpeed="25.69" length="5.00" nVehEntered="1"/>
    <interval begin="1650.00" end="1680.00" id="D8_3_2" nVehContrib="1" flow="120.00" occupancy="0.65" speed="25.76" harmonicMeanSpeed="25.76" length="5.00" nVehEntered="1"/>
    <interval begin="1680.00" end="1710.00" id="D8_3_2" nVehContrib="1" flow="120.00" occupancy="0.68" speed="24.63" harmonicMeanSpeed="24.63" length="5.00" nVehEntered="1"/>
    <interval begin="1710.00" end="1740.00" id="D8_3_2" nVehContrib="1" flow="120.00" occupancy="0.72" speed="23.27" harmonicMeanSpeed="23.27" length="5.00" nVehEntered="1"/>
    <interval begin="1740.00" end="1770.00" id="D8_3_2" nVehContrib="1" flow="120.00" occupancy="0.66" speed="25.09" harmonicMeanSpeed="25.09" length="5.00" nVehEntered="1"/>
    <interval begin="1770.00" end="1800.00" id="D8_3_2" nVehContrib="1" flow="120.00" occupancy="0.64" speed="25.95" harmonicMeanSpeed="25.95" length="5.00" nVehEntered="1"/>
    <interval begin="1800.00" end="1830.00" id="D8_3_2" nVehContrib="0" flow="0.00" occupancy="0.00" speed="-1.00" harmonicMeanSpeed="-1.00" length="-1.00" nVehEntered="0"/>
    <interval begin="1830.00" end="1860.00" id="D8_3_2" nVehContrib="0" flow="0.00" occupancy="0.00" speed="-1.00" harmonicMeanSpeed="-1.00" length="-1.00" nVehEntered="0"/>
    <interval begin="1860.00" end="1890.00" id="D8_3_2" nVehContrib="2" flow="240.00" occupancy="1.35" speed="24.78" harmonicMeanSpeed="24.77" length="5.00" nVehEntered="2"/>
    <interval begin="1890.00" end="1920.00" id="D8_3_2" nVehContrib="0" flow="0.00" occupancy="0.00" speed="-1.00" harmonicMeanSpeed="-1.00" length="-1.00" nVehEntered="0"/>
    <interval begin="1920.00" end="1950.00" id="D8_3_2" nVehContrib="0" flow="0.00" occupancy="0.00" speed="-1.00" harmonicMeanSpeed="-1.00" length="-1.00" nVehEntered="0"/>
    <interval begin="1950.00" end="1980.00" id="D8_3_2" nVehContrib="0" flow="0.00" occupancy="0.00" speed="-1.00" harmonicMeanSpeed="-1.00" length="-1.00" nVehEntered="0"/>
    <interval begin="1980.00" end="2010.00" id="D8_3_2" nVehContrib="0" flow="0.00" occupancy="0.00" speed="-1.00" harmonicMeanSpeed="-1.00" length="-1.00" nVehEntered="0"/>
    <interval begin="2010.00" end="2040.00" id="D8_3_2" nVehContrib="1" flow="120.00" occupancy="0.67" speed="24.99" harmonicMeanSpeed="24.99" length="5.00" nVehEntered="1"/>
    <interval begin="2040.00" end="2070.00" id="D8_3_2" nVehContrib="0" flow="0.00" occupancy="0.00" speed="-1.00" harmonicMeanSpeed="-1.00" length="-1.00" nVehEntered="0"/>
    <interval begin="2070.00" end="2100.00" id="D8_3_2" nVehContrib="0" flow="0.00" occupancy="0.00" speed="-1.00" harmonicMeanSpeed="-1.00" length="-1.00" nVehEntered="0"/>
    <interval begin="2100.00" end="2130.00" id="D8_3_2" nVehContrib="0" flow="0.00" occupancy="0.00" speed="-1.00" harmonicMeanSpeed="-1.00" length="-1.00" nVehEntered="0"/>
    <interval begin="2130.00" end="2160.00" id="D8_3_2" nVehContrib="1" flow="120.00" occupancy="0.69" speed="24.16" harmonicMeanSpeed="24.16" length="5.00" nVehEntered="1"/>
    <interval begin="2160.00" end="2190.00" id="D8_3_2" nVehContrib="3" flow="360.00" occupancy="2.28" speed="22.12" harmonicMeanSpeed="21.93" length="5.00" nVehEntered="3"/>
    <interval begin="2190.00" end="2220.00" id="D8_3_2" nVehContrib="1" flow="120.00" occupancy="0.66" speed="25.23" harmonicMeanSpeed="25.23" length="5.00" nVehEntered="1"/>
    <interval begin="2220.00" end="2250.00" id="D8_3_2" nVehContrib="0" flow="0.00" occupancy="0.00" speed="-1.00" harmonicMeanSpeed="-1.00" length="-1.00" nVehEntered="0"/>
    <interval begin="2250.00" end="2280.00" id="D8_3_2" nVehContrib="2" flow="240.00" occupancy="1.39" speed="23.94" harmonicMeanSpeed="23.90" length="5.00" nVehEntered="2"/>
    <interval begin="2280.00" end="2310.00" id="D8_3_2" nVehContrib="0" flow="0.00" occupancy="0.00" speed="-1.00" harmonicMeanSpeed="-1.00" length="-1.00" nVehEntered="0"/>
    <interval begin="2310.00" end="2340.00" id="D8_3_2" nVehContrib="1" flow="120.00" occupancy="0.67" speed="24.78" harmonicMeanSpeed="24.78" length="5.00" nVehEntered="1"/>
    <interval begin="2340.00" end="2370.00" id="D8_3_2" nVehContrib="0" flow="0.00" occupancy="0.00" speed="-1.00" harmonicMeanSpeed="-1.00" length="-1.00" nVehEntered="0"/>
    <interval begin="2370.00" end="2400.00" id="D8_3_2" nVehContrib="2" flow="240.00" occupancy="3.65" speed="15.62" harmonicMeanSpeed="9.13" length="5.00" nVehEntered="2"/>
    <interval begin="2400.00" end="2430.00" id="D8_3_2" nVehContrib="1" flow="120.00" occupancy="0.69" speed="24.22" harmonicMeanSpeed="24.22" length="5.00" nVehEntered="1"/>
    <interval begin="2430.00" end="2460.00" id="D8_3_2" nVehContrib="0" flow="0.00" occupancy="0.00" speed="-1.00" harmonicMeanSpeed="-1.00" length="-1.00" nVehEntered="0"/>
    <interval begin="2460.00" end="2490.00" id="D8_3_2" nVehContrib="0" flow="0.00" occupancy="0.00" speed="-1.00" harmonicMeanSpeed="-1.00" length="-1.00" nVehEntered="0"/>
    <interval begin="2490.00" end="2520.00" id="D8_3_2" nVehContrib="1" flow="120.00" occupancy="0.67" speed="24.74" harmonicMeanSpeed="24.74" length="5.00" nVehEntered="1"/>
    <interval begin="2520.00" end="2550.00" id="D8_3_2" nVehContrib="0" flow="0.00" occupancy="0.00" speed="-1.00" harmonicMeanSpeed="-1.00" length="-1.00" nVehEntered="0"/>
    <interval begin="2550.00" end="2580.00" id="D8_3_2" nVehContrib="1" flow="120.00" occupancy="0.77" speed="21.55" harmonicMeanSpeed="21.55" length="5.00" nVehEntered="1"/>
    <interval begin="2580.00" end="2610.00" id="D8_3_2" nVehContrib="0" flow="0.00" occupancy="0.00" speed="-1.00" harmonicMeanSpeed="-1.00" length="-1.00" nVehEntered="0"/>
    <interval begin="2610.00" end="2640.00" id="D8_3_2" nVehContrib="8" flow="960.00" occupancy="11.18" speed="12.79" harmonicMeanSpeed="11.93" length="5.00" nVehEntered="8"/>
    <interval begin="2640.00" end="2670.00" id="D8_3_2" nVehContrib="2" flow="240.00" occupancy="1.77" speed="19.41" harmonicMeanSpeed="18.83" length="5.00" nVehEntered="2"/>
    <interval begin="2670.00" end="2700.00" id="D8_3_2" nVehContrib="1" flow="120.00" occupancy="0.70" speed="23.79" harmonicMeanSpeed="23.79" length="5.00" nVehEntered="1"/>
    <interval begin="2700.00" end="2730.00" id="D8_3_2" nVehContrib="0" flow="0.00" occupancy="0.00" speed="-1.00" harmonicMeanSpeed="-1.00" length="-1.00" nVehEntered="0"/>
    <interval begin="2730.00" end="2760.00" id="D8_3_2" nVehContrib="0" flow="0.00" occupancy="0.00" speed="-1.00" harmonicMeanSpeed="-1.00" length="-1.00" nVehEntered="0"/>
    <interval begin="2760.00" end="2790.00" id="D8_3_2" nVehContrib="1" flow="120.00" occupancy="0.69" speed="24.13" harmonicMeanSpeed="24.13" length="5.00" nVehEntered="1"/>
    <interval begin="2790.00" end="2820.00" id="D8_3_2" nVehContrib="1" flow="120.00" occupancy="0.67" speed="24.78" harmonicMeanSpeed="24.78" length="5.00" nVehEntered="1"/>
    <interval begin="2820.00" end="2850.00" id="D8_3_2" nVehContrib="6" flow="720.00" occupancy="5.51" speed="19.02" harmonicMeanSpeed="18.15" length="5.00" nVehEntered="6"/>
    <interval begin="2850.00" end="2880.00" id="D8_3_2" nVehContrib="1" flow="120.00" occupancy="0.69" speed="24.09" harmonicMeanSpeed="24.09" length="5.00" nVehEntered="1"/>
    <interval begin="2880.00" end="2910.00" id="D8_3_2" nVehContrib="0" flow="0.00" occupancy="0.00" speed="-1.00" harmonicMeanSpeed="-1.00" length="-1.00" nVehEntered="0"/>
    <interval begin="2910.00" end="2940.00" id="D8_3_2" nVehContrib="2" flow="240.00" occupancy="1.40" speed="23.93" harmonicMeanSpeed="23.89" length="5.00" nVehEntered="2"/>
    <interval begin="2940.00" end="2970.00" id="D8_3_2" nVehContrib="2" flow="240.00" occupancy="1.32" speed="25.25" harmonicMeanSpeed="25.24" length="5.00" nVehEntered="2"/>
    <interval begin="2970.00" end="3000.00" id="D8_3_2" nVehContrib="0" flow="0.00" occupancy="0.00" speed="-1.00" harmonicMeanSpeed="-1.00" length="-1.00" nVehEntered="0"/>
    <interval begin="3000.00" end="3030.00" id="D8_3_2" nVehContrib="2" flow="240.00" occupancy="2.77" speed="16.10" harmonicMeanSpeed="12.03" length="5.00" nVehEntered="2"/>
    <interval begin="3030.00" end="3060.00" id="D8_3_2" nVehContrib="2" flow="240.00" occupancy="1.68" speed="20.96" harmonicMeanSpeed="19.80" length="5.00" nVehEntered="2"/>
    <interval begin="3060.00" end="3090.00" id="D8_3_2" nVehContrib="0" flow="0.00" occupancy="0.00" speed="-1.00" harmonicMeanSpeed="-1.00" length="-1.00" nVehEntered="0"/>
    <interval begin="3090.00" end="3120.00" id="D8_3_2" nVehContrib="1" flow="120.00" occupancy="0.69" speed="24.12" harmonicMeanSpeed="24.12" length="5.00" nVehEntered="1"/>
    <interval begin="3120.00" end="3150.00" id="D8_3_2" nVehContrib="0" flow="0.00" occupancy="0.00" speed="-1.00" harmonicMeanSpeed="-1.00" length="-1.00" nVehEntered="0"/>
    <interval begin="3150.00" end="3180.00" id="D8_3_2" nVehContrib="1" flow="120.00" occupancy="0.64" speed="25.94" harmonicMeanSpeed="25.94" length="5.00" nVehEntered="1"/>
    <interval begin="3180.00" end="3210.00" id="D8_3_2" nVehContrib="1" flow="120.00" occupancy="0.65" speed="25.58" harmonicMeanSpeed="25.58" length="5.00" nVehEntered="1"/>
    <interval begin="3210.00" end="3240.00" id="D8_3_2" nVehContrib="0" flow="0.00" occupancy="0.00" speed="-1.00" harmonicMeanSpeed="-1.00" length="-1.00" nVehEntered="0"/>
    <interval begin="3240.00" end="3270.00" id="D8_3_2" nVehContrib="0" flow="0.00" occupancy="0.00" speed="-1.00" harmonicMeanSpeed="-1.00" length="-1.00" nVehEntered="0"/>
    <interval begin="3270.00" end="3300.00" id="D8_3_2" nVehContrib="0" flow="0.00" occupancy="0.00" speed="-1.00" harmonicMeanSpeed="-1.00" length="-1.00" nVehEntered="0"/>
    <interval begin="3300.00" end="3330.00" id="D8_3_2" nVehContrib="2" flow="240.00" occupancy="1.41" speed="23.71" harmonicMeanSpeed="23.63" length="5.00" nVehEntered="2"/>
    <interval begin="3330.00" end="3360.00" id="D8_3_2" nVehContrib="1" flow="120.00" occupancy="0.63" speed="26.53" harmonicMeanSpeed="26.53" length="5.00" nVehEntered="1"/>
    <interval begin="3360.00" end="3390.00" id="D8_3_2" nVehContrib="0" flow="0.00" occupancy="0.00" speed="-1.00" harmonicMeanSpeed="-1.00" length="-1.00" nVehEntered="0"/>
    <interval begin="3390.00" end="3420.00" id="D8_3_2" nVehContrib="1" flow="120.00" occupancy="0.65" speed="25.50" harmonicMeanSpeed="25.50" length="5.00" nVehEntered="1"/>
    <interval begin="3420.00" end="3450.00" id="D8_3_2" nVehContrib="1" flow="120.00" occupancy="0.70" speed="23.89" harmonicMeanSpeed="23.89" length="5.00" nVehEntered="1"/>
    <interval begin="3450.00" end="3480.00" id="D8_3_2" nVehContrib="0" flow="0.00" occupancy="0.00" speed="-1.00" harmonicMeanSpeed="-1.00" length="-1.00" nVehEntered="0"/>
    <interval begin="3480.00" end="3510.00" id="D8_3_2" nVehContrib="0" flow="0.00" occupancy="0.00" speed="-1.00" harmonicMeanSpeed="-1.00" length="-1.00" nVehEntered="0"/>
    <interval begin="3510.00" end="3540.00" id="D8_3_2" nVehContrib="0" flow="0.00" occupancy="0.00" speed="-1.00" harmonicMeanSpeed="-1.00" length="-1.00" nVehEntered="0"/>
    <interval begin="3540.00" end="3570.00" id="D8_3_2" nVehContrib="1" flow="120.00" occupancy="0.70" speed="23.93" harmonicMeanSpeed="23.93" length="5.00" nVehEntered="1"/>
    <interval begin="3570.00" end="3600.00" id="D8_3_2" nVehContrib="6" flow="720.00" occupancy="5.35" speed="18.72" harmonicMeanSpeed="18.68" length="5.00" nVehEntered="6"/>
    <interval begin="3600.00" end="3605.00" id="D8_3_2" nVehContrib="0" flow="0.00" occupancy="0.00" speed="-1.00" harmonicMeanSpeed="-1.00" length="-1.00" nVehEntered="0"/>
</detector>
