<?xml version="1.0" encoding="UTF-8"?>

<!-- generated on 01/27/20 08:23:42 by Eclipse SUMO GUI Version 1.3.1
<configuration xmlns:xsi="http://www.w3.org/2001/XMLSchema-instance" xsi:noNamespaceSchemaLocation="http://sumo.dlr.de/xsd/sumoConfiguration.xsd">

    <input>
        <net-file value="gnet.net.xml"/>
        <route-files value="grou.rou.xml"/>
        <additional-files value="gadd.additional.xml"/>
    </input>

    <output>
        <queue-output value="Queue.xml"/>
        <summary-output value="Summary.xml"/>
        <tripinfo-output value="output-tripinfos.xml"/>
    </output>

    <time>
        <begin value="0"/>
        <end value="3600"/>
    </time>

    <processing>
        <time-to-teleport value="3600"/>
    </processing>

    <traci_server>
        <remote-port value="9393"/>
    </traci_server>

    <gui_only>
        <gui-settings-file value="gview.view.xml"/>
        <quit-on-end value="true"/>
        <start value="true"/>
    </gui_only>

</configuration>
-->

<detector xmlns:xsi="http://www.w3.org/2001/XMLSchema-instance" xsi:noNamespaceSchemaLocation="http://sumo.dlr.de/xsd/det_e1_file.xsd">
    <interval begin="0.00" end="30.00" id="D1_3_0" nVehContrib="4" flow="480.00" occupancy="3.15" speed="21.32" harmonicMeanSpeed="21.15" length="5.00" nVehEntered="4"/>
    <interval begin="30.00" end="60.00" id="D1_3_0" nVehContrib="3" flow="360.00" occupancy="3.11" speed="16.34" harmonicMeanSpeed="16.05" length="5.00" nVehEntered="3"/>
    <interval begin="60.00" end="90.00" id="D1_3_0" nVehContrib="2" flow="240.00" occupancy="10.97" speed="10.04" harmonicMeanSpeed="9.83" length="5.00" nVehEntered="3"/>
    <interval begin="90.00" end="120.00" id="D1_3_0" nVehContrib="1" flow="120.00" occupancy="0.97" speed="1.95" harmonicMeanSpeed="1.95" length="5.00" nVehEntered="0"/>
    <interval begin="120.00" end="150.00" id="D1_3_0" nVehContrib="1" flow="120.00" occupancy="14.11" speed="1.18" harmonicMeanSpeed="1.18" length="5.00" nVehEntered="1"/>
    <interval begin="150.00" end="180.00" id="D1_3_0" nVehContrib="0" flow="0.00" occupancy="0.00" speed="-1.00" harmonicMeanSpeed="-1.00" length="-1.00" nVehEntered="0"/>
    <interval begin="180.00" end="210.00" id="D1_3_0" nVehContrib="0" flow="0.00" occupancy="0.00" speed="-1.00" harmonicMeanSpeed="-1.00" length="-1.00" nVehEntered="0"/>
    <interval begin="210.00" end="240.00" id="D1_3_0" nVehContrib="0" flow="0.00" occupancy="0.00" speed="-1.00" harmonicMeanSpeed="-1.00" length="-1.00" nVehEntered="0"/>
    <interval begin="240.00" end="270.00" id="D1_3_0" nVehContrib="4" flow="480.00" occupancy="34.57" speed="3.14" harmonicMeanSpeed="1.93" length="5.00" nVehEntered="4"/>
    <interval begin="270.00" end="300.00" id="D1_3_0" nVehContrib="0" flow="0.00" occupancy="0.00" speed="-1.00" harmonicMeanSpeed="-1.00" length="-1.00" nVehEntered="0"/>
    <interval begin="300.00" end="330.00" id="D1_3_0" nVehContrib="0" flow="0.00" occupancy="0.00" speed="-1.00" harmonicMeanSpeed="-1.00" length="-1.00" nVehEntered="0"/>
    <interval begin="330.00" end="360.00" id="D1_3_0" nVehContrib="0" flow="0.00" occupancy="0.00" speed="-1.00" harmonicMeanSpeed="-1.00" length="-1.00" nVehEntered="0"/>
    <interval begin="360.00" end="390.00" id="D1_3_0" nVehContrib="6" flow="720.00" occupancy="23.76" speed="5.06" harmonicMeanSpeed="4.21" length="5.00" nVehEntered="6"/>
    <interval begin="390.00" end="420.00" id="D1_3_0" nVehContrib="0" flow="0.00" occupancy="0.00" speed="-1.00" harmonicMeanSpeed="-1.00" length="-1.00" nVehEntered="0"/>
    <interval begin="420.00" end="450.00" id="D1_3_0" nVehContrib="0" flow="0.00" occupancy="0.00" speed="-1.00" harmonicMeanSpeed="-1.00" length="-1.00" nVehEntered="0"/>
    <interval begin="450.00" end="480.00" id="D1_3_0" nVehContrib="0" flow="0.00" occupancy="0.00" speed="-1.00" harmonicMeanSpeed="-1.00" length="-1.00" nVehEntered="0"/>
    <interval begin="480.00" end="510.00" id="D1_3_0" nVehContrib="8" flow="960.00" occupancy="33.57" speed="6.79" harmonicMeanSpeed="3.97" length="5.00" nVehEntered="8"/>
    <interval begin="510.00" end="540.00" id="D1_3_0" nVehContrib="0" flow="0.00" occupancy="0.00" speed="-1.00" harmonicMeanSpeed="-1.00" length="-1.00" nVehEntered="0"/>
    <interval begin="540.00" end="570.00" id="D1_3_0" nVehContrib="0" flow="0.00" occupancy="0.00" speed="-1.00" harmonicMeanSpeed="-1.00" length="-1.00" nVehEntered="0"/>
    <interval begin="570.00" end="600.00" id="D1_3_0" nVehContrib="0" flow="0.00" occupancy="0.00" speed="-1.00" harmonicMeanSpeed="-1.00" length="-1.00" nVehEntered="0"/>
    <interval begin="600.00" end="630.00" id="D1_3_0" nVehContrib="7" flow="840.00" occupancy="33.36" speed="6.55" harmonicMeanSpeed="3.50" length="5.00" nVehEntered="7"/>
    <interval begin="630.00" end="660.00" id="D1_3_0" nVehContrib="0" flow="0.00" occupancy="0.00" speed="-1.00" harmonicMeanSpeed="-1.00" length="-1.00" nVehEntered="0"/>
    <interval begin="660.00" end="690.00" id="D1_3_0" nVehContrib="0" flow="0.00" occupancy="0.00" speed="-1.00" harmonicMeanSpeed="-1.00" length="-1.00" nVehEntered="0"/>
    <interval begin="690.00" end="720.00" id="D1_3_0" nVehContrib="0" flow="0.00" occupancy="0.00" speed="-1.00" harmonicMeanSpeed="-1.00" length="-1.00" nVehEntered="0"/>
    <interval begin="720.00" end="750.00" id="D1_3_0" nVehContrib="5" flow="600.00" occupancy="19.90" speed="5.01" harmonicMeanSpeed="4.19" length="5.00" nVehEntered="5"/>
    <interval begin="750.00" end="780.00" id="D1_3_0" nVehContrib="0" flow="0.00" occupancy="0.00" speed="-1.00" harmonicMeanSpeed="-1.00" length="-1.00" nVehEntered="0"/>
    <interval begin="780.00" end="810.00" id="D1_3_0" nVehContrib="0" flow="0.00" occupancy="0.00" speed="-1.00" harmonicMeanSpeed="-1.00" length="-1.00" nVehEntered="0"/>
    <interval begin="810.00" end="840.00" id="D1_3_0" nVehContrib="0" flow="0.00" occupancy="0.00" speed="-1.00" harmonicMeanSpeed="-1.00" length="-1.00" nVehEntered="0"/>
    <interval begin="840.00" end="870.00" id="D1_3_0" nVehContrib="6" flow="720.00" occupancy="25.43" speed="5.90" harmonicMeanSpeed="5.23" length="5.00" nVehEntered="7"/>
    <interval begin="870.00" end="900.00" id="D1_3_0" nVehContrib="1" flow="120.00" occupancy="13.04" speed="0.86" harmonicMeanSpeed="0.86" length="5.00" nVehEntered="0"/>
    <interval begin="900.00" end="930.00" id="D1_3_0" nVehContrib="0" flow="0.00" occupancy="0.00" speed="-1.00" harmonicMeanSpeed="-1.00" length="-1.00" nVehEntered="0"/>
    <interval begin="930.00" end="960.00" id="D1_3_0" nVehContrib="0" flow="0.00" occupancy="0.00" speed="-1.00" harmonicMeanSpeed="-1.00" length="-1.00" nVehEntered="0"/>
    <interval begin="960.00" end="990.00" id="D1_3_0" nVehContrib="5" flow="600.00" occupancy="17.41" speed="5.88" harmonicMeanSpeed="4.79" length="5.00" nVehEntered="5"/>
    <interval begin="990.00" end="1020.00" id="D1_3_0" nVehContrib="2" flow="240.00" occupancy="19.56" speed="3.23" harmonicMeanSpeed="1.70" length="5.00" nVehEntered="2"/>
    <interval begin="1020.00" end="1050.00" id="D1_3_0" nVehContrib="0" flow="0.00" occupancy="0.00" speed="-1.00" harmonicMeanSpeed="-1.00" length="-1.00" nVehEntered="0"/>
    <interval begin="1050.00" end="1080.00" id="D1_3_0" nVehContrib="0" flow="0.00" occupancy="0.00" speed="-1.00" harmonicMeanSpeed="-1.00" length="-1.00" nVehEntered="0"/>
    <interval begin="1080.00" end="1110.00" id="D1_3_0" nVehContrib="4" flow="480.00" occupancy="10.77" speed="7.02" harmonicMeanSpeed="6.19" length="5.00" nVehEntered="4"/>
    <interval begin="1110.00" end="1140.00" id="D1_3_0" nVehContrib="2" flow="240.00" occupancy="11.36" speed="3.98" harmonicMeanSpeed="2.93" length="5.00" nVehEntered="2"/>
    <interval begin="1140.00" end="1170.00" id="D1_3_0" nVehContrib="0" flow="0.00" occupancy="0.00" speed="-1.00" harmonicMeanSpeed="-1.00" length="-1.00" nVehEntered="0"/>
    <interval begin="1170.00" end="1200.00" id="D1_3_0" nVehContrib="0" flow="0.00" occupancy="0.00" speed="-1.00" harmonicMeanSpeed="-1.00" length="-1.00" nVehEntered="0"/>
    <interval begin="1200.00" end="1230.00" id="D1_3_0" nVehContrib="2" flow="240.00" occupancy="7.73" speed="5.02" harmonicMeanSpeed="4.31" length="5.00" nVehEntered="2"/>
    <interval begin="1230.00" end="1260.00" id="D1_3_0" nVehContrib="5" flow="600.00" occupancy="26.64" speed="6.16" harmonicMeanSpeed="3.13" length="5.00" nVehEntered="5"/>
    <interval begin="1260.00" end="1290.00" id="D1_3_0" nVehContrib="0" flow="0.00" occupancy="0.00" speed="-1.00" harmonicMeanSpeed="-1.00" length="-1.00" nVehEntered="0"/>
    <interval begin="1290.00" end="1320.00" id="D1_3_0" nVehContrib="0" flow="0.00" occupancy="0.00" speed="-1.00" harmonicMeanSpeed="-1.00" length="-1.00" nVehEntered="0"/>
    <interval begin="1320.00" end="1350.00" id="D1_3_0" nVehContrib="0" flow="0.00" occupancy="5.43" speed="-1.00" harmonicMeanSpeed="-1.00" length="-1.00" nVehEntered="1"/>
    <interval begin="1350.00" end="1380.00" id="D1_3_0" nVehContrib="3" flow="360.00" occupancy="15.50" speed="3.00" harmonicMeanSpeed="2.39" length="5.00" nVehEntered="2"/>
    <interval begin="1380.00" end="1410.00" id="D1_3_0" nVehContrib="0" flow="0.00" occupancy="0.00" speed="-1.00" harmonicMeanSpeed="-1.00" length="-1.00" nVehEntered="0"/>
    <interval begin="1410.00" end="1440.00" id="D1_3_0" nVehContrib="0" flow="0.00" occupancy="0.00" speed="-1.00" harmonicMeanSpeed="-1.00" length="-1.00" nVehEntered="0"/>
    <interval begin="1440.00" end="1470.00" id="D1_3_0" nVehContrib="0" flow="0.00" occupancy="0.00" speed="-1.00" harmonicMeanSpeed="-1.00" length="-1.00" nVehEntered="0"/>
    <interval begin="1470.00" end="1500.00" id="D1_3_0" nVehContrib="7" flow="840.00" occupancy="33.61" speed="5.99" harmonicMeanSpeed="3.47" length="5.00" nVehEntered="7"/>
    <interval begin="1500.00" end="1530.00" id="D1_3_0" nVehContrib="0" flow="0.00" occupancy="0.00" speed="-1.00" harmonicMeanSpeed="-1.00" length="-1.00" nVehEntered="0"/>
    <interval begin="1530.00" end="1560.00" id="D1_3_0" nVehContrib="0" flow="0.00" occupancy="0.00" speed="-1.00" harmonicMeanSpeed="-1.00" length="-1.00" nVehEntered="0"/>
    <interval begin="1560.00" end="1590.00" id="D1_3_0" nVehContrib="0" flow="0.00" occupancy="0.00" speed="-1.00" harmonicMeanSpeed="-1.00" length="-1.00" nVehEntered="0"/>
    <interval begin="1590.00" end="1620.00" id="D1_3_0" nVehContrib="4" flow="480.00" occupancy="33.96" speed="2.73" harmonicMeanSpeed="1.96" length="5.00" nVehEntered="4"/>
    <interval begin="1620.00" end="1650.00" id="D1_3_0" nVehContrib="0" flow="0.00" occupancy="0.00" speed="-1.00" harmonicMeanSpeed="-1.00" length="-1.00" nVehEntered="0"/>
    <interval begin="1650.00" end="1680.00" id="D1_3_0" nVehContrib="0" flow="0.00" occupancy="0.00" speed="-1.00" harmonicMeanSpeed="-1.00" length="-1.00" nVehEntered="0"/>
    <interval begin="1680.00" end="1710.00" id="D1_3_0" nVehContrib="0" flow="0.00" occupancy="0.00" speed="-1.00" harmonicMeanSpeed="-1.00" length="-1.00" nVehEntered="0"/>
    <interval begin="1710.00" end="1740.00" id="D1_3_0" nVehContrib="6" flow="720.00" occupancy="29.11" speed="6.52" harmonicMeanSpeed="5.66" length="5.00" nVehEntered="7"/>
    <interval begin="1740.00" end="1770.00" id="D1_3_0" nVehContrib="1" flow="120.00" occupancy="7.67" speed="0.87" harmonicMeanSpeed="0.87" length="5.00" nVehEntered="0"/>
    <interval begin="1770.00" end="1800.00" id="D1_3_0" nVehContrib="0" flow="0.00" occupancy="0.00" speed="-1.00" harmonicMeanSpeed="-1.00" length="-1.00" nVehEntered="0"/>
    <interval begin="1800.00" end="1830.00" id="D1_3_0" nVehContrib="0" flow="0.00" occupancy="0.00" speed="-1.00" harmonicMeanSpeed="-1.00" length="-1.00" nVehEntered="0"/>
    <interval begin="1830.00" end="1860.00" id="D1_3_0" nVehContrib="2" flow="240.00" occupancy="25.84" speed="2.15" harmonicMeanSpeed="2.08" length="5.00" nVehEntered="3"/>
    <interval begin="1860.00" end="1890.00" id="D1_3_0" nVehContrib="1" flow="120.00" occupancy="12.89" speed="0.73" harmonicMeanSpeed="0.73" length="5.00" nVehEntered="0"/>
    <interval begin="1890.00" end="1920.00" id="D1_3_0" nVehContrib="0" flow="0.00" occupancy="0.00" speed="-1.00" harmonicMeanSpeed="-1.00" length="-1.00" nVehEntered="0"/>
    <interval begin="1920.00" end="1950.00" id="D1_3_0" nVehContrib="0" flow="0.00" occupancy="0.00" speed="-1.00" harmonicMeanSpeed="-1.00" length="-1.00" nVehEntered="0"/>
    <interval begin="1950.00" end="1980.00" id="D1_3_0" nVehContrib="5" flow="600.00" occupancy="15.37" speed="6.06" harmonicMeanSpeed="5.42" length="5.00" nVehEntered="5"/>
    <interval begin="1980.00" end="2010.00" id="D1_3_0" nVehContrib="2" flow="240.00" occupancy="19.49" speed="3.27" harmonicMeanSpeed="1.71" length="5.00" nVehEntered="2"/>
    <interval begin="2010.00" end="2040.00" id="D1_3_0" nVehContrib="0" flow="0.00" occupancy="0.00" speed="-1.00" harmonicMeanSpeed="-1.00" length="-1.00" nVehEntered="0"/>
    <interval begin="2040.00" end="2070.00" id="D1_3_0" nVehContrib="0" flow="0.00" occupancy="0.00" speed="-1.00" harmonicMeanSpeed="-1.00" length="-1.00" nVehEntered="0"/>
    <interval begin="2070.00" end="2100.00" id="D1_3_0" nVehContrib="3" flow="360.00" occupancy="9.71" speed="5.77" harmonicMeanSpeed="5.15" length="5.00" nVehEntered="3"/>
    <interval begin="2100.00" end="2130.00" id="D1_3_0" nVehContrib="4" flow="480.00" occupancy="24.81" speed="6.09" harmonicMeanSpeed="2.69" length="5.00" nVehEntered="4"/>
    <interval begin="2130.00" end="2160.00" id="D1_3_0" nVehContrib="0" flow="0.00" occupancy="0.00" speed="-1.00" harmonicMeanSpeed="-1.00" length="-1.00" nVehEntered="0"/>
    <interval begin="2160.00" end="2190.00" id="D1_3_0" nVehContrib="0" flow="0.00" occupancy="0.00" speed="-1.00" harmonicMeanSpeed="-1.00" length="-1.00" nVehEntered="0"/>
    <interval begin="2190.00" end="2220.00" id="D1_3_0" nVehContrib="1" flow="120.00" occupancy="5.47" speed="3.05" harmonicMeanSpeed="3.05" length="5.00" nVehEntered="1"/>
    <interval begin="2220.00" end="2250.00" id="D1_3_0" nVehContrib="5" flow="600.00" occupancy="23.78" speed="5.32" harmonicMeanSpeed="3.50" length="5.00" nVehEntered="5"/>
    <interval begin="2250.00" end="2280.00" id="D1_3_0" nVehContrib="0" flow="0.00" occupancy="0.00" speed="-1.00" harmonicMeanSpeed="-1.00" length="-1.00" nVehEntered="0"/>
    <interval begin="2280.00" end="2310.00" id="D1_3_0" nVehContrib="0" flow="0.00" occupancy="0.00" speed="-1.00" harmonicMeanSpeed="-1.00" length="-1.00" nVehEntered="0"/>
    <interval begin="2310.00" end="2340.00" id="D1_3_0" nVehContrib="0" flow="0.00" occupancy="0.00" speed="-1.00" harmonicMeanSpeed="-1.00" length="-1.00" nVehEntered="0"/>
    <interval begin="2340.00" end="2344.00" id="D1_3_0" nVehContrib="1" flow="900.00" occupancy="44.38" speed="2.82" harmonicMeanSpeed="2.82" length="5.00" nVehEntered="1"/>
</detector>
