<?xml version="1.0" encoding="UTF-8"?>

<!-- generated on 01/27/20 08:23:42 by Eclipse SUMO GUI Version 1.3.1
<configuration xmlns:xsi="http://www.w3.org/2001/XMLSchema-instance" xsi:noNamespaceSchemaLocation="http://sumo.dlr.de/xsd/sumoConfiguration.xsd">

    <input>
        <net-file value="gnet.net.xml"/>
        <route-files value="grou.rou.xml"/>
        <additional-files value="gadd.additional.xml"/>
    </input>

    <output>
        <queue-output value="Queue.xml"/>
        <summary-output value="Summary.xml"/>
        <tripinfo-output value="output-tripinfos.xml"/>
    </output>

    <time>
        <begin value="0"/>
        <end value="3600"/>
    </time>

    <processing>
        <time-to-teleport value="3600"/>
    </processing>

    <traci_server>
        <remote-port value="9393"/>
    </traci_server>

    <gui_only>
        <gui-settings-file value="gview.view.xml"/>
        <quit-on-end value="true"/>
        <start value="true"/>
    </gui_only>

</configuration>
-->

<detector xmlns:xsi="http://www.w3.org/2001/XMLSchema-instance" xsi:noNamespaceSchemaLocation="http://sumo.dlr.de/xsd/det_e1_file.xsd">
    <interval begin="0.00" end="30.00" id="D2_1_0" nVehContrib="0" flow="0.00" occupancy="0.00" speed="-1.00" harmonicMeanSpeed="-1.00" length="-1.00" nVehEntered="0"/>
    <interval begin="30.00" end="60.00" id="D2_1_0" nVehContrib="1" flow="120.00" occupancy="0.86" speed="19.47" harmonicMeanSpeed="19.47" length="5.00" nVehEntered="1"/>
    <interval begin="60.00" end="90.00" id="D2_1_0" nVehContrib="1" flow="120.00" occupancy="0.80" speed="20.94" harmonicMeanSpeed="20.94" length="5.00" nVehEntered="1"/>
    <interval begin="90.00" end="120.00" id="D2_1_0" nVehContrib="2" flow="240.00" occupancy="1.60" speed="20.78" harmonicMeanSpeed="20.78" length="5.00" nVehEntered="2"/>
    <interval begin="120.00" end="150.00" id="D2_1_0" nVehContrib="5" flow="600.00" occupancy="3.79" speed="21.99" harmonicMeanSpeed="21.97" length="5.00" nVehEntered="5"/>
    <interval begin="150.00" end="180.00" id="D2_1_0" nVehContrib="2" flow="240.00" occupancy="1.70" speed="19.60" harmonicMeanSpeed="19.60" length="5.00" nVehEntered="2"/>
    <interval begin="180.00" end="210.00" id="D2_1_0" nVehContrib="1" flow="120.00" occupancy="0.89" speed="18.73" harmonicMeanSpeed="18.73" length="5.00" nVehEntered="1"/>
    <interval begin="210.00" end="240.00" id="D2_1_0" nVehContrib="1" flow="120.00" occupancy="0.78" speed="21.39" harmonicMeanSpeed="21.39" length="5.00" nVehEntered="1"/>
    <interval begin="240.00" end="270.00" id="D2_1_0" nVehContrib="2" flow="240.00" occupancy="1.57" speed="21.26" harmonicMeanSpeed="21.22" length="5.00" nVehEntered="2"/>
    <interval begin="270.00" end="300.00" id="D2_1_0" nVehContrib="2" flow="240.00" occupancy="1.67" speed="19.94" harmonicMeanSpeed="19.93" length="5.00" nVehEntered="2"/>
    <interval begin="300.00" end="330.00" id="D2_1_0" nVehContrib="1" flow="120.00" occupancy="0.83" speed="20.16" harmonicMeanSpeed="20.16" length="5.00" nVehEntered="1"/>
    <interval begin="330.00" end="360.00" id="D2_1_0" nVehContrib="1" flow="120.00" occupancy="0.83" speed="20.04" harmonicMeanSpeed="20.04" length="5.00" nVehEntered="1"/>
    <interval begin="360.00" end="390.00" id="D2_1_0" nVehContrib="7" flow="840.00" occupancy="5.48" speed="21.29" harmonicMeanSpeed="21.28" length="5.00" nVehEntered="7"/>
    <interval begin="390.00" end="420.00" id="D2_1_0" nVehContrib="2" flow="240.00" occupancy="1.71" speed="19.58" harmonicMeanSpeed="19.53" length="5.00" nVehEntered="2"/>
    <interval begin="420.00" end="450.00" id="D2_1_0" nVehContrib="1" flow="120.00" occupancy="0.81" speed="20.56" harmonicMeanSpeed="20.56" length="5.00" nVehEntered="1"/>
    <interval begin="450.00" end="480.00" id="D2_1_0" nVehContrib="0" flow="0.00" occupancy="0.00" speed="-1.00" harmonicMeanSpeed="-1.00" length="-1.00" nVehEntered="0"/>
    <interval begin="480.00" end="510.00" id="D2_1_0" nVehContrib="3" flow="360.00" occupancy="2.33" speed="21.43" harmonicMeanSpeed="21.42" length="5.00" nVehEntered="3"/>
    <interval begin="510.00" end="540.00" id="D2_1_0" nVehContrib="2" flow="240.00" occupancy="1.72" speed="19.33" harmonicMeanSpeed="19.33" length="5.00" nVehEntered="2"/>
    <interval begin="540.00" end="570.00" id="D2_1_0" nVehContrib="0" flow="0.00" occupancy="0.00" speed="-1.00" harmonicMeanSpeed="-1.00" length="-1.00" nVehEntered="0"/>
    <interval begin="570.00" end="600.00" id="D2_1_0" nVehContrib="0" flow="0.00" occupancy="0.00" speed="-1.00" harmonicMeanSpeed="-1.00" length="-1.00" nVehEntered="0"/>
    <interval begin="600.00" end="630.00" id="D2_1_0" nVehContrib="4" flow="480.00" occupancy="3.30" speed="20.24" harmonicMeanSpeed="20.21" length="5.00" nVehEntered="4"/>
    <interval begin="630.00" end="660.00" id="D2_1_0" nVehContrib="2" flow="240.00" occupancy="1.66" speed="20.13" harmonicMeanSpeed="20.11" length="5.00" nVehEntered="2"/>
    <interval begin="660.00" end="690.00" id="D2_1_0" nVehContrib="0" flow="0.00" occupancy="0.00" speed="-1.00" harmonicMeanSpeed="-1.00" length="-1.00" nVehEntered="0"/>
    <interval begin="690.00" end="720.00" id="D2_1_0" nVehContrib="0" flow="0.00" occupancy="0.00" speed="-1.00" harmonicMeanSpeed="-1.00" length="-1.00" nVehEntered="0"/>
    <interval begin="720.00" end="750.00" id="D2_1_0" nVehContrib="8" flow="960.00" occupancy="5.91" speed="22.60" harmonicMeanSpeed="22.55" length="5.00" nVehEntered="8"/>
    <interval begin="750.00" end="780.00" id="D2_1_0" nVehContrib="3" flow="360.00" occupancy="2.44" speed="20.58" harmonicMeanSpeed="20.52" length="5.00" nVehEntered="3"/>
    <interval begin="780.00" end="810.00" id="D2_1_0" nVehContrib="0" flow="0.00" occupancy="0.00" speed="-1.00" harmonicMeanSpeed="-1.00" length="-1.00" nVehEntered="0"/>
    <interval begin="810.00" end="840.00" id="D2_1_0" nVehContrib="0" flow="0.00" occupancy="0.00" speed="-1.00" harmonicMeanSpeed="-1.00" length="-1.00" nVehEntered="0"/>
    <interval begin="840.00" end="870.00" id="D2_1_0" nVehContrib="2" flow="240.00" occupancy="1.57" speed="21.30" harmonicMeanSpeed="21.30" length="5.00" nVehEntered="2"/>
    <interval begin="870.00" end="900.00" id="D2_1_0" nVehContrib="2" flow="240.00" occupancy="1.74" speed="19.12" harmonicMeanSpeed="19.12" length="5.00" nVehEntered="2"/>
    <interval begin="900.00" end="930.00" id="D2_1_0" nVehContrib="0" flow="0.00" occupancy="0.00" speed="-1.00" harmonicMeanSpeed="-1.00" length="-1.00" nVehEntered="0"/>
    <interval begin="930.00" end="960.00" id="D2_1_0" nVehContrib="0" flow="0.00" occupancy="0.00" speed="-1.00" harmonicMeanSpeed="-1.00" length="-1.00" nVehEntered="0"/>
    <interval begin="960.00" end="990.00" id="D2_1_0" nVehContrib="5" flow="600.00" occupancy="4.03" speed="20.72" harmonicMeanSpeed="20.69" length="5.00" nVehEntered="5"/>
    <interval begin="990.00" end="1020.00" id="D2_1_0" nVehContrib="0" flow="0.00" occupancy="0.41" speed="-1.00" harmonicMeanSpeed="-1.00" length="-1.00" nVehEntered="1"/>
    <interval begin="1020.00" end="1050.00" id="D2_1_0" nVehContrib="3" flow="360.00" occupancy="2.04" speed="20.46" harmonicMeanSpeed="20.45" length="5.00" nVehEntered="2"/>
    <interval begin="1050.00" end="1080.00" id="D2_1_0" nVehContrib="0" flow="0.00" occupancy="0.00" speed="-1.00" harmonicMeanSpeed="-1.00" length="-1.00" nVehEntered="0"/>
    <interval begin="1080.00" end="1110.00" id="D2_1_0" nVehContrib="7" flow="840.00" occupancy="5.28" speed="22.19" harmonicMeanSpeed="22.10" length="5.00" nVehEntered="7"/>
    <interval begin="1110.00" end="1140.00" id="D2_1_0" nVehContrib="0" flow="0.00" occupancy="0.00" speed="-1.00" harmonicMeanSpeed="-1.00" length="-1.00" nVehEntered="0"/>
    <interval begin="1140.00" end="1170.00" id="D2_1_0" nVehContrib="2" flow="240.00" occupancy="1.69" speed="19.77" harmonicMeanSpeed="19.75" length="5.00" nVehEntered="2"/>
    <interval begin="1170.00" end="1200.00" id="D2_1_0" nVehContrib="0" flow="0.00" occupancy="0.00" speed="-1.00" harmonicMeanSpeed="-1.00" length="-1.00" nVehEntered="0"/>
    <interval begin="1200.00" end="1230.00" id="D2_1_0" nVehContrib="1" flow="120.00" occupancy="1.42" speed="21.36" harmonicMeanSpeed="21.36" length="5.00" nVehEntered="2"/>
    <interval begin="1230.00" end="1260.00" id="D2_1_0" nVehContrib="2" flow="240.00" occupancy="0.93" speed="21.22" harmonicMeanSpeed="21.19" length="5.00" nVehEntered="1"/>
    <interval begin="1260.00" end="1290.00" id="D2_1_0" nVehContrib="2" flow="240.00" occupancy="1.61" speed="20.66" harmonicMeanSpeed="20.66" length="5.00" nVehEntered="2"/>
    <interval begin="1290.00" end="1320.00" id="D2_1_0" nVehContrib="0" flow="0.00" occupancy="0.00" speed="-1.00" harmonicMeanSpeed="-1.00" length="-1.00" nVehEntered="0"/>
    <interval begin="1320.00" end="1350.00" id="D2_1_0" nVehContrib="2" flow="240.00" occupancy="1.59" speed="20.97" harmonicMeanSpeed="20.97" length="5.00" nVehEntered="2"/>
    <interval begin="1350.00" end="1380.00" id="D2_1_0" nVehContrib="5" flow="600.00" occupancy="3.60" speed="23.19" harmonicMeanSpeed="23.12" length="5.00" nVehEntered="5"/>
    <interval begin="1380.00" end="1410.00" id="D2_1_0" nVehContrib="1" flow="120.00" occupancy="0.79" speed="20.98" harmonicMeanSpeed="20.98" length="5.00" nVehEntered="1"/>
    <interval begin="1410.00" end="1440.00" id="D2_1_0" nVehContrib="0" flow="0.00" occupancy="0.00" speed="-1.00" harmonicMeanSpeed="-1.00" length="-1.00" nVehEntered="0"/>
    <interval begin="1440.00" end="1470.00" id="D2_1_0" nVehContrib="0" flow="0.00" occupancy="0.00" speed="-1.00" harmonicMeanSpeed="-1.00" length="-1.00" nVehEntered="0"/>
    <interval begin="1470.00" end="1500.00" id="D2_1_0" nVehContrib="4" flow="480.00" occupancy="3.08" speed="21.70" harmonicMeanSpeed="21.67" length="5.00" nVehEntered="4"/>
    <interval begin="1500.00" end="1530.00" id="D2_1_0" nVehContrib="3" flow="360.00" occupancy="2.47" speed="20.28" harmonicMeanSpeed="20.21" length="5.00" nVehEntered="3"/>
    <interval begin="1530.00" end="1560.00" id="D2_1_0" nVehContrib="0" flow="0.00" occupancy="0.00" speed="-1.00" harmonicMeanSpeed="-1.00" length="-1.00" nVehEntered="0"/>
    <interval begin="1560.00" end="1590.00" id="D2_1_0" nVehContrib="0" flow="0.00" occupancy="0.00" speed="-1.00" harmonicMeanSpeed="-1.00" length="-1.00" nVehEntered="0"/>
    <interval begin="1590.00" end="1620.00" id="D2_1_0" nVehContrib="7" flow="840.00" occupancy="5.41" speed="21.64" harmonicMeanSpeed="21.56" length="5.00" nVehEntered="7"/>
    <interval begin="1620.00" end="1650.00" id="D2_1_0" nVehContrib="2" flow="240.00" occupancy="1.69" speed="19.72" harmonicMeanSpeed="19.72" length="5.00" nVehEntered="2"/>
    <interval begin="1650.00" end="1680.00" id="D2_1_0" nVehContrib="0" flow="0.00" occupancy="0.00" speed="-1.00" harmonicMeanSpeed="-1.00" length="-1.00" nVehEntered="0"/>
    <interval begin="1680.00" end="1710.00" id="D2_1_0" nVehContrib="0" flow="0.00" occupancy="0.00" speed="-1.00" harmonicMeanSpeed="-1.00" length="-1.00" nVehEntered="0"/>
    <interval begin="1710.00" end="1740.00" id="D2_1_0" nVehContrib="4" flow="480.00" occupancy="3.13" speed="21.30" harmonicMeanSpeed="21.28" length="5.00" nVehEntered="4"/>
    <interval begin="1740.00" end="1770.00" id="D2_1_0" nVehContrib="0" flow="0.00" occupancy="0.00" speed="-1.00" harmonicMeanSpeed="-1.00" length="-1.00" nVehEntered="0"/>
    <interval begin="1770.00" end="1800.00" id="D2_1_0" nVehContrib="0" flow="0.00" occupancy="0.00" speed="-1.00" harmonicMeanSpeed="-1.00" length="-1.00" nVehEntered="0"/>
    <interval begin="1800.00" end="1830.00" id="D2_1_0" nVehContrib="0" flow="0.00" occupancy="0.00" speed="-1.00" harmonicMeanSpeed="-1.00" length="-1.00" nVehEntered="0"/>
    <interval begin="1830.00" end="1860.00" id="D2_1_0" nVehContrib="7" flow="840.00" occupancy="5.38" speed="21.71" harmonicMeanSpeed="21.68" length="5.00" nVehEntered="7"/>
    <interval begin="1860.00" end="1890.00" id="D2_1_0" nVehContrib="2" flow="240.00" occupancy="1.66" speed="20.12" harmonicMeanSpeed="20.11" length="5.00" nVehEntered="2"/>
    <interval begin="1890.00" end="1920.00" id="D2_1_0" nVehContrib="2" flow="240.00" occupancy="1.67" speed="19.98" harmonicMeanSpeed="19.98" length="5.00" nVehEntered="2"/>
    <interval begin="1920.00" end="1950.00" id="D2_1_0" nVehContrib="0" flow="0.00" occupancy="0.00" speed="-1.00" harmonicMeanSpeed="-1.00" length="-1.00" nVehEntered="0"/>
    <interval begin="1950.00" end="1980.00" id="D2_1_0" nVehContrib="5" flow="600.00" occupancy="3.88" speed="21.48" harmonicMeanSpeed="21.46" length="5.00" nVehEntered="5"/>
    <interval begin="1980.00" end="2010.00" id="D2_1_0" nVehContrib="0" flow="0.00" occupancy="0.00" speed="-1.00" harmonicMeanSpeed="-1.00" length="-1.00" nVehEntered="0"/>
    <interval begin="2010.00" end="2040.00" id="D2_1_0" nVehContrib="3" flow="360.00" occupancy="2.48" speed="20.17" harmonicMeanSpeed="20.14" length="5.00" nVehEntered="3"/>
    <interval begin="2040.00" end="2070.00" id="D2_1_0" nVehContrib="0" flow="0.00" occupancy="0.00" speed="-1.00" harmonicMeanSpeed="-1.00" length="-1.00" nVehEntered="0"/>
    <interval begin="2070.00" end="2100.00" id="D2_1_0" nVehContrib="3" flow="360.00" occupancy="2.45" speed="20.48" harmonicMeanSpeed="20.39" length="5.00" nVehEntered="3"/>
    <interval begin="2100.00" end="2130.00" id="D2_1_0" nVehContrib="2" flow="240.00" occupancy="1.62" speed="20.61" harmonicMeanSpeed="20.60" length="5.00" nVehEntered="2"/>
    <interval begin="2130.00" end="2160.00" id="D2_1_0" nVehContrib="0" flow="0.00" occupancy="0.00" speed="-1.00" harmonicMeanSpeed="-1.00" length="-1.00" nVehEntered="0"/>
    <interval begin="2160.00" end="2190.00" id="D2_1_0" nVehContrib="0" flow="0.00" occupancy="0.00" speed="-1.00" harmonicMeanSpeed="-1.00" length="-1.00" nVehEntered="0"/>
    <interval begin="2190.00" end="2220.00" id="D2_1_0" nVehContrib="2" flow="240.00" occupancy="1.54" speed="21.67" harmonicMeanSpeed="21.67" length="5.00" nVehEntered="2"/>
    <interval begin="2220.00" end="2250.00" id="D2_1_0" nVehContrib="2" flow="240.00" occupancy="1.60" speed="20.88" harmonicMeanSpeed="20.88" length="5.00" nVehEntered="2"/>
    <interval begin="2250.00" end="2280.00" id="D2_1_0" nVehContrib="1" flow="120.00" occupancy="0.80" speed="20.77" harmonicMeanSpeed="20.77" length="5.00" nVehEntered="1"/>
    <interval begin="2280.00" end="2310.00" id="D2_1_0" nVehContrib="0" flow="0.00" occupancy="0.00" speed="-1.00" harmonicMeanSpeed="-1.00" length="-1.00" nVehEntered="0"/>
    <interval begin="2310.00" end="2340.00" id="D2_1_0" nVehContrib="1" flow="120.00" occupancy="0.80" speed="20.86" harmonicMeanSpeed="20.86" length="5.00" nVehEntered="1"/>
    <interval begin="2340.00" end="2344.00" id="D2_1_0" nVehContrib="3" flow="2700.00" occupancy="18.31" speed="20.48" harmonicMeanSpeed="20.48" length="5.00" nVehEntered="3"/>
</detector>
