<?xml version="1.0" encoding="UTF-8"?>

<!-- generated on 01/27/20 08:23:42 by Eclipse SUMO GUI Version 1.3.1
<configuration xmlns:xsi="http://www.w3.org/2001/XMLSchema-instance" xsi:noNamespaceSchemaLocation="http://sumo.dlr.de/xsd/sumoConfiguration.xsd">

    <input>
        <net-file value="gnet.net.xml"/>
        <route-files value="grou.rou.xml"/>
        <additional-files value="gadd.additional.xml"/>
    </input>

    <output>
        <queue-output value="Queue.xml"/>
        <summary-output value="Summary.xml"/>
        <tripinfo-output value="output-tripinfos.xml"/>
    </output>

    <time>
        <begin value="0"/>
        <end value="3600"/>
    </time>

    <processing>
        <time-to-teleport value="3600"/>
    </processing>

    <traci_server>
        <remote-port value="9393"/>
    </traci_server>

    <gui_only>
        <gui-settings-file value="gview.view.xml"/>
        <quit-on-end value="true"/>
        <start value="true"/>
    </gui_only>

</configuration>
-->

<detector xmlns:xsi="http://www.w3.org/2001/XMLSchema-instance" xsi:noNamespaceSchemaLocation="http://sumo.dlr.de/xsd/det_e1_file.xsd">
    <interval begin="0.00" end="30.00" id="D3_1_0" nVehContrib="0" flow="0.00" occupancy="0.00" speed="-1.00" harmonicMeanSpeed="-1.00" length="-1.00" nVehEntered="0"/>
    <interval begin="30.00" end="60.00" id="D3_1_0" nVehContrib="1" flow="120.00" occupancy="0.86" speed="19.28" harmonicMeanSpeed="19.28" length="5.00" nVehEntered="1"/>
    <interval begin="60.00" end="90.00" id="D3_1_0" nVehContrib="1" flow="120.00" occupancy="0.81" speed="20.67" harmonicMeanSpeed="20.67" length="5.00" nVehEntered="1"/>
    <interval begin="90.00" end="120.00" id="D3_1_0" nVehContrib="1" flow="120.00" occupancy="0.81" speed="20.49" harmonicMeanSpeed="20.49" length="5.00" nVehEntered="1"/>
    <interval begin="120.00" end="150.00" id="D3_1_0" nVehContrib="0" flow="0.00" occupancy="0.00" speed="-1.00" harmonicMeanSpeed="-1.00" length="-1.00" nVehEntered="0"/>
    <interval begin="150.00" end="180.00" id="D3_1_0" nVehContrib="2" flow="240.00" occupancy="1.60" speed="20.94" harmonicMeanSpeed="20.88" length="5.00" nVehEntered="2"/>
    <interval begin="180.00" end="210.00" id="D3_1_0" nVehContrib="0" flow="0.00" occupancy="0.00" speed="-1.00" harmonicMeanSpeed="-1.00" length="-1.00" nVehEntered="0"/>
    <interval begin="210.00" end="240.00" id="D3_1_0" nVehContrib="0" flow="0.00" occupancy="0.00" speed="-1.00" harmonicMeanSpeed="-1.00" length="-1.00" nVehEntered="0"/>
    <interval begin="240.00" end="270.00" id="D3_1_0" nVehContrib="2" flow="240.00" occupancy="1.45" speed="22.96" harmonicMeanSpeed="22.96" length="5.00" nVehEntered="2"/>
    <interval begin="270.00" end="300.00" id="D3_1_0" nVehContrib="2" flow="240.00" occupancy="1.68" speed="19.82" harmonicMeanSpeed="19.82" length="5.00" nVehEntered="2"/>
    <interval begin="300.00" end="330.00" id="D3_1_0" nVehContrib="0" flow="0.00" occupancy="0.00" speed="-1.00" harmonicMeanSpeed="-1.00" length="-1.00" nVehEntered="0"/>
    <interval begin="330.00" end="360.00" id="D3_1_0" nVehContrib="0" flow="0.00" occupancy="0.49" speed="-1.00" harmonicMeanSpeed="-1.00" length="-1.00" nVehEntered="1"/>
    <interval begin="360.00" end="390.00" id="D3_1_0" nVehContrib="6" flow="720.00" occupancy="4.18" speed="21.45" harmonicMeanSpeed="21.41" length="5.00" nVehEntered="5"/>
    <interval begin="390.00" end="420.00" id="D3_1_0" nVehContrib="2" flow="240.00" occupancy="1.68" speed="19.84" harmonicMeanSpeed="19.82" length="5.00" nVehEntered="2"/>
    <interval begin="420.00" end="450.00" id="D3_1_0" nVehContrib="0" flow="0.00" occupancy="0.00" speed="-1.00" harmonicMeanSpeed="-1.00" length="-1.00" nVehEntered="0"/>
    <interval begin="450.00" end="480.00" id="D3_1_0" nVehContrib="0" flow="0.00" occupancy="0.00" speed="-1.00" harmonicMeanSpeed="-1.00" length="-1.00" nVehEntered="0"/>
    <interval begin="480.00" end="510.00" id="D3_1_0" nVehContrib="6" flow="720.00" occupancy="4.31" speed="23.19" harmonicMeanSpeed="23.18" length="5.00" nVehEntered="6"/>
    <interval begin="510.00" end="540.00" id="D3_1_0" nVehContrib="2" flow="240.00" occupancy="1.68" speed="19.87" harmonicMeanSpeed="19.83" length="5.00" nVehEntered="2"/>
    <interval begin="540.00" end="570.00" id="D3_1_0" nVehContrib="0" flow="0.00" occupancy="0.00" speed="-1.00" harmonicMeanSpeed="-1.00" length="-1.00" nVehEntered="0"/>
    <interval begin="570.00" end="600.00" id="D3_1_0" nVehContrib="0" flow="0.00" occupancy="0.00" speed="-1.00" harmonicMeanSpeed="-1.00" length="-1.00" nVehEntered="0"/>
    <interval begin="600.00" end="630.00" id="D3_1_0" nVehContrib="5" flow="600.00" occupancy="3.78" speed="22.08" harmonicMeanSpeed="22.06" length="5.00" nVehEntered="5"/>
    <interval begin="630.00" end="660.00" id="D3_1_0" nVehContrib="2" flow="240.00" occupancy="1.66" speed="20.12" harmonicMeanSpeed="20.12" length="5.00" nVehEntered="2"/>
    <interval begin="660.00" end="690.00" id="D3_1_0" nVehContrib="0" flow="0.00" occupancy="0.00" speed="-1.00" harmonicMeanSpeed="-1.00" length="-1.00" nVehEntered="0"/>
    <interval begin="690.00" end="720.00" id="D3_1_0" nVehContrib="0" flow="0.00" occupancy="0.00" speed="-1.00" harmonicMeanSpeed="-1.00" length="-1.00" nVehEntered="0"/>
    <interval begin="720.00" end="750.00" id="D3_1_0" nVehContrib="5" flow="600.00" occupancy="4.00" speed="20.85" harmonicMeanSpeed="20.83" length="5.00" nVehEntered="5"/>
    <interval begin="750.00" end="780.00" id="D3_1_0" nVehContrib="2" flow="240.00" occupancy="1.59" speed="20.98" harmonicMeanSpeed="20.98" length="5.00" nVehEntered="2"/>
    <interval begin="780.00" end="810.00" id="D3_1_0" nVehContrib="1" flow="120.00" occupancy="0.83" speed="20.15" harmonicMeanSpeed="20.15" length="5.00" nVehEntered="1"/>
    <interval begin="810.00" end="840.00" id="D3_1_0" nVehContrib="0" flow="0.00" occupancy="0.00" speed="-1.00" harmonicMeanSpeed="-1.00" length="-1.00" nVehEntered="0"/>
    <interval begin="840.00" end="870.00" id="D3_1_0" nVehContrib="5" flow="600.00" occupancy="3.63" speed="23.00" harmonicMeanSpeed="22.99" length="5.00" nVehEntered="5"/>
    <interval begin="870.00" end="900.00" id="D3_1_0" nVehContrib="1" flow="120.00" occupancy="0.79" speed="21.18" harmonicMeanSpeed="21.18" length="5.00" nVehEntered="1"/>
    <interval begin="900.00" end="930.00" id="D3_1_0" nVehContrib="0" flow="0.00" occupancy="0.00" speed="-1.00" harmonicMeanSpeed="-1.00" length="-1.00" nVehEntered="0"/>
    <interval begin="930.00" end="960.00" id="D3_1_0" nVehContrib="0" flow="0.00" occupancy="0.00" speed="-1.00" harmonicMeanSpeed="-1.00" length="-1.00" nVehEntered="0"/>
    <interval begin="960.00" end="990.00" id="D3_1_0" nVehContrib="5" flow="600.00" occupancy="3.75" speed="22.27" harmonicMeanSpeed="22.21" length="5.00" nVehEntered="5"/>
    <interval begin="990.00" end="1020.00" id="D3_1_0" nVehContrib="0" flow="0.00" occupancy="0.84" speed="-1.00" harmonicMeanSpeed="-1.00" length="-1.00" nVehEntered="1"/>
    <interval begin="1020.00" end="1050.00" id="D3_1_0" nVehContrib="2" flow="240.00" occupancy="0.80" speed="20.47" harmonicMeanSpeed="20.43" length="5.00" nVehEntered="1"/>
    <interval begin="1050.00" end="1080.00" id="D3_1_0" nVehContrib="0" flow="0.00" occupancy="0.00" speed="-1.00" harmonicMeanSpeed="-1.00" length="-1.00" nVehEntered="0"/>
    <interval begin="1080.00" end="1110.00" id="D3_1_0" nVehContrib="6" flow="720.00" occupancy="4.42" speed="22.64" harmonicMeanSpeed="22.62" length="5.00" nVehEntered="6"/>
    <interval begin="1110.00" end="1140.00" id="D3_1_0" nVehContrib="0" flow="0.00" occupancy="0.00" speed="-1.00" harmonicMeanSpeed="-1.00" length="-1.00" nVehEntered="0"/>
    <interval begin="1140.00" end="1170.00" id="D3_1_0" nVehContrib="2" flow="240.00" occupancy="1.70" speed="19.69" harmonicMeanSpeed="19.61" length="5.00" nVehEntered="2"/>
    <interval begin="1170.00" end="1200.00" id="D3_1_0" nVehContrib="0" flow="0.00" occupancy="0.00" speed="-1.00" harmonicMeanSpeed="-1.00" length="-1.00" nVehEntered="0"/>
    <interval begin="1200.00" end="1230.00" id="D3_1_0" nVehContrib="3" flow="360.00" occupancy="2.22" speed="22.53" harmonicMeanSpeed="22.50" length="5.00" nVehEntered="3"/>
    <interval begin="1230.00" end="1260.00" id="D3_1_0" nVehContrib="2" flow="240.00" occupancy="1.37" speed="24.35" harmonicMeanSpeed="24.35" length="5.00" nVehEntered="2"/>
    <interval begin="1260.00" end="1290.00" id="D3_1_0" nVehContrib="2" flow="240.00" occupancy="1.63" speed="20.45" harmonicMeanSpeed="20.45" length="5.00" nVehEntered="2"/>
    <interval begin="1290.00" end="1320.00" id="D3_1_0" nVehContrib="0" flow="0.00" occupancy="0.00" speed="-1.00" harmonicMeanSpeed="-1.00" length="-1.00" nVehEntered="0"/>
    <interval begin="1320.00" end="1350.00" id="D3_1_0" nVehContrib="3" flow="360.00" occupancy="2.28" speed="21.96" harmonicMeanSpeed="21.96" length="5.00" nVehEntered="3"/>
    <interval begin="1350.00" end="1380.00" id="D3_1_0" nVehContrib="0" flow="0.00" occupancy="0.00" speed="-1.00" harmonicMeanSpeed="-1.00" length="-1.00" nVehEntered="0"/>
    <interval begin="1380.00" end="1410.00" id="D3_1_0" nVehContrib="2" flow="240.00" occupancy="1.69" speed="19.70" harmonicMeanSpeed="19.69" length="5.00" nVehEntered="2"/>
    <interval begin="1410.00" end="1440.00" id="D3_1_0" nVehContrib="0" flow="0.00" occupancy="0.00" speed="-1.00" harmonicMeanSpeed="-1.00" length="-1.00" nVehEntered="0"/>
    <interval begin="1440.00" end="1470.00" id="D3_1_0" nVehContrib="0" flow="0.00" occupancy="0.00" speed="-1.00" harmonicMeanSpeed="-1.00" length="-1.00" nVehEntered="0"/>
    <interval begin="1470.00" end="1500.00" id="D3_1_0" nVehContrib="5" flow="600.00" occupancy="3.65" speed="22.86" harmonicMeanSpeed="22.81" length="5.00" nVehEntered="5"/>
    <interval begin="1500.00" end="1530.00" id="D3_1_0" nVehContrib="3" flow="360.00" occupancy="2.55" speed="19.63" harmonicMeanSpeed="19.63" length="5.00" nVehEntered="3"/>
    <interval begin="1530.00" end="1560.00" id="D3_1_0" nVehContrib="0" flow="0.00" occupancy="0.00" speed="-1.00" harmonicMeanSpeed="-1.00" length="-1.00" nVehEntered="0"/>
    <interval begin="1560.00" end="1590.00" id="D3_1_0" nVehContrib="0" flow="0.00" occupancy="0.00" speed="-1.00" harmonicMeanSpeed="-1.00" length="-1.00" nVehEntered="0"/>
    <interval begin="1590.00" end="1620.00" id="D3_1_0" nVehContrib="3" flow="360.00" occupancy="2.35" speed="21.36" harmonicMeanSpeed="21.30" length="5.00" nVehEntered="3"/>
    <interval begin="1620.00" end="1650.00" id="D3_1_0" nVehContrib="2" flow="240.00" occupancy="1.68" speed="19.81" harmonicMeanSpeed="19.81" length="5.00" nVehEntered="2"/>
    <interval begin="1650.00" end="1680.00" id="D3_1_0" nVehContrib="0" flow="0.00" occupancy="0.00" speed="-1.00" harmonicMeanSpeed="-1.00" length="-1.00" nVehEntered="0"/>
    <interval begin="1680.00" end="1710.00" id="D3_1_0" nVehContrib="0" flow="0.00" occupancy="0.00" speed="-1.00" harmonicMeanSpeed="-1.00" length="-1.00" nVehEntered="0"/>
    <interval begin="1710.00" end="1740.00" id="D3_1_0" nVehContrib="6" flow="720.00" occupancy="4.38" speed="22.89" harmonicMeanSpeed="22.83" length="5.00" nVehEntered="6"/>
    <interval begin="1740.00" end="1770.00" id="D3_1_0" nVehContrib="0" flow="0.00" occupancy="0.00" speed="-1.00" harmonicMeanSpeed="-1.00" length="-1.00" nVehEntered="0"/>
    <interval begin="1770.00" end="1800.00" id="D3_1_0" nVehContrib="0" flow="0.00" occupancy="0.00" speed="-1.00" harmonicMeanSpeed="-1.00" length="-1.00" nVehEntered="0"/>
    <interval begin="1800.00" end="1830.00" id="D3_1_0" nVehContrib="0" flow="0.00" occupancy="0.00" speed="-1.00" harmonicMeanSpeed="-1.00" length="-1.00" nVehEntered="0"/>
    <interval begin="1830.00" end="1860.00" id="D3_1_0" nVehContrib="2" flow="240.00" occupancy="1.52" speed="22.01" harmonicMeanSpeed="21.99" length="5.00" nVehEntered="2"/>
    <interval begin="1860.00" end="1890.00" id="D3_1_0" nVehContrib="0" flow="0.00" occupancy="0.00" speed="-1.00" harmonicMeanSpeed="-1.00" length="-1.00" nVehEntered="0"/>
    <interval begin="1890.00" end="1920.00" id="D3_1_0" nVehContrib="1" flow="120.00" occupancy="0.82" speed="20.32" harmonicMeanSpeed="20.32" length="5.00" nVehEntered="1"/>
    <interval begin="1920.00" end="1950.00" id="D3_1_0" nVehContrib="0" flow="0.00" occupancy="0.00" speed="-1.00" harmonicMeanSpeed="-1.00" length="-1.00" nVehEntered="0"/>
    <interval begin="1950.00" end="1980.00" id="D3_1_0" nVehContrib="6" flow="720.00" occupancy="4.39" speed="22.80" harmonicMeanSpeed="22.79" length="5.00" nVehEntered="6"/>
    <interval begin="1980.00" end="2010.00" id="D3_1_0" nVehContrib="0" flow="0.00" occupancy="0.00" speed="-1.00" harmonicMeanSpeed="-1.00" length="-1.00" nVehEntered="0"/>
    <interval begin="2010.00" end="2040.00" id="D3_1_0" nVehContrib="4" flow="480.00" occupancy="3.38" speed="19.79" harmonicMeanSpeed="19.75" length="5.00" nVehEntered="4"/>
    <interval begin="2040.00" end="2070.00" id="D3_1_0" nVehContrib="0" flow="0.00" occupancy="0.00" speed="-1.00" harmonicMeanSpeed="-1.00" length="-1.00" nVehEntered="0"/>
    <interval begin="2070.00" end="2100.00" id="D3_1_0" nVehContrib="4" flow="480.00" occupancy="3.15" speed="21.21" harmonicMeanSpeed="21.19" length="5.00" nVehEntered="4"/>
    <interval begin="2100.00" end="2130.00" id="D3_1_0" nVehContrib="1" flow="120.00" occupancy="0.75" speed="22.35" harmonicMeanSpeed="22.35" length="5.00" nVehEntered="1"/>
    <interval begin="2130.00" end="2160.00" id="D3_1_0" nVehContrib="2" flow="240.00" occupancy="1.67" speed="20.10" harmonicMeanSpeed="19.99" length="5.00" nVehEntered="2"/>
    <interval begin="2160.00" end="2190.00" id="D3_1_0" nVehContrib="0" flow="0.00" occupancy="0.00" speed="-1.00" harmonicMeanSpeed="-1.00" length="-1.00" nVehEntered="0"/>
    <interval begin="2190.00" end="2220.00" id="D3_1_0" nVehContrib="3" flow="360.00" occupancy="2.99" speed="21.88" harmonicMeanSpeed="21.87" length="5.00" nVehEntered="4"/>
    <interval begin="2220.00" end="2250.00" id="D3_1_0" nVehContrib="2" flow="240.00" occupancy="0.83" speed="21.73" harmonicMeanSpeed="21.71" length="5.00" nVehEntered="1"/>
    <interval begin="2250.00" end="2280.00" id="D3_1_0" nVehContrib="1" flow="120.00" occupancy="0.86" speed="19.32" harmonicMeanSpeed="19.32" length="5.00" nVehEntered="1"/>
    <interval begin="2280.00" end="2310.00" id="D3_1_0" nVehContrib="0" flow="0.00" occupancy="0.00" speed="-1.00" harmonicMeanSpeed="-1.00" length="-1.00" nVehEntered="0"/>
    <interval begin="2310.00" end="2340.00" id="D3_1_0" nVehContrib="0" flow="0.00" occupancy="0.00" speed="-1.00" harmonicMeanSpeed="-1.00" length="-1.00" nVehEntered="0"/>
    <interval begin="2340.00" end="2344.00" id="D3_1_0" nVehContrib="3" flow="2700.00" occupancy="16.96" speed="22.12" harmonicMeanSpeed="22.11" length="5.00" nVehEntered="3"/>
</detector>
