<?xml version="1.0" encoding="UTF-8"?>

<!-- generated on 01/27/20 08:23:42 by Eclipse SUMO GUI Version 1.3.1
<configuration xmlns:xsi="http://www.w3.org/2001/XMLSchema-instance" xsi:noNamespaceSchemaLocation="http://sumo.dlr.de/xsd/sumoConfiguration.xsd">

    <input>
        <net-file value="gnet.net.xml"/>
        <route-files value="grou.rou.xml"/>
        <additional-files value="gadd.additional.xml"/>
    </input>

    <output>
        <queue-output value="Queue.xml"/>
        <summary-output value="Summary.xml"/>
        <tripinfo-output value="output-tripinfos.xml"/>
    </output>

    <time>
        <begin value="0"/>
        <end value="3600"/>
    </time>

    <processing>
        <time-to-teleport value="3600"/>
    </processing>

    <traci_server>
        <remote-port value="9393"/>
    </traci_server>

    <gui_only>
        <gui-settings-file value="gview.view.xml"/>
        <quit-on-end value="true"/>
        <start value="true"/>
    </gui_only>

</configuration>
-->

<detector xmlns:xsi="http://www.w3.org/2001/XMLSchema-instance" xsi:noNamespaceSchemaLocation="http://sumo.dlr.de/xsd/det_e1_file.xsd">
    <interval begin="0.00" end="30.00" id="D4_1_1" nVehContrib="0" flow="0.00" occupancy="0.00" speed="-1.00" harmonicMeanSpeed="-1.00" length="-1.00" nVehEntered="0"/>
    <interval begin="30.00" end="60.00" id="D4_1_1" nVehContrib="0" flow="0.00" occupancy="0.00" speed="-1.00" harmonicMeanSpeed="-1.00" length="-1.00" nVehEntered="0"/>
    <interval begin="60.00" end="90.00" id="D4_1_1" nVehContrib="0" flow="0.00" occupancy="0.00" speed="-1.00" harmonicMeanSpeed="-1.00" length="-1.00" nVehEntered="0"/>
    <interval begin="90.00" end="120.00" id="D4_1_1" nVehContrib="2" flow="240.00" occupancy="8.27" speed="4.33" harmonicMeanSpeed="4.03" length="5.00" nVehEntered="2"/>
    <interval begin="120.00" end="150.00" id="D4_1_1" nVehContrib="0" flow="0.00" occupancy="0.00" speed="-1.00" harmonicMeanSpeed="-1.00" length="-1.00" nVehEntered="0"/>
    <interval begin="150.00" end="180.00" id="D4_1_1" nVehContrib="0" flow="0.00" occupancy="0.00" speed="-1.00" harmonicMeanSpeed="-1.00" length="-1.00" nVehEntered="0"/>
    <interval begin="180.00" end="210.00" id="D4_1_1" nVehContrib="0" flow="0.00" occupancy="0.00" speed="-1.00" harmonicMeanSpeed="-1.00" length="-1.00" nVehEntered="0"/>
    <interval begin="210.00" end="240.00" id="D4_1_1" nVehContrib="1" flow="120.00" occupancy="4.90" speed="3.40" harmonicMeanSpeed="3.40" length="5.00" nVehEntered="1"/>
    <interval begin="240.00" end="270.00" id="D4_1_1" nVehContrib="0" flow="0.00" occupancy="0.00" speed="-1.00" harmonicMeanSpeed="-1.00" length="-1.00" nVehEntered="0"/>
    <interval begin="270.00" end="300.00" id="D4_1_1" nVehContrib="0" flow="0.00" occupancy="0.00" speed="-1.00" harmonicMeanSpeed="-1.00" length="-1.00" nVehEntered="0"/>
    <interval begin="300.00" end="330.00" id="D4_1_1" nVehContrib="0" flow="0.00" occupancy="0.00" speed="-1.00" harmonicMeanSpeed="-1.00" length="-1.00" nVehEntered="0"/>
    <interval begin="330.00" end="360.00" id="D4_1_1" nVehContrib="1" flow="120.00" occupancy="5.53" speed="3.01" harmonicMeanSpeed="3.01" length="5.00" nVehEntered="1"/>
    <interval begin="360.00" end="390.00" id="D4_1_1" nVehContrib="1" flow="120.00" occupancy="46.63" speed="7.24" harmonicMeanSpeed="7.24" length="5.00" nVehEntered="2"/>
    <interval begin="390.00" end="420.00" id="D4_1_1" nVehContrib="0" flow="0.00" occupancy="100.00" speed="-1.00" harmonicMeanSpeed="-1.00" length="-1.00" nVehEntered="0"/>
    <interval begin="420.00" end="450.00" id="D4_1_1" nVehContrib="0" flow="0.00" occupancy="100.00" speed="-1.00" harmonicMeanSpeed="-1.00" length="-1.00" nVehEntered="0"/>
    <interval begin="450.00" end="480.00" id="D4_1_1" nVehContrib="0" flow="0.00" occupancy="0.00" speed="-1.00" harmonicMeanSpeed="-1.00" length="-1.00" nVehEntered="0"/>
    <interval begin="480.00" end="510.00" id="D4_1_1" nVehContrib="1" flow="120.00" occupancy="9.33" speed="6.29" harmonicMeanSpeed="6.29" length="5.00" nVehEntered="2"/>
    <interval begin="510.00" end="540.00" id="D4_1_1" nVehContrib="0" flow="0.00" occupancy="100.00" speed="-1.00" harmonicMeanSpeed="-1.00" length="-1.00" nVehEntered="0"/>
    <interval begin="540.00" end="570.00" id="D4_1_1" nVehContrib="0" flow="0.00" occupancy="100.00" speed="-1.00" harmonicMeanSpeed="-1.00" length="-1.00" nVehEntered="0"/>
    <interval begin="570.00" end="600.00" id="D4_1_1" nVehContrib="0" flow="0.00" occupancy="0.00" speed="-1.00" harmonicMeanSpeed="-1.00" length="-1.00" nVehEntered="0"/>
    <interval begin="600.00" end="630.00" id="D4_1_1" nVehContrib="0" flow="0.00" occupancy="0.00" speed="-1.00" harmonicMeanSpeed="-1.00" length="-1.00" nVehEntered="1"/>
    <interval begin="630.00" end="660.00" id="D4_1_1" nVehContrib="0" flow="0.00" occupancy="0.00" speed="-1.00" harmonicMeanSpeed="-1.00" length="-1.00" nVehEntered="0"/>
    <interval begin="660.00" end="690.00" id="D4_1_1" nVehContrib="0" flow="0.00" occupancy="0.00" speed="-1.00" harmonicMeanSpeed="-1.00" length="-1.00" nVehEntered="0"/>
    <interval begin="690.00" end="720.00" id="D4_1_1" nVehContrib="1" flow="120.00" occupancy="4.67" speed="3.57" harmonicMeanSpeed="3.57" length="5.00" nVehEntered="1"/>
    <interval begin="720.00" end="750.00" id="D4_1_1" nVehContrib="0" flow="0.00" occupancy="30.34" speed="-1.00" harmonicMeanSpeed="-1.00" length="-1.00" nVehEntered="1"/>
    <interval begin="750.00" end="780.00" id="D4_1_1" nVehContrib="0" flow="0.00" occupancy="100.00" speed="-1.00" harmonicMeanSpeed="-1.00" length="-1.00" nVehEntered="0"/>
    <interval begin="780.00" end="810.00" id="D4_1_1" nVehContrib="0" flow="0.00" occupancy="100.00" speed="-1.00" harmonicMeanSpeed="-1.00" length="-1.00" nVehEntered="0"/>
    <interval begin="810.00" end="840.00" id="D4_1_1" nVehContrib="0" flow="0.00" occupancy="100.00" speed="-1.00" harmonicMeanSpeed="-1.00" length="-1.00" nVehEntered="0"/>
    <interval begin="840.00" end="870.00" id="D4_1_1" nVehContrib="0" flow="0.00" occupancy="15.18" speed="-1.00" harmonicMeanSpeed="-1.00" length="-1.00" nVehEntered="3"/>
    <interval begin="870.00" end="900.00" id="D4_1_1" nVehContrib="0" flow="0.00" occupancy="100.00" speed="-1.00" harmonicMeanSpeed="-1.00" length="-1.00" nVehEntered="0"/>
    <interval begin="900.00" end="930.00" id="D4_1_1" nVehContrib="0" flow="0.00" occupancy="100.00" speed="-1.00" harmonicMeanSpeed="-1.00" length="-1.00" nVehEntered="0"/>
    <interval begin="930.00" end="960.00" id="D4_1_1" nVehContrib="0" flow="0.00" occupancy="100.00" speed="-1.00" harmonicMeanSpeed="-1.00" length="-1.00" nVehEntered="0"/>
    <interval begin="960.00" end="990.00" id="D4_1_1" nVehContrib="1" flow="120.00" occupancy="1.92" speed="8.66" harmonicMeanSpeed="8.66" length="5.00" nVehEntered="1"/>
    <interval begin="990.00" end="1020.00" id="D4_1_1" nVehContrib="0" flow="0.00" occupancy="0.00" speed="-1.00" harmonicMeanSpeed="-1.00" length="-1.00" nVehEntered="0"/>
    <interval begin="1020.00" end="1050.00" id="D4_1_1" nVehContrib="0" flow="0.00" occupancy="0.00" speed="-1.00" harmonicMeanSpeed="-1.00" length="-1.00" nVehEntered="0"/>
    <interval begin="1050.00" end="1080.00" id="D4_1_1" nVehContrib="0" flow="0.00" occupancy="0.00" speed="-1.00" harmonicMeanSpeed="-1.00" length="-1.00" nVehEntered="0"/>
    <interval begin="1080.00" end="1110.00" id="D4_1_1" nVehContrib="1" flow="120.00" occupancy="5.22" speed="3.19" harmonicMeanSpeed="3.19" length="5.00" nVehEntered="1"/>
    <interval begin="1110.00" end="1140.00" id="D4_1_1" nVehContrib="0" flow="0.00" occupancy="94.41" speed="-1.00" harmonicMeanSpeed="-1.00" length="-1.00" nVehEntered="1"/>
    <interval begin="1140.00" end="1170.00" id="D4_1_1" nVehContrib="0" flow="0.00" occupancy="100.00" speed="-1.00" harmonicMeanSpeed="-1.00" length="-1.00" nVehEntered="0"/>
    <interval begin="1170.00" end="1200.00" id="D4_1_1" nVehContrib="0" flow="0.00" occupancy="100.00" speed="-1.00" harmonicMeanSpeed="-1.00" length="-1.00" nVehEntered="0"/>
    <interval begin="1200.00" end="1230.00" id="D4_1_1" nVehContrib="0" flow="0.00" occupancy="0.00" speed="-1.00" harmonicMeanSpeed="-1.00" length="-1.00" nVehEntered="1"/>
    <interval begin="1230.00" end="1260.00" id="D4_1_1" nVehContrib="0" flow="0.00" occupancy="80.73" speed="-1.00" harmonicMeanSpeed="-1.00" length="-1.00" nVehEntered="1"/>
    <interval begin="1260.00" end="1290.00" id="D4_1_1" nVehContrib="0" flow="0.00" occupancy="100.00" speed="-1.00" harmonicMeanSpeed="-1.00" length="-1.00" nVehEntered="0"/>
    <interval begin="1290.00" end="1320.00" id="D4_1_1" nVehContrib="0" flow="0.00" occupancy="100.00" speed="-1.00" harmonicMeanSpeed="-1.00" length="-1.00" nVehEntered="0"/>
    <interval begin="1320.00" end="1350.00" id="D4_1_1" nVehContrib="1" flow="120.00" occupancy="2.50" speed="6.65" harmonicMeanSpeed="6.65" length="5.00" nVehEntered="1"/>
    <interval begin="1350.00" end="1380.00" id="D4_1_1" nVehContrib="0" flow="0.00" occupancy="50.77" speed="-1.00" harmonicMeanSpeed="-1.00" length="-1.00" nVehEntered="1"/>
    <interval begin="1380.00" end="1410.00" id="D4_1_1" nVehContrib="0" flow="0.00" occupancy="100.00" speed="-1.00" harmonicMeanSpeed="-1.00" length="-1.00" nVehEntered="0"/>
    <interval begin="1410.00" end="1440.00" id="D4_1_1" nVehContrib="0" flow="0.00" occupancy="100.00" speed="-1.00" harmonicMeanSpeed="-1.00" length="-1.00" nVehEntered="0"/>
    <interval begin="1440.00" end="1470.00" id="D4_1_1" nVehContrib="0" flow="0.00" occupancy="3.58" speed="-1.00" harmonicMeanSpeed="-1.00" length="-1.00" nVehEntered="1"/>
    <interval begin="1470.00" end="1500.00" id="D4_1_1" nVehContrib="1" flow="120.00" occupancy="2.39" speed="6.97" harmonicMeanSpeed="6.97" length="5.00" nVehEntered="2"/>
    <interval begin="1500.00" end="1530.00" id="D4_1_1" nVehContrib="0" flow="0.00" occupancy="0.00" speed="-1.00" harmonicMeanSpeed="-1.00" length="-1.00" nVehEntered="0"/>
    <interval begin="1530.00" end="1560.00" id="D4_1_1" nVehContrib="0" flow="0.00" occupancy="0.00" speed="-1.00" harmonicMeanSpeed="-1.00" length="-1.00" nVehEntered="0"/>
    <interval begin="1560.00" end="1590.00" id="D4_1_1" nVehContrib="1" flow="120.00" occupancy="4.63" speed="3.60" harmonicMeanSpeed="3.60" length="5.00" nVehEntered="1"/>
    <interval begin="1590.00" end="1620.00" id="D4_1_1" nVehContrib="0" flow="0.00" occupancy="35.99" speed="-1.00" harmonicMeanSpeed="-1.00" length="-1.00" nVehEntered="1"/>
    <interval begin="1620.00" end="1650.00" id="D4_1_1" nVehContrib="0" flow="0.00" occupancy="100.00" speed="-1.00" harmonicMeanSpeed="-1.00" length="-1.00" nVehEntered="0"/>
    <interval begin="1650.00" end="1680.00" id="D4_1_1" nVehContrib="0" flow="0.00" occupancy="100.00" speed="-1.00" harmonicMeanSpeed="-1.00" length="-1.00" nVehEntered="0"/>
    <interval begin="1680.00" end="1710.00" id="D4_1_1" nVehContrib="0" flow="0.00" occupancy="100.00" speed="-1.00" harmonicMeanSpeed="-1.00" length="-1.00" nVehEntered="0"/>
    <interval begin="1710.00" end="1740.00" id="D4_1_1" nVehContrib="0" flow="0.00" occupancy="0.00" speed="-1.00" harmonicMeanSpeed="-1.00" length="-1.00" nVehEntered="2"/>
    <interval begin="1740.00" end="1770.00" id="D4_1_1" nVehContrib="0" flow="0.00" occupancy="0.00" speed="-1.00" harmonicMeanSpeed="-1.00" length="-1.00" nVehEntered="0"/>
    <interval begin="1770.00" end="1800.00" id="D4_1_1" nVehContrib="0" flow="0.00" occupancy="0.00" speed="-1.00" harmonicMeanSpeed="-1.00" length="-1.00" nVehEntered="0"/>
    <interval begin="1800.00" end="1830.00" id="D4_1_1" nVehContrib="0" flow="0.00" occupancy="0.00" speed="-1.00" harmonicMeanSpeed="-1.00" length="-1.00" nVehEntered="0"/>
    <interval begin="1830.00" end="1860.00" id="D4_1_1" nVehContrib="1" flow="120.00" occupancy="4.89" speed="3.40" harmonicMeanSpeed="3.40" length="5.00" nVehEntered="1"/>
    <interval begin="1860.00" end="1890.00" id="D4_1_1" nVehContrib="0" flow="0.00" occupancy="86.75" speed="-1.00" harmonicMeanSpeed="-1.00" length="-1.00" nVehEntered="1"/>
    <interval begin="1890.00" end="1920.00" id="D4_1_1" nVehContrib="0" flow="0.00" occupancy="100.00" speed="-1.00" harmonicMeanSpeed="-1.00" length="-1.00" nVehEntered="0"/>
    <interval begin="1920.00" end="1950.00" id="D4_1_1" nVehContrib="0" flow="0.00" occupancy="100.00" speed="-1.00" harmonicMeanSpeed="-1.00" length="-1.00" nVehEntered="0"/>
    <interval begin="1950.00" end="1980.00" id="D4_1_1" nVehContrib="0" flow="0.00" occupancy="0.00" speed="-1.00" harmonicMeanSpeed="-1.00" length="-1.00" nVehEntered="1"/>
    <interval begin="1980.00" end="2010.00" id="D4_1_1" nVehContrib="0" flow="0.00" occupancy="97.18" speed="-1.00" harmonicMeanSpeed="-1.00" length="-1.00" nVehEntered="1"/>
    <interval begin="2010.00" end="2040.00" id="D4_1_1" nVehContrib="0" flow="0.00" occupancy="100.00" speed="-1.00" harmonicMeanSpeed="-1.00" length="-1.00" nVehEntered="0"/>
    <interval begin="2040.00" end="2070.00" id="D4_1_1" nVehContrib="0" flow="0.00" occupancy="100.00" speed="-1.00" harmonicMeanSpeed="-1.00" length="-1.00" nVehEntered="0"/>
    <interval begin="2070.00" end="2100.00" id="D4_1_1" nVehContrib="2" flow="240.00" occupancy="8.30" speed="4.62" harmonicMeanSpeed="4.01" length="5.00" nVehEntered="2"/>
    <interval begin="2100.00" end="2130.00" id="D4_1_1" nVehContrib="0" flow="0.00" occupancy="40.00" speed="-1.00" harmonicMeanSpeed="-1.00" length="-1.00" nVehEntered="1"/>
    <interval begin="2130.00" end="2160.00" id="D4_1_1" nVehContrib="0" flow="0.00" occupancy="100.00" speed="-1.00" harmonicMeanSpeed="-1.00" length="-1.00" nVehEntered="0"/>
    <interval begin="2160.00" end="2190.00" id="D4_1_1" nVehContrib="0" flow="0.00" occupancy="100.00" speed="-1.00" harmonicMeanSpeed="-1.00" length="-1.00" nVehEntered="0"/>
    <interval begin="2190.00" end="2220.00" id="D4_1_1" nVehContrib="0" flow="0.00" occupancy="0.00" speed="-1.00" harmonicMeanSpeed="-1.00" length="-1.00" nVehEntered="1"/>
    <interval begin="2220.00" end="2250.00" id="D4_1_1" nVehContrib="0" flow="0.00" occupancy="0.00" speed="-1.00" harmonicMeanSpeed="-1.00" length="-1.00" nVehEntered="0"/>
    <interval begin="2250.00" end="2280.00" id="D4_1_1" nVehContrib="0" flow="0.00" occupancy="0.00" speed="-1.00" harmonicMeanSpeed="-1.00" length="-1.00" nVehEntered="0"/>
    <interval begin="2280.00" end="2310.00" id="D4_1_1" nVehContrib="0" flow="0.00" occupancy="0.00" speed="-1.00" harmonicMeanSpeed="-1.00" length="-1.00" nVehEntered="0"/>
    <interval begin="2310.00" end="2340.00" id="D4_1_1" nVehContrib="1" flow="120.00" occupancy="5.34" speed="3.12" harmonicMeanSpeed="3.12" length="5.00" nVehEntered="1"/>
    <interval begin="2340.00" end="2344.00" id="D4_1_1" nVehContrib="0" flow="0.00" occupancy="0.00" speed="-1.00" harmonicMeanSpeed="-1.00" length="-1.00" nVehEntered="0"/>
</detector>
