<?xml version="1.0" encoding="UTF-8"?>

<!-- generated on 01/27/20 08:23:42 by Eclipse SUMO GUI Version 1.3.1
<configuration xmlns:xsi="http://www.w3.org/2001/XMLSchema-instance" xsi:noNamespaceSchemaLocation="http://sumo.dlr.de/xsd/sumoConfiguration.xsd">

    <input>
        <net-file value="gnet.net.xml"/>
        <route-files value="grou.rou.xml"/>
        <additional-files value="gadd.additional.xml"/>
    </input>

    <output>
        <queue-output value="Queue.xml"/>
        <summary-output value="Summary.xml"/>
        <tripinfo-output value="output-tripinfos.xml"/>
    </output>

    <time>
        <begin value="0"/>
        <end value="3600"/>
    </time>

    <processing>
        <time-to-teleport value="3600"/>
    </processing>

    <traci_server>
        <remote-port value="9393"/>
    </traci_server>

    <gui_only>
        <gui-settings-file value="gview.view.xml"/>
        <quit-on-end value="true"/>
        <start value="true"/>
    </gui_only>

</configuration>
-->

<detector xmlns:xsi="http://www.w3.org/2001/XMLSchema-instance" xsi:noNamespaceSchemaLocation="http://sumo.dlr.de/xsd/det_e1_file.xsd">
    <interval begin="0.00" end="30.00" id="D4_3_1" nVehContrib="1" flow="120.00" occupancy="0.66" speed="25.40" harmonicMeanSpeed="25.40" length="5.00" nVehEntered="1"/>
    <interval begin="30.00" end="60.00" id="D4_3_1" nVehContrib="0" flow="0.00" occupancy="0.00" speed="-1.00" harmonicMeanSpeed="-1.00" length="-1.00" nVehEntered="0"/>
    <interval begin="60.00" end="90.00" id="D4_3_1" nVehContrib="0" flow="0.00" occupancy="0.00" speed="-1.00" harmonicMeanSpeed="-1.00" length="-1.00" nVehEntered="0"/>
    <interval begin="90.00" end="120.00" id="D4_3_1" nVehContrib="1" flow="120.00" occupancy="0.72" speed="23.12" harmonicMeanSpeed="23.12" length="5.00" nVehEntered="1"/>
    <interval begin="120.00" end="150.00" id="D4_3_1" nVehContrib="0" flow="0.00" occupancy="0.00" speed="-1.00" harmonicMeanSpeed="-1.00" length="-1.00" nVehEntered="0"/>
    <interval begin="150.00" end="180.00" id="D4_3_1" nVehContrib="0" flow="0.00" occupancy="0.00" speed="-1.00" harmonicMeanSpeed="-1.00" length="-1.00" nVehEntered="0"/>
    <interval begin="180.00" end="210.00" id="D4_3_1" nVehContrib="1" flow="120.00" occupancy="0.73" speed="22.76" harmonicMeanSpeed="22.76" length="5.00" nVehEntered="1"/>
    <interval begin="210.00" end="240.00" id="D4_3_1" nVehContrib="0" flow="0.00" occupancy="0.00" speed="-1.00" harmonicMeanSpeed="-1.00" length="-1.00" nVehEntered="0"/>
    <interval begin="240.00" end="270.00" id="D4_3_1" nVehContrib="0" flow="0.00" occupancy="0.00" speed="-1.00" harmonicMeanSpeed="-1.00" length="-1.00" nVehEntered="0"/>
    <interval begin="270.00" end="300.00" id="D4_3_1" nVehContrib="1" flow="120.00" occupancy="0.70" speed="23.95" harmonicMeanSpeed="23.95" length="5.00" nVehEntered="1"/>
    <interval begin="300.00" end="330.00" id="D4_3_1" nVehContrib="0" flow="0.00" occupancy="0.00" speed="-1.00" harmonicMeanSpeed="-1.00" length="-1.00" nVehEntered="0"/>
    <interval begin="330.00" end="360.00" id="D4_3_1" nVehContrib="1" flow="120.00" occupancy="0.68" speed="24.51" harmonicMeanSpeed="24.51" length="5.00" nVehEntered="1"/>
    <interval begin="360.00" end="390.00" id="D4_3_1" nVehContrib="1" flow="120.00" occupancy="1.11" speed="15.03" harmonicMeanSpeed="15.03" length="5.00" nVehEntered="1"/>
    <interval begin="390.00" end="420.00" id="D4_3_1" nVehContrib="0" flow="0.00" occupancy="0.00" speed="-1.00" harmonicMeanSpeed="-1.00" length="-1.00" nVehEntered="0"/>
    <interval begin="420.00" end="450.00" id="D4_3_1" nVehContrib="1" flow="120.00" occupancy="0.75" speed="22.19" harmonicMeanSpeed="22.19" length="5.00" nVehEntered="1"/>
    <interval begin="450.00" end="480.00" id="D4_3_1" nVehContrib="0" flow="0.00" occupancy="0.00" speed="-1.00" harmonicMeanSpeed="-1.00" length="-1.00" nVehEntered="0"/>
    <interval begin="480.00" end="510.00" id="D4_3_1" nVehContrib="2" flow="240.00" occupancy="5.95" speed="8.26" harmonicMeanSpeed="5.60" length="5.00" nVehEntered="2"/>
    <interval begin="510.00" end="540.00" id="D4_3_1" nVehContrib="0" flow="0.00" occupancy="0.00" speed="-1.00" harmonicMeanSpeed="-1.00" length="-1.00" nVehEntered="0"/>
    <interval begin="540.00" end="570.00" id="D4_3_1" nVehContrib="0" flow="0.00" occupancy="0.00" speed="-1.00" harmonicMeanSpeed="-1.00" length="-1.00" nVehEntered="0"/>
    <interval begin="570.00" end="600.00" id="D4_3_1" nVehContrib="0" flow="0.00" occupancy="0.00" speed="-1.00" harmonicMeanSpeed="-1.00" length="-1.00" nVehEntered="0"/>
    <interval begin="600.00" end="630.00" id="D4_3_1" nVehContrib="0" flow="0.00" occupancy="0.00" speed="-1.00" harmonicMeanSpeed="-1.00" length="-1.00" nVehEntered="0"/>
    <interval begin="630.00" end="660.00" id="D4_3_1" nVehContrib="1" flow="120.00" occupancy="1.00" speed="16.71" harmonicMeanSpeed="16.71" length="5.00" nVehEntered="1"/>
    <interval begin="660.00" end="690.00" id="D4_3_1" nVehContrib="0" flow="0.00" occupancy="0.00" speed="-1.00" harmonicMeanSpeed="-1.00" length="-1.00" nVehEntered="0"/>
    <interval begin="690.00" end="720.00" id="D4_3_1" nVehContrib="0" flow="0.00" occupancy="0.00" speed="-1.00" harmonicMeanSpeed="-1.00" length="-1.00" nVehEntered="0"/>
    <interval begin="720.00" end="750.00" id="D4_3_1" nVehContrib="4" flow="480.00" occupancy="3.29" speed="20.44" harmonicMeanSpeed="20.29" length="5.00" nVehEntered="4"/>
    <interval begin="750.00" end="780.00" id="D4_3_1" nVehContrib="3" flow="360.00" occupancy="2.86" speed="17.63" harmonicMeanSpeed="17.47" length="5.00" nVehEntered="3"/>
    <interval begin="780.00" end="810.00" id="D4_3_1" nVehContrib="0" flow="0.00" occupancy="0.00" speed="-1.00" harmonicMeanSpeed="-1.00" length="-1.00" nVehEntered="0"/>
    <interval begin="810.00" end="840.00" id="D4_3_1" nVehContrib="0" flow="0.00" occupancy="0.00" speed="-1.00" harmonicMeanSpeed="-1.00" length="-1.00" nVehEntered="0"/>
    <interval begin="840.00" end="870.00" id="D4_3_1" nVehContrib="0" flow="0.00" occupancy="0.00" speed="-1.00" harmonicMeanSpeed="-1.00" length="-1.00" nVehEntered="0"/>
    <interval begin="870.00" end="900.00" id="D4_3_1" nVehContrib="0" flow="0.00" occupancy="0.00" speed="-1.00" harmonicMeanSpeed="-1.00" length="-1.00" nVehEntered="0"/>
    <interval begin="900.00" end="930.00" id="D4_3_1" nVehContrib="0" flow="0.00" occupancy="0.00" speed="-1.00" harmonicMeanSpeed="-1.00" length="-1.00" nVehEntered="0"/>
    <interval begin="930.00" end="960.00" id="D4_3_1" nVehContrib="0" flow="0.00" occupancy="0.00" speed="-1.00" harmonicMeanSpeed="-1.00" length="-1.00" nVehEntered="0"/>
    <interval begin="960.00" end="990.00" id="D4_3_1" nVehContrib="0" flow="0.00" occupancy="0.00" speed="-1.00" harmonicMeanSpeed="-1.00" length="-1.00" nVehEntered="0"/>
    <interval begin="990.00" end="1020.00" id="D4_3_1" nVehContrib="1" flow="120.00" occupancy="0.70" speed="23.90" harmonicMeanSpeed="23.90" length="5.00" nVehEntered="1"/>
    <interval begin="1020.00" end="1050.00" id="D4_3_1" nVehContrib="0" flow="0.00" occupancy="0.00" speed="-1.00" harmonicMeanSpeed="-1.00" length="-1.00" nVehEntered="0"/>
    <interval begin="1050.00" end="1080.00" id="D4_3_1" nVehContrib="0" flow="0.00" occupancy="0.00" speed="-1.00" harmonicMeanSpeed="-1.00" length="-1.00" nVehEntered="0"/>
    <interval begin="1080.00" end="1110.00" id="D4_3_1" nVehContrib="3" flow="360.00" occupancy="2.46" speed="20.60" harmonicMeanSpeed="20.30" length="5.00" nVehEntered="3"/>
    <interval begin="1110.00" end="1140.00" id="D4_3_1" nVehContrib="2" flow="240.00" occupancy="1.63" speed="20.47" harmonicMeanSpeed="20.46" length="5.00" nVehEntered="2"/>
    <interval begin="1140.00" end="1170.00" id="D4_3_1" nVehContrib="1" flow="120.00" occupancy="0.91" speed="18.39" harmonicMeanSpeed="18.39" length="5.00" nVehEntered="1"/>
    <interval begin="1170.00" end="1200.00" id="D4_3_1" nVehContrib="0" flow="0.00" occupancy="0.00" speed="-1.00" harmonicMeanSpeed="-1.00" length="-1.00" nVehEntered="0"/>
    <interval begin="1200.00" end="1230.00" id="D4_3_1" nVehContrib="0" flow="0.00" occupancy="0.00" speed="-1.00" harmonicMeanSpeed="-1.00" length="-1.00" nVehEntered="0"/>
    <interval begin="1230.00" end="1260.00" id="D4_3_1" nVehContrib="0" flow="0.00" occupancy="0.00" speed="-1.00" harmonicMeanSpeed="-1.00" length="-1.00" nVehEntered="0"/>
    <interval begin="1260.00" end="1290.00" id="D4_3_1" nVehContrib="0" flow="0.00" occupancy="0.00" speed="-1.00" harmonicMeanSpeed="-1.00" length="-1.00" nVehEntered="0"/>
    <interval begin="1290.00" end="1320.00" id="D4_3_1" nVehContrib="0" flow="0.00" occupancy="0.00" speed="-1.00" harmonicMeanSpeed="-1.00" length="-1.00" nVehEntered="0"/>
    <interval begin="1320.00" end="1350.00" id="D4_3_1" nVehContrib="0" flow="0.00" occupancy="0.00" speed="-1.00" harmonicMeanSpeed="-1.00" length="-1.00" nVehEntered="0"/>
    <interval begin="1350.00" end="1380.00" id="D4_3_1" nVehContrib="3" flow="360.00" occupancy="2.27" speed="22.01" harmonicMeanSpeed="21.99" length="5.00" nVehEntered="3"/>
    <interval begin="1380.00" end="1410.00" id="D4_3_1" nVehContrib="1" flow="120.00" occupancy="0.74" speed="22.38" harmonicMeanSpeed="22.38" length="5.00" nVehEntered="1"/>
    <interval begin="1410.00" end="1440.00" id="D4_3_1" nVehContrib="0" flow="0.00" occupancy="0.00" speed="-1.00" harmonicMeanSpeed="-1.00" length="-1.00" nVehEntered="0"/>
    <interval begin="1440.00" end="1470.00" id="D4_3_1" nVehContrib="0" flow="0.00" occupancy="0.00" speed="-1.00" harmonicMeanSpeed="-1.00" length="-1.00" nVehEntered="0"/>
    <interval begin="1470.00" end="1500.00" id="D4_3_1" nVehContrib="0" flow="0.00" occupancy="0.00" speed="-1.00" harmonicMeanSpeed="-1.00" length="-1.00" nVehEntered="0"/>
    <interval begin="1500.00" end="1530.00" id="D4_3_1" nVehContrib="0" flow="0.00" occupancy="0.00" speed="-1.00" harmonicMeanSpeed="-1.00" length="-1.00" nVehEntered="0"/>
    <interval begin="1530.00" end="1560.00" id="D4_3_1" nVehContrib="1" flow="120.00" occupancy="0.70" speed="23.79" harmonicMeanSpeed="23.79" length="5.00" nVehEntered="1"/>
    <interval begin="1560.00" end="1590.00" id="D4_3_1" nVehContrib="0" flow="0.00" occupancy="0.00" speed="-1.00" harmonicMeanSpeed="-1.00" length="-1.00" nVehEntered="0"/>
    <interval begin="1590.00" end="1620.00" id="D4_3_1" nVehContrib="2" flow="240.00" occupancy="1.57" speed="21.25" harmonicMeanSpeed="21.22" length="5.00" nVehEntered="2"/>
    <interval begin="1620.00" end="1650.00" id="D4_3_1" nVehContrib="3" flow="360.00" occupancy="2.69" speed="18.64" harmonicMeanSpeed="18.58" length="5.00" nVehEntered="3"/>
    <interval begin="1650.00" end="1680.00" id="D4_3_1" nVehContrib="0" flow="0.00" occupancy="0.00" speed="-1.00" harmonicMeanSpeed="-1.00" length="-1.00" nVehEntered="0"/>
    <interval begin="1680.00" end="1710.00" id="D4_3_1" nVehContrib="0" flow="0.00" occupancy="0.00" speed="-1.00" harmonicMeanSpeed="-1.00" length="-1.00" nVehEntered="0"/>
    <interval begin="1710.00" end="1740.00" id="D4_3_1" nVehContrib="0" flow="0.00" occupancy="0.00" speed="-1.00" harmonicMeanSpeed="-1.00" length="-1.00" nVehEntered="0"/>
    <interval begin="1740.00" end="1770.00" id="D4_3_1" nVehContrib="0" flow="0.00" occupancy="0.00" speed="-1.00" harmonicMeanSpeed="-1.00" length="-1.00" nVehEntered="0"/>
    <interval begin="1770.00" end="1800.00" id="D4_3_1" nVehContrib="0" flow="0.00" occupancy="0.00" speed="-1.00" harmonicMeanSpeed="-1.00" length="-1.00" nVehEntered="0"/>
    <interval begin="1800.00" end="1830.00" id="D4_3_1" nVehContrib="0" flow="0.00" occupancy="0.00" speed="-1.00" harmonicMeanSpeed="-1.00" length="-1.00" nVehEntered="0"/>
    <interval begin="1830.00" end="1860.00" id="D4_3_1" nVehContrib="1" flow="120.00" occupancy="0.85" speed="19.65" harmonicMeanSpeed="19.65" length="5.00" nVehEntered="1"/>
    <interval begin="1860.00" end="1890.00" id="D4_3_1" nVehContrib="5" flow="600.00" occupancy="5.70" speed="16.30" harmonicMeanSpeed="14.63" length="5.00" nVehEntered="5"/>
    <interval begin="1890.00" end="1920.00" id="D4_3_1" nVehContrib="0" flow="0.00" occupancy="0.00" speed="-1.00" harmonicMeanSpeed="-1.00" length="-1.00" nVehEntered="0"/>
    <interval begin="1920.00" end="1950.00" id="D4_3_1" nVehContrib="0" flow="0.00" occupancy="0.00" speed="-1.00" harmonicMeanSpeed="-1.00" length="-1.00" nVehEntered="0"/>
    <interval begin="1950.00" end="1980.00" id="D4_3_1" nVehContrib="0" flow="0.00" occupancy="0.00" speed="-1.00" harmonicMeanSpeed="-1.00" length="-1.00" nVehEntered="0"/>
    <interval begin="1980.00" end="2010.00" id="D4_3_1" nVehContrib="0" flow="0.00" occupancy="0.00" speed="-1.00" harmonicMeanSpeed="-1.00" length="-1.00" nVehEntered="0"/>
    <interval begin="2010.00" end="2040.00" id="D4_3_1" nVehContrib="1" flow="120.00" occupancy="0.75" speed="22.26" harmonicMeanSpeed="22.26" length="5.00" nVehEntered="1"/>
    <interval begin="2040.00" end="2070.00" id="D4_3_1" nVehContrib="0" flow="0.00" occupancy="0.00" speed="-1.00" harmonicMeanSpeed="-1.00" length="-1.00" nVehEntered="0"/>
    <interval begin="2070.00" end="2100.00" id="D4_3_1" nVehContrib="0" flow="0.00" occupancy="0.00" speed="-1.00" harmonicMeanSpeed="-1.00" length="-1.00" nVehEntered="0"/>
    <interval begin="2100.00" end="2130.00" id="D4_3_1" nVehContrib="3" flow="360.00" occupancy="2.43" speed="20.61" harmonicMeanSpeed="20.61" length="5.00" nVehEntered="3"/>
    <interval begin="2130.00" end="2160.00" id="D4_3_1" nVehContrib="0" flow="0.00" occupancy="0.00" speed="-1.00" harmonicMeanSpeed="-1.00" length="-1.00" nVehEntered="0"/>
    <interval begin="2160.00" end="2190.00" id="D4_3_1" nVehContrib="0" flow="0.00" occupancy="0.00" speed="-1.00" harmonicMeanSpeed="-1.00" length="-1.00" nVehEntered="0"/>
    <interval begin="2190.00" end="2220.00" id="D4_3_1" nVehContrib="0" flow="0.00" occupancy="0.00" speed="-1.00" harmonicMeanSpeed="-1.00" length="-1.00" nVehEntered="0"/>
    <interval begin="2220.00" end="2250.00" id="D4_3_1" nVehContrib="0" flow="0.00" occupancy="0.00" speed="-1.00" harmonicMeanSpeed="-1.00" length="-1.00" nVehEntered="0"/>
    <interval begin="2250.00" end="2280.00" id="D4_3_1" nVehContrib="1" flow="120.00" occupancy="0.69" speed="24.13" harmonicMeanSpeed="24.13" length="5.00" nVehEntered="1"/>
    <interval begin="2280.00" end="2310.00" id="D4_3_1" nVehContrib="0" flow="0.00" occupancy="0.00" speed="-1.00" harmonicMeanSpeed="-1.00" length="-1.00" nVehEntered="0"/>
    <interval begin="2310.00" end="2340.00" id="D4_3_1" nVehContrib="0" flow="0.00" occupancy="0.00" speed="-1.00" harmonicMeanSpeed="-1.00" length="-1.00" nVehEntered="0"/>
    <interval begin="2340.00" end="2344.00" id="D4_3_1" nVehContrib="0" flow="0.00" occupancy="0.00" speed="-1.00" harmonicMeanSpeed="-1.00" length="-1.00" nVehEntered="0"/>
</detector>
