<?xml version="1.0" encoding="UTF-8"?>

<!-- generated on 01/27/20 08:23:42 by Eclipse SUMO GUI Version 1.3.1
<configuration xmlns:xsi="http://www.w3.org/2001/XMLSchema-instance" xsi:noNamespaceSchemaLocation="http://sumo.dlr.de/xsd/sumoConfiguration.xsd">

    <input>
        <net-file value="gnet.net.xml"/>
        <route-files value="grou.rou.xml"/>
        <additional-files value="gadd.additional.xml"/>
    </input>

    <output>
        <queue-output value="Queue.xml"/>
        <summary-output value="Summary.xml"/>
        <tripinfo-output value="output-tripinfos.xml"/>
    </output>

    <time>
        <begin value="0"/>
        <end value="3600"/>
    </time>

    <processing>
        <time-to-teleport value="3600"/>
    </processing>

    <traci_server>
        <remote-port value="9393"/>
    </traci_server>

    <gui_only>
        <gui-settings-file value="gview.view.xml"/>
        <quit-on-end value="true"/>
        <start value="true"/>
    </gui_only>

</configuration>
-->

<detector xmlns:xsi="http://www.w3.org/2001/XMLSchema-instance" xsi:noNamespaceSchemaLocation="http://sumo.dlr.de/xsd/det_e1_file.xsd">
    <interval begin="0.00" end="30.00" id="D6_2_2" nVehContrib="3" flow="360.00" occupancy="5.47" speed="15.13" harmonicMeanSpeed="9.14" length="5.00" nVehEntered="3"/>
    <interval begin="30.00" end="60.00" id="D6_2_2" nVehContrib="6" flow="720.00" occupancy="13.86" speed="12.18" harmonicMeanSpeed="7.22" length="5.00" nVehEntered="6"/>
    <interval begin="60.00" end="90.00" id="D6_2_2" nVehContrib="6" flow="720.00" occupancy="7.86" speed="17.35" harmonicMeanSpeed="12.72" length="5.00" nVehEntered="6"/>
    <interval begin="90.00" end="120.00" id="D6_2_2" nVehContrib="5" flow="600.00" occupancy="4.76" speed="17.75" harmonicMeanSpeed="17.53" length="5.00" nVehEntered="5"/>
    <interval begin="120.00" end="150.00" id="D6_2_2" nVehContrib="4" flow="480.00" occupancy="36.36" speed="5.93" harmonicMeanSpeed="1.83" length="5.00" nVehEntered="4"/>
    <interval begin="150.00" end="180.00" id="D6_2_2" nVehContrib="9" flow="1080.00" occupancy="13.75" speed="11.77" harmonicMeanSpeed="10.91" length="5.00" nVehEntered="9"/>
    <interval begin="180.00" end="210.00" id="D6_2_2" nVehContrib="2" flow="240.00" occupancy="43.81" speed="10.16" harmonicMeanSpeed="9.87" length="5.00" nVehEntered="3"/>
    <interval begin="210.00" end="240.00" id="D6_2_2" nVehContrib="0" flow="0.00" occupancy="100.00" speed="-1.00" harmonicMeanSpeed="-1.00" length="-1.00" nVehEntered="0"/>
    <interval begin="240.00" end="270.00" id="D6_2_2" nVehContrib="1" flow="120.00" occupancy="88.68" speed="0.07" harmonicMeanSpeed="0.07" length="5.00" nVehEntered="1"/>
    <interval begin="270.00" end="300.00" id="D6_2_2" nVehContrib="11" flow="1320.00" occupancy="36.54" speed="6.47" harmonicMeanSpeed="5.41" length="5.00" nVehEntered="11"/>
    <interval begin="300.00" end="330.00" id="D6_2_2" nVehContrib="0" flow="0.00" occupancy="100.00" speed="-1.00" harmonicMeanSpeed="-1.00" length="-1.00" nVehEntered="0"/>
    <interval begin="330.00" end="360.00" id="D6_2_2" nVehContrib="0" flow="0.00" occupancy="100.00" speed="-1.00" harmonicMeanSpeed="-1.00" length="-1.00" nVehEntered="0"/>
    <interval begin="360.00" end="390.00" id="D6_2_2" nVehContrib="1" flow="120.00" occupancy="99.83" speed="0.05" harmonicMeanSpeed="0.05" length="5.00" nVehEntered="0"/>
    <interval begin="390.00" end="420.00" id="D6_2_2" nVehContrib="5" flow="600.00" occupancy="52.02" speed="2.98" harmonicMeanSpeed="1.60" length="5.00" nVehEntered="5"/>
    <interval begin="420.00" end="450.00" id="D6_2_2" nVehContrib="0" flow="0.00" occupancy="91.04" speed="-1.00" harmonicMeanSpeed="-1.00" length="-1.00" nVehEntered="1"/>
    <interval begin="450.00" end="480.00" id="D6_2_2" nVehContrib="0" flow="0.00" occupancy="100.00" speed="-1.00" harmonicMeanSpeed="-1.00" length="-1.00" nVehEntered="0"/>
    <interval begin="480.00" end="510.00" id="D6_2_2" nVehContrib="0" flow="0.00" occupancy="100.00" speed="-1.00" harmonicMeanSpeed="-1.00" length="-1.00" nVehEntered="0"/>
    <interval begin="510.00" end="540.00" id="D6_2_2" nVehContrib="3" flow="360.00" occupancy="18.39" speed="1.96" harmonicMeanSpeed="0.16" length="5.00" nVehEntered="3"/>
    <interval begin="540.00" end="570.00" id="D6_2_2" nVehContrib="2" flow="240.00" occupancy="86.57" speed="5.74" harmonicMeanSpeed="5.71" length="5.00" nVehEntered="2"/>
    <interval begin="570.00" end="600.00" id="D6_2_2" nVehContrib="0" flow="0.00" occupancy="100.00" speed="-1.00" harmonicMeanSpeed="-1.00" length="-1.00" nVehEntered="0"/>
    <interval begin="600.00" end="630.00" id="D6_2_2" nVehContrib="0" flow="0.00" occupancy="100.00" speed="-1.00" harmonicMeanSpeed="-1.00" length="-1.00" nVehEntered="0"/>
    <interval begin="630.00" end="660.00" id="D6_2_2" nVehContrib="5" flow="600.00" occupancy="47.75" speed="1.76" harmonicMeanSpeed="0.25" length="5.00" nVehEntered="5"/>
    <interval begin="660.00" end="690.00" id="D6_2_2" nVehContrib="2" flow="240.00" occupancy="11.27" speed="2.88" harmonicMeanSpeed="2.62" length="5.00" nVehEntered="1"/>
    <interval begin="690.00" end="720.00" id="D6_2_2" nVehContrib="0" flow="0.00" occupancy="0.00" speed="-1.00" harmonicMeanSpeed="-1.00" length="-1.00" nVehEntered="0"/>
    <interval begin="720.00" end="750.00" id="D6_2_2" nVehContrib="0" flow="0.00" occupancy="0.00" speed="-1.00" harmonicMeanSpeed="-1.00" length="-1.00" nVehEntered="0"/>
    <interval begin="750.00" end="780.00" id="D6_2_2" nVehContrib="2" flow="240.00" occupancy="39.87" speed="1.27" harmonicMeanSpeed="1.27" length="5.00" nVehEntered="3"/>
    <interval begin="780.00" end="810.00" id="D6_2_2" nVehContrib="3" flow="360.00" occupancy="79.98" speed="4.18" harmonicMeanSpeed="2.19" length="5.00" nVehEntered="3"/>
    <interval begin="810.00" end="840.00" id="D6_2_2" nVehContrib="0" flow="0.00" occupancy="100.00" speed="-1.00" harmonicMeanSpeed="-1.00" length="-1.00" nVehEntered="0"/>
    <interval begin="840.00" end="870.00" id="D6_2_2" nVehContrib="0" flow="0.00" occupancy="100.00" speed="-1.00" harmonicMeanSpeed="-1.00" length="-1.00" nVehEntered="0"/>
    <interval begin="870.00" end="900.00" id="D6_2_2" nVehContrib="6" flow="720.00" occupancy="57.53" speed="3.26" harmonicMeanSpeed="0.31" length="5.00" nVehEntered="6"/>
    <interval begin="900.00" end="930.00" id="D6_2_2" nVehContrib="3" flow="360.00" occupancy="57.63" speed="2.64" harmonicMeanSpeed="2.37" length="5.00" nVehEntered="3"/>
    <interval begin="930.00" end="960.00" id="D6_2_2" nVehContrib="0" flow="0.00" occupancy="100.00" speed="-1.00" harmonicMeanSpeed="-1.00" length="-1.00" nVehEntered="0"/>
    <interval begin="960.00" end="990.00" id="D6_2_2" nVehContrib="0" flow="0.00" occupancy="100.00" speed="-1.00" harmonicMeanSpeed="-1.00" length="-1.00" nVehEntered="0"/>
    <interval begin="990.00" end="1020.00" id="D6_2_2" nVehContrib="1" flow="120.00" occupancy="95.95" speed="0.05" harmonicMeanSpeed="0.05" length="5.00" nVehEntered="0"/>
    <interval begin="1020.00" end="1050.00" id="D6_2_2" nVehContrib="2" flow="240.00" occupancy="49.32" speed="2.41" harmonicMeanSpeed="1.90" length="5.00" nVehEntered="3"/>
    <interval begin="1050.00" end="1080.00" id="D6_2_2" nVehContrib="0" flow="0.00" occupancy="100.00" speed="-1.00" harmonicMeanSpeed="-1.00" length="-1.00" nVehEntered="0"/>
    <interval begin="1080.00" end="1110.00" id="D6_2_2" nVehContrib="0" flow="0.00" occupancy="100.00" speed="-1.00" harmonicMeanSpeed="-1.00" length="-1.00" nVehEntered="0"/>
    <interval begin="1110.00" end="1140.00" id="D6_2_2" nVehContrib="2" flow="240.00" occupancy="72.60" speed="1.20" harmonicMeanSpeed="0.11" length="5.00" nVehEntered="2"/>
    <interval begin="1140.00" end="1170.00" id="D6_2_2" nVehContrib="8" flow="960.00" occupancy="56.74" speed="6.46" harmonicMeanSpeed="5.82" length="5.00" nVehEntered="8"/>
    <interval begin="1170.00" end="1200.00" id="D6_2_2" nVehContrib="0" flow="0.00" occupancy="100.00" speed="-1.00" harmonicMeanSpeed="-1.00" length="-1.00" nVehEntered="0"/>
    <interval begin="1200.00" end="1230.00" id="D6_2_2" nVehContrib="0" flow="0.00" occupancy="100.00" speed="-1.00" harmonicMeanSpeed="-1.00" length="-1.00" nVehEntered="0"/>
    <interval begin="1230.00" end="1260.00" id="D6_2_2" nVehContrib="2" flow="240.00" occupancy="82.03" speed="1.07" harmonicMeanSpeed="0.11" length="5.00" nVehEntered="1"/>
    <interval begin="1260.00" end="1290.00" id="D6_2_2" nVehContrib="6" flow="720.00" occupancy="48.57" speed="2.66" harmonicMeanSpeed="2.06" length="5.00" nVehEntered="6"/>
    <interval begin="1290.00" end="1320.00" id="D6_2_2" nVehContrib="0" flow="0.00" occupancy="0.00" speed="-1.00" harmonicMeanSpeed="-1.00" length="-1.00" nVehEntered="0"/>
    <interval begin="1320.00" end="1350.00" id="D6_2_2" nVehContrib="0" flow="0.00" occupancy="0.00" speed="-1.00" harmonicMeanSpeed="-1.00" length="-1.00" nVehEntered="0"/>
    <interval begin="1350.00" end="1380.00" id="D6_2_2" nVehContrib="0" flow="0.00" occupancy="1.49" speed="-1.00" harmonicMeanSpeed="-1.00" length="-1.00" nVehEntered="1"/>
    <interval begin="1380.00" end="1410.00" id="D6_2_2" nVehContrib="5" flow="600.00" occupancy="46.67" speed="3.46" harmonicMeanSpeed="2.21" length="5.00" nVehEntered="5"/>
    <interval begin="1410.00" end="1440.00" id="D6_2_2" nVehContrib="0" flow="0.00" occupancy="100.00" speed="-1.00" harmonicMeanSpeed="-1.00" length="-1.00" nVehEntered="0"/>
    <interval begin="1440.00" end="1470.00" id="D6_2_2" nVehContrib="0" flow="0.00" occupancy="100.00" speed="-1.00" harmonicMeanSpeed="-1.00" length="-1.00" nVehEntered="0"/>
    <interval begin="1470.00" end="1500.00" id="D6_2_2" nVehContrib="0" flow="0.00" occupancy="100.00" speed="-1.00" harmonicMeanSpeed="-1.00" length="-1.00" nVehEntered="0"/>
    <interval begin="1500.00" end="1530.00" id="D6_2_2" nVehContrib="6" flow="720.00" occupancy="36.25" speed="3.35" harmonicMeanSpeed="0.29" length="5.00" nVehEntered="5"/>
    <interval begin="1530.00" end="1560.00" id="D6_2_2" nVehContrib="1" flow="120.00" occupancy="91.85" speed="3.59" harmonicMeanSpeed="3.59" length="5.00" nVehEntered="2"/>
    <interval begin="1560.00" end="1590.00" id="D6_2_2" nVehContrib="0" flow="0.00" occupancy="100.00" speed="-1.00" harmonicMeanSpeed="-1.00" length="-1.00" nVehEntered="0"/>
    <interval begin="1590.00" end="1620.00" id="D6_2_2" nVehContrib="0" flow="0.00" occupancy="100.00" speed="-1.00" harmonicMeanSpeed="-1.00" length="-1.00" nVehEntered="0"/>
    <interval begin="1620.00" end="1650.00" id="D6_2_2" nVehContrib="3" flow="360.00" occupancy="38.29" speed="1.39" harmonicMeanSpeed="0.15" length="5.00" nVehEntered="3"/>
    <interval begin="1650.00" end="1680.00" id="D6_2_2" nVehContrib="2" flow="240.00" occupancy="87.36" speed="4.95" harmonicMeanSpeed="4.90" length="5.00" nVehEntered="2"/>
    <interval begin="1680.00" end="1710.00" id="D6_2_2" nVehContrib="0" flow="0.00" occupancy="100.00" speed="-1.00" harmonicMeanSpeed="-1.00" length="-1.00" nVehEntered="0"/>
    <interval begin="1710.00" end="1740.00" id="D6_2_2" nVehContrib="0" flow="0.00" occupancy="100.00" speed="-1.00" harmonicMeanSpeed="-1.00" length="-1.00" nVehEntered="0"/>
    <interval begin="1740.00" end="1770.00" id="D6_2_2" nVehContrib="4" flow="480.00" occupancy="54.49" speed="1.78" harmonicMeanSpeed="0.20" length="5.00" nVehEntered="3"/>
    <interval begin="1770.00" end="1800.00" id="D6_2_2" nVehContrib="3" flow="360.00" occupancy="79.23" speed="5.49" harmonicMeanSpeed="4.88" length="5.00" nVehEntered="4"/>
    <interval begin="1800.00" end="1830.00" id="D6_2_2" nVehContrib="0" flow="0.00" occupancy="100.00" speed="-1.00" harmonicMeanSpeed="-1.00" length="-1.00" nVehEntered="0"/>
    <interval begin="1830.00" end="1860.00" id="D6_2_2" nVehContrib="0" flow="0.00" occupancy="100.00" speed="-1.00" harmonicMeanSpeed="-1.00" length="-1.00" nVehEntered="0"/>
    <interval begin="1860.00" end="1890.00" id="D6_2_2" nVehContrib="3" flow="360.00" occupancy="62.97" speed="1.24" harmonicMeanSpeed="0.15" length="5.00" nVehEntered="3"/>
    <interval begin="1890.00" end="1920.00" id="D6_2_2" nVehContrib="6" flow="720.00" occupancy="56.25" speed="4.45" harmonicMeanSpeed="2.50" length="5.00" nVehEntered="6"/>
    <interval begin="1920.00" end="1950.00" id="D6_2_2" nVehContrib="0" flow="0.00" occupancy="100.00" speed="-1.00" harmonicMeanSpeed="-1.00" length="-1.00" nVehEntered="0"/>
    <interval begin="1950.00" end="1980.00" id="D6_2_2" nVehContrib="0" flow="0.00" occupancy="100.00" speed="-1.00" harmonicMeanSpeed="-1.00" length="-1.00" nVehEntered="0"/>
    <interval begin="1980.00" end="2010.00" id="D6_2_2" nVehContrib="3" flow="360.00" occupancy="74.54" speed="3.19" harmonicMeanSpeed="0.17" length="5.00" nVehEntered="3"/>
    <interval begin="2010.00" end="2040.00" id="D6_2_2" nVehContrib="7" flow="840.00" occupancy="55.94" speed="5.15" harmonicMeanSpeed="4.01" length="5.00" nVehEntered="7"/>
    <interval begin="2040.00" end="2070.00" id="D6_2_2" nVehContrib="0" flow="0.00" occupancy="100.00" speed="-1.00" harmonicMeanSpeed="-1.00" length="-1.00" nVehEntered="0"/>
    <interval begin="2070.00" end="2100.00" id="D6_2_2" nVehContrib="0" flow="0.00" occupancy="100.00" speed="-1.00" harmonicMeanSpeed="-1.00" length="-1.00" nVehEntered="0"/>
    <interval begin="2100.00" end="2130.00" id="D6_2_2" nVehContrib="1" flow="120.00" occupancy="73.65" speed="0.05" harmonicMeanSpeed="0.05" length="5.00" nVehEntered="0"/>
    <interval begin="2130.00" end="2160.00" id="D6_2_2" nVehContrib="5" flow="600.00" occupancy="51.71" speed="3.30" harmonicMeanSpeed="2.97" length="5.00" nVehEntered="6"/>
    <interval begin="2160.00" end="2190.00" id="D6_2_2" nVehContrib="0" flow="0.00" occupancy="100.00" speed="-1.00" harmonicMeanSpeed="-1.00" length="-1.00" nVehEntered="0"/>
    <interval begin="2190.00" end="2220.00" id="D6_2_2" nVehContrib="0" flow="0.00" occupancy="100.00" speed="-1.00" harmonicMeanSpeed="-1.00" length="-1.00" nVehEntered="0"/>
    <interval begin="2220.00" end="2250.00" id="D6_2_2" nVehContrib="1" flow="120.00" occupancy="82.66" speed="0.05" harmonicMeanSpeed="0.05" length="5.00" nVehEntered="1"/>
    <interval begin="2250.00" end="2280.00" id="D6_2_2" nVehContrib="5" flow="600.00" occupancy="53.43" speed="3.23" harmonicMeanSpeed="2.10" length="5.00" nVehEntered="5"/>
    <interval begin="2280.00" end="2310.00" id="D6_2_2" nVehContrib="0" flow="0.00" occupancy="100.00" speed="-1.00" harmonicMeanSpeed="-1.00" length="-1.00" nVehEntered="0"/>
    <interval begin="2310.00" end="2340.00" id="D6_2_2" nVehContrib="0" flow="0.00" occupancy="100.00" speed="-1.00" harmonicMeanSpeed="-1.00" length="-1.00" nVehEntered="0"/>
    <interval begin="2340.00" end="2344.00" id="D6_2_2" nVehContrib="0" flow="0.00" occupancy="100.00" speed="-1.00" harmonicMeanSpeed="-1.00" length="-1.00" nVehEntered="0"/>
</detector>
