<?xml version="1.0" encoding="UTF-8"?>

<!-- generated on 01/27/20 08:23:42 by Eclipse SUMO GUI Version 1.3.1
<configuration xmlns:xsi="http://www.w3.org/2001/XMLSchema-instance" xsi:noNamespaceSchemaLocation="http://sumo.dlr.de/xsd/sumoConfiguration.xsd">

    <input>
        <net-file value="gnet.net.xml"/>
        <route-files value="grou.rou.xml"/>
        <additional-files value="gadd.additional.xml"/>
    </input>

    <output>
        <queue-output value="Queue.xml"/>
        <summary-output value="Summary.xml"/>
        <tripinfo-output value="output-tripinfos.xml"/>
    </output>

    <time>
        <begin value="0"/>
        <end value="3600"/>
    </time>

    <processing>
        <time-to-teleport value="3600"/>
    </processing>

    <traci_server>
        <remote-port value="9393"/>
    </traci_server>

    <gui_only>
        <gui-settings-file value="gview.view.xml"/>
        <quit-on-end value="true"/>
        <start value="true"/>
    </gui_only>

</configuration>
-->

<detector xmlns:xsi="http://www.w3.org/2001/XMLSchema-instance" xsi:noNamespaceSchemaLocation="http://sumo.dlr.de/xsd/det_e1_file.xsd">
    <interval begin="0.00" end="30.00" id="D6_2_1" nVehContrib="4" flow="480.00" occupancy="3.28" speed="20.34" harmonicMeanSpeed="20.30" length="5.00" nVehEntered="5"/>
    <interval begin="30.00" end="60.00" id="D6_2_1" nVehContrib="4" flow="480.00" occupancy="3.26" speed="20.48" harmonicMeanSpeed="20.43" length="5.00" nVehEntered="7"/>
    <interval begin="60.00" end="90.00" id="D6_2_1" nVehContrib="4" flow="480.00" occupancy="3.35" speed="19.90" harmonicMeanSpeed="19.90" length="5.00" nVehEntered="5"/>
    <interval begin="90.00" end="120.00" id="D6_2_1" nVehContrib="5" flow="600.00" occupancy="5.32" speed="15.87" harmonicMeanSpeed="15.68" length="5.00" nVehEntered="5"/>
    <interval begin="120.00" end="150.00" id="D6_2_1" nVehContrib="4" flow="480.00" occupancy="51.50" speed="6.38" harmonicMeanSpeed="1.29" length="5.00" nVehEntered="4"/>
    <interval begin="150.00" end="180.00" id="D6_2_1" nVehContrib="8" flow="960.00" occupancy="14.66" speed="10.19" harmonicMeanSpeed="9.10" length="5.00" nVehEntered="8"/>
    <interval begin="180.00" end="210.00" id="D6_2_1" nVehContrib="1" flow="120.00" occupancy="72.48" speed="8.63" harmonicMeanSpeed="8.63" length="5.00" nVehEntered="2"/>
    <interval begin="210.00" end="240.00" id="D6_2_1" nVehContrib="0" flow="0.00" occupancy="100.00" speed="-1.00" harmonicMeanSpeed="-1.00" length="-1.00" nVehEntered="0"/>
    <interval begin="240.00" end="270.00" id="D6_2_1" nVehContrib="1" flow="120.00" occupancy="89.52" speed="0.06" harmonicMeanSpeed="0.06" length="5.00" nVehEntered="0"/>
    <interval begin="270.00" end="300.00" id="D6_2_1" nVehContrib="4" flow="480.00" occupancy="47.70" speed="1.97" harmonicMeanSpeed="1.70" length="5.00" nVehEntered="5"/>
    <interval begin="300.00" end="330.00" id="D6_2_1" nVehContrib="0" flow="0.00" occupancy="100.00" speed="-1.00" harmonicMeanSpeed="-1.00" length="-1.00" nVehEntered="0"/>
    <interval begin="330.00" end="360.00" id="D6_2_1" nVehContrib="0" flow="0.00" occupancy="100.00" speed="-1.00" harmonicMeanSpeed="-1.00" length="-1.00" nVehEntered="0"/>
    <interval begin="360.00" end="390.00" id="D6_2_1" nVehContrib="0" flow="0.00" occupancy="100.00" speed="-1.00" harmonicMeanSpeed="-1.00" length="-1.00" nVehEntered="0"/>
    <interval begin="390.00" end="420.00" id="D6_2_1" nVehContrib="2" flow="240.00" occupancy="78.43" speed="1.12" harmonicMeanSpeed="0.09" length="5.00" nVehEntered="2"/>
    <interval begin="420.00" end="450.00" id="D6_2_1" nVehContrib="1" flow="120.00" occupancy="91.49" speed="2.76" harmonicMeanSpeed="2.76" length="5.00" nVehEntered="1"/>
    <interval begin="450.00" end="480.00" id="D6_2_1" nVehContrib="0" flow="0.00" occupancy="100.00" speed="-1.00" harmonicMeanSpeed="-1.00" length="-1.00" nVehEntered="0"/>
    <interval begin="480.00" end="510.00" id="D6_2_1" nVehContrib="1" flow="120.00" occupancy="99.35" speed="0.06" harmonicMeanSpeed="0.06" length="5.00" nVehEntered="0"/>
    <interval begin="510.00" end="540.00" id="D6_2_1" nVehContrib="1" flow="120.00" occupancy="5.79" speed="2.88" harmonicMeanSpeed="2.88" length="5.00" nVehEntered="1"/>
    <interval begin="540.00" end="570.00" id="D6_2_1" nVehContrib="1" flow="120.00" occupancy="15.69" speed="1.06" harmonicMeanSpeed="1.06" length="5.00" nVehEntered="1"/>
    <interval begin="570.00" end="600.00" id="D6_2_1" nVehContrib="0" flow="0.00" occupancy="0.00" speed="-1.00" harmonicMeanSpeed="-1.00" length="-1.00" nVehEntered="0"/>
    <interval begin="600.00" end="630.00" id="D6_2_1" nVehContrib="0" flow="0.00" occupancy="0.00" speed="-1.00" harmonicMeanSpeed="-1.00" length="-1.00" nVehEntered="0"/>
    <interval begin="630.00" end="660.00" id="D6_2_1" nVehContrib="0" flow="0.00" occupancy="40.78" speed="-1.00" harmonicMeanSpeed="-1.00" length="-1.00" nVehEntered="1"/>
    <interval begin="660.00" end="690.00" id="D6_2_1" nVehContrib="2" flow="240.00" occupancy="74.92" speed="0.50" harmonicMeanSpeed="0.41" length="5.00" nVehEntered="2"/>
    <interval begin="690.00" end="720.00" id="D6_2_1" nVehContrib="0" flow="0.00" occupancy="100.00" speed="-1.00" harmonicMeanSpeed="-1.00" length="-1.00" nVehEntered="0"/>
    <interval begin="720.00" end="750.00" id="D6_2_1" nVehContrib="0" flow="0.00" occupancy="100.00" speed="-1.00" harmonicMeanSpeed="-1.00" length="-1.00" nVehEntered="0"/>
    <interval begin="750.00" end="780.00" id="D6_2_1" nVehContrib="1" flow="120.00" occupancy="42.22" speed="0.06" harmonicMeanSpeed="0.06" length="5.00" nVehEntered="1"/>
    <interval begin="780.00" end="810.00" id="D6_2_1" nVehContrib="1" flow="120.00" occupancy="92.95" speed="0.28" harmonicMeanSpeed="0.28" length="5.00" nVehEntered="1"/>
    <interval begin="810.00" end="840.00" id="D6_2_1" nVehContrib="0" flow="0.00" occupancy="100.00" speed="-1.00" harmonicMeanSpeed="-1.00" length="-1.00" nVehEntered="0"/>
    <interval begin="840.00" end="870.00" id="D6_2_1" nVehContrib="0" flow="0.00" occupancy="100.00" speed="-1.00" harmonicMeanSpeed="-1.00" length="-1.00" nVehEntered="0"/>
    <interval begin="870.00" end="900.00" id="D6_2_1" nVehContrib="2" flow="240.00" occupancy="64.92" speed="0.47" harmonicMeanSpeed="0.11" length="5.00" nVehEntered="2"/>
    <interval begin="900.00" end="930.00" id="D6_2_1" nVehContrib="3" flow="360.00" occupancy="73.31" speed="3.73" harmonicMeanSpeed="2.83" length="5.00" nVehEntered="3"/>
    <interval begin="930.00" end="960.00" id="D6_2_1" nVehContrib="0" flow="0.00" occupancy="100.00" speed="-1.00" harmonicMeanSpeed="-1.00" length="-1.00" nVehEntered="0"/>
    <interval begin="960.00" end="990.00" id="D6_2_1" nVehContrib="0" flow="0.00" occupancy="100.00" speed="-1.00" harmonicMeanSpeed="-1.00" length="-1.00" nVehEntered="0"/>
    <interval begin="990.00" end="1020.00" id="D6_2_1" nVehContrib="1" flow="120.00" occupancy="90.41" speed="0.05" harmonicMeanSpeed="0.05" length="5.00" nVehEntered="0"/>
    <interval begin="1020.00" end="1050.00" id="D6_2_1" nVehContrib="1" flow="120.00" occupancy="13.96" speed="1.19" harmonicMeanSpeed="1.19" length="5.00" nVehEntered="1"/>
    <interval begin="1050.00" end="1080.00" id="D6_2_1" nVehContrib="0" flow="0.00" occupancy="98.18" speed="-1.00" harmonicMeanSpeed="-1.00" length="-1.00" nVehEntered="1"/>
    <interval begin="1080.00" end="1110.00" id="D6_2_1" nVehContrib="0" flow="0.00" occupancy="100.00" speed="-1.00" harmonicMeanSpeed="-1.00" length="-1.00" nVehEntered="0"/>
    <interval begin="1110.00" end="1140.00" id="D6_2_1" nVehContrib="1" flow="120.00" occupancy="67.67" speed="0.06" harmonicMeanSpeed="0.06" length="5.00" nVehEntered="1"/>
    <interval begin="1140.00" end="1170.00" id="D6_2_1" nVehContrib="3" flow="360.00" occupancy="66.42" speed="1.77" harmonicMeanSpeed="1.53" length="5.00" nVehEntered="3"/>
    <interval begin="1170.00" end="1200.00" id="D6_2_1" nVehContrib="0" flow="0.00" occupancy="100.00" speed="-1.00" harmonicMeanSpeed="-1.00" length="-1.00" nVehEntered="0"/>
    <interval begin="1200.00" end="1230.00" id="D6_2_1" nVehContrib="0" flow="0.00" occupancy="100.00" speed="-1.00" harmonicMeanSpeed="-1.00" length="-1.00" nVehEntered="0"/>
    <interval begin="1230.00" end="1260.00" id="D6_2_1" nVehContrib="1" flow="120.00" occupancy="90.86" speed="0.05" harmonicMeanSpeed="0.05" length="5.00" nVehEntered="0"/>
    <interval begin="1260.00" end="1290.00" id="D6_2_1" nVehContrib="3" flow="360.00" occupancy="27.71" speed="2.22" harmonicMeanSpeed="1.80" length="5.00" nVehEntered="3"/>
    <interval begin="1290.00" end="1320.00" id="D6_2_1" nVehContrib="0" flow="0.00" occupancy="84.63" speed="-1.00" harmonicMeanSpeed="-1.00" length="-1.00" nVehEntered="1"/>
    <interval begin="1320.00" end="1350.00" id="D6_2_1" nVehContrib="0" flow="0.00" occupancy="100.00" speed="-1.00" harmonicMeanSpeed="-1.00" length="-1.00" nVehEntered="0"/>
    <interval begin="1350.00" end="1380.00" id="D6_2_1" nVehContrib="1" flow="120.00" occupancy="92.83" speed="0.06" harmonicMeanSpeed="0.06" length="5.00" nVehEntered="0"/>
    <interval begin="1380.00" end="1410.00" id="D6_2_1" nVehContrib="2" flow="240.00" occupancy="40.52" speed="1.48" harmonicMeanSpeed="1.06" length="5.00" nVehEntered="3"/>
    <interval begin="1410.00" end="1440.00" id="D6_2_1" nVehContrib="1" flow="120.00" occupancy="15.85" speed="0.67" harmonicMeanSpeed="0.67" length="5.00" nVehEntered="0"/>
    <interval begin="1440.00" end="1470.00" id="D6_2_1" nVehContrib="0" flow="0.00" occupancy="0.00" speed="-1.00" harmonicMeanSpeed="-1.00" length="-1.00" nVehEntered="0"/>
    <interval begin="1470.00" end="1500.00" id="D6_2_1" nVehContrib="0" flow="0.00" occupancy="0.00" speed="-1.00" harmonicMeanSpeed="-1.00" length="-1.00" nVehEntered="0"/>
    <interval begin="1500.00" end="1530.00" id="D6_2_1" nVehContrib="1" flow="120.00" occupancy="33.42" speed="0.56" harmonicMeanSpeed="0.56" length="5.00" nVehEntered="2"/>
    <interval begin="1530.00" end="1560.00" id="D6_2_1" nVehContrib="2" flow="240.00" occupancy="78.96" speed="1.76" harmonicMeanSpeed="1.52" length="5.00" nVehEntered="2"/>
    <interval begin="1560.00" end="1590.00" id="D6_2_1" nVehContrib="0" flow="0.00" occupancy="100.00" speed="-1.00" harmonicMeanSpeed="-1.00" length="-1.00" nVehEntered="0"/>
    <interval begin="1590.00" end="1620.00" id="D6_2_1" nVehContrib="0" flow="0.00" occupancy="100.00" speed="-1.00" harmonicMeanSpeed="-1.00" length="-1.00" nVehEntered="0"/>
    <interval begin="1620.00" end="1650.00" id="D6_2_1" nVehContrib="2" flow="240.00" occupancy="32.69" speed="1.46" harmonicMeanSpeed="0.11" length="5.00" nVehEntered="1"/>
    <interval begin="1650.00" end="1680.00" id="D6_2_1" nVehContrib="1" flow="120.00" occupancy="82.49" speed="1.02" harmonicMeanSpeed="1.02" length="5.00" nVehEntered="2"/>
    <interval begin="1680.00" end="1710.00" id="D6_2_1" nVehContrib="0" flow="0.00" occupancy="100.00" speed="-1.00" harmonicMeanSpeed="-1.00" length="-1.00" nVehEntered="0"/>
    <interval begin="1710.00" end="1740.00" id="D6_2_1" nVehContrib="0" flow="0.00" occupancy="100.00" speed="-1.00" harmonicMeanSpeed="-1.00" length="-1.00" nVehEntered="0"/>
    <interval begin="1740.00" end="1770.00" id="D6_2_1" nVehContrib="2" flow="240.00" occupancy="38.58" speed="1.44" harmonicMeanSpeed="0.11" length="5.00" nVehEntered="1"/>
    <interval begin="1770.00" end="1800.00" id="D6_2_1" nVehContrib="3" flow="360.00" occupancy="80.28" speed="5.55" harmonicMeanSpeed="5.38" length="5.00" nVehEntered="4"/>
    <interval begin="1800.00" end="1830.00" id="D6_2_1" nVehContrib="0" flow="0.00" occupancy="100.00" speed="-1.00" harmonicMeanSpeed="-1.00" length="-1.00" nVehEntered="0"/>
    <interval begin="1830.00" end="1860.00" id="D6_2_1" nVehContrib="0" flow="0.00" occupancy="100.00" speed="-1.00" harmonicMeanSpeed="-1.00" length="-1.00" nVehEntered="0"/>
    <interval begin="1860.00" end="1890.00" id="D6_2_1" nVehContrib="1" flow="120.00" occupancy="48.72" speed="0.05" harmonicMeanSpeed="0.05" length="5.00" nVehEntered="0"/>
    <interval begin="1890.00" end="1920.00" id="D6_2_1" nVehContrib="1" flow="120.00" occupancy="7.83" speed="2.13" harmonicMeanSpeed="2.13" length="5.00" nVehEntered="1"/>
    <interval begin="1920.00" end="1950.00" id="D6_2_1" nVehContrib="0" flow="0.00" occupancy="0.00" speed="-1.00" harmonicMeanSpeed="-1.00" length="-1.00" nVehEntered="0"/>
    <interval begin="1950.00" end="1980.00" id="D6_2_1" nVehContrib="0" flow="0.00" occupancy="0.00" speed="-1.00" harmonicMeanSpeed="-1.00" length="-1.00" nVehEntered="0"/>
    <interval begin="1980.00" end="2010.00" id="D6_2_1" nVehContrib="0" flow="0.00" occupancy="4.63" speed="-1.00" harmonicMeanSpeed="-1.00" length="-1.00" nVehEntered="1"/>
    <interval begin="2010.00" end="2040.00" id="D6_2_1" nVehContrib="4" flow="480.00" occupancy="71.81" speed="2.91" harmonicMeanSpeed="1.21" length="5.00" nVehEntered="4"/>
    <interval begin="2040.00" end="2070.00" id="D6_2_1" nVehContrib="0" flow="0.00" occupancy="100.00" speed="-1.00" harmonicMeanSpeed="-1.00" length="-1.00" nVehEntered="0"/>
    <interval begin="2070.00" end="2100.00" id="D6_2_1" nVehContrib="0" flow="0.00" occupancy="100.00" speed="-1.00" harmonicMeanSpeed="-1.00" length="-1.00" nVehEntered="0"/>
    <interval begin="2100.00" end="2130.00" id="D6_2_1" nVehContrib="1" flow="120.00" occupancy="82.05" speed="0.05" harmonicMeanSpeed="0.05" length="5.00" nVehEntered="0"/>
    <interval begin="2130.00" end="2160.00" id="D6_2_1" nVehContrib="0" flow="0.00" occupancy="41.26" speed="-1.00" harmonicMeanSpeed="-1.00" length="-1.00" nVehEntered="1"/>
    <interval begin="2160.00" end="2190.00" id="D6_2_1" nVehContrib="0" flow="0.00" occupancy="100.00" speed="-1.00" harmonicMeanSpeed="-1.00" length="-1.00" nVehEntered="0"/>
    <interval begin="2190.00" end="2220.00" id="D6_2_1" nVehContrib="0" flow="0.00" occupancy="100.00" speed="-1.00" harmonicMeanSpeed="-1.00" length="-1.00" nVehEntered="0"/>
    <interval begin="2220.00" end="2250.00" id="D6_2_1" nVehContrib="0" flow="0.00" occupancy="100.00" speed="-1.00" harmonicMeanSpeed="-1.00" length="-1.00" nVehEntered="0"/>
    <interval begin="2250.00" end="2280.00" id="D6_2_1" nVehContrib="2" flow="240.00" occupancy="67.62" speed="0.98" harmonicMeanSpeed="0.09" length="5.00" nVehEntered="2"/>
    <interval begin="2280.00" end="2310.00" id="D6_2_1" nVehContrib="0" flow="0.00" occupancy="100.00" speed="-1.00" harmonicMeanSpeed="-1.00" length="-1.00" nVehEntered="0"/>
    <interval begin="2310.00" end="2340.00" id="D6_2_1" nVehContrib="0" flow="0.00" occupancy="100.00" speed="-1.00" harmonicMeanSpeed="-1.00" length="-1.00" nVehEntered="0"/>
    <interval begin="2340.00" end="2344.00" id="D6_2_1" nVehContrib="0" flow="0.00" occupancy="100.00" speed="-1.00" harmonicMeanSpeed="-1.00" length="-1.00" nVehEntered="0"/>
</detector>
