<?xml version="1.0" encoding="UTF-8"?>

<!-- generated on 01/27/20 08:23:42 by Eclipse SUMO GUI Version 1.3.1
<configuration xmlns:xsi="http://www.w3.org/2001/XMLSchema-instance" xsi:noNamespaceSchemaLocation="http://sumo.dlr.de/xsd/sumoConfiguration.xsd">

    <input>
        <net-file value="gnet.net.xml"/>
        <route-files value="grou.rou.xml"/>
        <additional-files value="gadd.additional.xml"/>
    </input>

    <output>
        <queue-output value="Queue.xml"/>
        <summary-output value="Summary.xml"/>
        <tripinfo-output value="output-tripinfos.xml"/>
    </output>

    <time>
        <begin value="0"/>
        <end value="3600"/>
    </time>

    <processing>
        <time-to-teleport value="3600"/>
    </processing>

    <traci_server>
        <remote-port value="9393"/>
    </traci_server>

    <gui_only>
        <gui-settings-file value="gview.view.xml"/>
        <quit-on-end value="true"/>
        <start value="true"/>
    </gui_only>

</configuration>
-->

<detector xmlns:xsi="http://www.w3.org/2001/XMLSchema-instance" xsi:noNamespaceSchemaLocation="http://sumo.dlr.de/xsd/det_e1_file.xsd">
    <interval begin="0.00" end="30.00" id="D6_3_1" nVehContrib="8" flow="960.00" occupancy="13.35" speed="11.64" harmonicMeanSpeed="9.98" length="5.00" nVehEntered="8"/>
    <interval begin="30.00" end="60.00" id="D6_3_1" nVehContrib="9" flow="1080.00" occupancy="12.26" speed="12.26" harmonicMeanSpeed="12.23" length="5.00" nVehEntered="9"/>
    <interval begin="60.00" end="90.00" id="D6_3_1" nVehContrib="9" flow="1080.00" occupancy="12.90" speed="12.04" harmonicMeanSpeed="12.01" length="5.00" nVehEntered="10"/>
    <interval begin="90.00" end="120.00" id="D6_3_1" nVehContrib="9" flow="1080.00" occupancy="13.00" speed="12.06" harmonicMeanSpeed="12.04" length="5.00" nVehEntered="9"/>
    <interval begin="120.00" end="150.00" id="D6_3_1" nVehContrib="11" flow="1320.00" occupancy="15.23" speed="12.42" harmonicMeanSpeed="12.40" length="5.00" nVehEntered="12"/>
    <interval begin="150.00" end="180.00" id="D6_3_1" nVehContrib="11" flow="1320.00" occupancy="13.89" speed="12.02" harmonicMeanSpeed="12.00" length="5.00" nVehEntered="10"/>
    <interval begin="180.00" end="210.00" id="D6_3_1" nVehContrib="11" flow="1320.00" occupancy="15.10" speed="12.16" harmonicMeanSpeed="12.14" length="5.00" nVehEntered="11"/>
    <interval begin="210.00" end="240.00" id="D6_3_1" nVehContrib="5" flow="600.00" occupancy="43.45" speed="10.37" harmonicMeanSpeed="9.83" length="5.00" nVehEntered="6"/>
    <interval begin="240.00" end="270.00" id="D6_3_1" nVehContrib="0" flow="0.00" occupancy="100.00" speed="-1.00" harmonicMeanSpeed="-1.00" length="-1.00" nVehEntered="0"/>
    <interval begin="270.00" end="300.00" id="D6_3_1" nVehContrib="4" flow="480.00" occupancy="63.45" speed="2.20" harmonicMeanSpeed="0.35" length="5.00" nVehEntered="4"/>
    <interval begin="300.00" end="330.00" id="D6_3_1" nVehContrib="1" flow="120.00" occupancy="19.88" speed="0.84" harmonicMeanSpeed="0.84" length="5.00" nVehEntered="1"/>
    <interval begin="330.00" end="360.00" id="D6_3_1" nVehContrib="0" flow="0.00" occupancy="0.00" speed="-1.00" harmonicMeanSpeed="-1.00" length="-1.00" nVehEntered="0"/>
    <interval begin="360.00" end="390.00" id="D6_3_1" nVehContrib="0" flow="0.00" occupancy="0.00" speed="-1.00" harmonicMeanSpeed="-1.00" length="-1.00" nVehEntered="0"/>
    <interval begin="390.00" end="420.00" id="D6_3_1" nVehContrib="0" flow="0.00" occupancy="28.20" speed="-1.00" harmonicMeanSpeed="-1.00" length="-1.00" nVehEntered="1"/>
    <interval begin="420.00" end="450.00" id="D6_3_1" nVehContrib="3" flow="360.00" occupancy="74.32" speed="1.76" harmonicMeanSpeed="0.81" length="5.00" nVehEntered="3"/>
    <interval begin="450.00" end="480.00" id="D6_3_1" nVehContrib="0" flow="0.00" occupancy="100.00" speed="-1.00" harmonicMeanSpeed="-1.00" length="-1.00" nVehEntered="0"/>
    <interval begin="480.00" end="510.00" id="D6_3_1" nVehContrib="0" flow="0.00" occupancy="100.00" speed="-1.00" harmonicMeanSpeed="-1.00" length="-1.00" nVehEntered="0"/>
    <interval begin="510.00" end="540.00" id="D6_3_1" nVehContrib="0" flow="0.00" occupancy="100.00" speed="-1.00" harmonicMeanSpeed="-1.00" length="-1.00" nVehEntered="0"/>
    <interval begin="540.00" end="570.00" id="D6_3_1" nVehContrib="0" flow="0.00" occupancy="100.00" speed="-1.00" harmonicMeanSpeed="-1.00" length="-1.00" nVehEntered="0"/>
    <interval begin="570.00" end="600.00" id="D6_3_1" nVehContrib="0" flow="0.00" occupancy="100.00" speed="-1.00" harmonicMeanSpeed="-1.00" length="-1.00" nVehEntered="0"/>
    <interval begin="600.00" end="630.00" id="D6_3_1" nVehContrib="0" flow="0.00" occupancy="100.00" speed="-1.00" harmonicMeanSpeed="-1.00" length="-1.00" nVehEntered="0"/>
    <interval begin="630.00" end="660.00" id="D6_3_1" nVehContrib="1" flow="120.00" occupancy="94.97" speed="0.02" harmonicMeanSpeed="0.02" length="5.00" nVehEntered="0"/>
    <interval begin="660.00" end="690.00" id="D6_3_1" nVehContrib="2" flow="240.00" occupancy="35.38" speed="1.06" harmonicMeanSpeed="0.94" length="5.00" nVehEntered="2"/>
    <interval begin="690.00" end="720.00" id="D6_3_1" nVehContrib="0" flow="0.00" occupancy="89.86" speed="-1.00" harmonicMeanSpeed="-1.00" length="-1.00" nVehEntered="1"/>
    <interval begin="720.00" end="750.00" id="D6_3_1" nVehContrib="0" flow="0.00" occupancy="100.00" speed="-1.00" harmonicMeanSpeed="-1.00" length="-1.00" nVehEntered="0"/>
    <interval begin="750.00" end="780.00" id="D6_3_1" nVehContrib="0" flow="0.00" occupancy="100.00" speed="-1.00" harmonicMeanSpeed="-1.00" length="-1.00" nVehEntered="0"/>
    <interval begin="780.00" end="810.00" id="D6_3_1" nVehContrib="1" flow="120.00" occupancy="91.44" speed="0.04" harmonicMeanSpeed="0.04" length="5.00" nVehEntered="1"/>
    <interval begin="810.00" end="840.00" id="D6_3_1" nVehContrib="0" flow="0.00" occupancy="100.00" speed="-1.00" harmonicMeanSpeed="-1.00" length="-1.00" nVehEntered="0"/>
    <interval begin="840.00" end="870.00" id="D6_3_1" nVehContrib="0" flow="0.00" occupancy="100.00" speed="-1.00" harmonicMeanSpeed="-1.00" length="-1.00" nVehEntered="0"/>
    <interval begin="870.00" end="900.00" id="D6_3_1" nVehContrib="1" flow="120.00" occupancy="98.23" speed="0.06" harmonicMeanSpeed="0.06" length="5.00" nVehEntered="0"/>
    <interval begin="900.00" end="930.00" id="D6_3_1" nVehContrib="4" flow="480.00" occupancy="37.20" speed="2.28" harmonicMeanSpeed="1.92" length="5.00" nVehEntered="5"/>
    <interval begin="930.00" end="960.00" id="D6_3_1" nVehContrib="0" flow="0.00" occupancy="100.00" speed="-1.00" harmonicMeanSpeed="-1.00" length="-1.00" nVehEntered="0"/>
    <interval begin="960.00" end="990.00" id="D6_3_1" nVehContrib="0" flow="0.00" occupancy="100.00" speed="-1.00" harmonicMeanSpeed="-1.00" length="-1.00" nVehEntered="0"/>
    <interval begin="990.00" end="1020.00" id="D6_3_1" nVehContrib="0" flow="0.00" occupancy="100.00" speed="-1.00" harmonicMeanSpeed="-1.00" length="-1.00" nVehEntered="0"/>
    <interval begin="1020.00" end="1050.00" id="D6_3_1" nVehContrib="1" flow="120.00" occupancy="81.24" speed="0.04" harmonicMeanSpeed="0.04" length="5.00" nVehEntered="0"/>
    <interval begin="1050.00" end="1080.00" id="D6_3_1" nVehContrib="1" flow="120.00" occupancy="63.81" speed="1.44" harmonicMeanSpeed="1.44" length="5.00" nVehEntered="2"/>
    <interval begin="1080.00" end="1110.00" id="D6_3_1" nVehContrib="0" flow="0.00" occupancy="100.00" speed="-1.00" harmonicMeanSpeed="-1.00" length="-1.00" nVehEntered="0"/>
    <interval begin="1110.00" end="1140.00" id="D6_3_1" nVehContrib="0" flow="0.00" occupancy="100.00" speed="-1.00" harmonicMeanSpeed="-1.00" length="-1.00" nVehEntered="0"/>
    <interval begin="1140.00" end="1170.00" id="D6_3_1" nVehContrib="3" flow="360.00" occupancy="68.26" speed="1.35" harmonicMeanSpeed="0.16" length="5.00" nVehEntered="3"/>
    <interval begin="1170.00" end="1200.00" id="D6_3_1" nVehContrib="1" flow="120.00" occupancy="0.35" speed="0.95" harmonicMeanSpeed="0.95" length="5.00" nVehEntered="0"/>
    <interval begin="1200.00" end="1230.00" id="D6_3_1" nVehContrib="0" flow="0.00" occupancy="0.00" speed="-1.00" harmonicMeanSpeed="-1.00" length="-1.00" nVehEntered="0"/>
    <interval begin="1230.00" end="1260.00" id="D6_3_1" nVehContrib="0" flow="0.00" occupancy="0.00" speed="-1.00" harmonicMeanSpeed="-1.00" length="-1.00" nVehEntered="0"/>
    <interval begin="1260.00" end="1290.00" id="D6_3_1" nVehContrib="1" flow="120.00" occupancy="73.08" speed="0.24" harmonicMeanSpeed="0.24" length="5.00" nVehEntered="2"/>
    <interval begin="1290.00" end="1320.00" id="D6_3_1" nVehContrib="3" flow="360.00" occupancy="45.68" speed="1.77" harmonicMeanSpeed="1.30" length="5.00" nVehEntered="3"/>
    <interval begin="1320.00" end="1350.00" id="D6_3_1" nVehContrib="0" flow="0.00" occupancy="100.00" speed="-1.00" harmonicMeanSpeed="-1.00" length="-1.00" nVehEntered="0"/>
    <interval begin="1350.00" end="1380.00" id="D6_3_1" nVehContrib="0" flow="0.00" occupancy="100.00" speed="-1.00" harmonicMeanSpeed="-1.00" length="-1.00" nVehEntered="0"/>
    <interval begin="1380.00" end="1410.00" id="D6_3_1" nVehContrib="1" flow="120.00" occupancy="82.27" speed="0.06" harmonicMeanSpeed="0.06" length="5.00" nVehEntered="1"/>
    <interval begin="1410.00" end="1440.00" id="D6_3_1" nVehContrib="2" flow="240.00" occupancy="78.18" speed="1.62" harmonicMeanSpeed="1.59" length="5.00" nVehEntered="2"/>
    <interval begin="1440.00" end="1470.00" id="D6_3_1" nVehContrib="0" flow="0.00" occupancy="100.00" speed="-1.00" harmonicMeanSpeed="-1.00" length="-1.00" nVehEntered="0"/>
    <interval begin="1470.00" end="1500.00" id="D6_3_1" nVehContrib="0" flow="0.00" occupancy="100.00" speed="-1.00" harmonicMeanSpeed="-1.00" length="-1.00" nVehEntered="0"/>
    <interval begin="1500.00" end="1530.00" id="D6_3_1" nVehContrib="0" flow="0.00" occupancy="100.00" speed="-1.00" harmonicMeanSpeed="-1.00" length="-1.00" nVehEntered="0"/>
    <interval begin="1530.00" end="1560.00" id="D6_3_1" nVehContrib="3" flow="360.00" occupancy="61.64" speed="0.60" harmonicMeanSpeed="0.12" length="5.00" nVehEntered="3"/>
    <interval begin="1560.00" end="1590.00" id="D6_3_1" nVehContrib="0" flow="0.00" occupancy="100.00" speed="-1.00" harmonicMeanSpeed="-1.00" length="-1.00" nVehEntered="0"/>
    <interval begin="1590.00" end="1620.00" id="D6_3_1" nVehContrib="0" flow="0.00" occupancy="100.00" speed="-1.00" harmonicMeanSpeed="-1.00" length="-1.00" nVehEntered="0"/>
    <interval begin="1620.00" end="1650.00" id="D6_3_1" nVehContrib="0" flow="0.00" occupancy="100.00" speed="-1.00" harmonicMeanSpeed="-1.00" length="-1.00" nVehEntered="0"/>
    <interval begin="1650.00" end="1680.00" id="D6_3_1" nVehContrib="1" flow="120.00" occupancy="90.14" speed="0.04" harmonicMeanSpeed="0.04" length="5.00" nVehEntered="1"/>
    <interval begin="1680.00" end="1710.00" id="D6_3_1" nVehContrib="0" flow="0.00" occupancy="100.00" speed="-1.00" harmonicMeanSpeed="-1.00" length="-1.00" nVehEntered="0"/>
    <interval begin="1710.00" end="1740.00" id="D6_3_1" nVehContrib="0" flow="0.00" occupancy="100.00" speed="-1.00" harmonicMeanSpeed="-1.00" length="-1.00" nVehEntered="0"/>
    <interval begin="1740.00" end="1770.00" id="D6_3_1" nVehContrib="0" flow="0.00" occupancy="100.00" speed="-1.00" harmonicMeanSpeed="-1.00" length="-1.00" nVehEntered="0"/>
    <interval begin="1770.00" end="1800.00" id="D6_3_1" nVehContrib="5" flow="600.00" occupancy="63.49" speed="3.33" harmonicMeanSpeed="0.22" length="5.00" nVehEntered="5"/>
    <interval begin="1800.00" end="1830.00" id="D6_3_1" nVehContrib="0" flow="0.00" occupancy="100.00" speed="-1.00" harmonicMeanSpeed="-1.00" length="-1.00" nVehEntered="0"/>
    <interval begin="1830.00" end="1860.00" id="D6_3_1" nVehContrib="0" flow="0.00" occupancy="100.00" speed="-1.00" harmonicMeanSpeed="-1.00" length="-1.00" nVehEntered="0"/>
    <interval begin="1860.00" end="1890.00" id="D6_3_1" nVehContrib="0" flow="0.00" occupancy="100.00" speed="-1.00" harmonicMeanSpeed="-1.00" length="-1.00" nVehEntered="0"/>
    <interval begin="1890.00" end="1920.00" id="D6_3_1" nVehContrib="1" flow="120.00" occupancy="89.19" speed="0.05" harmonicMeanSpeed="0.05" length="5.00" nVehEntered="1"/>
    <interval begin="1920.00" end="1950.00" id="D6_3_1" nVehContrib="0" flow="0.00" occupancy="100.00" speed="-1.00" harmonicMeanSpeed="-1.00" length="-1.00" nVehEntered="0"/>
    <interval begin="1950.00" end="1980.00" id="D6_3_1" nVehContrib="0" flow="0.00" occupancy="100.00" speed="-1.00" harmonicMeanSpeed="-1.00" length="-1.00" nVehEntered="0"/>
    <interval begin="1980.00" end="2010.00" id="D6_3_1" nVehContrib="1" flow="120.00" occupancy="94.20" speed="0.05" harmonicMeanSpeed="0.05" length="5.00" nVehEntered="1"/>
    <interval begin="2010.00" end="2040.00" id="D6_3_1" nVehContrib="3" flow="360.00" occupancy="64.55" speed="1.41" harmonicMeanSpeed="0.60" length="5.00" nVehEntered="3"/>
    <interval begin="2040.00" end="2070.00" id="D6_3_1" nVehContrib="2" flow="240.00" occupancy="84.54" speed="3.44" harmonicMeanSpeed="3.35" length="5.00" nVehEntered="2"/>
    <interval begin="2070.00" end="2100.00" id="D6_3_1" nVehContrib="0" flow="0.00" occupancy="100.00" speed="-1.00" harmonicMeanSpeed="-1.00" length="-1.00" nVehEntered="0"/>
    <interval begin="2100.00" end="2130.00" id="D6_3_1" nVehContrib="0" flow="0.00" occupancy="100.00" speed="-1.00" harmonicMeanSpeed="-1.00" length="-1.00" nVehEntered="0"/>
    <interval begin="2130.00" end="2160.00" id="D6_3_1" nVehContrib="1" flow="120.00" occupancy="91.53" speed="0.05" harmonicMeanSpeed="0.05" length="5.00" nVehEntered="0"/>
    <interval begin="2160.00" end="2190.00" id="D6_3_1" nVehContrib="0" flow="0.00" occupancy="0.00" speed="-1.00" harmonicMeanSpeed="-1.00" length="-1.00" nVehEntered="0"/>
    <interval begin="2190.00" end="2220.00" id="D6_3_1" nVehContrib="0" flow="0.00" occupancy="0.00" speed="-1.00" harmonicMeanSpeed="-1.00" length="-1.00" nVehEntered="0"/>
    <interval begin="2220.00" end="2250.00" id="D6_3_1" nVehContrib="0" flow="0.00" occupancy="0.00" speed="-1.00" harmonicMeanSpeed="-1.00" length="-1.00" nVehEntered="0"/>
    <interval begin="2250.00" end="2280.00" id="D6_3_1" nVehContrib="1" flow="120.00" occupancy="11.62" speed="1.62" harmonicMeanSpeed="1.62" length="5.00" nVehEntered="2"/>
    <interval begin="2280.00" end="2310.00" id="D6_3_1" nVehContrib="1" flow="120.00" occupancy="86.81" speed="1.63" harmonicMeanSpeed="1.63" length="5.00" nVehEntered="1"/>
    <interval begin="2310.00" end="2340.00" id="D6_3_1" nVehContrib="0" flow="0.00" occupancy="100.00" speed="-1.00" harmonicMeanSpeed="-1.00" length="-1.00" nVehEntered="0"/>
    <interval begin="2340.00" end="2344.00" id="D6_3_1" nVehContrib="0" flow="0.00" occupancy="100.00" speed="-1.00" harmonicMeanSpeed="-1.00" length="-1.00" nVehEntered="0"/>
</detector>
