<?xml version="1.0" encoding="UTF-8"?>

<!-- generated on 01/27/20 08:23:42 by Eclipse SUMO GUI Version 1.3.1
<configuration xmlns:xsi="http://www.w3.org/2001/XMLSchema-instance" xsi:noNamespaceSchemaLocation="http://sumo.dlr.de/xsd/sumoConfiguration.xsd">

    <input>
        <net-file value="gnet.net.xml"/>
        <route-files value="grou.rou.xml"/>
        <additional-files value="gadd.additional.xml"/>
    </input>

    <output>
        <queue-output value="Queue.xml"/>
        <summary-output value="Summary.xml"/>
        <tripinfo-output value="output-tripinfos.xml"/>
    </output>

    <time>
        <begin value="0"/>
        <end value="3600"/>
    </time>

    <processing>
        <time-to-teleport value="3600"/>
    </processing>

    <traci_server>
        <remote-port value="9393"/>
    </traci_server>

    <gui_only>
        <gui-settings-file value="gview.view.xml"/>
        <quit-on-end value="true"/>
        <start value="true"/>
    </gui_only>

</configuration>
-->

<detector xmlns:xsi="http://www.w3.org/2001/XMLSchema-instance" xsi:noNamespaceSchemaLocation="http://sumo.dlr.de/xsd/det_e1_file.xsd">
    <interval begin="0.00" end="30.00" id="D6_3_0" nVehContrib="0" flow="0.00" occupancy="0.00" speed="-1.00" harmonicMeanSpeed="-1.00" length="-1.00" nVehEntered="1"/>
    <interval begin="30.00" end="60.00" id="D6_3_0" nVehContrib="0" flow="0.00" occupancy="0.00" speed="-1.00" harmonicMeanSpeed="-1.00" length="-1.00" nVehEntered="0"/>
    <interval begin="60.00" end="90.00" id="D6_3_0" nVehContrib="0" flow="0.00" occupancy="0.00" speed="-1.00" harmonicMeanSpeed="-1.00" length="-1.00" nVehEntered="0"/>
    <interval begin="90.00" end="120.00" id="D6_3_0" nVehContrib="0" flow="0.00" occupancy="0.00" speed="-1.00" harmonicMeanSpeed="-1.00" length="-1.00" nVehEntered="0"/>
    <interval begin="120.00" end="150.00" id="D6_3_0" nVehContrib="0" flow="0.00" occupancy="0.00" speed="-1.00" harmonicMeanSpeed="-1.00" length="-1.00" nVehEntered="0"/>
    <interval begin="150.00" end="180.00" id="D6_3_0" nVehContrib="0" flow="0.00" occupancy="0.00" speed="-1.00" harmonicMeanSpeed="-1.00" length="-1.00" nVehEntered="0"/>
    <interval begin="180.00" end="210.00" id="D6_3_0" nVehContrib="0" flow="0.00" occupancy="0.00" speed="-1.00" harmonicMeanSpeed="-1.00" length="-1.00" nVehEntered="0"/>
    <interval begin="210.00" end="240.00" id="D6_3_0" nVehContrib="0" flow="0.00" occupancy="0.00" speed="-1.00" harmonicMeanSpeed="-1.00" length="-1.00" nVehEntered="0"/>
    <interval begin="240.00" end="270.00" id="D6_3_0" nVehContrib="9" flow="1080.00" occupancy="11.64" speed="12.94" harmonicMeanSpeed="12.89" length="5.00" nVehEntered="9"/>
    <interval begin="270.00" end="300.00" id="D6_3_0" nVehContrib="6" flow="720.00" occupancy="7.60" speed="13.19" harmonicMeanSpeed="13.16" length="5.00" nVehEntered="6"/>
    <interval begin="300.00" end="330.00" id="D6_3_0" nVehContrib="2" flow="240.00" occupancy="2.47" speed="13.50" harmonicMeanSpeed="13.50" length="5.00" nVehEntered="2"/>
    <interval begin="330.00" end="360.00" id="D6_3_0" nVehContrib="10" flow="1200.00" occupancy="12.56" speed="13.30" harmonicMeanSpeed="13.27" length="5.00" nVehEntered="10"/>
    <interval begin="360.00" end="390.00" id="D6_3_0" nVehContrib="3" flow="360.00" occupancy="75.46" speed="9.41" harmonicMeanSpeed="8.91" length="5.00" nVehEntered="4"/>
    <interval begin="390.00" end="420.00" id="D6_3_0" nVehContrib="2" flow="240.00" occupancy="90.99" speed="2.96" harmonicMeanSpeed="0.21" length="5.00" nVehEntered="1"/>
    <interval begin="420.00" end="450.00" id="D6_3_0" nVehContrib="6" flow="720.00" occupancy="9.02" speed="11.34" harmonicMeanSpeed="11.09" length="5.00" nVehEntered="6"/>
    <interval begin="450.00" end="480.00" id="D6_3_0" nVehContrib="6" flow="720.00" occupancy="46.05" speed="12.10" harmonicMeanSpeed="11.68" length="5.00" nVehEntered="7"/>
    <interval begin="480.00" end="510.00" id="D6_3_0" nVehContrib="0" flow="0.00" occupancy="100.00" speed="-1.00" harmonicMeanSpeed="-1.00" length="-1.00" nVehEntered="0"/>
    <interval begin="510.00" end="540.00" id="D6_3_0" nVehContrib="0" flow="0.00" occupancy="100.00" speed="-1.00" harmonicMeanSpeed="-1.00" length="-1.00" nVehEntered="0"/>
    <interval begin="540.00" end="570.00" id="D6_3_0" nVehContrib="0" flow="0.00" occupancy="100.00" speed="-1.00" harmonicMeanSpeed="-1.00" length="-1.00" nVehEntered="0"/>
    <interval begin="570.00" end="600.00" id="D6_3_0" nVehContrib="0" flow="0.00" occupancy="100.00" speed="-1.00" harmonicMeanSpeed="-1.00" length="-1.00" nVehEntered="0"/>
    <interval begin="600.00" end="630.00" id="D6_3_0" nVehContrib="0" flow="0.00" occupancy="100.00" speed="-1.00" harmonicMeanSpeed="-1.00" length="-1.00" nVehEntered="0"/>
    <interval begin="630.00" end="660.00" id="D6_3_0" nVehContrib="6" flow="720.00" occupancy="66.36" speed="7.99" harmonicMeanSpeed="0.17" length="5.00" nVehEntered="5"/>
    <interval begin="660.00" end="690.00" id="D6_3_0" nVehContrib="5" flow="600.00" occupancy="6.63" speed="12.59" harmonicMeanSpeed="12.57" length="5.00" nVehEntered="5"/>
    <interval begin="690.00" end="720.00" id="D6_3_0" nVehContrib="9" flow="1080.00" occupancy="11.38" speed="13.19" harmonicMeanSpeed="13.18" length="5.00" nVehEntered="9"/>
    <interval begin="720.00" end="750.00" id="D6_3_0" nVehContrib="8" flow="960.00" occupancy="28.27" speed="12.51" harmonicMeanSpeed="12.24" length="5.00" nVehEntered="9"/>
    <interval begin="750.00" end="780.00" id="D6_3_0" nVehContrib="0" flow="0.00" occupancy="100.00" speed="-1.00" harmonicMeanSpeed="-1.00" length="-1.00" nVehEntered="0"/>
    <interval begin="780.00" end="810.00" id="D6_3_0" nVehContrib="1" flow="120.00" occupancy="74.97" speed="0.09" harmonicMeanSpeed="0.09" length="5.00" nVehEntered="0"/>
    <interval begin="810.00" end="840.00" id="D6_3_0" nVehContrib="0" flow="0.00" occupancy="0.00" speed="-1.00" harmonicMeanSpeed="-1.00" length="-1.00" nVehEntered="0"/>
    <interval begin="840.00" end="870.00" id="D6_3_0" nVehContrib="0" flow="0.00" occupancy="0.00" speed="-1.00" harmonicMeanSpeed="-1.00" length="-1.00" nVehEntered="0"/>
    <interval begin="870.00" end="900.00" id="D6_3_0" nVehContrib="2" flow="240.00" occupancy="6.12" speed="6.21" harmonicMeanSpeed="5.95" length="5.00" nVehEntered="3"/>
    <interval begin="900.00" end="930.00" id="D6_3_0" nVehContrib="5" flow="600.00" occupancy="6.62" speed="11.86" harmonicMeanSpeed="11.68" length="5.00" nVehEntered="4"/>
    <interval begin="930.00" end="960.00" id="D6_3_0" nVehContrib="8" flow="960.00" occupancy="10.12" speed="13.19" harmonicMeanSpeed="13.18" length="5.00" nVehEntered="8"/>
    <interval begin="960.00" end="990.00" id="D6_3_0" nVehContrib="10" flow="1200.00" occupancy="12.55" speed="13.37" harmonicMeanSpeed="13.35" length="5.00" nVehEntered="11"/>
    <interval begin="990.00" end="1020.00" id="D6_3_0" nVehContrib="2" flow="240.00" occupancy="80.69" speed="9.21" harmonicMeanSpeed="9.14" length="5.00" nVehEntered="2"/>
    <interval begin="1020.00" end="1050.00" id="D6_3_0" nVehContrib="0" flow="0.00" occupancy="100.00" speed="-1.00" harmonicMeanSpeed="-1.00" length="-1.00" nVehEntered="0"/>
    <interval begin="1050.00" end="1080.00" id="D6_3_0" nVehContrib="0" flow="0.00" occupancy="0.00" speed="-1.00" harmonicMeanSpeed="-1.00" length="-1.00" nVehEntered="0"/>
    <interval begin="1080.00" end="1110.00" id="D6_3_0" nVehContrib="0" flow="0.00" occupancy="0.00" speed="-1.00" harmonicMeanSpeed="-1.00" length="-1.00" nVehEntered="0"/>
    <interval begin="1110.00" end="1140.00" id="D6_3_0" nVehContrib="0" flow="0.00" occupancy="0.00" speed="-1.00" harmonicMeanSpeed="-1.00" length="-1.00" nVehEntered="0"/>
    <interval begin="1140.00" end="1170.00" id="D6_3_0" nVehContrib="7" flow="840.00" occupancy="12.20" speed="10.33" harmonicMeanSpeed="9.56" length="5.00" nVehEntered="7"/>
    <interval begin="1170.00" end="1200.00" id="D6_3_0" nVehContrib="5" flow="600.00" occupancy="6.37" speed="13.11" harmonicMeanSpeed="13.08" length="5.00" nVehEntered="5"/>
    <interval begin="1200.00" end="1230.00" id="D6_3_0" nVehContrib="8" flow="960.00" occupancy="22.10" speed="12.66" harmonicMeanSpeed="12.34" length="5.00" nVehEntered="9"/>
    <interval begin="1230.00" end="1260.00" id="D6_3_0" nVehContrib="0" flow="0.00" occupancy="100.00" speed="-1.00" harmonicMeanSpeed="-1.00" length="-1.00" nVehEntered="0"/>
    <interval begin="1260.00" end="1290.00" id="D6_3_0" nVehContrib="5" flow="600.00" occupancy="69.58" speed="6.67" harmonicMeanSpeed="0.46" length="5.00" nVehEntered="4"/>
    <interval begin="1290.00" end="1320.00" id="D6_3_0" nVehContrib="5" flow="600.00" occupancy="6.47" speed="12.90" harmonicMeanSpeed="12.88" length="5.00" nVehEntered="5"/>
    <interval begin="1320.00" end="1350.00" id="D6_3_0" nVehContrib="4" flow="480.00" occupancy="56.15" speed="11.62" harmonicMeanSpeed="11.31" length="5.00" nVehEntered="5"/>
    <interval begin="1350.00" end="1380.00" id="D6_3_0" nVehContrib="0" flow="0.00" occupancy="100.00" speed="-1.00" harmonicMeanSpeed="-1.00" length="-1.00" nVehEntered="0"/>
    <interval begin="1380.00" end="1410.00" id="D6_3_0" nVehContrib="4" flow="480.00" occupancy="80.39" speed="4.72" harmonicMeanSpeed="0.29" length="5.00" nVehEntered="3"/>
    <interval begin="1410.00" end="1440.00" id="D6_3_0" nVehContrib="6" flow="720.00" occupancy="8.18" speed="12.29" harmonicMeanSpeed="12.23" length="5.00" nVehEntered="6"/>
    <interval begin="1440.00" end="1470.00" id="D6_3_0" nVehContrib="2" flow="240.00" occupancy="74.35" speed="10.11" harmonicMeanSpeed="9.92" length="5.00" nVehEntered="3"/>
    <interval begin="1470.00" end="1500.00" id="D6_3_0" nVehContrib="0" flow="0.00" occupancy="100.00" speed="-1.00" harmonicMeanSpeed="-1.00" length="-1.00" nVehEntered="0"/>
    <interval begin="1500.00" end="1530.00" id="D6_3_0" nVehContrib="1" flow="120.00" occupancy="91.78" speed="0.06" harmonicMeanSpeed="0.06" length="5.00" nVehEntered="0"/>
    <interval begin="1530.00" end="1560.00" id="D6_3_0" nVehContrib="6" flow="720.00" occupancy="19.37" speed="7.65" harmonicMeanSpeed="5.16" length="5.00" nVehEntered="6"/>
    <interval begin="1560.00" end="1590.00" id="D6_3_0" nVehContrib="6" flow="720.00" occupancy="30.00" speed="12.10" harmonicMeanSpeed="11.95" length="5.00" nVehEntered="7"/>
    <interval begin="1590.00" end="1620.00" id="D6_3_0" nVehContrib="0" flow="0.00" occupancy="100.00" speed="-1.00" harmonicMeanSpeed="-1.00" length="-1.00" nVehEntered="0"/>
    <interval begin="1620.00" end="1650.00" id="D6_3_0" nVehContrib="0" flow="0.00" occupancy="100.00" speed="-1.00" harmonicMeanSpeed="-1.00" length="-1.00" nVehEntered="0"/>
    <interval begin="1650.00" end="1680.00" id="D6_3_0" nVehContrib="1" flow="120.00" occupancy="64.58" speed="0.06" harmonicMeanSpeed="0.06" length="5.00" nVehEntered="0"/>
    <interval begin="1680.00" end="1710.00" id="D6_3_0" nVehContrib="0" flow="0.00" occupancy="0.00" speed="-1.00" harmonicMeanSpeed="-1.00" length="-1.00" nVehEntered="0"/>
    <interval begin="1710.00" end="1740.00" id="D6_3_0" nVehContrib="0" flow="0.00" occupancy="0.00" speed="-1.00" harmonicMeanSpeed="-1.00" length="-1.00" nVehEntered="0"/>
    <interval begin="1740.00" end="1770.00" id="D6_3_0" nVehContrib="4" flow="480.00" occupancy="8.51" speed="8.57" harmonicMeanSpeed="7.83" length="5.00" nVehEntered="4"/>
    <interval begin="1770.00" end="1800.00" id="D6_3_0" nVehContrib="4" flow="480.00" occupancy="5.08" speed="13.14" harmonicMeanSpeed="13.11" length="5.00" nVehEntered="4"/>
    <interval begin="1800.00" end="1830.00" id="D6_3_0" nVehContrib="9" flow="1080.00" occupancy="11.15" speed="13.46" harmonicMeanSpeed="13.46" length="5.00" nVehEntered="9"/>
    <interval begin="1830.00" end="1860.00" id="D6_3_0" nVehContrib="10" flow="1200.00" occupancy="12.66" speed="13.20" harmonicMeanSpeed="13.17" length="5.00" nVehEntered="10"/>
    <interval begin="1860.00" end="1890.00" id="D6_3_0" nVehContrib="1" flow="120.00" occupancy="89.27" speed="8.56" harmonicMeanSpeed="8.56" length="5.00" nVehEntered="2"/>
    <interval begin="1890.00" end="1920.00" id="D6_3_0" nVehContrib="0" flow="0.00" occupancy="100.00" speed="-1.00" harmonicMeanSpeed="-1.00" length="-1.00" nVehEntered="0"/>
    <interval begin="1920.00" end="1950.00" id="D6_3_0" nVehContrib="0" flow="0.00" occupancy="100.00" speed="-1.00" harmonicMeanSpeed="-1.00" length="-1.00" nVehEntered="0"/>
    <interval begin="1950.00" end="1980.00" id="D6_3_0" nVehContrib="0" flow="0.00" occupancy="100.00" speed="-1.00" harmonicMeanSpeed="-1.00" length="-1.00" nVehEntered="0"/>
    <interval begin="1980.00" end="2010.00" id="D6_3_0" nVehContrib="0" flow="0.00" occupancy="100.00" speed="-1.00" harmonicMeanSpeed="-1.00" length="-1.00" nVehEntered="0"/>
    <interval begin="2010.00" end="2040.00" id="D6_3_0" nVehContrib="7" flow="840.00" occupancy="48.72" speed="6.66" harmonicMeanSpeed="0.22" length="5.00" nVehEntered="6"/>
    <interval begin="2040.00" end="2070.00" id="D6_3_0" nVehContrib="5" flow="600.00" occupancy="6.30" speed="13.25" harmonicMeanSpeed="13.23" length="5.00" nVehEntered="5"/>
    <interval begin="2070.00" end="2100.00" id="D6_3_0" nVehContrib="3" flow="360.00" occupancy="66.10" speed="11.04" harmonicMeanSpeed="10.59" length="5.00" nVehEntered="4"/>
    <interval begin="2100.00" end="2130.00" id="D6_3_0" nVehContrib="0" flow="0.00" occupancy="100.00" speed="-1.00" harmonicMeanSpeed="-1.00" length="-1.00" nVehEntered="0"/>
    <interval begin="2130.00" end="2160.00" id="D6_3_0" nVehContrib="0" flow="0.00" occupancy="100.00" speed="-1.00" harmonicMeanSpeed="-1.00" length="-1.00" nVehEntered="0"/>
    <interval begin="2160.00" end="2190.00" id="D6_3_0" nVehContrib="0" flow="0.00" occupancy="100.00" speed="-1.00" harmonicMeanSpeed="-1.00" length="-1.00" nVehEntered="0"/>
    <interval begin="2190.00" end="2220.00" id="D6_3_0" nVehContrib="0" flow="0.00" occupancy="100.00" speed="-1.00" harmonicMeanSpeed="-1.00" length="-1.00" nVehEntered="0"/>
    <interval begin="2220.00" end="2250.00" id="D6_3_0" nVehContrib="0" flow="0.00" occupancy="100.00" speed="-1.00" harmonicMeanSpeed="-1.00" length="-1.00" nVehEntered="0"/>
    <interval begin="2250.00" end="2280.00" id="D6_3_0" nVehContrib="0" flow="0.00" occupancy="0.00" speed="-1.00" harmonicMeanSpeed="-1.00" length="-1.00" nVehEntered="0"/>
    <interval begin="2280.00" end="2310.00" id="D6_3_0" nVehContrib="6" flow="720.00" occupancy="8.78" speed="11.79" harmonicMeanSpeed="11.39" length="5.00" nVehEntered="6"/>
    <interval begin="2310.00" end="2340.00" id="D6_3_0" nVehContrib="10" flow="1200.00" occupancy="12.77" speed="13.06" harmonicMeanSpeed="13.05" length="5.00" nVehEntered="10"/>
    <interval begin="2340.00" end="2344.00" id="D6_3_0" nVehContrib="1" flow="900.00" occupancy="18.98" speed="13.76" harmonicMeanSpeed="13.76" length="5.00" nVehEntered="2"/>
</detector>
