<?xml version="1.0" encoding="UTF-8"?>

<!-- generated on 01/27/20 08:23:42 by Eclipse SUMO GUI Version 1.3.1
<configuration xmlns:xsi="http://www.w3.org/2001/XMLSchema-instance" xsi:noNamespaceSchemaLocation="http://sumo.dlr.de/xsd/sumoConfiguration.xsd">

    <input>
        <net-file value="gnet.net.xml"/>
        <route-files value="grou.rou.xml"/>
        <additional-files value="gadd.additional.xml"/>
    </input>

    <output>
        <queue-output value="Queue.xml"/>
        <summary-output value="Summary.xml"/>
        <tripinfo-output value="output-tripinfos.xml"/>
    </output>

    <time>
        <begin value="0"/>
        <end value="3600"/>
    </time>

    <processing>
        <time-to-teleport value="3600"/>
    </processing>

    <traci_server>
        <remote-port value="9393"/>
    </traci_server>

    <gui_only>
        <gui-settings-file value="gview.view.xml"/>
        <quit-on-end value="true"/>
        <start value="true"/>
    </gui_only>

</configuration>
-->

<detector xmlns:xsi="http://www.w3.org/2001/XMLSchema-instance" xsi:noNamespaceSchemaLocation="http://sumo.dlr.de/xsd/det_e1_file.xsd">
    <interval begin="0.00" end="30.00" id="D6_3_2" nVehContrib="0" flow="0.00" occupancy="0.00" speed="-1.00" harmonicMeanSpeed="-1.00" length="-1.00" nVehEntered="0"/>
    <interval begin="30.00" end="60.00" id="D6_3_2" nVehContrib="1" flow="120.00" occupancy="1.38" speed="12.04" harmonicMeanSpeed="12.04" length="5.00" nVehEntered="1"/>
    <interval begin="60.00" end="90.00" id="D6_3_2" nVehContrib="1" flow="120.00" occupancy="1.35" speed="12.34" harmonicMeanSpeed="12.34" length="5.00" nVehEntered="1"/>
    <interval begin="90.00" end="120.00" id="D6_3_2" nVehContrib="1" flow="120.00" occupancy="1.40" speed="11.89" harmonicMeanSpeed="11.89" length="5.00" nVehEntered="1"/>
    <interval begin="120.00" end="150.00" id="D6_3_2" nVehContrib="2" flow="240.00" occupancy="5.28" speed="7.43" harmonicMeanSpeed="6.31" length="5.00" nVehEntered="2"/>
    <interval begin="150.00" end="180.00" id="D6_3_2" nVehContrib="1" flow="120.00" occupancy="1.16" speed="14.32" harmonicMeanSpeed="14.32" length="5.00" nVehEntered="1"/>
    <interval begin="180.00" end="210.00" id="D6_3_2" nVehContrib="1" flow="120.00" occupancy="1.33" speed="12.57" harmonicMeanSpeed="12.57" length="5.00" nVehEntered="1"/>
    <interval begin="210.00" end="240.00" id="D6_3_2" nVehContrib="3" flow="360.00" occupancy="28.22" speed="9.84" harmonicMeanSpeed="9.44" length="5.00" nVehEntered="4"/>
    <interval begin="240.00" end="270.00" id="D6_3_2" nVehContrib="0" flow="0.00" occupancy="100.00" speed="-1.00" harmonicMeanSpeed="-1.00" length="-1.00" nVehEntered="0"/>
    <interval begin="270.00" end="300.00" id="D6_3_2" nVehContrib="8" flow="960.00" occupancy="50.41" speed="6.85" harmonicMeanSpeed="0.77" length="5.00" nVehEntered="8"/>
    <interval begin="300.00" end="330.00" id="D6_3_2" nVehContrib="4" flow="480.00" occupancy="72.66" speed="4.94" harmonicMeanSpeed="3.78" length="5.00" nVehEntered="4"/>
    <interval begin="330.00" end="360.00" id="D6_3_2" nVehContrib="0" flow="0.00" occupancy="100.00" speed="-1.00" harmonicMeanSpeed="-1.00" length="-1.00" nVehEntered="0"/>
    <interval begin="360.00" end="390.00" id="D6_3_2" nVehContrib="0" flow="0.00" occupancy="100.00" speed="-1.00" harmonicMeanSpeed="-1.00" length="-1.00" nVehEntered="0"/>
    <interval begin="390.00" end="420.00" id="D6_3_2" nVehContrib="2" flow="240.00" occupancy="68.21" speed="0.72" harmonicMeanSpeed="0.10" length="5.00" nVehEntered="1"/>
    <interval begin="420.00" end="450.00" id="D6_3_2" nVehContrib="4" flow="480.00" occupancy="63.46" speed="3.49" harmonicMeanSpeed="3.05" length="5.00" nVehEntered="5"/>
    <interval begin="450.00" end="480.00" id="D6_3_2" nVehContrib="0" flow="0.00" occupancy="100.00" speed="-1.00" harmonicMeanSpeed="-1.00" length="-1.00" nVehEntered="0"/>
    <interval begin="480.00" end="510.00" id="D6_3_2" nVehContrib="0" flow="0.00" occupancy="100.00" speed="-1.00" harmonicMeanSpeed="-1.00" length="-1.00" nVehEntered="0"/>
    <interval begin="510.00" end="540.00" id="D6_3_2" nVehContrib="1" flow="120.00" occupancy="94.42" speed="0.05" harmonicMeanSpeed="0.05" length="5.00" nVehEntered="0"/>
    <interval begin="540.00" end="570.00" id="D6_3_2" nVehContrib="4" flow="480.00" occupancy="66.82" speed="4.08" harmonicMeanSpeed="2.01" length="5.00" nVehEntered="5"/>
    <interval begin="570.00" end="600.00" id="D6_3_2" nVehContrib="0" flow="0.00" occupancy="100.00" speed="-1.00" harmonicMeanSpeed="-1.00" length="-1.00" nVehEntered="0"/>
    <interval begin="600.00" end="630.00" id="D6_3_2" nVehContrib="0" flow="0.00" occupancy="100.00" speed="-1.00" harmonicMeanSpeed="-1.00" length="-1.00" nVehEntered="0"/>
    <interval begin="630.00" end="660.00" id="D6_3_2" nVehContrib="2" flow="240.00" occupancy="78.55" speed="0.50" harmonicMeanSpeed="0.11" length="5.00" nVehEntered="1"/>
    <interval begin="660.00" end="690.00" id="D6_3_2" nVehContrib="4" flow="480.00" occupancy="70.73" speed="2.82" harmonicMeanSpeed="2.55" length="5.00" nVehEntered="5"/>
    <interval begin="690.00" end="720.00" id="D6_3_2" nVehContrib="0" flow="0.00" occupancy="100.00" speed="-1.00" harmonicMeanSpeed="-1.00" length="-1.00" nVehEntered="0"/>
    <interval begin="720.00" end="750.00" id="D6_3_2" nVehContrib="0" flow="0.00" occupancy="100.00" speed="-1.00" harmonicMeanSpeed="-1.00" length="-1.00" nVehEntered="0"/>
    <interval begin="750.00" end="780.00" id="D6_3_2" nVehContrib="2" flow="240.00" occupancy="82.38" speed="0.44" harmonicMeanSpeed="0.10" length="5.00" nVehEntered="1"/>
    <interval begin="780.00" end="810.00" id="D6_3_2" nVehContrib="2" flow="240.00" occupancy="68.05" speed="0.60" harmonicMeanSpeed="0.59" length="5.00" nVehEntered="3"/>
    <interval begin="810.00" end="840.00" id="D6_3_2" nVehContrib="0" flow="0.00" occupancy="100.00" speed="-1.00" harmonicMeanSpeed="-1.00" length="-1.00" nVehEntered="0"/>
    <interval begin="840.00" end="870.00" id="D6_3_2" nVehContrib="0" flow="0.00" occupancy="100.00" speed="-1.00" harmonicMeanSpeed="-1.00" length="-1.00" nVehEntered="0"/>
    <interval begin="870.00" end="900.00" id="D6_3_2" nVehContrib="2" flow="240.00" occupancy="82.30" speed="1.64" harmonicMeanSpeed="0.11" length="5.00" nVehEntered="2"/>
    <interval begin="900.00" end="930.00" id="D6_3_2" nVehContrib="6" flow="720.00" occupancy="61.65" speed="3.51" harmonicMeanSpeed="3.32" length="5.00" nVehEntered="6"/>
    <interval begin="930.00" end="960.00" id="D6_3_2" nVehContrib="1" flow="120.00" occupancy="1.20" speed="0.50" harmonicMeanSpeed="0.50" length="5.00" nVehEntered="0"/>
    <interval begin="960.00" end="990.00" id="D6_3_2" nVehContrib="0" flow="0.00" occupancy="0.00" speed="-1.00" harmonicMeanSpeed="-1.00" length="-1.00" nVehEntered="0"/>
    <interval begin="990.00" end="1020.00" id="D6_3_2" nVehContrib="0" flow="0.00" occupancy="0.00" speed="-1.00" harmonicMeanSpeed="-1.00" length="-1.00" nVehEntered="0"/>
    <interval begin="1020.00" end="1050.00" id="D6_3_2" nVehContrib="2" flow="240.00" occupancy="68.23" speed="1.32" harmonicMeanSpeed="0.55" length="5.00" nVehEntered="3"/>
    <interval begin="1050.00" end="1080.00" id="D6_3_2" nVehContrib="1" flow="120.00" occupancy="89.47" speed="1.24" harmonicMeanSpeed="1.24" length="5.00" nVehEntered="1"/>
    <interval begin="1080.00" end="1110.00" id="D6_3_2" nVehContrib="0" flow="0.00" occupancy="100.00" speed="-1.00" harmonicMeanSpeed="-1.00" length="-1.00" nVehEntered="0"/>
    <interval begin="1110.00" end="1140.00" id="D6_3_2" nVehContrib="0" flow="0.00" occupancy="100.00" speed="-1.00" harmonicMeanSpeed="-1.00" length="-1.00" nVehEntered="0"/>
    <interval begin="1140.00" end="1170.00" id="D6_3_2" nVehContrib="9" flow="1080.00" occupancy="46.11" speed="5.67" harmonicMeanSpeed="0.46" length="5.00" nVehEntered="9"/>
    <interval begin="1170.00" end="1200.00" id="D6_3_2" nVehContrib="1" flow="120.00" occupancy="90.08" speed="3.21" harmonicMeanSpeed="3.21" length="5.00" nVehEntered="1"/>
    <interval begin="1200.00" end="1230.00" id="D6_3_2" nVehContrib="0" flow="0.00" occupancy="100.00" speed="-1.00" harmonicMeanSpeed="-1.00" length="-1.00" nVehEntered="0"/>
    <interval begin="1230.00" end="1260.00" id="D6_3_2" nVehContrib="0" flow="0.00" occupancy="100.00" speed="-1.00" harmonicMeanSpeed="-1.00" length="-1.00" nVehEntered="0"/>
    <interval begin="1260.00" end="1290.00" id="D6_3_2" nVehContrib="5" flow="600.00" occupancy="59.22" speed="2.27" harmonicMeanSpeed="0.24" length="5.00" nVehEntered="5"/>
    <interval begin="1290.00" end="1320.00" id="D6_3_2" nVehContrib="2" flow="240.00" occupancy="79.16" speed="2.83" harmonicMeanSpeed="2.47" length="5.00" nVehEntered="2"/>
    <interval begin="1320.00" end="1350.00" id="D6_3_2" nVehContrib="0" flow="0.00" occupancy="100.00" speed="-1.00" harmonicMeanSpeed="-1.00" length="-1.00" nVehEntered="0"/>
    <interval begin="1350.00" end="1380.00" id="D6_3_2" nVehContrib="0" flow="0.00" occupancy="100.00" speed="-1.00" harmonicMeanSpeed="-1.00" length="-1.00" nVehEntered="0"/>
    <interval begin="1380.00" end="1410.00" id="D6_3_2" nVehContrib="3" flow="360.00" occupancy="71.41" speed="1.54" harmonicMeanSpeed="0.15" length="5.00" nVehEntered="3"/>
    <interval begin="1410.00" end="1440.00" id="D6_3_2" nVehContrib="3" flow="360.00" occupancy="55.14" speed="3.96" harmonicMeanSpeed="3.05" length="5.00" nVehEntered="3"/>
    <interval begin="1440.00" end="1470.00" id="D6_3_2" nVehContrib="0" flow="0.00" occupancy="100.00" speed="-1.00" harmonicMeanSpeed="-1.00" length="-1.00" nVehEntered="0"/>
    <interval begin="1470.00" end="1500.00" id="D6_3_2" nVehContrib="0" flow="0.00" occupancy="100.00" speed="-1.00" harmonicMeanSpeed="-1.00" length="-1.00" nVehEntered="0"/>
    <interval begin="1500.00" end="1530.00" id="D6_3_2" nVehContrib="1" flow="120.00" occupancy="92.08" speed="0.05" harmonicMeanSpeed="0.05" length="5.00" nVehEntered="1"/>
    <interval begin="1530.00" end="1560.00" id="D6_3_2" nVehContrib="5" flow="600.00" occupancy="58.00" speed="3.14" harmonicMeanSpeed="2.55" length="5.00" nVehEntered="5"/>
    <interval begin="1560.00" end="1590.00" id="D6_3_2" nVehContrib="0" flow="0.00" occupancy="100.00" speed="-1.00" harmonicMeanSpeed="-1.00" length="-1.00" nVehEntered="0"/>
    <interval begin="1590.00" end="1620.00" id="D6_3_2" nVehContrib="0" flow="0.00" occupancy="100.00" speed="-1.00" harmonicMeanSpeed="-1.00" length="-1.00" nVehEntered="0"/>
    <interval begin="1620.00" end="1650.00" id="D6_3_2" nVehContrib="1" flow="120.00" occupancy="86.69" speed="0.05" harmonicMeanSpeed="0.05" length="5.00" nVehEntered="1"/>
    <interval begin="1650.00" end="1680.00" id="D6_3_2" nVehContrib="3" flow="360.00" occupancy="73.62" speed="0.99" harmonicMeanSpeed="0.77" length="5.00" nVehEntered="3"/>
    <interval begin="1680.00" end="1710.00" id="D6_3_2" nVehContrib="0" flow="0.00" occupancy="100.00" speed="-1.00" harmonicMeanSpeed="-1.00" length="-1.00" nVehEntered="0"/>
    <interval begin="1710.00" end="1740.00" id="D6_3_2" nVehContrib="0" flow="0.00" occupancy="100.00" speed="-1.00" harmonicMeanSpeed="-1.00" length="-1.00" nVehEntered="0"/>
    <interval begin="1740.00" end="1770.00" id="D6_3_2" nVehContrib="1" flow="120.00" occupancy="90.37" speed="0.06" harmonicMeanSpeed="0.06" length="5.00" nVehEntered="1"/>
    <interval begin="1770.00" end="1800.00" id="D6_3_2" nVehContrib="6" flow="720.00" occupancy="57.03" speed="3.47" harmonicMeanSpeed="2.05" length="5.00" nVehEntered="6"/>
    <interval begin="1800.00" end="1830.00" id="D6_3_2" nVehContrib="0" flow="0.00" occupancy="100.00" speed="-1.00" harmonicMeanSpeed="-1.00" length="-1.00" nVehEntered="0"/>
    <interval begin="1830.00" end="1860.00" id="D6_3_2" nVehContrib="0" flow="0.00" occupancy="100.00" speed="-1.00" harmonicMeanSpeed="-1.00" length="-1.00" nVehEntered="0"/>
    <interval begin="1860.00" end="1890.00" id="D6_3_2" nVehContrib="1" flow="120.00" occupancy="90.98" speed="0.05" harmonicMeanSpeed="0.05" length="5.00" nVehEntered="0"/>
    <interval begin="1890.00" end="1920.00" id="D6_3_2" nVehContrib="6" flow="720.00" occupancy="53.89" speed="4.18" harmonicMeanSpeed="2.27" length="5.00" nVehEntered="7"/>
    <interval begin="1920.00" end="1950.00" id="D6_3_2" nVehContrib="0" flow="0.00" occupancy="100.00" speed="-1.00" harmonicMeanSpeed="-1.00" length="-1.00" nVehEntered="0"/>
    <interval begin="1950.00" end="1980.00" id="D6_3_2" nVehContrib="0" flow="0.00" occupancy="100.00" speed="-1.00" harmonicMeanSpeed="-1.00" length="-1.00" nVehEntered="0"/>
    <interval begin="1980.00" end="2010.00" id="D6_3_2" nVehContrib="1" flow="120.00" occupancy="92.72" speed="0.06" harmonicMeanSpeed="0.06" length="5.00" nVehEntered="1"/>
    <interval begin="2010.00" end="2040.00" id="D6_3_2" nVehContrib="9" flow="1080.00" occupancy="41.55" speed="4.24" harmonicMeanSpeed="2.27" length="5.00" nVehEntered="8"/>
    <interval begin="2040.00" end="2070.00" id="D6_3_2" nVehContrib="1" flow="120.00" occupancy="88.32" speed="3.16" harmonicMeanSpeed="3.16" length="5.00" nVehEntered="2"/>
    <interval begin="2070.00" end="2100.00" id="D6_3_2" nVehContrib="0" flow="0.00" occupancy="100.00" speed="-1.00" harmonicMeanSpeed="-1.00" length="-1.00" nVehEntered="0"/>
    <interval begin="2100.00" end="2130.00" id="D6_3_2" nVehContrib="0" flow="0.00" occupancy="100.00" speed="-1.00" harmonicMeanSpeed="-1.00" length="-1.00" nVehEntered="0"/>
    <interval begin="2130.00" end="2160.00" id="D6_3_2" nVehContrib="3" flow="360.00" occupancy="76.17" speed="0.66" harmonicMeanSpeed="0.14" length="5.00" nVehEntered="3"/>
    <interval begin="2160.00" end="2190.00" id="D6_3_2" nVehContrib="2" flow="240.00" occupancy="81.20" speed="4.12" harmonicMeanSpeed="4.09" length="5.00" nVehEntered="2"/>
    <interval begin="2190.00" end="2220.00" id="D6_3_2" nVehContrib="0" flow="0.00" occupancy="100.00" speed="-1.00" harmonicMeanSpeed="-1.00" length="-1.00" nVehEntered="0"/>
    <interval begin="2220.00" end="2250.00" id="D6_3_2" nVehContrib="0" flow="0.00" occupancy="100.00" speed="-1.00" harmonicMeanSpeed="-1.00" length="-1.00" nVehEntered="0"/>
    <interval begin="2250.00" end="2280.00" id="D6_3_2" nVehContrib="4" flow="480.00" occupancy="65.31" speed="1.96" harmonicMeanSpeed="0.20" length="5.00" nVehEntered="3"/>
    <interval begin="2280.00" end="2310.00" id="D6_3_2" nVehContrib="2" flow="240.00" occupancy="75.36" speed="3.20" harmonicMeanSpeed="2.57" length="5.00" nVehEntered="3"/>
    <interval begin="2310.00" end="2340.00" id="D6_3_2" nVehContrib="0" flow="0.00" occupancy="100.00" speed="-1.00" harmonicMeanSpeed="-1.00" length="-1.00" nVehEntered="0"/>
    <interval begin="2340.00" end="2344.00" id="D6_3_2" nVehContrib="0" flow="0.00" occupancy="100.00" speed="-1.00" harmonicMeanSpeed="-1.00" length="-1.00" nVehEntered="0"/>
</detector>
