<?xml version="1.0" encoding="UTF-8"?>

<!-- generated on 01/27/20 08:23:42 by Eclipse SUMO GUI Version 1.3.1
<configuration xmlns:xsi="http://www.w3.org/2001/XMLSchema-instance" xsi:noNamespaceSchemaLocation="http://sumo.dlr.de/xsd/sumoConfiguration.xsd">

    <input>
        <net-file value="gnet.net.xml"/>
        <route-files value="grou.rou.xml"/>
        <additional-files value="gadd.additional.xml"/>
    </input>

    <output>
        <queue-output value="Queue.xml"/>
        <summary-output value="Summary.xml"/>
        <tripinfo-output value="output-tripinfos.xml"/>
    </output>

    <time>
        <begin value="0"/>
        <end value="3600"/>
    </time>

    <processing>
        <time-to-teleport value="3600"/>
    </processing>

    <traci_server>
        <remote-port value="9393"/>
    </traci_server>

    <gui_only>
        <gui-settings-file value="gview.view.xml"/>
        <quit-on-end value="true"/>
        <start value="true"/>
    </gui_only>

</configuration>
-->

<detector xmlns:xsi="http://www.w3.org/2001/XMLSchema-instance" xsi:noNamespaceSchemaLocation="http://sumo.dlr.de/xsd/det_e1_file.xsd">
    <interval begin="0.00" end="30.00" id="D8_1_0" nVehContrib="3" flow="360.00" occupancy="1.46" speed="34.33" harmonicMeanSpeed="34.32" length="5.00" nVehEntered="3"/>
    <interval begin="30.00" end="60.00" id="D8_1_0" nVehContrib="0" flow="0.00" occupancy="0.00" speed="-1.00" harmonicMeanSpeed="-1.00" length="-1.00" nVehEntered="0"/>
    <interval begin="60.00" end="90.00" id="D8_1_0" nVehContrib="0" flow="0.00" occupancy="0.00" speed="-1.00" harmonicMeanSpeed="-1.00" length="-1.00" nVehEntered="0"/>
    <interval begin="90.00" end="120.00" id="D8_1_0" nVehContrib="0" flow="0.00" occupancy="0.00" speed="-1.00" harmonicMeanSpeed="-1.00" length="-1.00" nVehEntered="0"/>
    <interval begin="120.00" end="150.00" id="D8_1_0" nVehContrib="13" flow="1560.00" occupancy="21.77" speed="12.43" harmonicMeanSpeed="9.95" length="5.00" nVehEntered="13"/>
    <interval begin="150.00" end="180.00" id="D8_1_0" nVehContrib="0" flow="0.00" occupancy="0.00" speed="-1.00" harmonicMeanSpeed="-1.00" length="-1.00" nVehEntered="0"/>
    <interval begin="180.00" end="210.00" id="D8_1_0" nVehContrib="0" flow="0.00" occupancy="0.00" speed="-1.00" harmonicMeanSpeed="-1.00" length="-1.00" nVehEntered="0"/>
    <interval begin="210.00" end="240.00" id="D8_1_0" nVehContrib="0" flow="0.00" occupancy="0.00" speed="-1.00" harmonicMeanSpeed="-1.00" length="-1.00" nVehEntered="0"/>
    <interval begin="240.00" end="270.00" id="D8_1_0" nVehContrib="13" flow="1560.00" occupancy="22.87" speed="11.81" harmonicMeanSpeed="9.48" length="5.00" nVehEntered="13"/>
    <interval begin="270.00" end="300.00" id="D8_1_0" nVehContrib="0" flow="0.00" occupancy="0.00" speed="-1.00" harmonicMeanSpeed="-1.00" length="-1.00" nVehEntered="0"/>
    <interval begin="300.00" end="330.00" id="D8_1_0" nVehContrib="0" flow="0.00" occupancy="0.00" speed="-1.00" harmonicMeanSpeed="-1.00" length="-1.00" nVehEntered="0"/>
    <interval begin="330.00" end="360.00" id="D8_1_0" nVehContrib="0" flow="0.00" occupancy="0.00" speed="-1.00" harmonicMeanSpeed="-1.00" length="-1.00" nVehEntered="0"/>
    <interval begin="360.00" end="390.00" id="D8_1_0" nVehContrib="10" flow="1200.00" occupancy="20.25" speed="10.79" harmonicMeanSpeed="8.23" length="5.00" nVehEntered="10"/>
    <interval begin="390.00" end="420.00" id="D8_1_0" nVehContrib="1" flow="120.00" occupancy="1.01" speed="16.56" harmonicMeanSpeed="16.56" length="5.00" nVehEntered="1"/>
    <interval begin="420.00" end="450.00" id="D8_1_0" nVehContrib="0" flow="0.00" occupancy="0.00" speed="-1.00" harmonicMeanSpeed="-1.00" length="-1.00" nVehEntered="0"/>
    <interval begin="450.00" end="480.00" id="D8_1_0" nVehContrib="0" flow="0.00" occupancy="0.00" speed="-1.00" harmonicMeanSpeed="-1.00" length="-1.00" nVehEntered="0"/>
    <interval begin="480.00" end="510.00" id="D8_1_0" nVehContrib="10" flow="1200.00" occupancy="20.76" speed="10.19" harmonicMeanSpeed="8.03" length="5.00" nVehEntered="10"/>
    <interval begin="510.00" end="540.00" id="D8_1_0" nVehContrib="2" flow="240.00" occupancy="2.15" speed="15.54" harmonicMeanSpeed="15.54" length="5.00" nVehEntered="2"/>
    <interval begin="540.00" end="570.00" id="D8_1_0" nVehContrib="0" flow="0.00" occupancy="0.00" speed="-1.00" harmonicMeanSpeed="-1.00" length="-1.00" nVehEntered="0"/>
    <interval begin="570.00" end="600.00" id="D8_1_0" nVehContrib="0" flow="0.00" occupancy="0.00" speed="-1.00" harmonicMeanSpeed="-1.00" length="-1.00" nVehEntered="0"/>
    <interval begin="600.00" end="630.00" id="D8_1_0" nVehContrib="9" flow="1080.00" occupancy="22.93" speed="9.32" harmonicMeanSpeed="6.54" length="5.00" nVehEntered="9"/>
    <interval begin="630.00" end="660.00" id="D8_1_0" nVehContrib="4" flow="480.00" occupancy="4.20" speed="15.91" harmonicMeanSpeed="15.87" length="5.00" nVehEntered="4"/>
    <interval begin="660.00" end="690.00" id="D8_1_0" nVehContrib="0" flow="0.00" occupancy="0.00" speed="-1.00" harmonicMeanSpeed="-1.00" length="-1.00" nVehEntered="0"/>
    <interval begin="690.00" end="720.00" id="D8_1_0" nVehContrib="0" flow="0.00" occupancy="0.00" speed="-1.00" harmonicMeanSpeed="-1.00" length="-1.00" nVehEntered="0"/>
    <interval begin="720.00" end="750.00" id="D8_1_0" nVehContrib="8" flow="960.00" occupancy="16.69" speed="9.84" harmonicMeanSpeed="7.99" length="5.00" nVehEntered="8"/>
    <interval begin="750.00" end="780.00" id="D8_1_0" nVehContrib="6" flow="720.00" occupancy="6.32" speed="15.86" harmonicMeanSpeed="15.82" length="5.00" nVehEntered="6"/>
    <interval begin="780.00" end="810.00" id="D8_1_0" nVehContrib="0" flow="0.00" occupancy="0.00" speed="-1.00" harmonicMeanSpeed="-1.00" length="-1.00" nVehEntered="0"/>
    <interval begin="810.00" end="840.00" id="D8_1_0" nVehContrib="0" flow="0.00" occupancy="0.00" speed="-1.00" harmonicMeanSpeed="-1.00" length="-1.00" nVehEntered="0"/>
    <interval begin="840.00" end="870.00" id="D8_1_0" nVehContrib="5" flow="600.00" occupancy="13.48" speed="7.62" harmonicMeanSpeed="6.18" length="5.00" nVehEntered="5"/>
    <interval begin="870.00" end="900.00" id="D8_1_0" nVehContrib="7" flow="840.00" occupancy="8.48" speed="13.88" harmonicMeanSpeed="13.75" length="5.00" nVehEntered="7"/>
    <interval begin="900.00" end="930.00" id="D8_1_0" nVehContrib="0" flow="0.00" occupancy="0.00" speed="-1.00" harmonicMeanSpeed="-1.00" length="-1.00" nVehEntered="0"/>
    <interval begin="930.00" end="960.00" id="D8_1_0" nVehContrib="0" flow="0.00" occupancy="0.00" speed="-1.00" harmonicMeanSpeed="-1.00" length="-1.00" nVehEntered="0"/>
    <interval begin="960.00" end="990.00" id="D8_1_0" nVehContrib="3" flow="360.00" occupancy="10.91" speed="5.49" harmonicMeanSpeed="4.58" length="5.00" nVehEntered="3"/>
    <interval begin="990.00" end="1020.00" id="D8_1_0" nVehContrib="8" flow="960.00" occupancy="11.76" speed="11.52" harmonicMeanSpeed="11.33" length="5.00" nVehEntered="8"/>
    <interval begin="1020.00" end="1050.00" id="D8_1_0" nVehContrib="0" flow="0.00" occupancy="0.00" speed="-1.00" harmonicMeanSpeed="-1.00" length="-1.00" nVehEntered="0"/>
    <interval begin="1050.00" end="1080.00" id="D8_1_0" nVehContrib="0" flow="0.00" occupancy="0.00" speed="-1.00" harmonicMeanSpeed="-1.00" length="-1.00" nVehEntered="0"/>
    <interval begin="1080.00" end="1110.00" id="D8_1_0" nVehContrib="1" flow="120.00" occupancy="6.82" speed="3.50" harmonicMeanSpeed="3.50" length="5.00" nVehEntered="2"/>
    <interval begin="1110.00" end="1140.00" id="D8_1_0" nVehContrib="10" flow="1200.00" occupancy="13.45" speed="11.55" harmonicMeanSpeed="10.75" length="5.00" nVehEntered="9"/>
    <interval begin="1140.00" end="1170.00" id="D8_1_0" nVehContrib="0" flow="0.00" occupancy="0.00" speed="-1.00" harmonicMeanSpeed="-1.00" length="-1.00" nVehEntered="0"/>
    <interval begin="1170.00" end="1200.00" id="D8_1_0" nVehContrib="0" flow="0.00" occupancy="0.00" speed="-1.00" harmonicMeanSpeed="-1.00" length="-1.00" nVehEntered="0"/>
    <interval begin="1200.00" end="1230.00" id="D8_1_0" nVehContrib="0" flow="0.00" occupancy="0.00" speed="-1.00" harmonicMeanSpeed="-1.00" length="-1.00" nVehEntered="0"/>
    <interval begin="1230.00" end="1260.00" id="D8_1_0" nVehContrib="11" flow="1320.00" occupancy="20.25" speed="11.15" harmonicMeanSpeed="9.05" length="5.00" nVehEntered="11"/>
    <interval begin="1260.00" end="1290.00" id="D8_1_0" nVehContrib="0" flow="0.00" occupancy="0.00" speed="-1.00" harmonicMeanSpeed="-1.00" length="-1.00" nVehEntered="0"/>
    <interval begin="1290.00" end="1320.00" id="D8_1_0" nVehContrib="0" flow="0.00" occupancy="0.00" speed="-1.00" harmonicMeanSpeed="-1.00" length="-1.00" nVehEntered="0"/>
    <interval begin="1320.00" end="1350.00" id="D8_1_0" nVehContrib="0" flow="0.00" occupancy="0.00" speed="-1.00" harmonicMeanSpeed="-1.00" length="-1.00" nVehEntered="0"/>
    <interval begin="1350.00" end="1380.00" id="D8_1_0" nVehContrib="13" flow="1560.00" occupancy="24.12" speed="10.54" harmonicMeanSpeed="8.98" length="5.00" nVehEntered="13"/>
    <interval begin="1380.00" end="1410.00" id="D8_1_0" nVehContrib="0" flow="0.00" occupancy="0.00" speed="-1.00" harmonicMeanSpeed="-1.00" length="-1.00" nVehEntered="0"/>
    <interval begin="1410.00" end="1440.00" id="D8_1_0" nVehContrib="0" flow="0.00" occupancy="0.00" speed="-1.00" harmonicMeanSpeed="-1.00" length="-1.00" nVehEntered="0"/>
    <interval begin="1440.00" end="1470.00" id="D8_1_0" nVehContrib="0" flow="0.00" occupancy="0.00" speed="-1.00" harmonicMeanSpeed="-1.00" length="-1.00" nVehEntered="0"/>
    <interval begin="1470.00" end="1500.00" id="D8_1_0" nVehContrib="10" flow="1200.00" occupancy="19.68" speed="10.11" harmonicMeanSpeed="8.47" length="5.00" nVehEntered="10"/>
    <interval begin="1500.00" end="1530.00" id="D8_1_0" nVehContrib="2" flow="240.00" occupancy="2.20" speed="15.27" harmonicMeanSpeed="15.17" length="5.00" nVehEntered="2"/>
    <interval begin="1530.00" end="1560.00" id="D8_1_0" nVehContrib="0" flow="0.00" occupancy="0.00" speed="-1.00" harmonicMeanSpeed="-1.00" length="-1.00" nVehEntered="0"/>
    <interval begin="1560.00" end="1590.00" id="D8_1_0" nVehContrib="0" flow="0.00" occupancy="0.00" speed="-1.00" harmonicMeanSpeed="-1.00" length="-1.00" nVehEntered="0"/>
    <interval begin="1590.00" end="1620.00" id="D8_1_0" nVehContrib="7" flow="840.00" occupancy="19.61" speed="7.28" harmonicMeanSpeed="5.95" length="5.00" nVehEntered="7"/>
    <interval begin="1620.00" end="1650.00" id="D8_1_0" nVehContrib="3" flow="360.00" occupancy="3.81" speed="13.19" harmonicMeanSpeed="13.13" length="5.00" nVehEntered="3"/>
    <interval begin="1650.00" end="1680.00" id="D8_1_0" nVehContrib="0" flow="0.00" occupancy="0.00" speed="-1.00" harmonicMeanSpeed="-1.00" length="-1.00" nVehEntered="0"/>
    <interval begin="1680.00" end="1710.00" id="D8_1_0" nVehContrib="0" flow="0.00" occupancy="0.00" speed="-1.00" harmonicMeanSpeed="-1.00" length="-1.00" nVehEntered="0"/>
    <interval begin="1710.00" end="1740.00" id="D8_1_0" nVehContrib="6" flow="720.00" occupancy="14.93" speed="8.20" harmonicMeanSpeed="6.70" length="5.00" nVehEntered="6"/>
    <interval begin="1740.00" end="1770.00" id="D8_1_0" nVehContrib="7" flow="840.00" occupancy="7.51" speed="15.70" harmonicMeanSpeed="15.53" length="5.00" nVehEntered="7"/>
    <interval begin="1770.00" end="1800.00" id="D8_1_0" nVehContrib="0" flow="0.00" occupancy="0.00" speed="-1.00" harmonicMeanSpeed="-1.00" length="-1.00" nVehEntered="0"/>
    <interval begin="1800.00" end="1830.00" id="D8_1_0" nVehContrib="0" flow="0.00" occupancy="0.00" speed="-1.00" harmonicMeanSpeed="-1.00" length="-1.00" nVehEntered="0"/>
    <interval begin="1830.00" end="1860.00" id="D8_1_0" nVehContrib="4" flow="480.00" occupancy="10.97" speed="7.21" harmonicMeanSpeed="6.08" length="5.00" nVehEntered="4"/>
    <interval begin="1860.00" end="1890.00" id="D8_1_0" nVehContrib="8" flow="960.00" occupancy="9.99" speed="13.59" harmonicMeanSpeed="13.34" length="5.00" nVehEntered="8"/>
    <interval begin="1890.00" end="1920.00" id="D8_1_0" nVehContrib="0" flow="0.00" occupancy="0.00" speed="-1.00" harmonicMeanSpeed="-1.00" length="-1.00" nVehEntered="0"/>
    <interval begin="1920.00" end="1950.00" id="D8_1_0" nVehContrib="0" flow="0.00" occupancy="0.00" speed="-1.00" harmonicMeanSpeed="-1.00" length="-1.00" nVehEntered="0"/>
    <interval begin="1950.00" end="1980.00" id="D8_1_0" nVehContrib="2" flow="240.00" occupancy="7.51" speed="4.84" harmonicMeanSpeed="4.44" length="5.00" nVehEntered="2"/>
    <interval begin="1980.00" end="2010.00" id="D8_1_0" nVehContrib="9" flow="1080.00" occupancy="12.97" speed="11.88" harmonicMeanSpeed="11.56" length="5.00" nVehEntered="9"/>
    <interval begin="2010.00" end="2040.00" id="D8_1_0" nVehContrib="0" flow="0.00" occupancy="0.00" speed="-1.00" harmonicMeanSpeed="-1.00" length="-1.00" nVehEntered="0"/>
    <interval begin="2040.00" end="2070.00" id="D8_1_0" nVehContrib="0" flow="0.00" occupancy="0.00" speed="-1.00" harmonicMeanSpeed="-1.00" length="-1.00" nVehEntered="0"/>
    <interval begin="2070.00" end="2100.00" id="D8_1_0" nVehContrib="0" flow="0.00" occupancy="0.00" speed="-1.00" harmonicMeanSpeed="-1.00" length="-1.00" nVehEntered="0"/>
    <interval begin="2100.00" end="2130.00" id="D8_1_0" nVehContrib="9" flow="1080.00" occupancy="19.78" speed="8.78" harmonicMeanSpeed="7.58" length="5.00" nVehEntered="9"/>
    <interval begin="2130.00" end="2160.00" id="D8_1_0" nVehContrib="0" flow="0.00" occupancy="0.00" speed="-1.00" harmonicMeanSpeed="-1.00" length="-1.00" nVehEntered="0"/>
    <interval begin="2160.00" end="2190.00" id="D8_1_0" nVehContrib="0" flow="0.00" occupancy="0.00" speed="-1.00" harmonicMeanSpeed="-1.00" length="-1.00" nVehEntered="0"/>
    <interval begin="2190.00" end="2220.00" id="D8_1_0" nVehContrib="0" flow="0.00" occupancy="0.00" speed="-1.00" harmonicMeanSpeed="-1.00" length="-1.00" nVehEntered="0"/>
    <interval begin="2220.00" end="2250.00" id="D8_1_0" nVehContrib="13" flow="1560.00" occupancy="21.73" speed="12.12" harmonicMeanSpeed="9.97" length="5.00" nVehEntered="13"/>
    <interval begin="2250.00" end="2280.00" id="D8_1_0" nVehContrib="0" flow="0.00" occupancy="0.00" speed="-1.00" harmonicMeanSpeed="-1.00" length="-1.00" nVehEntered="0"/>
    <interval begin="2280.00" end="2310.00" id="D8_1_0" nVehContrib="0" flow="0.00" occupancy="0.00" speed="-1.00" harmonicMeanSpeed="-1.00" length="-1.00" nVehEntered="0"/>
    <interval begin="2310.00" end="2340.00" id="D8_1_0" nVehContrib="0" flow="0.00" occupancy="0.00" speed="-1.00" harmonicMeanSpeed="-1.00" length="-1.00" nVehEntered="0"/>
    <interval begin="2340.00" end="2344.00" id="D8_1_0" nVehContrib="0" flow="0.00" occupancy="0.00" speed="-1.00" harmonicMeanSpeed="-1.00" length="-1.00" nVehEntered="0"/>
</detector>
