<?xml version="1.0" encoding="UTF-8"?>

<!-- generated on 01/27/20 08:23:42 by Eclipse SUMO GUI Version 1.3.1
<configuration xmlns:xsi="http://www.w3.org/2001/XMLSchema-instance" xsi:noNamespaceSchemaLocation="http://sumo.dlr.de/xsd/sumoConfiguration.xsd">

    <input>
        <net-file value="gnet.net.xml"/>
        <route-files value="grou.rou.xml"/>
        <additional-files value="gadd.additional.xml"/>
    </input>

    <output>
        <queue-output value="Queue.xml"/>
        <summary-output value="Summary.xml"/>
        <tripinfo-output value="output-tripinfos.xml"/>
    </output>

    <time>
        <begin value="0"/>
        <end value="3600"/>
    </time>

    <processing>
        <time-to-teleport value="3600"/>
    </processing>

    <traci_server>
        <remote-port value="9393"/>
    </traci_server>

    <gui_only>
        <gui-settings-file value="gview.view.xml"/>
        <quit-on-end value="true"/>
        <start value="true"/>
    </gui_only>

</configuration>
-->

<detector xmlns:xsi="http://www.w3.org/2001/XMLSchema-instance" xsi:noNamespaceSchemaLocation="http://sumo.dlr.de/xsd/det_e1_file.xsd">
    <interval begin="0.00" end="30.00" id="D8_2_2" nVehContrib="1" flow="120.00" occupancy="0.66" speed="25.29" harmonicMeanSpeed="25.29" length="5.00" nVehEntered="1"/>
    <interval begin="30.00" end="60.00" id="D8_2_2" nVehContrib="1" flow="120.00" occupancy="0.62" speed="27.03" harmonicMeanSpeed="27.03" length="5.00" nVehEntered="1"/>
    <interval begin="60.00" end="90.00" id="D8_2_2" nVehContrib="1" flow="120.00" occupancy="0.61" speed="27.17" harmonicMeanSpeed="27.17" length="5.00" nVehEntered="1"/>
    <interval begin="90.00" end="120.00" id="D8_2_2" nVehContrib="0" flow="0.00" occupancy="0.00" speed="-1.00" harmonicMeanSpeed="-1.00" length="-1.00" nVehEntered="0"/>
    <interval begin="120.00" end="150.00" id="D8_2_2" nVehContrib="1" flow="120.00" occupancy="0.64" speed="26.20" harmonicMeanSpeed="26.20" length="5.00" nVehEntered="1"/>
    <interval begin="150.00" end="180.00" id="D8_2_2" nVehContrib="1" flow="120.00" occupancy="0.60" speed="27.90" harmonicMeanSpeed="27.90" length="5.00" nVehEntered="1"/>
    <interval begin="180.00" end="210.00" id="D8_2_2" nVehContrib="1" flow="120.00" occupancy="0.67" speed="24.94" harmonicMeanSpeed="24.94" length="5.00" nVehEntered="1"/>
    <interval begin="210.00" end="240.00" id="D8_2_2" nVehContrib="1" flow="120.00" occupancy="0.69" speed="24.20" harmonicMeanSpeed="24.20" length="5.00" nVehEntered="1"/>
    <interval begin="240.00" end="270.00" id="D8_2_2" nVehContrib="1" flow="120.00" occupancy="0.74" speed="22.37" harmonicMeanSpeed="22.37" length="5.00" nVehEntered="1"/>
    <interval begin="270.00" end="300.00" id="D8_2_2" nVehContrib="1" flow="120.00" occupancy="0.61" speed="27.27" harmonicMeanSpeed="27.27" length="5.00" nVehEntered="1"/>
    <interval begin="300.00" end="330.00" id="D8_2_2" nVehContrib="1" flow="120.00" occupancy="0.60" speed="27.77" harmonicMeanSpeed="27.77" length="5.00" nVehEntered="1"/>
    <interval begin="330.00" end="360.00" id="D8_2_2" nVehContrib="0" flow="0.00" occupancy="0.00" speed="-1.00" harmonicMeanSpeed="-1.00" length="-1.00" nVehEntered="0"/>
    <interval begin="360.00" end="390.00" id="D8_2_2" nVehContrib="1" flow="120.00" occupancy="0.65" speed="25.75" harmonicMeanSpeed="25.75" length="5.00" nVehEntered="1"/>
    <interval begin="390.00" end="420.00" id="D8_2_2" nVehContrib="1" flow="120.00" occupancy="0.87" speed="19.26" harmonicMeanSpeed="19.26" length="5.00" nVehEntered="1"/>
    <interval begin="420.00" end="450.00" id="D8_2_2" nVehContrib="1" flow="120.00" occupancy="0.62" speed="27.09" harmonicMeanSpeed="27.09" length="5.00" nVehEntered="1"/>
    <interval begin="450.00" end="480.00" id="D8_2_2" nVehContrib="1" flow="120.00" occupancy="0.64" speed="25.97" harmonicMeanSpeed="25.97" length="5.00" nVehEntered="1"/>
    <interval begin="480.00" end="510.00" id="D8_2_2" nVehContrib="1" flow="120.00" occupancy="0.74" speed="22.46" harmonicMeanSpeed="22.46" length="5.00" nVehEntered="1"/>
    <interval begin="510.00" end="540.00" id="D8_2_2" nVehContrib="1" flow="120.00" occupancy="14.11" speed="1.51" harmonicMeanSpeed="1.51" length="5.00" nVehEntered="3"/>
    <interval begin="540.00" end="570.00" id="D8_2_2" nVehContrib="3" flow="360.00" occupancy="11.08" speed="6.96" harmonicMeanSpeed="3.54" length="5.00" nVehEntered="2"/>
    <interval begin="570.00" end="600.00" id="D8_2_2" nVehContrib="0" flow="0.00" occupancy="0.00" speed="-1.00" harmonicMeanSpeed="-1.00" length="-1.00" nVehEntered="0"/>
    <interval begin="600.00" end="630.00" id="D8_2_2" nVehContrib="0" flow="0.00" occupancy="0.00" speed="-1.00" harmonicMeanSpeed="-1.00" length="-1.00" nVehEntered="0"/>
    <interval begin="630.00" end="660.00" id="D8_2_2" nVehContrib="1" flow="120.00" occupancy="4.27" speed="3.90" harmonicMeanSpeed="3.90" length="5.00" nVehEntered="1"/>
    <interval begin="660.00" end="690.00" id="D8_2_2" nVehContrib="5" flow="600.00" occupancy="6.12" speed="14.28" harmonicMeanSpeed="13.62" length="5.00" nVehEntered="5"/>
    <interval begin="690.00" end="720.00" id="D8_2_2" nVehContrib="1" flow="120.00" occupancy="3.13" speed="5.32" harmonicMeanSpeed="5.32" length="5.00" nVehEntered="1"/>
    <interval begin="720.00" end="750.00" id="D8_2_2" nVehContrib="0" flow="0.00" occupancy="0.00" speed="-1.00" harmonicMeanSpeed="-1.00" length="-1.00" nVehEntered="0"/>
    <interval begin="750.00" end="780.00" id="D8_2_2" nVehContrib="0" flow="0.00" occupancy="0.00" speed="-1.00" harmonicMeanSpeed="-1.00" length="-1.00" nVehEntered="0"/>
    <interval begin="780.00" end="810.00" id="D8_2_2" nVehContrib="4" flow="480.00" occupancy="4.22" speed="16.26" harmonicMeanSpeed="15.80" length="5.00" nVehEntered="4"/>
    <interval begin="810.00" end="840.00" id="D8_2_2" nVehContrib="1" flow="120.00" occupancy="1.22" speed="13.62" harmonicMeanSpeed="13.62" length="5.00" nVehEntered="1"/>
    <interval begin="840.00" end="870.00" id="D8_2_2" nVehContrib="0" flow="0.00" occupancy="0.00" speed="-1.00" harmonicMeanSpeed="-1.00" length="-1.00" nVehEntered="0"/>
    <interval begin="870.00" end="900.00" id="D8_2_2" nVehContrib="1" flow="120.00" occupancy="2.11" speed="7.89" harmonicMeanSpeed="7.89" length="5.00" nVehEntered="1"/>
    <interval begin="900.00" end="930.00" id="D8_2_2" nVehContrib="4" flow="480.00" occupancy="20.59" speed="4.56" harmonicMeanSpeed="3.24" length="5.00" nVehEntered="4"/>
    <interval begin="930.00" end="960.00" id="D8_2_2" nVehContrib="1" flow="120.00" occupancy="1.18" speed="14.14" harmonicMeanSpeed="14.14" length="5.00" nVehEntered="1"/>
    <interval begin="960.00" end="990.00" id="D8_2_2" nVehContrib="1" flow="120.00" occupancy="1.78" speed="9.36" harmonicMeanSpeed="9.36" length="5.00" nVehEntered="1"/>
    <interval begin="990.00" end="1020.00" id="D8_2_2" nVehContrib="2" flow="240.00" occupancy="1.67" speed="20.00" harmonicMeanSpeed="19.98" length="5.00" nVehEntered="2"/>
    <interval begin="1020.00" end="1050.00" id="D8_2_2" nVehContrib="3" flow="360.00" occupancy="3.45" speed="14.54" harmonicMeanSpeed="14.50" length="5.00" nVehEntered="3"/>
    <interval begin="1050.00" end="1080.00" id="D8_2_2" nVehContrib="1" flow="120.00" occupancy="1.72" speed="9.66" harmonicMeanSpeed="9.66" length="5.00" nVehEntered="1"/>
    <interval begin="1080.00" end="1110.00" id="D8_2_2" nVehContrib="1" flow="120.00" occupancy="3.42" speed="4.87" harmonicMeanSpeed="4.87" length="5.00" nVehEntered="1"/>
    <interval begin="1110.00" end="1140.00" id="D8_2_2" nVehContrib="0" flow="0.00" occupancy="0.00" speed="-1.00" harmonicMeanSpeed="-1.00" length="-1.00" nVehEntered="0"/>
    <interval begin="1140.00" end="1170.00" id="D8_2_2" nVehContrib="6" flow="720.00" occupancy="10.38" speed="11.33" harmonicMeanSpeed="9.63" length="5.00" nVehEntered="6"/>
    <interval begin="1170.00" end="1200.00" id="D8_2_2" nVehContrib="1" flow="120.00" occupancy="3.50" speed="4.76" harmonicMeanSpeed="4.76" length="5.00" nVehEntered="1"/>
    <interval begin="1200.00" end="1230.00" id="D8_2_2" nVehContrib="0" flow="0.00" occupancy="0.00" speed="-1.00" harmonicMeanSpeed="-1.00" length="-1.00" nVehEntered="0"/>
    <interval begin="1230.00" end="1260.00" id="D8_2_2" nVehContrib="1" flow="120.00" occupancy="6.64" speed="2.51" harmonicMeanSpeed="2.51" length="5.00" nVehEntered="1"/>
    <interval begin="1260.00" end="1290.00" id="D8_2_2" nVehContrib="3" flow="360.00" occupancy="8.29" speed="11.20" harmonicMeanSpeed="6.03" length="5.00" nVehEntered="3"/>
    <interval begin="1290.00" end="1320.00" id="D8_2_2" nVehContrib="0" flow="0.00" occupancy="0.00" speed="-1.00" harmonicMeanSpeed="-1.00" length="-1.00" nVehEntered="0"/>
    <interval begin="1320.00" end="1350.00" id="D8_2_2" nVehContrib="1" flow="120.00" occupancy="1.22" speed="13.62" harmonicMeanSpeed="13.62" length="5.00" nVehEntered="1"/>
    <interval begin="1350.00" end="1380.00" id="D8_2_2" nVehContrib="0" flow="0.00" occupancy="0.00" speed="-1.00" harmonicMeanSpeed="-1.00" length="-1.00" nVehEntered="0"/>
    <interval begin="1380.00" end="1410.00" id="D8_2_2" nVehContrib="7" flow="840.00" occupancy="17.23" speed="13.20" harmonicMeanSpeed="6.77" length="5.00" nVehEntered="7"/>
    <interval begin="1410.00" end="1440.00" id="D8_2_2" nVehContrib="0" flow="0.00" occupancy="0.00" speed="-1.00" harmonicMeanSpeed="-1.00" length="-1.00" nVehEntered="0"/>
    <interval begin="1440.00" end="1470.00" id="D8_2_2" nVehContrib="0" flow="0.00" occupancy="0.00" speed="-1.00" harmonicMeanSpeed="-1.00" length="-1.00" nVehEntered="0"/>
    <interval begin="1470.00" end="1500.00" id="D8_2_2" nVehContrib="1" flow="120.00" occupancy="9.13" speed="1.82" harmonicMeanSpeed="1.82" length="5.00" nVehEntered="1"/>
    <interval begin="1500.00" end="1530.00" id="D8_2_2" nVehContrib="2" flow="240.00" occupancy="3.50" speed="9.61" harmonicMeanSpeed="9.52" length="5.00" nVehEntered="2"/>
    <interval begin="1530.00" end="1560.00" id="D8_2_2" nVehContrib="7" flow="840.00" occupancy="24.36" speed="7.21" harmonicMeanSpeed="4.79" length="5.00" nVehEntered="7"/>
    <interval begin="1560.00" end="1590.00" id="D8_2_2" nVehContrib="0" flow="0.00" occupancy="0.00" speed="-1.00" harmonicMeanSpeed="-1.00" length="-1.00" nVehEntered="0"/>
    <interval begin="1590.00" end="1620.00" id="D8_2_2" nVehContrib="1" flow="120.00" occupancy="7.96" speed="2.09" harmonicMeanSpeed="2.09" length="5.00" nVehEntered="1"/>
    <interval begin="1620.00" end="1650.00" id="D8_2_2" nVehContrib="0" flow="0.00" occupancy="0.00" speed="-1.00" harmonicMeanSpeed="-1.00" length="-1.00" nVehEntered="0"/>
    <interval begin="1650.00" end="1680.00" id="D8_2_2" nVehContrib="0" flow="0.00" occupancy="0.00" speed="-1.00" harmonicMeanSpeed="-1.00" length="-1.00" nVehEntered="0"/>
    <interval begin="1680.00" end="1710.00" id="D8_2_2" nVehContrib="0" flow="0.00" occupancy="0.00" speed="-1.00" harmonicMeanSpeed="-1.00" length="-1.00" nVehEntered="0"/>
    <interval begin="1710.00" end="1740.00" id="D8_2_2" nVehContrib="0" flow="0.00" occupancy="0.00" speed="-1.00" harmonicMeanSpeed="-1.00" length="-1.00" nVehEntered="0"/>
    <interval begin="1740.00" end="1770.00" id="D8_2_2" nVehContrib="5" flow="600.00" occupancy="8.63" speed="12.67" harmonicMeanSpeed="9.66" length="5.00" nVehEntered="5"/>
    <interval begin="1770.00" end="1800.00" id="D8_2_2" nVehContrib="0" flow="0.00" occupancy="0.00" speed="-1.00" harmonicMeanSpeed="-1.00" length="-1.00" nVehEntered="0"/>
    <interval begin="1800.00" end="1830.00" id="D8_2_2" nVehContrib="0" flow="0.00" occupancy="0.00" speed="-1.00" harmonicMeanSpeed="-1.00" length="-1.00" nVehEntered="0"/>
    <interval begin="1830.00" end="1860.00" id="D8_2_2" nVehContrib="0" flow="0.00" occupancy="0.00" speed="-1.00" harmonicMeanSpeed="-1.00" length="-1.00" nVehEntered="0"/>
    <interval begin="1860.00" end="1890.00" id="D8_2_2" nVehContrib="6" flow="720.00" occupancy="19.88" speed="7.62" harmonicMeanSpeed="6.50" length="5.00" nVehEntered="7"/>
    <interval begin="1890.00" end="1920.00" id="D8_2_2" nVehContrib="3" flow="360.00" occupancy="11.60" speed="6.99" harmonicMeanSpeed="3.11" length="5.00" nVehEntered="2"/>
    <interval begin="1920.00" end="1950.00" id="D8_2_2" nVehContrib="1" flow="120.00" occupancy="1.84" speed="9.07" harmonicMeanSpeed="9.07" length="5.00" nVehEntered="1"/>
    <interval begin="1950.00" end="1980.00" id="D8_2_2" nVehContrib="1" flow="120.00" occupancy="3.69" speed="4.51" harmonicMeanSpeed="4.51" length="5.00" nVehEntered="1"/>
    <interval begin="1980.00" end="2010.00" id="D8_2_2" nVehContrib="0" flow="0.00" occupancy="0.00" speed="-1.00" harmonicMeanSpeed="-1.00" length="-1.00" nVehEntered="0"/>
    <interval begin="2010.00" end="2040.00" id="D8_2_2" nVehContrib="6" flow="720.00" occupancy="7.47" speed="14.37" harmonicMeanSpeed="13.38" length="5.00" nVehEntered="6"/>
    <interval begin="2040.00" end="2070.00" id="D8_2_2" nVehContrib="1" flow="120.00" occupancy="2.99" speed="5.58" harmonicMeanSpeed="5.58" length="5.00" nVehEntered="1"/>
    <interval begin="2070.00" end="2100.00" id="D8_2_2" nVehContrib="0" flow="0.00" occupancy="0.00" speed="-1.00" harmonicMeanSpeed="-1.00" length="-1.00" nVehEntered="0"/>
    <interval begin="2100.00" end="2130.00" id="D8_2_2" nVehContrib="0" flow="0.00" occupancy="0.00" speed="-1.00" harmonicMeanSpeed="-1.00" length="-1.00" nVehEntered="0"/>
    <interval begin="2130.00" end="2160.00" id="D8_2_2" nVehContrib="4" flow="480.00" occupancy="5.65" speed="12.66" harmonicMeanSpeed="11.79" length="5.00" nVehEntered="4"/>
    <interval begin="2160.00" end="2190.00" id="D8_2_2" nVehContrib="0" flow="0.00" occupancy="0.00" speed="-1.00" harmonicMeanSpeed="-1.00" length="-1.00" nVehEntered="0"/>
    <interval begin="2190.00" end="2220.00" id="D8_2_2" nVehContrib="0" flow="0.00" occupancy="0.00" speed="-1.00" harmonicMeanSpeed="-1.00" length="-1.00" nVehEntered="0"/>
    <interval begin="2220.00" end="2250.00" id="D8_2_2" nVehContrib="0" flow="0.00" occupancy="0.00" speed="-1.00" harmonicMeanSpeed="-1.00" length="-1.00" nVehEntered="0"/>
    <interval begin="2250.00" end="2280.00" id="D8_2_2" nVehContrib="2" flow="240.00" occupancy="2.49" speed="15.46" harmonicMeanSpeed="13.38" length="5.00" nVehEntered="2"/>
    <interval begin="2280.00" end="2310.00" id="D8_2_2" nVehContrib="5" flow="600.00" occupancy="9.36" speed="10.62" harmonicMeanSpeed="8.91" length="5.00" nVehEntered="5"/>
    <interval begin="2310.00" end="2340.00" id="D8_2_2" nVehContrib="0" flow="0.00" occupancy="0.00" speed="-1.00" harmonicMeanSpeed="-1.00" length="-1.00" nVehEntered="0"/>
    <interval begin="2340.00" end="2344.00" id="D8_2_2" nVehContrib="0" flow="0.00" occupancy="0.00" speed="-1.00" harmonicMeanSpeed="-1.00" length="-1.00" nVehEntered="0"/>
</detector>
