<?xml version="1.0" encoding="UTF-8"?>

<!-- generated on 01/27/20 08:23:42 by Eclipse SUMO GUI Version 1.3.1
<configuration xmlns:xsi="http://www.w3.org/2001/XMLSchema-instance" xsi:noNamespaceSchemaLocation="http://sumo.dlr.de/xsd/sumoConfiguration.xsd">

    <input>
        <net-file value="gnet.net.xml"/>
        <route-files value="grou.rou.xml"/>
        <additional-files value="gadd.additional.xml"/>
    </input>

    <output>
        <queue-output value="Queue.xml"/>
        <summary-output value="Summary.xml"/>
        <tripinfo-output value="output-tripinfos.xml"/>
    </output>

    <time>
        <begin value="0"/>
        <end value="3600"/>
    </time>

    <processing>
        <time-to-teleport value="3600"/>
    </processing>

    <traci_server>
        <remote-port value="9393"/>
    </traci_server>

    <gui_only>
        <gui-settings-file value="gview.view.xml"/>
        <quit-on-end value="true"/>
        <start value="true"/>
    </gui_only>

</configuration>
-->

<detector xmlns:xsi="http://www.w3.org/2001/XMLSchema-instance" xsi:noNamespaceSchemaLocation="http://sumo.dlr.de/xsd/det_e1_file.xsd">
    <interval begin="0.00" end="30.00" id="D8_2_1" nVehContrib="0" flow="0.00" occupancy="0.00" speed="-1.00" harmonicMeanSpeed="-1.00" length="-1.00" nVehEntered="0"/>
    <interval begin="30.00" end="60.00" id="D8_2_1" nVehContrib="4" flow="480.00" occupancy="3.58" speed="21.17" harmonicMeanSpeed="21.02" length="5.00" nVehEntered="5"/>
    <interval begin="60.00" end="90.00" id="D8_2_1" nVehContrib="6" flow="720.00" occupancy="11.59" speed="11.05" harmonicMeanSpeed="8.33" length="5.00" nVehEntered="5"/>
    <interval begin="90.00" end="120.00" id="D8_2_1" nVehContrib="1" flow="120.00" occupancy="3.07" speed="5.42" harmonicMeanSpeed="5.42" length="5.00" nVehEntered="1"/>
    <interval begin="120.00" end="150.00" id="D8_2_1" nVehContrib="7" flow="840.00" occupancy="17.88" speed="8.65" harmonicMeanSpeed="6.53" length="5.00" nVehEntered="7"/>
    <interval begin="150.00" end="180.00" id="D8_2_1" nVehContrib="7" flow="840.00" occupancy="11.86" speed="10.87" harmonicMeanSpeed="9.84" length="5.00" nVehEntered="7"/>
    <interval begin="180.00" end="210.00" id="D8_2_1" nVehContrib="1" flow="120.00" occupancy="4.86" speed="3.43" harmonicMeanSpeed="3.43" length="5.00" nVehEntered="1"/>
    <interval begin="210.00" end="240.00" id="D8_2_1" nVehContrib="0" flow="0.00" occupancy="0.00" speed="-1.00" harmonicMeanSpeed="-1.00" length="-1.00" nVehEntered="0"/>
    <interval begin="240.00" end="270.00" id="D8_2_1" nVehContrib="6" flow="720.00" occupancy="16.31" speed="7.80" harmonicMeanSpeed="6.13" length="5.00" nVehEntered="6"/>
    <interval begin="270.00" end="300.00" id="D8_2_1" nVehContrib="7" flow="840.00" occupancy="19.44" speed="9.25" harmonicMeanSpeed="6.00" length="5.00" nVehEntered="7"/>
    <interval begin="300.00" end="330.00" id="D8_2_1" nVehContrib="0" flow="0.00" occupancy="0.00" speed="-1.00" harmonicMeanSpeed="-1.00" length="-1.00" nVehEntered="0"/>
    <interval begin="330.00" end="360.00" id="D8_2_1" nVehContrib="0" flow="0.00" occupancy="0.00" speed="-1.00" harmonicMeanSpeed="-1.00" length="-1.00" nVehEntered="0"/>
    <interval begin="360.00" end="390.00" id="D8_2_1" nVehContrib="4" flow="480.00" occupancy="13.19" speed="6.38" harmonicMeanSpeed="5.05" length="5.00" nVehEntered="4"/>
    <interval begin="390.00" end="420.00" id="D8_2_1" nVehContrib="7" flow="840.00" occupancy="20.98" speed="7.71" harmonicMeanSpeed="5.56" length="5.00" nVehEntered="7"/>
    <interval begin="420.00" end="450.00" id="D8_2_1" nVehContrib="0" flow="0.00" occupancy="0.00" speed="-1.00" harmonicMeanSpeed="-1.00" length="-1.00" nVehEntered="0"/>
    <interval begin="450.00" end="480.00" id="D8_2_1" nVehContrib="0" flow="0.00" occupancy="0.00" speed="-1.00" harmonicMeanSpeed="-1.00" length="-1.00" nVehEntered="0"/>
    <interval begin="480.00" end="510.00" id="D8_2_1" nVehContrib="3" flow="360.00" occupancy="13.75" speed="4.81" harmonicMeanSpeed="3.64" length="5.00" nVehEntered="3"/>
    <interval begin="510.00" end="540.00" id="D8_2_1" nVehContrib="8" flow="960.00" occupancy="21.83" speed="8.55" harmonicMeanSpeed="6.11" length="5.00" nVehEntered="8"/>
    <interval begin="540.00" end="570.00" id="D8_2_1" nVehContrib="0" flow="0.00" occupancy="0.00" speed="-1.00" harmonicMeanSpeed="-1.00" length="-1.00" nVehEntered="0"/>
    <interval begin="570.00" end="600.00" id="D8_2_1" nVehContrib="0" flow="0.00" occupancy="0.00" speed="-1.00" harmonicMeanSpeed="-1.00" length="-1.00" nVehEntered="0"/>
    <interval begin="600.00" end="630.00" id="D8_2_1" nVehContrib="0" flow="0.00" occupancy="10.65" speed="-1.00" harmonicMeanSpeed="-1.00" length="-1.00" nVehEntered="1"/>
    <interval begin="630.00" end="660.00" id="D8_2_1" nVehContrib="8" flow="960.00" occupancy="24.37" speed="5.63" harmonicMeanSpeed="3.81" length="5.00" nVehEntered="7"/>
    <interval begin="660.00" end="690.00" id="D8_2_1" nVehContrib="0" flow="0.00" occupancy="0.00" speed="-1.00" harmonicMeanSpeed="-1.00" length="-1.00" nVehEntered="0"/>
    <interval begin="690.00" end="720.00" id="D8_2_1" nVehContrib="0" flow="0.00" occupancy="0.00" speed="-1.00" harmonicMeanSpeed="-1.00" length="-1.00" nVehEntered="0"/>
    <interval begin="720.00" end="750.00" id="D8_2_1" nVehContrib="0" flow="0.00" occupancy="0.00" speed="-1.00" harmonicMeanSpeed="-1.00" length="-1.00" nVehEntered="0"/>
    <interval begin="750.00" end="780.00" id="D8_2_1" nVehContrib="4" flow="480.00" occupancy="35.10" speed="2.89" harmonicMeanSpeed="1.90" length="5.00" nVehEntered="4"/>
    <interval begin="780.00" end="810.00" id="D8_2_1" nVehContrib="0" flow="0.00" occupancy="0.00" speed="-1.00" harmonicMeanSpeed="-1.00" length="-1.00" nVehEntered="0"/>
    <interval begin="810.00" end="840.00" id="D8_2_1" nVehContrib="0" flow="0.00" occupancy="0.00" speed="-1.00" harmonicMeanSpeed="-1.00" length="-1.00" nVehEntered="0"/>
    <interval begin="840.00" end="870.00" id="D8_2_1" nVehContrib="0" flow="0.00" occupancy="0.00" speed="-1.00" harmonicMeanSpeed="-1.00" length="-1.00" nVehEntered="0"/>
    <interval begin="870.00" end="900.00" id="D8_2_1" nVehContrib="9" flow="1080.00" occupancy="31.06" speed="6.91" harmonicMeanSpeed="4.83" length="5.00" nVehEntered="9"/>
    <interval begin="900.00" end="930.00" id="D8_2_1" nVehContrib="0" flow="0.00" occupancy="0.00" speed="-1.00" harmonicMeanSpeed="-1.00" length="-1.00" nVehEntered="0"/>
    <interval begin="930.00" end="960.00" id="D8_2_1" nVehContrib="0" flow="0.00" occupancy="0.00" speed="-1.00" harmonicMeanSpeed="-1.00" length="-1.00" nVehEntered="0"/>
    <interval begin="960.00" end="990.00" id="D8_2_1" nVehContrib="0" flow="0.00" occupancy="0.00" speed="-1.00" harmonicMeanSpeed="-1.00" length="-1.00" nVehEntered="0"/>
    <interval begin="990.00" end="1020.00" id="D8_2_1" nVehContrib="5" flow="600.00" occupancy="37.01" speed="4.17" harmonicMeanSpeed="2.55" length="5.00" nVehEntered="6"/>
    <interval begin="1020.00" end="1050.00" id="D8_2_1" nVehContrib="1" flow="120.00" occupancy="3.21" speed="2.21" harmonicMeanSpeed="2.21" length="5.00" nVehEntered="0"/>
    <interval begin="1050.00" end="1080.00" id="D8_2_1" nVehContrib="0" flow="0.00" occupancy="0.00" speed="-1.00" harmonicMeanSpeed="-1.00" length="-1.00" nVehEntered="0"/>
    <interval begin="1080.00" end="1110.00" id="D8_2_1" nVehContrib="0" flow="0.00" occupancy="0.00" speed="-1.00" harmonicMeanSpeed="-1.00" length="-1.00" nVehEntered="0"/>
    <interval begin="1110.00" end="1140.00" id="D8_2_1" nVehContrib="4" flow="480.00" occupancy="26.42" speed="4.16" harmonicMeanSpeed="2.52" length="5.00" nVehEntered="4"/>
    <interval begin="1140.00" end="1170.00" id="D8_2_1" nVehContrib="3" flow="360.00" occupancy="11.85" speed="5.76" harmonicMeanSpeed="4.22" length="5.00" nVehEntered="3"/>
    <interval begin="1170.00" end="1200.00" id="D8_2_1" nVehContrib="0" flow="0.00" occupancy="0.00" speed="-1.00" harmonicMeanSpeed="-1.00" length="-1.00" nVehEntered="0"/>
    <interval begin="1200.00" end="1230.00" id="D8_2_1" nVehContrib="0" flow="0.00" occupancy="0.00" speed="-1.00" harmonicMeanSpeed="-1.00" length="-1.00" nVehEntered="0"/>
    <interval begin="1230.00" end="1260.00" id="D8_2_1" nVehContrib="3" flow="360.00" occupancy="20.56" speed="4.77" harmonicMeanSpeed="2.43" length="5.00" nVehEntered="3"/>
    <interval begin="1260.00" end="1290.00" id="D8_2_1" nVehContrib="5" flow="600.00" occupancy="17.87" speed="7.46" harmonicMeanSpeed="4.66" length="5.00" nVehEntered="5"/>
    <interval begin="1290.00" end="1320.00" id="D8_2_1" nVehContrib="0" flow="0.00" occupancy="0.00" speed="-1.00" harmonicMeanSpeed="-1.00" length="-1.00" nVehEntered="0"/>
    <interval begin="1320.00" end="1350.00" id="D8_2_1" nVehContrib="0" flow="0.00" occupancy="0.00" speed="-1.00" harmonicMeanSpeed="-1.00" length="-1.00" nVehEntered="0"/>
    <interval begin="1350.00" end="1380.00" id="D8_2_1" nVehContrib="2" flow="240.00" occupancy="19.38" speed="2.10" harmonicMeanSpeed="1.72" length="5.00" nVehEntered="2"/>
    <interval begin="1380.00" end="1410.00" id="D8_2_1" nVehContrib="5" flow="600.00" occupancy="27.53" speed="4.21" harmonicMeanSpeed="3.03" length="5.00" nVehEntered="5"/>
    <interval begin="1410.00" end="1440.00" id="D8_2_1" nVehContrib="0" flow="0.00" occupancy="0.00" speed="-1.00" harmonicMeanSpeed="-1.00" length="-1.00" nVehEntered="0"/>
    <interval begin="1440.00" end="1470.00" id="D8_2_1" nVehContrib="0" flow="0.00" occupancy="0.00" speed="-1.00" harmonicMeanSpeed="-1.00" length="-1.00" nVehEntered="0"/>
    <interval begin="1470.00" end="1500.00" id="D8_2_1" nVehContrib="0" flow="0.00" occupancy="24.89" speed="-1.00" harmonicMeanSpeed="-1.00" length="-1.00" nVehEntered="1"/>
    <interval begin="1500.00" end="1530.00" id="D8_2_1" nVehContrib="6" flow="720.00" occupancy="23.36" speed="4.39" harmonicMeanSpeed="2.07" length="5.00" nVehEntered="5"/>
    <interval begin="1530.00" end="1560.00" id="D8_2_1" nVehContrib="0" flow="0.00" occupancy="0.00" speed="-1.00" harmonicMeanSpeed="-1.00" length="-1.00" nVehEntered="0"/>
    <interval begin="1560.00" end="1590.00" id="D8_2_1" nVehContrib="0" flow="0.00" occupancy="0.00" speed="-1.00" harmonicMeanSpeed="-1.00" length="-1.00" nVehEntered="0"/>
    <interval begin="1590.00" end="1620.00" id="D8_2_1" nVehContrib="0" flow="0.00" occupancy="5.81" speed="-1.00" harmonicMeanSpeed="-1.00" length="-1.00" nVehEntered="1"/>
    <interval begin="1620.00" end="1650.00" id="D8_2_1" nVehContrib="4" flow="480.00" occupancy="56.63" speed="3.01" harmonicMeanSpeed="1.07" length="5.00" nVehEntered="3"/>
    <interval begin="1650.00" end="1680.00" id="D8_2_1" nVehContrib="0" flow="0.00" occupancy="0.00" speed="-1.00" harmonicMeanSpeed="-1.00" length="-1.00" nVehEntered="0"/>
    <interval begin="1680.00" end="1710.00" id="D8_2_1" nVehContrib="0" flow="0.00" occupancy="0.00" speed="-1.00" harmonicMeanSpeed="-1.00" length="-1.00" nVehEntered="0"/>
    <interval begin="1710.00" end="1740.00" id="D8_2_1" nVehContrib="0" flow="0.00" occupancy="4.71" speed="-1.00" harmonicMeanSpeed="-1.00" length="-1.00" nVehEntered="1"/>
    <interval begin="1740.00" end="1770.00" id="D8_2_1" nVehContrib="12" flow="1440.00" occupancy="33.89" speed="10.16" harmonicMeanSpeed="8.58" length="5.00" nVehEntered="12"/>
    <interval begin="1770.00" end="1800.00" id="D8_2_1" nVehContrib="0" flow="0.00" occupancy="100.00" speed="-1.00" harmonicMeanSpeed="-1.00" length="-1.00" nVehEntered="0"/>
    <interval begin="1800.00" end="1830.00" id="D8_2_1" nVehContrib="0" flow="0.00" occupancy="100.00" speed="-1.00" harmonicMeanSpeed="-1.00" length="-1.00" nVehEntered="0"/>
    <interval begin="1830.00" end="1860.00" id="D8_2_1" nVehContrib="0" flow="0.00" occupancy="100.00" speed="-1.00" harmonicMeanSpeed="-1.00" length="-1.00" nVehEntered="0"/>
    <interval begin="1860.00" end="1890.00" id="D8_2_1" nVehContrib="7" flow="840.00" occupancy="24.84" speed="5.51" harmonicMeanSpeed="0.34" length="5.00" nVehEntered="6"/>
    <interval begin="1890.00" end="1920.00" id="D8_2_1" nVehContrib="1" flow="120.00" occupancy="6.43" speed="2.59" harmonicMeanSpeed="2.59" length="5.00" nVehEntered="1"/>
    <interval begin="1920.00" end="1950.00" id="D8_2_1" nVehContrib="0" flow="0.00" occupancy="0.00" speed="-1.00" harmonicMeanSpeed="-1.00" length="-1.00" nVehEntered="0"/>
    <interval begin="1950.00" end="1980.00" id="D8_2_1" nVehContrib="0" flow="0.00" occupancy="0.00" speed="-1.00" harmonicMeanSpeed="-1.00" length="-1.00" nVehEntered="0"/>
    <interval begin="1980.00" end="2010.00" id="D8_2_1" nVehContrib="5" flow="600.00" occupancy="33.42" speed="4.61" harmonicMeanSpeed="2.49" length="5.00" nVehEntered="5"/>
    <interval begin="2010.00" end="2040.00" id="D8_2_1" nVehContrib="1" flow="120.00" occupancy="10.81" speed="1.54" harmonicMeanSpeed="1.54" length="5.00" nVehEntered="1"/>
    <interval begin="2040.00" end="2070.00" id="D8_2_1" nVehContrib="0" flow="0.00" occupancy="0.00" speed="-1.00" harmonicMeanSpeed="-1.00" length="-1.00" nVehEntered="0"/>
    <interval begin="2070.00" end="2100.00" id="D8_2_1" nVehContrib="0" flow="0.00" occupancy="0.00" speed="-1.00" harmonicMeanSpeed="-1.00" length="-1.00" nVehEntered="0"/>
    <interval begin="2100.00" end="2130.00" id="D8_2_1" nVehContrib="2" flow="240.00" occupancy="29.32" speed="1.31" harmonicMeanSpeed="1.30" length="5.00" nVehEntered="3"/>
    <interval begin="2130.00" end="2160.00" id="D8_2_1" nVehContrib="0" flow="0.00" occupancy="100.00" speed="-1.00" harmonicMeanSpeed="-1.00" length="-1.00" nVehEntered="0"/>
    <interval begin="2160.00" end="2190.00" id="D8_2_1" nVehContrib="0" flow="0.00" occupancy="100.00" speed="-1.00" harmonicMeanSpeed="-1.00" length="-1.00" nVehEntered="0"/>
    <interval begin="2190.00" end="2220.00" id="D8_2_1" nVehContrib="0" flow="0.00" occupancy="100.00" speed="-1.00" harmonicMeanSpeed="-1.00" length="-1.00" nVehEntered="0"/>
    <interval begin="2220.00" end="2250.00" id="D8_2_1" nVehContrib="4" flow="480.00" occupancy="59.51" speed="3.81" harmonicMeanSpeed="0.18" length="5.00" nVehEntered="3"/>
    <interval begin="2250.00" end="2280.00" id="D8_2_1" nVehContrib="6" flow="720.00" occupancy="16.08" speed="8.37" harmonicMeanSpeed="6.22" length="5.00" nVehEntered="6"/>
    <interval begin="2280.00" end="2310.00" id="D8_2_1" nVehContrib="0" flow="0.00" occupancy="0.00" speed="-1.00" harmonicMeanSpeed="-1.00" length="-1.00" nVehEntered="0"/>
    <interval begin="2310.00" end="2340.00" id="D8_2_1" nVehContrib="0" flow="0.00" occupancy="0.00" speed="-1.00" harmonicMeanSpeed="-1.00" length="-1.00" nVehEntered="0"/>
    <interval begin="2340.00" end="2344.00" id="D8_2_1" nVehContrib="0" flow="0.00" occupancy="0.00" speed="-1.00" harmonicMeanSpeed="-1.00" length="-1.00" nVehEntered="0"/>
</detector>
