<?xml version="1.0" encoding="UTF-8"?>

<!-- generated on 01/27/20 08:23:42 by Eclipse SUMO GUI Version 1.3.1
<configuration xmlns:xsi="http://www.w3.org/2001/XMLSchema-instance" xsi:noNamespaceSchemaLocation="http://sumo.dlr.de/xsd/sumoConfiguration.xsd">

    <input>
        <net-file value="gnet.net.xml"/>
        <route-files value="grou.rou.xml"/>
        <additional-files value="gadd.additional.xml"/>
    </input>

    <output>
        <queue-output value="Queue.xml"/>
        <summary-output value="Summary.xml"/>
        <tripinfo-output value="output-tripinfos.xml"/>
    </output>

    <time>
        <begin value="0"/>
        <end value="3600"/>
    </time>

    <processing>
        <time-to-teleport value="3600"/>
    </processing>

    <traci_server>
        <remote-port value="9393"/>
    </traci_server>

    <gui_only>
        <gui-settings-file value="gview.view.xml"/>
        <quit-on-end value="true"/>
        <start value="true"/>
    </gui_only>

</configuration>
-->

<detector xmlns:xsi="http://www.w3.org/2001/XMLSchema-instance" xsi:noNamespaceSchemaLocation="http://sumo.dlr.de/xsd/det_e1_file.xsd">
    <interval begin="0.00" end="30.00" id="D8_3_2" nVehContrib="1" flow="120.00" occupancy="0.64" speed="25.89" harmonicMeanSpeed="25.89" length="5.00" nVehEntered="1"/>
    <interval begin="30.00" end="60.00" id="D8_3_2" nVehContrib="1" flow="120.00" occupancy="0.68" speed="24.34" harmonicMeanSpeed="24.34" length="5.00" nVehEntered="1"/>
    <interval begin="60.00" end="90.00" id="D8_3_2" nVehContrib="1" flow="120.00" occupancy="0.70" speed="23.79" harmonicMeanSpeed="23.79" length="5.00" nVehEntered="1"/>
    <interval begin="90.00" end="120.00" id="D8_3_2" nVehContrib="0" flow="0.00" occupancy="0.15" speed="-1.00" harmonicMeanSpeed="-1.00" length="-1.00" nVehEntered="1"/>
    <interval begin="120.00" end="150.00" id="D8_3_2" nVehContrib="1" flow="120.00" occupancy="0.49" speed="26.03" harmonicMeanSpeed="26.03" length="5.00" nVehEntered="0"/>
    <interval begin="150.00" end="180.00" id="D8_3_2" nVehContrib="1" flow="120.00" occupancy="0.66" speed="25.42" harmonicMeanSpeed="25.42" length="5.00" nVehEntered="1"/>
    <interval begin="180.00" end="210.00" id="D8_3_2" nVehContrib="1" flow="120.00" occupancy="0.64" speed="25.91" harmonicMeanSpeed="25.91" length="5.00" nVehEntered="1"/>
    <interval begin="210.00" end="240.00" id="D8_3_2" nVehContrib="1" flow="120.00" occupancy="0.71" speed="23.39" harmonicMeanSpeed="23.39" length="5.00" nVehEntered="1"/>
    <interval begin="240.00" end="270.00" id="D8_3_2" nVehContrib="1" flow="120.00" occupancy="0.67" speed="24.75" harmonicMeanSpeed="24.75" length="5.00" nVehEntered="1"/>
    <interval begin="270.00" end="300.00" id="D8_3_2" nVehContrib="1" flow="120.00" occupancy="0.69" speed="24.27" harmonicMeanSpeed="24.27" length="5.00" nVehEntered="1"/>
    <interval begin="300.00" end="330.00" id="D8_3_2" nVehContrib="1" flow="120.00" occupancy="0.72" speed="23.02" harmonicMeanSpeed="23.02" length="5.00" nVehEntered="1"/>
    <interval begin="330.00" end="360.00" id="D8_3_2" nVehContrib="0" flow="0.00" occupancy="0.00" speed="-1.00" harmonicMeanSpeed="-1.00" length="-1.00" nVehEntered="0"/>
    <interval begin="360.00" end="390.00" id="D8_3_2" nVehContrib="1" flow="120.00" occupancy="0.71" speed="23.58" harmonicMeanSpeed="23.58" length="5.00" nVehEntered="1"/>
    <interval begin="390.00" end="420.00" id="D8_3_2" nVehContrib="3" flow="360.00" occupancy="3.97" speed="12.69" harmonicMeanSpeed="12.61" length="5.00" nVehEntered="3"/>
    <interval begin="420.00" end="450.00" id="D8_3_2" nVehContrib="1" flow="120.00" occupancy="0.69" speed="23.99" harmonicMeanSpeed="23.99" length="5.00" nVehEntered="1"/>
    <interval begin="450.00" end="480.00" id="D8_3_2" nVehContrib="1" flow="120.00" occupancy="0.65" speed="25.51" harmonicMeanSpeed="25.51" length="5.00" nVehEntered="1"/>
    <interval begin="480.00" end="510.00" id="D8_3_2" nVehContrib="1" flow="120.00" occupancy="0.65" speed="25.54" harmonicMeanSpeed="25.54" length="5.00" nVehEntered="1"/>
    <interval begin="510.00" end="540.00" id="D8_3_2" nVehContrib="7" flow="840.00" occupancy="8.92" speed="13.81" harmonicMeanSpeed="13.08" length="5.00" nVehEntered="7"/>
    <interval begin="540.00" end="570.00" id="D8_3_2" nVehContrib="1" flow="120.00" occupancy="0.65" speed="25.53" harmonicMeanSpeed="25.53" length="5.00" nVehEntered="1"/>
    <interval begin="570.00" end="600.00" id="D8_3_2" nVehContrib="0" flow="0.00" occupancy="0.00" speed="-1.00" harmonicMeanSpeed="-1.00" length="-1.00" nVehEntered="0"/>
    <interval begin="600.00" end="630.00" id="D8_3_2" nVehContrib="0" flow="0.00" occupancy="0.00" speed="-1.00" harmonicMeanSpeed="-1.00" length="-1.00" nVehEntered="0"/>
    <interval begin="630.00" end="660.00" id="D8_3_2" nVehContrib="4" flow="480.00" occupancy="7.28" speed="9.40" harmonicMeanSpeed="9.15" length="5.00" nVehEntered="4"/>
    <interval begin="660.00" end="690.00" id="D8_3_2" nVehContrib="3" flow="360.00" occupancy="3.59" speed="13.93" harmonicMeanSpeed="13.93" length="5.00" nVehEntered="3"/>
    <interval begin="690.00" end="720.00" id="D8_3_2" nVehContrib="1" flow="120.00" occupancy="0.67" speed="24.96" harmonicMeanSpeed="24.96" length="5.00" nVehEntered="1"/>
    <interval begin="720.00" end="750.00" id="D8_3_2" nVehContrib="0" flow="0.00" occupancy="0.00" speed="-1.00" harmonicMeanSpeed="-1.00" length="-1.00" nVehEntered="0"/>
    <interval begin="750.00" end="780.00" id="D8_3_2" nVehContrib="0" flow="0.00" occupancy="0.00" speed="-1.00" harmonicMeanSpeed="-1.00" length="-1.00" nVehEntered="0"/>
    <interval begin="780.00" end="810.00" id="D8_3_2" nVehContrib="4" flow="480.00" occupancy="2.96" speed="22.60" harmonicMeanSpeed="22.54" length="5.00" nVehEntered="4"/>
    <interval begin="810.00" end="840.00" id="D8_3_2" nVehContrib="1" flow="120.00" occupancy="0.65" speed="25.63" harmonicMeanSpeed="25.63" length="5.00" nVehEntered="1"/>
    <interval begin="840.00" end="870.00" id="D8_3_2" nVehContrib="0" flow="0.00" occupancy="0.00" speed="-1.00" harmonicMeanSpeed="-1.00" length="-1.00" nVehEntered="0"/>
    <interval begin="870.00" end="900.00" id="D8_3_2" nVehContrib="6" flow="720.00" occupancy="9.55" speed="10.70" harmonicMeanSpeed="10.47" length="5.00" nVehEntered="6"/>
    <interval begin="900.00" end="930.00" id="D8_3_2" nVehContrib="1" flow="120.00" occupancy="0.75" speed="22.11" harmonicMeanSpeed="22.11" length="5.00" nVehEntered="1"/>
    <interval begin="930.00" end="960.00" id="D8_3_2" nVehContrib="1" flow="120.00" occupancy="0.64" speed="25.89" harmonicMeanSpeed="25.89" length="5.00" nVehEntered="1"/>
    <interval begin="960.00" end="990.00" id="D8_3_2" nVehContrib="1" flow="120.00" occupancy="0.68" speed="24.46" harmonicMeanSpeed="24.46" length="5.00" nVehEntered="1"/>
    <interval begin="990.00" end="1020.00" id="D8_3_2" nVehContrib="2" flow="240.00" occupancy="3.54" speed="9.78" harmonicMeanSpeed="9.66" length="5.00" nVehEntered="3"/>
    <interval begin="1020.00" end="1050.00" id="D8_3_2" nVehContrib="3" flow="360.00" occupancy="2.93" speed="16.58" harmonicMeanSpeed="16.58" length="5.00" nVehEntered="2"/>
    <interval begin="1050.00" end="1080.00" id="D8_3_2" nVehContrib="1" flow="120.00" occupancy="0.65" speed="25.48" harmonicMeanSpeed="25.48" length="5.00" nVehEntered="1"/>
    <interval begin="1080.00" end="1110.00" id="D8_3_2" nVehContrib="1" flow="120.00" occupancy="0.70" speed="23.83" harmonicMeanSpeed="23.83" length="5.00" nVehEntered="1"/>
    <interval begin="1110.00" end="1140.00" id="D8_3_2" nVehContrib="1" flow="120.00" occupancy="1.81" speed="9.19" harmonicMeanSpeed="9.19" length="5.00" nVehEntered="1"/>
    <interval begin="1140.00" end="1170.00" id="D8_3_2" nVehContrib="6" flow="720.00" occupancy="6.03" speed="17.28" harmonicMeanSpeed="16.59" length="5.00" nVehEntered="6"/>
    <interval begin="1170.00" end="1200.00" id="D8_3_2" nVehContrib="1" flow="120.00" occupancy="0.72" speed="23.30" harmonicMeanSpeed="23.30" length="5.00" nVehEntered="1"/>
    <interval begin="1200.00" end="1230.00" id="D8_3_2" nVehContrib="1" flow="120.00" occupancy="0.71" speed="23.52" harmonicMeanSpeed="23.52" length="5.00" nVehEntered="1"/>
    <interval begin="1230.00" end="1260.00" id="D8_3_2" nVehContrib="0" flow="0.00" occupancy="0.00" speed="-1.00" harmonicMeanSpeed="-1.00" length="-1.00" nVehEntered="0"/>
    <interval begin="1260.00" end="1290.00" id="D8_3_2" nVehContrib="4" flow="480.00" occupancy="7.09" speed="10.07" harmonicMeanSpeed="9.40" length="5.00" nVehEntered="4"/>
    <interval begin="1290.00" end="1320.00" id="D8_3_2" nVehContrib="0" flow="0.00" occupancy="0.00" speed="-1.00" harmonicMeanSpeed="-1.00" length="-1.00" nVehEntered="0"/>
    <interval begin="1320.00" end="1350.00" id="D8_3_2" nVehContrib="1" flow="120.00" occupancy="0.68" speed="24.55" harmonicMeanSpeed="24.55" length="5.00" nVehEntered="1"/>
    <interval begin="1350.00" end="1380.00" id="D8_3_2" nVehContrib="0" flow="0.00" occupancy="0.00" speed="-1.00" harmonicMeanSpeed="-1.00" length="-1.00" nVehEntered="0"/>
    <interval begin="1380.00" end="1410.00" id="D8_3_2" nVehContrib="9" flow="1080.00" occupancy="10.14" speed="15.75" harmonicMeanSpeed="14.79" length="5.00" nVehEntered="9"/>
    <interval begin="1410.00" end="1440.00" id="D8_3_2" nVehContrib="1" flow="120.00" occupancy="0.84" speed="19.95" harmonicMeanSpeed="19.95" length="5.00" nVehEntered="1"/>
    <interval begin="1440.00" end="1470.00" id="D8_3_2" nVehContrib="1" flow="120.00" occupancy="0.85" speed="19.58" harmonicMeanSpeed="19.58" length="5.00" nVehEntered="1"/>
    <interval begin="1470.00" end="1500.00" id="D8_3_2" nVehContrib="0" flow="0.00" occupancy="0.00" speed="-1.00" harmonicMeanSpeed="-1.00" length="-1.00" nVehEntered="0"/>
    <interval begin="1500.00" end="1530.00" id="D8_3_2" nVehContrib="3" flow="360.00" occupancy="5.50" speed="9.31" harmonicMeanSpeed="9.08" length="5.00" nVehEntered="3"/>
    <interval begin="1530.00" end="1560.00" id="D8_3_2" nVehContrib="4" flow="480.00" occupancy="4.51" speed="15.14" harmonicMeanSpeed="14.77" length="5.00" nVehEntered="4"/>
    <interval begin="1560.00" end="1590.00" id="D8_3_2" nVehContrib="1" flow="120.00" occupancy="0.68" speed="24.64" harmonicMeanSpeed="24.64" length="5.00" nVehEntered="1"/>
    <interval begin="1590.00" end="1620.00" id="D8_3_2" nVehContrib="0" flow="0.00" occupancy="0.00" speed="-1.00" harmonicMeanSpeed="-1.00" length="-1.00" nVehEntered="0"/>
    <interval begin="1620.00" end="1650.00" id="D8_3_2" nVehContrib="0" flow="0.00" occupancy="0.00" speed="-1.00" harmonicMeanSpeed="-1.00" length="-1.00" nVehEntered="0"/>
    <interval begin="1650.00" end="1680.00" id="D8_3_2" nVehContrib="0" flow="0.00" occupancy="0.00" speed="-1.00" harmonicMeanSpeed="-1.00" length="-1.00" nVehEntered="0"/>
    <interval begin="1680.00" end="1710.00" id="D8_3_2" nVehContrib="0" flow="0.00" occupancy="0.00" speed="-1.00" harmonicMeanSpeed="-1.00" length="-1.00" nVehEntered="0"/>
    <interval begin="1710.00" end="1740.00" id="D8_3_2" nVehContrib="0" flow="0.00" occupancy="0.00" speed="-1.00" harmonicMeanSpeed="-1.00" length="-1.00" nVehEntered="0"/>
    <interval begin="1740.00" end="1770.00" id="D8_3_2" nVehContrib="8" flow="960.00" occupancy="8.20" speed="17.39" harmonicMeanSpeed="16.26" length="5.00" nVehEntered="8"/>
    <interval begin="1770.00" end="1800.00" id="D8_3_2" nVehContrib="1" flow="120.00" occupancy="0.74" speed="22.49" harmonicMeanSpeed="22.49" length="5.00" nVehEntered="1"/>
    <interval begin="1800.00" end="1830.00" id="D8_3_2" nVehContrib="0" flow="0.00" occupancy="0.00" speed="-1.00" harmonicMeanSpeed="-1.00" length="-1.00" nVehEntered="0"/>
    <interval begin="1830.00" end="1860.00" id="D8_3_2" nVehContrib="1" flow="120.00" occupancy="0.72" speed="23.25" harmonicMeanSpeed="23.25" length="5.00" nVehEntered="1"/>
    <interval begin="1860.00" end="1890.00" id="D8_3_2" nVehContrib="4" flow="480.00" occupancy="6.47" speed="10.71" harmonicMeanSpeed="10.30" length="5.00" nVehEntered="4"/>
    <interval begin="1890.00" end="1920.00" id="D8_3_2" nVehContrib="2" flow="240.00" occupancy="2.17" speed="15.34" harmonicMeanSpeed="15.33" length="5.00" nVehEntered="2"/>
    <interval begin="1920.00" end="1950.00" id="D8_3_2" nVehContrib="1" flow="120.00" occupancy="0.71" speed="23.61" harmonicMeanSpeed="23.61" length="5.00" nVehEntered="1"/>
    <interval begin="1950.00" end="1980.00" id="D8_3_2" nVehContrib="1" flow="120.00" occupancy="0.71" speed="23.57" harmonicMeanSpeed="23.57" length="5.00" nVehEntered="1"/>
    <interval begin="1980.00" end="2010.00" id="D8_3_2" nVehContrib="0" flow="0.00" occupancy="0.00" speed="-1.00" harmonicMeanSpeed="-1.00" length="-1.00" nVehEntered="0"/>
    <interval begin="2010.00" end="2040.00" id="D8_3_2" nVehContrib="6" flow="720.00" occupancy="7.85" speed="12.80" harmonicMeanSpeed="12.75" length="5.00" nVehEntered="6"/>
    <interval begin="2040.00" end="2070.00" id="D8_3_2" nVehContrib="1" flow="120.00" occupancy="0.63" speed="26.47" harmonicMeanSpeed="26.47" length="5.00" nVehEntered="1"/>
    <interval begin="2070.00" end="2100.00" id="D8_3_2" nVehContrib="0" flow="0.00" occupancy="0.00" speed="-1.00" harmonicMeanSpeed="-1.00" length="-1.00" nVehEntered="0"/>
    <interval begin="2100.00" end="2130.00" id="D8_3_2" nVehContrib="1" flow="120.00" occupancy="3.38" speed="8.77" harmonicMeanSpeed="8.77" length="5.00" nVehEntered="2"/>
    <interval begin="2130.00" end="2160.00" id="D8_3_2" nVehContrib="3" flow="360.00" occupancy="2.34" speed="13.69" harmonicMeanSpeed="13.11" length="5.00" nVehEntered="2"/>
    <interval begin="2160.00" end="2190.00" id="D8_3_2" nVehContrib="0" flow="0.00" occupancy="0.00" speed="-1.00" harmonicMeanSpeed="-1.00" length="-1.00" nVehEntered="0"/>
    <interval begin="2190.00" end="2220.00" id="D8_3_2" nVehContrib="0" flow="0.00" occupancy="0.00" speed="-1.00" harmonicMeanSpeed="-1.00" length="-1.00" nVehEntered="0"/>
    <interval begin="2220.00" end="2250.00" id="D8_3_2" nVehContrib="0" flow="0.00" occupancy="0.00" speed="-1.00" harmonicMeanSpeed="-1.00" length="-1.00" nVehEntered="0"/>
    <interval begin="2250.00" end="2280.00" id="D8_3_2" nVehContrib="7" flow="840.00" occupancy="10.87" speed="11.32" harmonicMeanSpeed="10.73" length="5.00" nVehEntered="7"/>
    <interval begin="2280.00" end="2310.00" id="D8_3_2" nVehContrib="2" flow="240.00" occupancy="1.79" speed="19.83" harmonicMeanSpeed="18.66" length="5.00" nVehEntered="2"/>
    <interval begin="2310.00" end="2340.00" id="D8_3_2" nVehContrib="1" flow="120.00" occupancy="0.70" speed="23.80" harmonicMeanSpeed="23.80" length="5.00" nVehEntered="1"/>
    <interval begin="2340.00" end="2344.00" id="D8_3_2" nVehContrib="0" flow="0.00" occupancy="0.00" speed="-1.00" harmonicMeanSpeed="-1.00" length="-1.00" nVehEntered="0"/>
</detector>
