<?xml version="1.0" encoding="UTF-8"?>

<!-- generated on 01/27/20 08:23:42 by Eclipse SUMO GUI Version 1.3.1
<configuration xmlns:xsi="http://www.w3.org/2001/XMLSchema-instance" xsi:noNamespaceSchemaLocation="http://sumo.dlr.de/xsd/sumoConfiguration.xsd">

    <input>
        <net-file value="gnet.net.xml"/>
        <route-files value="grou.rou.xml"/>
        <additional-files value="gadd.additional.xml"/>
    </input>

    <output>
        <queue-output value="Queue.xml"/>
        <summary-output value="Summary.xml"/>
        <tripinfo-output value="output-tripinfos.xml"/>
    </output>

    <time>
        <begin value="0"/>
        <end value="3600"/>
    </time>

    <processing>
        <time-to-teleport value="3600"/>
    </processing>

    <traci_server>
        <remote-port value="9393"/>
    </traci_server>

    <gui_only>
        <gui-settings-file value="gview.view.xml"/>
        <quit-on-end value="true"/>
        <start value="true"/>
    </gui_only>

</configuration>
-->

<detector xmlns:xsi="http://www.w3.org/2001/XMLSchema-instance" xsi:noNamespaceSchemaLocation="http://sumo.dlr.de/xsd/det_e1_file.xsd">
    <interval begin="0.00" end="30.00" id="D8_3_0" nVehContrib="5" flow="600.00" occupancy="3.35" speed="24.90" harmonicMeanSpeed="24.88" length="5.00" nVehEntered="5"/>
    <interval begin="30.00" end="60.00" id="D8_3_0" nVehContrib="4" flow="480.00" occupancy="2.74" speed="24.42" harmonicMeanSpeed="24.36" length="5.00" nVehEntered="4"/>
    <interval begin="60.00" end="90.00" id="D8_3_0" nVehContrib="3" flow="360.00" occupancy="2.05" speed="24.35" harmonicMeanSpeed="24.34" length="5.00" nVehEntered="3"/>
    <interval begin="90.00" end="120.00" id="D8_3_0" nVehContrib="3" flow="360.00" occupancy="2.56" speed="20.02" harmonicMeanSpeed="19.50" length="5.00" nVehEntered="3"/>
    <interval begin="120.00" end="150.00" id="D8_3_0" nVehContrib="4" flow="480.00" occupancy="4.48" speed="14.90" harmonicMeanSpeed="14.89" length="5.00" nVehEntered="4"/>
    <interval begin="150.00" end="180.00" id="D8_3_0" nVehContrib="3" flow="360.00" occupancy="2.00" speed="24.95" harmonicMeanSpeed="24.95" length="5.00" nVehEntered="3"/>
    <interval begin="180.00" end="210.00" id="D8_3_0" nVehContrib="2" flow="240.00" occupancy="1.67" speed="20.14" harmonicMeanSpeed="19.96" length="5.00" nVehEntered="2"/>
    <interval begin="210.00" end="240.00" id="D8_3_0" nVehContrib="3" flow="360.00" occupancy="4.10" speed="12.66" harmonicMeanSpeed="12.18" length="5.00" nVehEntered="3"/>
    <interval begin="240.00" end="270.00" id="D8_3_0" nVehContrib="1" flow="120.00" occupancy="9.51" speed="4.25" harmonicMeanSpeed="4.25" length="5.00" nVehEntered="2"/>
    <interval begin="270.00" end="300.00" id="D8_3_0" nVehContrib="7" flow="840.00" occupancy="12.78" speed="9.32" harmonicMeanSpeed="6.35" length="5.00" nVehEntered="6"/>
    <interval begin="300.00" end="330.00" id="D8_3_0" nVehContrib="4" flow="480.00" occupancy="6.31" speed="11.72" harmonicMeanSpeed="10.57" length="5.00" nVehEntered="4"/>
    <interval begin="330.00" end="360.00" id="D8_3_0" nVehContrib="1" flow="120.00" occupancy="3.94" speed="4.23" harmonicMeanSpeed="4.23" length="5.00" nVehEntered="1"/>
    <interval begin="360.00" end="390.00" id="D8_3_0" nVehContrib="0" flow="0.00" occupancy="0.00" speed="-1.00" harmonicMeanSpeed="-1.00" length="-1.00" nVehEntered="0"/>
    <interval begin="390.00" end="420.00" id="D8_3_0" nVehContrib="10" flow="1200.00" occupancy="36.39" speed="7.77" harmonicMeanSpeed="6.26" length="5.00" nVehEntered="11"/>
    <interval begin="420.00" end="450.00" id="D8_3_0" nVehContrib="1" flow="120.00" occupancy="4.63" speed="1.16" harmonicMeanSpeed="1.16" length="5.00" nVehEntered="0"/>
    <interval begin="450.00" end="480.00" id="D8_3_0" nVehContrib="0" flow="0.00" occupancy="0.00" speed="-1.00" harmonicMeanSpeed="-1.00" length="-1.00" nVehEntered="0"/>
    <interval begin="480.00" end="510.00" id="D8_3_0" nVehContrib="0" flow="0.00" occupancy="0.00" speed="-1.00" harmonicMeanSpeed="-1.00" length="-1.00" nVehEntered="0"/>
    <interval begin="510.00" end="540.00" id="D8_3_0" nVehContrib="11" flow="1320.00" occupancy="24.96" speed="8.57" harmonicMeanSpeed="7.34" length="5.00" nVehEntered="11"/>
    <interval begin="540.00" end="570.00" id="D8_3_0" nVehContrib="1" flow="120.00" occupancy="8.64" speed="1.93" harmonicMeanSpeed="1.93" length="5.00" nVehEntered="1"/>
    <interval begin="570.00" end="600.00" id="D8_3_0" nVehContrib="0" flow="0.00" occupancy="0.00" speed="-1.00" harmonicMeanSpeed="-1.00" length="-1.00" nVehEntered="0"/>
    <interval begin="600.00" end="630.00" id="D8_3_0" nVehContrib="0" flow="0.00" occupancy="0.00" speed="-1.00" harmonicMeanSpeed="-1.00" length="-1.00" nVehEntered="0"/>
    <interval begin="630.00" end="660.00" id="D8_3_0" nVehContrib="11" flow="1320.00" occupancy="28.38" speed="8.37" harmonicMeanSpeed="6.46" length="5.00" nVehEntered="11"/>
    <interval begin="660.00" end="690.00" id="D8_3_0" nVehContrib="2" flow="240.00" occupancy="16.24" speed="3.26" harmonicMeanSpeed="2.05" length="5.00" nVehEntered="2"/>
    <interval begin="690.00" end="720.00" id="D8_3_0" nVehContrib="0" flow="0.00" occupancy="0.00" speed="-1.00" harmonicMeanSpeed="-1.00" length="-1.00" nVehEntered="0"/>
    <interval begin="720.00" end="750.00" id="D8_3_0" nVehContrib="0" flow="0.00" occupancy="0.00" speed="-1.00" harmonicMeanSpeed="-1.00" length="-1.00" nVehEntered="0"/>
    <interval begin="750.00" end="780.00" id="D8_3_0" nVehContrib="10" flow="1200.00" occupancy="23.42" speed="9.25" harmonicMeanSpeed="7.12" length="5.00" nVehEntered="10"/>
    <interval begin="780.00" end="810.00" id="D8_3_0" nVehContrib="4" flow="480.00" occupancy="19.66" speed="5.69" harmonicMeanSpeed="3.39" length="5.00" nVehEntered="4"/>
    <interval begin="810.00" end="840.00" id="D8_3_0" nVehContrib="0" flow="0.00" occupancy="0.00" speed="-1.00" harmonicMeanSpeed="-1.00" length="-1.00" nVehEntered="0"/>
    <interval begin="840.00" end="870.00" id="D8_3_0" nVehContrib="0" flow="0.00" occupancy="0.00" speed="-1.00" harmonicMeanSpeed="-1.00" length="-1.00" nVehEntered="0"/>
    <interval begin="870.00" end="900.00" id="D8_3_0" nVehContrib="5" flow="600.00" occupancy="29.27" speed="4.11" harmonicMeanSpeed="2.85" length="5.00" nVehEntered="5"/>
    <interval begin="900.00" end="930.00" id="D8_3_0" nVehContrib="6" flow="720.00" occupancy="15.59" speed="7.61" harmonicMeanSpeed="6.42" length="5.00" nVehEntered="6"/>
    <interval begin="930.00" end="960.00" id="D8_3_0" nVehContrib="0" flow="0.00" occupancy="0.00" speed="-1.00" harmonicMeanSpeed="-1.00" length="-1.00" nVehEntered="0"/>
    <interval begin="960.00" end="990.00" id="D8_3_0" nVehContrib="0" flow="0.00" occupancy="0.00" speed="-1.00" harmonicMeanSpeed="-1.00" length="-1.00" nVehEntered="0"/>
    <interval begin="990.00" end="1020.00" id="D8_3_0" nVehContrib="2" flow="240.00" occupancy="28.38" speed="1.29" harmonicMeanSpeed="1.28" length="5.00" nVehEntered="3"/>
    <interval begin="1020.00" end="1050.00" id="D8_3_0" nVehContrib="7" flow="840.00" occupancy="24.89" speed="5.82" harmonicMeanSpeed="4.27" length="5.00" nVehEntered="6"/>
    <interval begin="1050.00" end="1080.00" id="D8_3_0" nVehContrib="0" flow="0.00" occupancy="0.00" speed="-1.00" harmonicMeanSpeed="-1.00" length="-1.00" nVehEntered="0"/>
    <interval begin="1080.00" end="1110.00" id="D8_3_0" nVehContrib="0" flow="0.00" occupancy="0.00" speed="-1.00" harmonicMeanSpeed="-1.00" length="-1.00" nVehEntered="0"/>
    <interval begin="1110.00" end="1140.00" id="D8_3_0" nVehContrib="2" flow="240.00" occupancy="16.66" speed="2.44" harmonicMeanSpeed="2.00" length="5.00" nVehEntered="2"/>
    <interval begin="1140.00" end="1170.00" id="D8_3_0" nVehContrib="8" flow="960.00" occupancy="32.02" speed="6.32" harmonicMeanSpeed="4.16" length="5.00" nVehEntered="8"/>
    <interval begin="1170.00" end="1200.00" id="D8_3_0" nVehContrib="0" flow="0.00" occupancy="0.00" speed="-1.00" harmonicMeanSpeed="-1.00" length="-1.00" nVehEntered="0"/>
    <interval begin="1200.00" end="1230.00" id="D8_3_0" nVehContrib="0" flow="0.00" occupancy="0.00" speed="-1.00" harmonicMeanSpeed="-1.00" length="-1.00" nVehEntered="0"/>
    <interval begin="1230.00" end="1260.00" id="D8_3_0" nVehContrib="1" flow="120.00" occupancy="14.93" speed="1.12" harmonicMeanSpeed="1.12" length="5.00" nVehEntered="1"/>
    <interval begin="1260.00" end="1290.00" id="D8_3_0" nVehContrib="8" flow="960.00" occupancy="35.76" speed="5.06" harmonicMeanSpeed="3.73" length="5.00" nVehEntered="8"/>
    <interval begin="1290.00" end="1320.00" id="D8_3_0" nVehContrib="0" flow="0.00" occupancy="0.00" speed="-1.00" harmonicMeanSpeed="-1.00" length="-1.00" nVehEntered="0"/>
    <interval begin="1320.00" end="1350.00" id="D8_3_0" nVehContrib="0" flow="0.00" occupancy="0.00" speed="-1.00" harmonicMeanSpeed="-1.00" length="-1.00" nVehEntered="0"/>
    <interval begin="1350.00" end="1380.00" id="D8_3_0" nVehContrib="0" flow="0.00" occupancy="9.46" speed="-1.00" harmonicMeanSpeed="-1.00" length="-1.00" nVehEntered="1"/>
    <interval begin="1380.00" end="1410.00" id="D8_3_0" nVehContrib="10" flow="1200.00" occupancy="42.57" speed="5.89" harmonicMeanSpeed="4.38" length="5.00" nVehEntered="10"/>
    <interval begin="1410.00" end="1440.00" id="D8_3_0" nVehContrib="1" flow="120.00" occupancy="0.15" speed="1.18" harmonicMeanSpeed="1.18" length="5.00" nVehEntered="0"/>
    <interval begin="1440.00" end="1470.00" id="D8_3_0" nVehContrib="0" flow="0.00" occupancy="0.00" speed="-1.00" harmonicMeanSpeed="-1.00" length="-1.00" nVehEntered="0"/>
    <interval begin="1470.00" end="1500.00" id="D8_3_0" nVehContrib="0" flow="0.00" occupancy="0.00" speed="-1.00" harmonicMeanSpeed="-1.00" length="-1.00" nVehEntered="0"/>
    <interval begin="1500.00" end="1530.00" id="D8_3_0" nVehContrib="10" flow="1200.00" occupancy="36.29" speed="6.58" harmonicMeanSpeed="4.59" length="5.00" nVehEntered="10"/>
    <interval begin="1530.00" end="1560.00" id="D8_3_0" nVehContrib="1" flow="120.00" occupancy="11.71" speed="1.42" harmonicMeanSpeed="1.42" length="5.00" nVehEntered="1"/>
    <interval begin="1560.00" end="1590.00" id="D8_3_0" nVehContrib="0" flow="0.00" occupancy="0.00" speed="-1.00" harmonicMeanSpeed="-1.00" length="-1.00" nVehEntered="0"/>
    <interval begin="1590.00" end="1620.00" id="D8_3_0" nVehContrib="0" flow="0.00" occupancy="0.00" speed="-1.00" harmonicMeanSpeed="-1.00" length="-1.00" nVehEntered="0"/>
    <interval begin="1620.00" end="1650.00" id="D8_3_0" nVehContrib="7" flow="840.00" occupancy="37.48" speed="5.32" harmonicMeanSpeed="3.26" length="5.00" nVehEntered="8"/>
    <interval begin="1650.00" end="1680.00" id="D8_3_0" nVehContrib="2" flow="240.00" occupancy="17.62" speed="2.61" harmonicMeanSpeed="1.72" length="5.00" nVehEntered="1"/>
    <interval begin="1680.00" end="1710.00" id="D8_3_0" nVehContrib="0" flow="0.00" occupancy="0.00" speed="-1.00" harmonicMeanSpeed="-1.00" length="-1.00" nVehEntered="0"/>
    <interval begin="1710.00" end="1740.00" id="D8_3_0" nVehContrib="0" flow="0.00" occupancy="0.00" speed="-1.00" harmonicMeanSpeed="-1.00" length="-1.00" nVehEntered="0"/>
    <interval begin="1740.00" end="1770.00" id="D8_3_0" nVehContrib="8" flow="960.00" occupancy="21.91" speed="9.25" harmonicMeanSpeed="6.47" length="5.00" nVehEntered="9"/>
    <interval begin="1770.00" end="1800.00" id="D8_3_0" nVehContrib="4" flow="480.00" occupancy="76.19" speed="8.13" harmonicMeanSpeed="7.10" length="5.00" nVehEntered="4"/>
    <interval begin="1800.00" end="1830.00" id="D8_3_0" nVehContrib="0" flow="0.00" occupancy="100.00" speed="-1.00" harmonicMeanSpeed="-1.00" length="-1.00" nVehEntered="0"/>
    <interval begin="1830.00" end="1860.00" id="D8_3_0" nVehContrib="0" flow="0.00" occupancy="100.00" speed="-1.00" harmonicMeanSpeed="-1.00" length="-1.00" nVehEntered="0"/>
    <interval begin="1860.00" end="1890.00" id="D8_3_0" nVehContrib="6" flow="720.00" occupancy="64.37" speed="5.01" harmonicMeanSpeed="0.30" length="5.00" nVehEntered="5"/>
    <interval begin="1890.00" end="1920.00" id="D8_3_0" nVehContrib="6" flow="720.00" occupancy="22.97" speed="6.54" harmonicMeanSpeed="4.35" length="5.00" nVehEntered="6"/>
    <interval begin="1920.00" end="1950.00" id="D8_3_0" nVehContrib="0" flow="0.00" occupancy="0.00" speed="-1.00" harmonicMeanSpeed="-1.00" length="-1.00" nVehEntered="0"/>
    <interval begin="1950.00" end="1980.00" id="D8_3_0" nVehContrib="0" flow="0.00" occupancy="0.00" speed="-1.00" harmonicMeanSpeed="-1.00" length="-1.00" nVehEntered="0"/>
    <interval begin="1980.00" end="2010.00" id="D8_3_0" nVehContrib="2" flow="240.00" occupancy="21.48" speed="1.55" harmonicMeanSpeed="1.55" length="5.00" nVehEntered="2"/>
    <interval begin="2010.00" end="2040.00" id="D8_3_0" nVehContrib="8" flow="960.00" occupancy="34.42" speed="6.16" harmonicMeanSpeed="3.87" length="5.00" nVehEntered="8"/>
    <interval begin="2040.00" end="2070.00" id="D8_3_0" nVehContrib="0" flow="0.00" occupancy="0.00" speed="-1.00" harmonicMeanSpeed="-1.00" length="-1.00" nVehEntered="0"/>
    <interval begin="2070.00" end="2100.00" id="D8_3_0" nVehContrib="0" flow="0.00" occupancy="0.00" speed="-1.00" harmonicMeanSpeed="-1.00" length="-1.00" nVehEntered="0"/>
    <interval begin="2100.00" end="2130.00" id="D8_3_0" nVehContrib="1" flow="120.00" occupancy="10.66" speed="1.90" harmonicMeanSpeed="1.90" length="5.00" nVehEntered="2"/>
    <interval begin="2130.00" end="2160.00" id="D8_3_0" nVehContrib="5" flow="600.00" occupancy="44.09" speed="1.99" harmonicMeanSpeed="1.81" length="5.00" nVehEntered="4"/>
    <interval begin="2160.00" end="2190.00" id="D8_3_0" nVehContrib="0" flow="0.00" occupancy="0.00" speed="-1.00" harmonicMeanSpeed="-1.00" length="-1.00" nVehEntered="0"/>
    <interval begin="2190.00" end="2220.00" id="D8_3_0" nVehContrib="0" flow="0.00" occupancy="0.00" speed="-1.00" harmonicMeanSpeed="-1.00" length="-1.00" nVehEntered="0"/>
    <interval begin="2220.00" end="2250.00" id="D8_3_0" nVehContrib="1" flow="120.00" occupancy="7.76" speed="2.15" harmonicMeanSpeed="2.15" length="5.00" nVehEntered="1"/>
    <interval begin="2250.00" end="2280.00" id="D8_3_0" nVehContrib="12" flow="1440.00" occupancy="35.62" speed="8.28" harmonicMeanSpeed="5.62" length="5.00" nVehEntered="12"/>
    <interval begin="2280.00" end="2310.00" id="D8_3_0" nVehContrib="0" flow="0.00" occupancy="0.00" speed="-1.00" harmonicMeanSpeed="-1.00" length="-1.00" nVehEntered="0"/>
    <interval begin="2310.00" end="2340.00" id="D8_3_0" nVehContrib="0" flow="0.00" occupancy="0.00" speed="-1.00" harmonicMeanSpeed="-1.00" length="-1.00" nVehEntered="0"/>
    <interval begin="2340.00" end="2344.00" id="D8_3_0" nVehContrib="0" flow="0.00" occupancy="0.00" speed="-1.00" harmonicMeanSpeed="-1.00" length="-1.00" nVehEntered="0"/>
</detector>
