<?xml version="1.0" encoding="UTF-8"?>

<!-- generated on 01/24/20 13:57:31 by Eclipse SUMO GUI Version 1.3.1
<configuration xmlns:xsi="http://www.w3.org/2001/XMLSchema-instance" xsi:noNamespaceSchemaLocation="http://sumo.dlr.de/xsd/sumoConfiguration.xsd">

    <input>
        <net-file value="gnet.net.xml"/>
        <route-files value="grou.rou.xml"/>
        <additional-files value="gadd.additional.xml"/>
    </input>

    <output>
        <queue-output value="Queue.xml"/>
        <summary-output value="Summary.xml"/>
    </output>

    <time>
        <begin value="0"/>
        <end value="3600"/>
    </time>

    <processing>
        <time-to-teleport value="3600"/>
    </processing>

    <traci_server>
        <remote-port value="13929"/>
    </traci_server>

    <gui_only>
        <gui-settings-file value="gview.view.xml"/>
        <quit-on-end value="true"/>
        <start value="true"/>
    </gui_only>

</configuration>
-->

<detector xmlns:xsi="http://www.w3.org/2001/XMLSchema-instance" xsi:noNamespaceSchemaLocation="http://sumo.dlr.de/xsd/det_e1_file.xsd">
    <interval begin="0.00" end="30.00" id="D1_1_0" nVehContrib="0" flow="0.00" occupancy="0.00" speed="-1.00" harmonicMeanSpeed="-1.00" length="-1.00" nVehEntered="0"/>
    <interval begin="30.00" end="60.00" id="D1_1_0" nVehContrib="1" flow="120.00" occupancy="9.64" speed="2.74" harmonicMeanSpeed="2.74" length="5.00" nVehEntered="2"/>
    <interval begin="60.00" end="90.00" id="D1_1_0" nVehContrib="8" flow="960.00" occupancy="39.21" speed="9.00" harmonicMeanSpeed="3.12" length="5.00" nVehEntered="7"/>
    <interval begin="90.00" end="120.00" id="D1_1_0" nVehContrib="0" flow="0.00" occupancy="0.00" speed="-1.00" harmonicMeanSpeed="-1.00" length="-1.00" nVehEntered="0"/>
    <interval begin="120.00" end="150.00" id="D1_1_0" nVehContrib="2" flow="240.00" occupancy="19.26" speed="4.52" harmonicMeanSpeed="3.95" length="5.00" nVehEntered="3"/>
    <interval begin="150.00" end="180.00" id="D1_1_0" nVehContrib="7" flow="840.00" occupancy="31.26" speed="8.43" harmonicMeanSpeed="2.77" length="5.00" nVehEntered="6"/>
    <interval begin="180.00" end="210.00" id="D1_1_0" nVehContrib="0" flow="0.00" occupancy="0.00" speed="-1.00" harmonicMeanSpeed="-1.00" length="-1.00" nVehEntered="0"/>
    <interval begin="210.00" end="240.00" id="D1_1_0" nVehContrib="4" flow="480.00" occupancy="21.92" speed="4.72" harmonicMeanSpeed="3.24" length="5.00" nVehEntered="5"/>
    <interval begin="240.00" end="270.00" id="D1_1_0" nVehContrib="7" flow="840.00" occupancy="10.57" speed="10.88" harmonicMeanSpeed="9.78" length="5.00" nVehEntered="6"/>
    <interval begin="270.00" end="300.00" id="D1_1_0" nVehContrib="0" flow="0.00" occupancy="0.00" speed="-1.00" harmonicMeanSpeed="-1.00" length="-1.00" nVehEntered="0"/>
    <interval begin="300.00" end="330.00" id="D1_1_0" nVehContrib="5" flow="600.00" occupancy="33.36" speed="4.56" harmonicMeanSpeed="2.50" length="5.00" nVehEntered="5"/>
    <interval begin="330.00" end="360.00" id="D1_1_0" nVehContrib="5" flow="600.00" occupancy="7.46" speed="11.57" harmonicMeanSpeed="11.18" length="5.00" nVehEntered="5"/>
    <interval begin="360.00" end="390.00" id="D1_1_0" nVehContrib="0" flow="0.00" occupancy="0.00" speed="-1.00" harmonicMeanSpeed="-1.00" length="-1.00" nVehEntered="0"/>
    <interval begin="390.00" end="420.00" id="D1_1_0" nVehContrib="7" flow="840.00" occupancy="43.06" speed="5.83" harmonicMeanSpeed="2.71" length="5.00" nVehEntered="7"/>
    <interval begin="420.00" end="450.00" id="D1_1_0" nVehContrib="3" flow="360.00" occupancy="4.07" speed="12.44" harmonicMeanSpeed="12.29" length="5.00" nVehEntered="3"/>
    <interval begin="450.00" end="480.00" id="D1_1_0" nVehContrib="0" flow="0.00" occupancy="0.00" speed="-1.00" harmonicMeanSpeed="-1.00" length="-1.00" nVehEntered="0"/>
    <interval begin="480.00" end="510.00" id="D1_1_0" nVehContrib="10" flow="1200.00" occupancy="44.17" speed="7.57" harmonicMeanSpeed="3.77" length="5.00" nVehEntered="10"/>
    <interval begin="510.00" end="540.00" id="D1_1_0" nVehContrib="0" flow="0.00" occupancy="0.00" speed="-1.00" harmonicMeanSpeed="-1.00" length="-1.00" nVehEntered="0"/>
    <interval begin="540.00" end="570.00" id="D1_1_0" nVehContrib="2" flow="240.00" occupancy="7.72" speed="4.88" harmonicMeanSpeed="4.32" length="5.00" nVehEntered="2"/>
    <interval begin="570.00" end="600.00" id="D1_1_0" nVehContrib="7" flow="840.00" occupancy="44.93" speed="8.27" harmonicMeanSpeed="2.60" length="5.00" nVehEntered="7"/>
    <interval begin="600.00" end="630.00" id="D1_1_0" nVehContrib="0" flow="0.00" occupancy="0.00" speed="-1.00" harmonicMeanSpeed="-1.00" length="-1.00" nVehEntered="0"/>
    <interval begin="630.00" end="660.00" id="D1_1_0" nVehContrib="3" flow="360.00" occupancy="11.63" speed="5.93" harmonicMeanSpeed="4.92" length="5.00" nVehEntered="4"/>
    <interval begin="660.00" end="690.00" id="D1_1_0" nVehContrib="7" flow="840.00" occupancy="26.01" speed="8.68" harmonicMeanSpeed="4.25" length="5.00" nVehEntered="6"/>
    <interval begin="690.00" end="720.00" id="D1_1_0" nVehContrib="0" flow="0.00" occupancy="0.00" speed="-1.00" harmonicMeanSpeed="-1.00" length="-1.00" nVehEntered="0"/>
    <interval begin="720.00" end="750.00" id="D1_1_0" nVehContrib="3" flow="360.00" occupancy="20.65" speed="5.49" harmonicMeanSpeed="4.73" length="5.00" nVehEntered="4"/>
    <interval begin="750.00" end="780.00" id="D1_1_0" nVehContrib="7" flow="840.00" occupancy="22.35" speed="7.64" harmonicMeanSpeed="3.60" length="5.00" nVehEntered="6"/>
    <interval begin="780.00" end="810.00" id="D1_1_0" nVehContrib="0" flow="0.00" occupancy="0.00" speed="-1.00" harmonicMeanSpeed="-1.00" length="-1.00" nVehEntered="0"/>
    <interval begin="810.00" end="840.00" id="D1_1_0" nVehContrib="4" flow="480.00" occupancy="27.51" speed="4.57" harmonicMeanSpeed="2.42" length="5.00" nVehEntered="4"/>
    <interval begin="840.00" end="870.00" id="D1_1_0" nVehContrib="7" flow="840.00" occupancy="11.48" speed="10.85" harmonicMeanSpeed="10.16" length="5.00" nVehEntered="7"/>
    <interval begin="870.00" end="900.00" id="D1_1_0" nVehContrib="0" flow="0.00" occupancy="0.00" speed="-1.00" harmonicMeanSpeed="-1.00" length="-1.00" nVehEntered="0"/>
    <interval begin="900.00" end="930.00" id="D1_1_0" nVehContrib="4" flow="480.00" occupancy="35.60" speed="3.82" harmonicMeanSpeed="1.87" length="5.00" nVehEntered="4"/>
    <interval begin="930.00" end="960.00" id="D1_1_0" nVehContrib="6" flow="720.00" occupancy="11.02" speed="9.69" harmonicMeanSpeed="9.08" length="5.00" nVehEntered="6"/>
    <interval begin="960.00" end="990.00" id="D1_1_0" nVehContrib="0" flow="0.00" occupancy="0.00" speed="-1.00" harmonicMeanSpeed="-1.00" length="-1.00" nVehEntered="0"/>
    <interval begin="990.00" end="1020.00" id="D1_1_0" nVehContrib="5" flow="600.00" occupancy="38.30" speed="4.84" harmonicMeanSpeed="2.28" length="5.00" nVehEntered="6"/>
    <interval begin="1020.00" end="1050.00" id="D1_1_0" nVehContrib="5" flow="600.00" occupancy="5.35" speed="12.07" harmonicMeanSpeed="11.82" length="5.00" nVehEntered="4"/>
    <interval begin="1050.00" end="1080.00" id="D1_1_0" nVehContrib="0" flow="0.00" occupancy="0.00" speed="-1.00" harmonicMeanSpeed="-1.00" length="-1.00" nVehEntered="0"/>
    <interval begin="1080.00" end="1110.00" id="D1_1_0" nVehContrib="7" flow="840.00" occupancy="39.89" speed="6.41" harmonicMeanSpeed="2.93" length="5.00" nVehEntered="7"/>
    <interval begin="1110.00" end="1140.00" id="D1_1_0" nVehContrib="3" flow="360.00" occupancy="3.72" speed="13.46" harmonicMeanSpeed="13.43" length="5.00" nVehEntered="3"/>
    <interval begin="1140.00" end="1170.00" id="D1_1_0" nVehContrib="0" flow="0.00" occupancy="0.00" speed="-1.00" harmonicMeanSpeed="-1.00" length="-1.00" nVehEntered="0"/>
    <interval begin="1170.00" end="1200.00" id="D1_1_0" nVehContrib="8" flow="960.00" occupancy="42.53" speed="6.38" harmonicMeanSpeed="3.14" length="5.00" nVehEntered="8"/>
    <interval begin="1200.00" end="1230.00" id="D1_1_0" nVehContrib="1" flow="120.00" occupancy="1.39" speed="11.96" harmonicMeanSpeed="11.96" length="5.00" nVehEntered="1"/>
    <interval begin="1230.00" end="1260.00" id="D1_1_0" nVehContrib="0" flow="0.00" occupancy="2.53" speed="-1.00" harmonicMeanSpeed="-1.00" length="-1.00" nVehEntered="1"/>
    <interval begin="1260.00" end="1290.00" id="D1_1_0" nVehContrib="10" flow="1200.00" occupancy="39.60" speed="7.51" harmonicMeanSpeed="3.96" length="5.00" nVehEntered="9"/>
    <interval begin="1290.00" end="1320.00" id="D1_1_0" nVehContrib="0" flow="0.00" occupancy="0.00" speed="-1.00" harmonicMeanSpeed="-1.00" length="-1.00" nVehEntered="0"/>
    <interval begin="1320.00" end="1350.00" id="D1_1_0" nVehContrib="1" flow="120.00" occupancy="7.21" speed="3.23" harmonicMeanSpeed="3.23" length="5.00" nVehEntered="2"/>
    <interval begin="1350.00" end="1380.00" id="D1_1_0" nVehContrib="9" flow="1080.00" occupancy="28.09" speed="7.77" harmonicMeanSpeed="4.97" length="5.00" nVehEntered="8"/>
    <interval begin="1380.00" end="1410.00" id="D1_1_0" nVehContrib="0" flow="0.00" occupancy="0.00" speed="-1.00" harmonicMeanSpeed="-1.00" length="-1.00" nVehEntered="0"/>
    <interval begin="1410.00" end="1440.00" id="D1_1_0" nVehContrib="3" flow="360.00" occupancy="9.51" speed="6.19" harmonicMeanSpeed="5.26" length="5.00" nVehEntered="3"/>
    <interval begin="1440.00" end="1470.00" id="D1_1_0" nVehContrib="8" flow="960.00" occupancy="30.05" speed="8.82" harmonicMeanSpeed="4.44" length="5.00" nVehEntered="8"/>
    <interval begin="1470.00" end="1500.00" id="D1_1_0" nVehContrib="0" flow="0.00" occupancy="0.00" speed="-1.00" harmonicMeanSpeed="-1.00" length="-1.00" nVehEntered="0"/>
    <interval begin="1500.00" end="1530.00" id="D1_1_0" nVehContrib="2" flow="240.00" occupancy="16.70" speed="4.85" harmonicMeanSpeed="4.16" length="5.00" nVehEntered="3"/>
    <interval begin="1530.00" end="1560.00" id="D1_1_0" nVehContrib="8" flow="960.00" occupancy="28.25" speed="9.17" harmonicMeanSpeed="3.61" length="5.00" nVehEntered="7"/>
    <interval begin="1560.00" end="1590.00" id="D1_1_0" nVehContrib="0" flow="0.00" occupancy="0.00" speed="-1.00" harmonicMeanSpeed="-1.00" length="-1.00" nVehEntered="0"/>
    <interval begin="1590.00" end="1620.00" id="D1_1_0" nVehContrib="2" flow="240.00" occupancy="24.30" speed="4.66" harmonicMeanSpeed="3.98" length="5.00" nVehEntered="3"/>
    <interval begin="1620.00" end="1650.00" id="D1_1_0" nVehContrib="8" flow="960.00" occupancy="19.18" speed="8.18" harmonicMeanSpeed="3.80" length="5.00" nVehEntered="7"/>
    <interval begin="1650.00" end="1680.00" id="D1_1_0" nVehContrib="0" flow="0.00" occupancy="0.00" speed="-1.00" harmonicMeanSpeed="-1.00" length="-1.00" nVehEntered="0"/>
    <interval begin="1680.00" end="1710.00" id="D1_1_0" nVehContrib="3" flow="360.00" occupancy="32.43" speed="3.25" harmonicMeanSpeed="1.54" length="5.00" nVehEntered="3"/>
    <interval begin="1710.00" end="1740.00" id="D1_1_0" nVehContrib="7" flow="840.00" occupancy="11.95" speed="10.58" harmonicMeanSpeed="9.77" length="5.00" nVehEntered="7"/>
    <interval begin="1740.00" end="1770.00" id="D1_1_0" nVehContrib="0" flow="0.00" occupancy="0.00" speed="-1.00" harmonicMeanSpeed="-1.00" length="-1.00" nVehEntered="0"/>
    <interval begin="1770.00" end="1800.00" id="D1_1_0" nVehContrib="5" flow="600.00" occupancy="36.19" speed="4.35" harmonicMeanSpeed="2.30" length="5.00" nVehEntered="5"/>
    <interval begin="1800.00" end="1830.00" id="D1_1_0" nVehContrib="6" flow="720.00" occupancy="9.14" speed="11.21" harmonicMeanSpeed="10.94" length="5.00" nVehEntered="6"/>
    <interval begin="1830.00" end="1860.00" id="D1_1_0" nVehContrib="0" flow="0.00" occupancy="0.00" speed="-1.00" harmonicMeanSpeed="-1.00" length="-1.00" nVehEntered="0"/>
    <interval begin="1860.00" end="1890.00" id="D1_1_0" nVehContrib="5" flow="600.00" occupancy="45.72" speed="5.09" harmonicMeanSpeed="1.82" length="5.00" nVehEntered="5"/>
    <interval begin="1890.00" end="1920.00" id="D1_1_0" nVehContrib="4" flow="480.00" occupancy="5.75" speed="11.78" harmonicMeanSpeed="11.60" length="5.00" nVehEntered="4"/>
    <interval begin="1920.00" end="1950.00" id="D1_1_0" nVehContrib="0" flow="0.00" occupancy="0.00" speed="-1.00" harmonicMeanSpeed="-1.00" length="-1.00" nVehEntered="0"/>
    <interval begin="1950.00" end="1980.00" id="D1_1_0" nVehContrib="8" flow="960.00" occupancy="37.53" speed="7.66" harmonicMeanSpeed="3.55" length="5.00" nVehEntered="8"/>
    <interval begin="1980.00" end="2010.00" id="D1_1_0" nVehContrib="2" flow="240.00" occupancy="2.38" speed="14.10" harmonicMeanSpeed="14.03" length="5.00" nVehEntered="2"/>
    <interval begin="2010.00" end="2040.00" id="D1_1_0" nVehContrib="0" flow="0.00" occupancy="0.00" speed="-1.00" harmonicMeanSpeed="-1.00" length="-1.00" nVehEntered="0"/>
    <interval begin="2040.00" end="2070.00" id="D1_1_0" nVehContrib="8" flow="960.00" occupancy="45.88" speed="6.99" harmonicMeanSpeed="2.91" length="5.00" nVehEntered="8"/>
    <interval begin="2070.00" end="2100.00" id="D1_1_0" nVehContrib="1" flow="120.00" occupancy="1.30" speed="12.87" harmonicMeanSpeed="12.87" length="5.00" nVehEntered="1"/>
    <interval begin="2100.00" end="2130.00" id="D1_1_0" nVehContrib="0" flow="0.00" occupancy="2.38" speed="-1.00" harmonicMeanSpeed="-1.00" length="-1.00" nVehEntered="1"/>
    <interval begin="2130.00" end="2160.00" id="D1_1_0" nVehContrib="12" flow="1440.00" occupancy="37.03" speed="8.67" harmonicMeanSpeed="5.07" length="5.00" nVehEntered="11"/>
    <interval begin="2160.00" end="2190.00" id="D1_1_0" nVehContrib="0" flow="0.00" occupancy="0.00" speed="-1.00" harmonicMeanSpeed="-1.00" length="-1.00" nVehEntered="0"/>
    <interval begin="2190.00" end="2220.00" id="D1_1_0" nVehContrib="1" flow="120.00" occupancy="5.54" speed="3.01" harmonicMeanSpeed="3.01" length="5.00" nVehEntered="1"/>
    <interval begin="2220.00" end="2250.00" id="D1_1_0" nVehContrib="8" flow="960.00" occupancy="42.73" speed="9.32" harmonicMeanSpeed="3.12" length="5.00" nVehEntered="8"/>
    <interval begin="2250.00" end="2280.00" id="D1_1_0" nVehContrib="0" flow="0.00" occupancy="0.00" speed="-1.00" harmonicMeanSpeed="-1.00" length="-1.00" nVehEntered="0"/>
    <interval begin="2280.00" end="2310.00" id="D1_1_0" nVehContrib="2" flow="240.00" occupancy="8.27" speed="4.40" harmonicMeanSpeed="4.05" length="5.00" nVehEntered="3"/>
    <interval begin="2310.00" end="2340.00" id="D1_1_0" nVehContrib="8" flow="960.00" occupancy="38.51" speed="8.95" harmonicMeanSpeed="3.46" length="5.00" nVehEntered="7"/>
    <interval begin="2340.00" end="2370.00" id="D1_1_0" nVehContrib="0" flow="0.00" occupancy="0.00" speed="-1.00" harmonicMeanSpeed="-1.00" length="-1.00" nVehEntered="0"/>
    <interval begin="2370.00" end="2400.00" id="D1_1_0" nVehContrib="4" flow="480.00" occupancy="12.19" speed="6.02" harmonicMeanSpeed="5.47" length="5.00" nVehEntered="4"/>
    <interval begin="2400.00" end="2430.00" id="D1_1_0" nVehContrib="9" flow="1080.00" occupancy="47.41" speed="11.24" harmonicMeanSpeed="10.66" length="5.00" nVehEntered="10"/>
    <interval begin="2430.00" end="2460.00" id="D1_1_0" nVehContrib="0" flow="0.00" occupancy="100.00" speed="-1.00" harmonicMeanSpeed="-1.00" length="-1.00" nVehEntered="0"/>
    <interval begin="2460.00" end="2490.00" id="D1_1_0" nVehContrib="6" flow="720.00" occupancy="71.50" speed="7.72" harmonicMeanSpeed="0.49" length="5.00" nVehEntered="5"/>
    <interval begin="2490.00" end="2520.00" id="D1_1_0" nVehContrib="5" flow="600.00" occupancy="7.56" speed="12.31" harmonicMeanSpeed="11.03" length="5.00" nVehEntered="5"/>
    <interval begin="2520.00" end="2550.00" id="D1_1_0" nVehContrib="0" flow="0.00" occupancy="0.00" speed="-1.00" harmonicMeanSpeed="-1.00" length="-1.00" nVehEntered="0"/>
    <interval begin="2550.00" end="2580.00" id="D1_1_0" nVehContrib="7" flow="840.00" occupancy="16.35" speed="8.97" harmonicMeanSpeed="7.14" length="5.00" nVehEntered="7"/>
    <interval begin="2580.00" end="2610.00" id="D1_1_0" nVehContrib="3" flow="360.00" occupancy="5.13" speed="11.54" harmonicMeanSpeed="9.75" length="5.00" nVehEntered="3"/>
    <interval begin="2610.00" end="2640.00" id="D1_1_0" nVehContrib="0" flow="0.00" occupancy="0.00" speed="-1.00" harmonicMeanSpeed="-1.00" length="-1.00" nVehEntered="0"/>
    <interval begin="2640.00" end="2670.00" id="D1_1_0" nVehContrib="8" flow="960.00" occupancy="16.04" speed="11.25" harmonicMeanSpeed="8.31" length="5.00" nVehEntered="8"/>
    <interval begin="2670.00" end="2700.00" id="D1_1_0" nVehContrib="3" flow="360.00" occupancy="5.81" speed="9.76" harmonicMeanSpeed="8.60" length="5.00" nVehEntered="3"/>
    <interval begin="2700.00" end="2730.00" id="D1_1_0" nVehContrib="0" flow="0.00" occupancy="0.00" speed="-1.00" harmonicMeanSpeed="-1.00" length="-1.00" nVehEntered="0"/>
    <interval begin="2730.00" end="2760.00" id="D1_1_0" nVehContrib="8" flow="960.00" occupancy="17.20" speed="9.99" harmonicMeanSpeed="7.75" length="5.00" nVehEntered="8"/>
    <interval begin="2760.00" end="2790.00" id="D1_1_0" nVehContrib="2" flow="240.00" occupancy="3.26" speed="12.80" harmonicMeanSpeed="10.23" length="5.00" nVehEntered="2"/>
    <interval begin="2790.00" end="2820.00" id="D1_1_0" nVehContrib="0" flow="0.00" occupancy="0.00" speed="-1.00" harmonicMeanSpeed="-1.00" length="-1.00" nVehEntered="0"/>
    <interval begin="2820.00" end="2850.00" id="D1_1_0" nVehContrib="8" flow="960.00" occupancy="17.79" speed="10.92" harmonicMeanSpeed="7.86" length="5.00" nVehEntered="9"/>
    <interval begin="2850.00" end="2880.00" id="D1_1_0" nVehContrib="2" flow="240.00" occupancy="3.38" speed="8.38" harmonicMeanSpeed="7.92" length="5.00" nVehEntered="1"/>
    <interval begin="2880.00" end="2910.00" id="D1_1_0" nVehContrib="0" flow="0.00" occupancy="0.00" speed="-1.00" harmonicMeanSpeed="-1.00" length="-1.00" nVehEntered="0"/>
    <interval begin="2910.00" end="2940.00" id="D1_1_0" nVehContrib="10" flow="1200.00" occupancy="22.84" speed="8.69" harmonicMeanSpeed="7.30" length="5.00" nVehEntered="10"/>
    <interval begin="2940.00" end="2970.00" id="D1_1_0" nVehContrib="0" flow="0.00" occupancy="0.00" speed="-1.00" harmonicMeanSpeed="-1.00" length="-1.00" nVehEntered="0"/>
    <interval begin="2970.00" end="3000.00" id="D1_1_0" nVehContrib="0" flow="0.00" occupancy="2.38" speed="-1.00" harmonicMeanSpeed="-1.00" length="-1.00" nVehEntered="1"/>
    <interval begin="3000.00" end="3030.00" id="D1_1_0" nVehContrib="10" flow="1200.00" occupancy="19.81" speed="8.67" harmonicMeanSpeed="7.51" length="5.00" nVehEntered="9"/>
    <interval begin="3030.00" end="3060.00" id="D1_1_0" nVehContrib="0" flow="0.00" occupancy="0.00" speed="-1.00" harmonicMeanSpeed="-1.00" length="-1.00" nVehEntered="0"/>
    <interval begin="3060.00" end="3090.00" id="D1_1_0" nVehContrib="1" flow="120.00" occupancy="5.87" speed="2.84" harmonicMeanSpeed="2.84" length="5.00" nVehEntered="1"/>
    <interval begin="3090.00" end="3120.00" id="D1_1_0" nVehContrib="10" flow="1200.00" occupancy="16.31" speed="11.85" harmonicMeanSpeed="10.22" length="5.00" nVehEntered="10"/>
    <interval begin="3120.00" end="3150.00" id="D1_1_0" nVehContrib="0" flow="0.00" occupancy="0.00" speed="-1.00" harmonicMeanSpeed="-1.00" length="-1.00" nVehEntered="0"/>
    <interval begin="3150.00" end="3180.00" id="D1_1_0" nVehContrib="3" flow="360.00" occupancy="10.31" speed="5.88" harmonicMeanSpeed="4.85" length="5.00" nVehEntered="3"/>
    <interval begin="3180.00" end="3210.00" id="D1_1_0" nVehContrib="7" flow="840.00" occupancy="10.23" speed="13.08" harmonicMeanSpeed="11.41" length="5.00" nVehEntered="7"/>
    <interval begin="3210.00" end="3240.00" id="D1_1_0" nVehContrib="0" flow="0.00" occupancy="0.00" speed="-1.00" harmonicMeanSpeed="-1.00" length="-1.00" nVehEntered="0"/>
    <interval begin="3240.00" end="3270.00" id="D1_1_0" nVehContrib="4" flow="480.00" occupancy="12.47" speed="6.44" harmonicMeanSpeed="5.35" length="5.00" nVehEntered="4"/>
    <interval begin="3270.00" end="3300.00" id="D1_1_0" nVehContrib="6" flow="720.00" occupancy="9.04" speed="14.59" harmonicMeanSpeed="11.07" length="5.00" nVehEntered="6"/>
    <interval begin="3300.00" end="3330.00" id="D1_1_0" nVehContrib="0" flow="0.00" occupancy="0.00" speed="-1.00" harmonicMeanSpeed="-1.00" length="-1.00" nVehEntered="0"/>
    <interval begin="3330.00" end="3360.00" id="D1_1_0" nVehContrib="6" flow="720.00" occupancy="14.89" speed="8.43" harmonicMeanSpeed="6.72" length="5.00" nVehEntered="6"/>
    <interval begin="3360.00" end="3390.00" id="D1_1_0" nVehContrib="1" flow="120.00" occupancy="36.31" speed="0.46" harmonicMeanSpeed="0.46" length="5.00" nVehEntered="1"/>
    <interval begin="3390.00" end="3420.00" id="D1_1_0" nVehContrib="0" flow="0.00" occupancy="0.00" speed="-1.00" harmonicMeanSpeed="-1.00" length="-1.00" nVehEntered="0"/>
    <interval begin="3420.00" end="3450.00" id="D1_1_0" nVehContrib="7" flow="840.00" occupancy="17.09" speed="8.53" harmonicMeanSpeed="6.85" length="5.00" nVehEntered="8"/>
    <interval begin="3450.00" end="3480.00" id="D1_1_0" nVehContrib="3" flow="360.00" occupancy="28.85" speed="9.76" harmonicMeanSpeed="1.73" length="5.00" nVehEntered="2"/>
    <interval begin="3480.00" end="3510.00" id="D1_1_0" nVehContrib="0" flow="0.00" occupancy="0.00" speed="-1.00" harmonicMeanSpeed="-1.00" length="-1.00" nVehEntered="0"/>
    <interval begin="3510.00" end="3540.00" id="D1_1_0" nVehContrib="9" flow="1080.00" occupancy="18.68" speed="9.79" harmonicMeanSpeed="8.03" length="5.00" nVehEntered="9"/>
    <interval begin="3540.00" end="3570.00" id="D1_1_0" nVehContrib="2" flow="240.00" occupancy="16.39" speed="3.57" harmonicMeanSpeed="2.03" length="5.00" nVehEntered="2"/>
    <interval begin="3570.00" end="3600.00" id="D1_1_0" nVehContrib="0" flow="0.00" occupancy="0.00" speed="-1.00" harmonicMeanSpeed="-1.00" length="-1.00" nVehEntered="0"/>
    <interval begin="3600.00" end="3630.00" id="D1_1_0" nVehContrib="8" flow="960.00" occupancy="16.74" speed="9.92" harmonicMeanSpeed="7.97" length="5.00" nVehEntered="8"/>
    <interval begin="3630.00" end="3640.00" id="D1_1_0" nVehContrib="0" flow="0.00" occupancy="0.00" speed="-1.00" harmonicMeanSpeed="-1.00" length="-1.00" nVehEntered="0"/>
</detector>
