<?xml version="1.0" encoding="UTF-8"?>

<!-- generated on 01/24/20 13:57:31 by Eclipse SUMO GUI Version 1.3.1
<configuration xmlns:xsi="http://www.w3.org/2001/XMLSchema-instance" xsi:noNamespaceSchemaLocation="http://sumo.dlr.de/xsd/sumoConfiguration.xsd">

    <input>
        <net-file value="gnet.net.xml"/>
        <route-files value="grou.rou.xml"/>
        <additional-files value="gadd.additional.xml"/>
    </input>

    <output>
        <queue-output value="Queue.xml"/>
        <summary-output value="Summary.xml"/>
    </output>

    <time>
        <begin value="0"/>
        <end value="3600"/>
    </time>

    <processing>
        <time-to-teleport value="3600"/>
    </processing>

    <traci_server>
        <remote-port value="13929"/>
    </traci_server>

    <gui_only>
        <gui-settings-file value="gview.view.xml"/>
        <quit-on-end value="true"/>
        <start value="true"/>
    </gui_only>

</configuration>
-->

<detector xmlns:xsi="http://www.w3.org/2001/XMLSchema-instance" xsi:noNamespaceSchemaLocation="http://sumo.dlr.de/xsd/det_e1_file.xsd">
    <interval begin="0.00" end="30.00" id="D1_2_0" nVehContrib="4" flow="480.00" occupancy="3.78" speed="17.92" harmonicMeanSpeed="17.62" length="5.00" nVehEntered="4"/>
    <interval begin="30.00" end="60.00" id="D1_2_0" nVehContrib="3" flow="360.00" occupancy="4.93" speed="11.31" harmonicMeanSpeed="10.14" length="5.00" nVehEntered="3"/>
    <interval begin="60.00" end="90.00" id="D1_2_0" nVehContrib="2" flow="240.00" occupancy="3.62" speed="10.00" harmonicMeanSpeed="9.21" length="5.00" nVehEntered="2"/>
    <interval begin="90.00" end="120.00" id="D1_2_0" nVehContrib="6" flow="720.00" occupancy="6.56" speed="15.79" harmonicMeanSpeed="15.25" length="5.00" nVehEntered="6"/>
    <interval begin="120.00" end="150.00" id="D1_2_0" nVehContrib="2" flow="240.00" occupancy="22.28" speed="3.86" harmonicMeanSpeed="1.50" length="5.00" nVehEntered="2"/>
    <interval begin="150.00" end="180.00" id="D1_2_0" nVehContrib="2" flow="240.00" occupancy="5.01" speed="6.73" harmonicMeanSpeed="6.65" length="5.00" nVehEntered="2"/>
    <interval begin="180.00" end="210.00" id="D1_2_0" nVehContrib="6" flow="720.00" occupancy="7.60" speed="14.55" harmonicMeanSpeed="13.16" length="5.00" nVehEntered="6"/>
    <interval begin="210.00" end="240.00" id="D1_2_0" nVehContrib="2" flow="240.00" occupancy="65.54" speed="2.32" harmonicMeanSpeed="0.51" length="5.00" nVehEntered="3"/>
    <interval begin="240.00" end="270.00" id="D1_2_0" nVehContrib="3" flow="360.00" occupancy="5.08" speed="14.02" harmonicMeanSpeed="9.59" length="5.00" nVehEntered="2"/>
    <interval begin="270.00" end="300.00" id="D1_2_0" nVehContrib="5" flow="600.00" occupancy="5.64" speed="15.55" harmonicMeanSpeed="14.77" length="5.00" nVehEntered="5"/>
    <interval begin="300.00" end="330.00" id="D1_2_0" nVehContrib="3" flow="360.00" occupancy="20.72" speed="5.59" harmonicMeanSpeed="2.41" length="5.00" nVehEntered="3"/>
    <interval begin="330.00" end="360.00" id="D1_2_0" nVehContrib="3" flow="360.00" occupancy="3.01" speed="17.72" harmonicMeanSpeed="16.60" length="5.00" nVehEntered="3"/>
    <interval begin="360.00" end="390.00" id="D1_2_0" nVehContrib="5" flow="600.00" occupancy="7.19" speed="12.98" harmonicMeanSpeed="11.59" length="5.00" nVehEntered="5"/>
    <interval begin="390.00" end="420.00" id="D1_2_0" nVehContrib="2" flow="240.00" occupancy="21.93" speed="4.41" harmonicMeanSpeed="1.62" length="5.00" nVehEntered="3"/>
    <interval begin="420.00" end="450.00" id="D1_2_0" nVehContrib="4" flow="480.00" occupancy="2.68" speed="17.39" harmonicMeanSpeed="16.61" length="5.00" nVehEntered="3"/>
    <interval begin="450.00" end="480.00" id="D1_2_0" nVehContrib="4" flow="480.00" occupancy="6.00" speed="12.13" harmonicMeanSpeed="11.12" length="5.00" nVehEntered="4"/>
    <interval begin="480.00" end="510.00" id="D1_2_0" nVehContrib="3" flow="360.00" occupancy="19.58" speed="7.80" harmonicMeanSpeed="2.55" length="5.00" nVehEntered="3"/>
    <interval begin="510.00" end="540.00" id="D1_2_0" nVehContrib="5" flow="600.00" occupancy="4.95" speed="17.36" harmonicMeanSpeed="16.83" length="5.00" nVehEntered="5"/>
    <interval begin="540.00" end="570.00" id="D1_2_0" nVehContrib="2" flow="240.00" occupancy="3.77" speed="9.19" harmonicMeanSpeed="8.84" length="5.00" nVehEntered="2"/>
    <interval begin="570.00" end="600.00" id="D1_2_0" nVehContrib="3" flow="360.00" occupancy="18.35" speed="6.38" harmonicMeanSpeed="2.72" length="5.00" nVehEntered="3"/>
    <interval begin="600.00" end="630.00" id="D1_2_0" nVehContrib="5" flow="600.00" occupancy="5.71" speed="15.38" harmonicMeanSpeed="14.59" length="5.00" nVehEntered="5"/>
    <interval begin="630.00" end="660.00" id="D1_2_0" nVehContrib="1" flow="120.00" occupancy="50.54" speed="9.00" harmonicMeanSpeed="9.00" length="5.00" nVehEntered="2"/>
    <interval begin="660.00" end="690.00" id="D1_2_0" nVehContrib="5" flow="600.00" occupancy="8.00" speed="10.49" harmonicMeanSpeed="1.47" length="5.00" nVehEntered="4"/>
    <interval begin="690.00" end="720.00" id="D1_2_0" nVehContrib="5" flow="600.00" occupancy="7.37" speed="12.62" harmonicMeanSpeed="11.31" length="5.00" nVehEntered="5"/>
    <interval begin="720.00" end="750.00" id="D1_2_0" nVehContrib="1" flow="120.00" occupancy="58.35" speed="0.30" harmonicMeanSpeed="0.30" length="5.00" nVehEntered="2"/>
    <interval begin="750.00" end="780.00" id="D1_2_0" nVehContrib="4" flow="480.00" occupancy="7.19" speed="9.11" harmonicMeanSpeed="6.69" length="5.00" nVehEntered="3"/>
    <interval begin="780.00" end="810.00" id="D1_2_0" nVehContrib="5" flow="600.00" occupancy="7.35" speed="13.04" harmonicMeanSpeed="11.34" length="5.00" nVehEntered="5"/>
    <interval begin="810.00" end="840.00" id="D1_2_0" nVehContrib="2" flow="240.00" occupancy="65.87" speed="2.37" harmonicMeanSpeed="0.53" length="5.00" nVehEntered="3"/>
    <interval begin="840.00" end="870.00" id="D1_2_0" nVehContrib="3" flow="360.00" occupancy="3.98" speed="10.80" harmonicMeanSpeed="7.55" length="5.00" nVehEntered="2"/>
    <interval begin="870.00" end="900.00" id="D1_2_0" nVehContrib="5" flow="600.00" occupancy="5.82" speed="14.90" harmonicMeanSpeed="14.31" length="5.00" nVehEntered="5"/>
    <interval begin="900.00" end="930.00" id="D1_2_0" nVehContrib="3" flow="360.00" occupancy="33.31" speed="4.44" harmonicMeanSpeed="1.50" length="5.00" nVehEntered="3"/>
    <interval begin="930.00" end="960.00" id="D1_2_0" nVehContrib="3" flow="360.00" occupancy="4.70" speed="15.13" harmonicMeanSpeed="10.65" length="5.00" nVehEntered="3"/>
    <interval begin="960.00" end="990.00" id="D1_2_0" nVehContrib="5" flow="600.00" occupancy="6.85" speed="13.22" harmonicMeanSpeed="12.16" length="5.00" nVehEntered="5"/>
    <interval begin="990.00" end="1020.00" id="D1_2_0" nVehContrib="2" flow="240.00" occupancy="36.93" speed="3.64" harmonicMeanSpeed="0.93" length="5.00" nVehEntered="3"/>
    <interval begin="1020.00" end="1050.00" id="D1_2_0" nVehContrib="5" flow="600.00" occupancy="6.12" speed="15.73" harmonicMeanSpeed="11.55" length="5.00" nVehEntered="4"/>
    <interval begin="1050.00" end="1080.00" id="D1_2_0" nVehContrib="3" flow="360.00" occupancy="5.29" speed="10.55" harmonicMeanSpeed="9.45" length="5.00" nVehEntered="3"/>
    <interval begin="1080.00" end="1110.00" id="D1_2_0" nVehContrib="3" flow="360.00" occupancy="51.83" speed="2.20" harmonicMeanSpeed="0.96" length="5.00" nVehEntered="3"/>
    <interval begin="1110.00" end="1140.00" id="D1_2_0" nVehContrib="5" flow="600.00" occupancy="4.95" speed="17.28" harmonicMeanSpeed="16.82" length="5.00" nVehEntered="5"/>
    <interval begin="1140.00" end="1170.00" id="D1_2_0" nVehContrib="2" flow="240.00" occupancy="9.67" speed="9.03" harmonicMeanSpeed="8.84" length="5.00" nVehEntered="3"/>
    <interval begin="1170.00" end="1200.00" id="D1_2_0" nVehContrib="3" flow="360.00" occupancy="63.26" speed="1.74" harmonicMeanSpeed="0.72" length="5.00" nVehEntered="2"/>
    <interval begin="1200.00" end="1230.00" id="D1_2_0" nVehContrib="5" flow="600.00" occupancy="5.67" speed="15.17" harmonicMeanSpeed="14.70" length="5.00" nVehEntered="5"/>
    <interval begin="1230.00" end="1260.00" id="D1_2_0" nVehContrib="1" flow="120.00" occupancy="59.54" speed="7.73" harmonicMeanSpeed="7.73" length="5.00" nVehEntered="2"/>
    <interval begin="1260.00" end="1290.00" id="D1_2_0" nVehContrib="5" flow="600.00" occupancy="53.81" speed="4.13" harmonicMeanSpeed="0.75" length="5.00" nVehEntered="4"/>
    <interval begin="1290.00" end="1320.00" id="D1_2_0" nVehContrib="5" flow="600.00" occupancy="7.33" speed="12.74" harmonicMeanSpeed="11.37" length="5.00" nVehEntered="5"/>
    <interval begin="1320.00" end="1350.00" id="D1_2_0" nVehContrib="0" flow="0.00" occupancy="72.01" speed="-1.00" harmonicMeanSpeed="-1.00" length="-1.00" nVehEntered="1"/>
    <interval begin="1350.00" end="1380.00" id="D1_2_0" nVehContrib="5" flow="600.00" occupancy="39.62" speed="3.71" harmonicMeanSpeed="0.75" length="5.00" nVehEntered="4"/>
    <interval begin="1380.00" end="1410.00" id="D1_2_0" nVehContrib="5" flow="600.00" occupancy="6.80" speed="13.27" harmonicMeanSpeed="12.26" length="5.00" nVehEntered="5"/>
    <interval begin="1410.00" end="1440.00" id="D1_2_0" nVehContrib="0" flow="0.00" occupancy="84.86" speed="-1.00" harmonicMeanSpeed="-1.00" length="-1.00" nVehEntered="1"/>
    <interval begin="1440.00" end="1470.00" id="D1_2_0" nVehContrib="6" flow="720.00" occupancy="35.76" speed="6.29" harmonicMeanSpeed="0.83" length="5.00" nVehEntered="5"/>
    <interval begin="1470.00" end="1500.00" id="D1_2_0" nVehContrib="5" flow="600.00" occupancy="7.35" speed="12.53" harmonicMeanSpeed="11.34" length="5.00" nVehEntered="5"/>
    <interval begin="1500.00" end="1530.00" id="D1_2_0" nVehContrib="1" flow="120.00" occupancy="66.14" speed="0.25" harmonicMeanSpeed="0.25" length="5.00" nVehEntered="1"/>
    <interval begin="1530.00" end="1560.00" id="D1_2_0" nVehContrib="4" flow="480.00" occupancy="30.52" speed="6.99" harmonicMeanSpeed="2.18" length="5.00" nVehEntered="4"/>
    <interval begin="1560.00" end="1590.00" id="D1_2_0" nVehContrib="5" flow="600.00" occupancy="7.30" speed="12.82" harmonicMeanSpeed="11.41" length="5.00" nVehEntered="5"/>
    <interval begin="1590.00" end="1620.00" id="D1_2_0" nVehContrib="1" flow="120.00" occupancy="75.43" speed="0.23" harmonicMeanSpeed="0.23" length="5.00" nVehEntered="2"/>
    <interval begin="1620.00" end="1650.00" id="D1_2_0" nVehContrib="6" flow="720.00" occupancy="29.01" speed="9.52" harmonicMeanSpeed="3.09" length="5.00" nVehEntered="5"/>
    <interval begin="1650.00" end="1680.00" id="D1_2_0" nVehContrib="3" flow="360.00" occupancy="4.97" speed="10.76" harmonicMeanSpeed="10.06" length="5.00" nVehEntered="3"/>
    <interval begin="1680.00" end="1710.00" id="D1_2_0" nVehContrib="2" flow="240.00" occupancy="80.00" speed="2.22" harmonicMeanSpeed="0.42" length="5.00" nVehEntered="3"/>
    <interval begin="1710.00" end="1740.00" id="D1_2_0" nVehContrib="5" flow="600.00" occupancy="26.67" speed="11.38" harmonicMeanSpeed="3.08" length="5.00" nVehEntered="4"/>
    <interval begin="1740.00" end="1770.00" id="D1_2_0" nVehContrib="3" flow="360.00" occupancy="19.48" speed="11.18" harmonicMeanSpeed="10.32" length="5.00" nVehEntered="4"/>
    <interval begin="1770.00" end="1800.00" id="D1_2_0" nVehContrib="2" flow="240.00" occupancy="86.40" speed="2.11" harmonicMeanSpeed="0.38" length="5.00" nVehEntered="2"/>
    <interval begin="1800.00" end="1830.00" id="D1_2_0" nVehContrib="4" flow="480.00" occupancy="13.91" speed="11.44" harmonicMeanSpeed="2.44" length="5.00" nVehEntered="4"/>
    <interval begin="1830.00" end="1860.00" id="D1_2_0" nVehContrib="5" flow="600.00" occupancy="6.49" speed="13.17" harmonicMeanSpeed="11.84" length="5.00" nVehEntered="4"/>
    <interval begin="1860.00" end="1890.00" id="D1_2_0" nVehContrib="1" flow="120.00" occupancy="81.02" speed="0.33" harmonicMeanSpeed="0.33" length="5.00" nVehEntered="2"/>
    <interval begin="1890.00" end="1920.00" id="D1_2_0" nVehContrib="7" flow="840.00" occupancy="11.93" speed="10.32" harmonicMeanSpeed="2.73" length="5.00" nVehEntered="6"/>
    <interval begin="1920.00" end="1950.00" id="D1_2_0" nVehContrib="1" flow="120.00" occupancy="44.85" speed="6.68" harmonicMeanSpeed="6.68" length="5.00" nVehEntered="2"/>
    <interval begin="1950.00" end="1980.00" id="D1_2_0" nVehContrib="4" flow="480.00" occupancy="77.97" speed="2.22" harmonicMeanSpeed="0.55" length="5.00" nVehEntered="3"/>
    <interval begin="1980.00" end="2010.00" id="D1_2_0" nVehContrib="5" flow="600.00" occupancy="7.12" speed="12.61" harmonicMeanSpeed="11.71" length="5.00" nVehEntered="5"/>
    <interval begin="2010.00" end="2040.00" id="D1_2_0" nVehContrib="1" flow="120.00" occupancy="57.67" speed="7.73" harmonicMeanSpeed="7.73" length="5.00" nVehEntered="2"/>
    <interval begin="2040.00" end="2070.00" id="D1_2_0" nVehContrib="4" flow="480.00" occupancy="75.48" speed="2.33" harmonicMeanSpeed="0.51" length="5.00" nVehEntered="3"/>
    <interval begin="2070.00" end="2100.00" id="D1_2_0" nVehContrib="5" flow="600.00" occupancy="9.34" speed="10.75" harmonicMeanSpeed="8.92" length="5.00" nVehEntered="5"/>
    <interval begin="2100.00" end="2130.00" id="D1_2_0" nVehContrib="0" flow="0.00" occupancy="98.52" speed="-1.00" harmonicMeanSpeed="-1.00" length="-1.00" nVehEntered="1"/>
    <interval begin="2130.00" end="2160.00" id="D1_2_0" nVehContrib="6" flow="720.00" occupancy="52.54" speed="3.43" harmonicMeanSpeed="0.66" length="5.00" nVehEntered="5"/>
    <interval begin="2160.00" end="2190.00" id="D1_2_0" nVehContrib="5" flow="600.00" occupancy="5.73" speed="15.23" harmonicMeanSpeed="14.54" length="5.00" nVehEntered="5"/>
    <interval begin="2190.00" end="2220.00" id="D1_2_0" nVehContrib="1" flow="120.00" occupancy="54.78" speed="6.95" harmonicMeanSpeed="6.95" length="5.00" nVehEntered="2"/>
    <interval begin="2220.00" end="2250.00" id="D1_2_0" nVehContrib="5" flow="600.00" occupancy="60.83" speed="4.01" harmonicMeanSpeed="0.74" length="5.00" nVehEntered="4"/>
    <interval begin="2250.00" end="2280.00" id="D1_2_0" nVehContrib="4" flow="480.00" occupancy="8.88" speed="11.74" harmonicMeanSpeed="10.82" length="5.00" nVehEntered="5"/>
    <interval begin="2280.00" end="2310.00" id="D1_2_0" nVehContrib="0" flow="0.00" occupancy="100.00" speed="-1.00" harmonicMeanSpeed="-1.00" length="-1.00" nVehEntered="0"/>
    <interval begin="2310.00" end="2340.00" id="D1_2_0" nVehContrib="6" flow="720.00" occupancy="44.61" speed="4.10" harmonicMeanSpeed="0.68" length="5.00" nVehEntered="5"/>
    <interval begin="2340.00" end="2370.00" id="D1_2_0" nVehContrib="4" flow="480.00" occupancy="20.51" speed="11.67" harmonicMeanSpeed="10.83" length="5.00" nVehEntered="5"/>
    <interval begin="2370.00" end="2400.00" id="D1_2_0" nVehContrib="1" flow="120.00" occupancy="97.44" speed="0.15" harmonicMeanSpeed="0.15" length="5.00" nVehEntered="0"/>
    <interval begin="2400.00" end="2430.00" id="D1_2_0" nVehContrib="7" flow="840.00" occupancy="13.92" speed="11.31" harmonicMeanSpeed="8.38" length="5.00" nVehEntered="7"/>
    <interval begin="2430.00" end="2460.00" id="D1_2_0" nVehContrib="3" flow="360.00" occupancy="4.30" speed="15.57" harmonicMeanSpeed="15.49" length="5.00" nVehEntered="4"/>
    <interval begin="2460.00" end="2490.00" id="D1_2_0" nVehContrib="3" flow="360.00" occupancy="14.64" speed="7.27" harmonicMeanSpeed="3.18" length="5.00" nVehEntered="2"/>
    <interval begin="2490.00" end="2520.00" id="D1_2_0" nVehContrib="4" flow="480.00" occupancy="3.29" speed="20.60" harmonicMeanSpeed="20.26" length="5.00" nVehEntered="4"/>
    <interval begin="2520.00" end="2550.00" id="D1_2_0" nVehContrib="4" flow="480.00" occupancy="4.24" speed="16.11" harmonicMeanSpeed="15.72" length="5.00" nVehEntered="4"/>
    <interval begin="2550.00" end="2580.00" id="D1_2_0" nVehContrib="3" flow="360.00" occupancy="4.62" speed="11.54" harmonicMeanSpeed="10.82" length="5.00" nVehEntered="3"/>
    <interval begin="2580.00" end="2610.00" id="D1_2_0" nVehContrib="5" flow="600.00" occupancy="3.96" speed="21.23" harmonicMeanSpeed="21.03" length="5.00" nVehEntered="5"/>
    <interval begin="2610.00" end="2640.00" id="D1_2_0" nVehContrib="2" flow="240.00" occupancy="2.50" speed="13.39" harmonicMeanSpeed="13.33" length="5.00" nVehEntered="2"/>
    <interval begin="2640.00" end="2670.00" id="D1_2_0" nVehContrib="3" flow="360.00" occupancy="4.23" speed="14.81" harmonicMeanSpeed="11.82" length="5.00" nVehEntered="3"/>
    <interval begin="2670.00" end="2700.00" id="D1_2_0" nVehContrib="5" flow="600.00" occupancy="4.07" speed="20.60" harmonicMeanSpeed="20.48" length="5.00" nVehEntered="5"/>
    <interval begin="2700.00" end="2730.00" id="D1_2_0" nVehContrib="3" flow="360.00" occupancy="3.34" speed="15.14" harmonicMeanSpeed="14.98" length="5.00" nVehEntered="3"/>
    <interval begin="2730.00" end="2760.00" id="D1_2_0" nVehContrib="4" flow="480.00" occupancy="3.70" speed="20.04" harmonicMeanSpeed="18.02" length="5.00" nVehEntered="4"/>
    <interval begin="2760.00" end="2790.00" id="D1_2_0" nVehContrib="3" flow="360.00" occupancy="2.38" speed="21.16" harmonicMeanSpeed="21.01" length="5.00" nVehEntered="3"/>
    <interval begin="2790.00" end="2820.00" id="D1_2_0" nVehContrib="3" flow="360.00" occupancy="3.16" speed="15.93" harmonicMeanSpeed="15.81" length="5.00" nVehEntered="3"/>
    <interval begin="2820.00" end="2850.00" id="D1_2_0" nVehContrib="5" flow="600.00" occupancy="4.62" speed="19.95" harmonicMeanSpeed="18.04" length="5.00" nVehEntered="5"/>
    <interval begin="2850.00" end="2880.00" id="D1_2_0" nVehContrib="3" flow="360.00" occupancy="2.58" speed="19.58" harmonicMeanSpeed="19.37" length="5.00" nVehEntered="3"/>
    <interval begin="2880.00" end="2910.00" id="D1_2_0" nVehContrib="3" flow="360.00" occupancy="3.62" speed="14.20" harmonicMeanSpeed="13.80" length="5.00" nVehEntered="3"/>
    <interval begin="2910.00" end="2940.00" id="D1_2_0" nVehContrib="4" flow="480.00" occupancy="4.40" speed="17.65" harmonicMeanSpeed="15.16" length="5.00" nVehEntered="4"/>
    <interval begin="2940.00" end="2970.00" id="D1_2_0" nVehContrib="3" flow="360.00" occupancy="2.64" speed="18.96" harmonicMeanSpeed="18.94" length="5.00" nVehEntered="3"/>
    <interval begin="2970.00" end="3000.00" id="D1_2_0" nVehContrib="3" flow="360.00" occupancy="4.07" speed="12.49" harmonicMeanSpeed="12.28" length="5.00" nVehEntered="3"/>
    <interval begin="3000.00" end="3030.00" id="D1_2_0" nVehContrib="4" flow="480.00" occupancy="4.57" speed="17.79" harmonicMeanSpeed="14.60" length="5.00" nVehEntered="4"/>
    <interval begin="3030.00" end="3060.00" id="D1_2_0" nVehContrib="4" flow="480.00" occupancy="3.65" speed="18.61" harmonicMeanSpeed="18.28" length="5.00" nVehEntered="4"/>
    <interval begin="3060.00" end="3090.00" id="D1_2_0" nVehContrib="2" flow="240.00" occupancy="2.71" speed="12.49" harmonicMeanSpeed="12.30" length="5.00" nVehEntered="2"/>
    <interval begin="3090.00" end="3120.00" id="D1_2_0" nVehContrib="5" flow="600.00" occupancy="6.02" speed="16.80" harmonicMeanSpeed="13.84" length="5.00" nVehEntered="5"/>
    <interval begin="3120.00" end="3150.00" id="D1_2_0" nVehContrib="3" flow="360.00" occupancy="2.55" speed="19.74" harmonicMeanSpeed="19.57" length="5.00" nVehEntered="3"/>
    <interval begin="3150.00" end="3180.00" id="D1_2_0" nVehContrib="3" flow="360.00" occupancy="3.66" speed="13.94" harmonicMeanSpeed="13.65" length="5.00" nVehEntered="3"/>
    <interval begin="3180.00" end="3210.00" id="D1_2_0" nVehContrib="4" flow="480.00" occupancy="3.07" speed="21.95" harmonicMeanSpeed="21.73" length="5.00" nVehEntered="4"/>
    <interval begin="3210.00" end="3240.00" id="D1_2_0" nVehContrib="4" flow="480.00" occupancy="3.62" speed="18.49" harmonicMeanSpeed="18.40" length="5.00" nVehEntered="4"/>
    <interval begin="3240.00" end="3270.00" id="D1_2_0" nVehContrib="2" flow="240.00" occupancy="2.63" speed="12.90" harmonicMeanSpeed="12.69" length="5.00" nVehEntered="2"/>
    <interval begin="3270.00" end="3300.00" id="D1_2_0" nVehContrib="5" flow="600.00" occupancy="3.81" speed="22.03" harmonicMeanSpeed="21.86" length="5.00" nVehEntered="5"/>
    <interval begin="3300.00" end="3330.00" id="D1_2_0" nVehContrib="3" flow="360.00" occupancy="2.81" speed="18.08" harmonicMeanSpeed="17.81" length="5.00" nVehEntered="3"/>
    <interval begin="3330.00" end="3360.00" id="D1_2_0" nVehContrib="2" flow="240.00" occupancy="2.90" speed="11.65" harmonicMeanSpeed="11.50" length="5.00" nVehEntered="2"/>
    <interval begin="3360.00" end="3390.00" id="D1_2_0" nVehContrib="5" flow="600.00" occupancy="4.53" speed="18.94" harmonicMeanSpeed="18.41" length="5.00" nVehEntered="5"/>
    <interval begin="3390.00" end="3420.00" id="D1_2_0" nVehContrib="3" flow="360.00" occupancy="4.82" speed="11.20" harmonicMeanSpeed="10.37" length="5.00" nVehEntered="3"/>
    <interval begin="3420.00" end="3450.00" id="D1_2_0" nVehContrib="3" flow="360.00" occupancy="74.22" speed="4.23" harmonicMeanSpeed="0.67" length="5.00" nVehEntered="3"/>
    <interval begin="3450.00" end="3480.00" id="D1_2_0" nVehContrib="5" flow="600.00" occupancy="5.77" speed="14.78" harmonicMeanSpeed="14.43" length="5.00" nVehEntered="5"/>
    <interval begin="3480.00" end="3510.00" id="D1_2_0" nVehContrib="2" flow="240.00" occupancy="9.72" speed="9.24" harmonicMeanSpeed="8.89" length="5.00" nVehEntered="3"/>
    <interval begin="3510.00" end="3540.00" id="D1_2_0" nVehContrib="4" flow="480.00" occupancy="76.96" speed="4.70" harmonicMeanSpeed="0.80" length="5.00" nVehEntered="4"/>
    <interval begin="3540.00" end="3570.00" id="D1_2_0" nVehContrib="4" flow="480.00" occupancy="4.82" speed="14.07" harmonicMeanSpeed="13.51" length="5.00" nVehEntered="3"/>
    <interval begin="3570.00" end="3600.00" id="D1_2_0" nVehContrib="3" flow="360.00" occupancy="4.93" speed="10.89" harmonicMeanSpeed="10.15" length="5.00" nVehEntered="3"/>
    <interval begin="3600.00" end="3630.00" id="D1_2_0" nVehContrib="1" flow="120.00" occupancy="44.59" speed="0.37" harmonicMeanSpeed="0.37" length="5.00" nVehEntered="1"/>
    <interval begin="3630.00" end="3640.00" id="D1_2_0" nVehContrib="0" flow="0.00" occupancy="0.00" speed="-1.00" harmonicMeanSpeed="-1.00" length="-1.00" nVehEntered="0"/>
</detector>
