<?xml version="1.0" encoding="UTF-8"?>

<!-- generated on 01/24/20 13:57:31 by Eclipse SUMO GUI Version 1.3.1
<configuration xmlns:xsi="http://www.w3.org/2001/XMLSchema-instance" xsi:noNamespaceSchemaLocation="http://sumo.dlr.de/xsd/sumoConfiguration.xsd">

    <input>
        <net-file value="gnet.net.xml"/>
        <route-files value="grou.rou.xml"/>
        <additional-files value="gadd.additional.xml"/>
    </input>

    <output>
        <queue-output value="Queue.xml"/>
        <summary-output value="Summary.xml"/>
    </output>

    <time>
        <begin value="0"/>
        <end value="3600"/>
    </time>

    <processing>
        <time-to-teleport value="3600"/>
    </processing>

    <traci_server>
        <remote-port value="13929"/>
    </traci_server>

    <gui_only>
        <gui-settings-file value="gview.view.xml"/>
        <quit-on-end value="true"/>
        <start value="true"/>
    </gui_only>

</configuration>
-->

<detector xmlns:xsi="http://www.w3.org/2001/XMLSchema-instance" xsi:noNamespaceSchemaLocation="http://sumo.dlr.de/xsd/det_e1_file.xsd">
    <interval begin="0.00" end="30.00" id="D1_3_0" nVehContrib="4" flow="480.00" occupancy="3.15" speed="21.32" harmonicMeanSpeed="21.15" length="5.00" nVehEntered="4"/>
    <interval begin="30.00" end="60.00" id="D1_3_0" nVehContrib="3" flow="360.00" occupancy="3.11" speed="16.36" harmonicMeanSpeed="16.07" length="5.00" nVehEntered="3"/>
    <interval begin="60.00" end="90.00" id="D1_3_0" nVehContrib="3" flow="360.00" occupancy="3.03" speed="17.53" harmonicMeanSpeed="16.52" length="5.00" nVehEntered="3"/>
    <interval begin="90.00" end="120.00" id="D1_3_0" nVehContrib="5" flow="600.00" occupancy="4.50" speed="18.81" harmonicMeanSpeed="18.51" length="5.00" nVehEntered="5"/>
    <interval begin="120.00" end="150.00" id="D1_3_0" nVehContrib="2" flow="240.00" occupancy="2.58" speed="13.21" harmonicMeanSpeed="12.94" length="5.00" nVehEntered="2"/>
    <interval begin="150.00" end="180.00" id="D1_3_0" nVehContrib="3" flow="360.00" occupancy="3.22" speed="16.57" harmonicMeanSpeed="15.50" length="5.00" nVehEntered="3"/>
    <interval begin="180.00" end="210.00" id="D1_3_0" nVehContrib="5" flow="600.00" occupancy="4.71" speed="18.25" harmonicMeanSpeed="17.71" length="5.00" nVehEntered="5"/>
    <interval begin="210.00" end="240.00" id="D1_3_0" nVehContrib="3" flow="360.00" occupancy="5.28" speed="9.88" harmonicMeanSpeed="9.47" length="5.00" nVehEntered="3"/>
    <interval begin="240.00" end="270.00" id="D1_3_0" nVehContrib="2" flow="240.00" occupancy="1.70" speed="19.83" harmonicMeanSpeed="19.58" length="5.00" nVehEntered="2"/>
    <interval begin="270.00" end="300.00" id="D1_3_0" nVehContrib="5" flow="600.00" occupancy="4.29" speed="19.78" harmonicMeanSpeed="19.42" length="5.00" nVehEntered="5"/>
    <interval begin="300.00" end="330.00" id="D1_3_0" nVehContrib="3" flow="360.00" occupancy="3.69" speed="13.83" harmonicMeanSpeed="13.56" length="5.00" nVehEntered="3"/>
    <interval begin="330.00" end="360.00" id="D1_3_0" nVehContrib="3" flow="360.00" occupancy="2.57" speed="19.79" harmonicMeanSpeed="19.44" length="5.00" nVehEntered="3"/>
    <interval begin="360.00" end="390.00" id="D1_3_0" nVehContrib="5" flow="600.00" occupancy="4.69" speed="18.18" harmonicMeanSpeed="17.75" length="5.00" nVehEntered="5"/>
    <interval begin="390.00" end="420.00" id="D1_3_0" nVehContrib="3" flow="360.00" occupancy="3.72" speed="13.52" harmonicMeanSpeed="13.44" length="5.00" nVehEntered="3"/>
    <interval begin="420.00" end="450.00" id="D1_3_0" nVehContrib="3" flow="360.00" occupancy="2.79" speed="22.25" harmonicMeanSpeed="22.21" length="5.00" nVehEntered="4"/>
    <interval begin="450.00" end="480.00" id="D1_3_0" nVehContrib="4" flow="480.00" occupancy="3.34" speed="17.31" harmonicMeanSpeed="17.18" length="5.00" nVehEntered="3"/>
    <interval begin="480.00" end="510.00" id="D1_3_0" nVehContrib="3" flow="360.00" occupancy="3.84" speed="13.34" harmonicMeanSpeed="13.01" length="5.00" nVehEntered="3"/>
    <interval begin="510.00" end="540.00" id="D1_3_0" nVehContrib="5" flow="600.00" occupancy="4.05" speed="20.73" harmonicMeanSpeed="20.60" length="5.00" nVehEntered="5"/>
    <interval begin="540.00" end="570.00" id="D1_3_0" nVehContrib="3" flow="360.00" occupancy="3.83" speed="13.30" harmonicMeanSpeed="13.05" length="5.00" nVehEntered="3"/>
    <interval begin="570.00" end="600.00" id="D1_3_0" nVehContrib="2" flow="240.00" occupancy="2.54" speed="13.16" harmonicMeanSpeed="13.14" length="5.00" nVehEntered="2"/>
    <interval begin="600.00" end="630.00" id="D1_3_0" nVehContrib="5" flow="600.00" occupancy="4.35" speed="19.64" harmonicMeanSpeed="19.15" length="5.00" nVehEntered="5"/>
    <interval begin="630.00" end="660.00" id="D1_3_0" nVehContrib="3" flow="360.00" occupancy="4.44" speed="11.50" harmonicMeanSpeed="11.27" length="5.00" nVehEntered="3"/>
    <interval begin="660.00" end="690.00" id="D1_3_0" nVehContrib="3" flow="360.00" occupancy="2.70" speed="19.91" harmonicMeanSpeed="18.51" length="5.00" nVehEntered="3"/>
    <interval begin="690.00" end="720.00" id="D1_3_0" nVehContrib="5" flow="600.00" occupancy="4.93" speed="17.26" harmonicMeanSpeed="16.90" length="5.00" nVehEntered="5"/>
    <interval begin="720.00" end="750.00" id="D1_3_0" nVehContrib="2" flow="240.00" occupancy="3.20" speed="10.44" harmonicMeanSpeed="10.42" length="5.00" nVehEntered="2"/>
    <interval begin="750.00" end="780.00" id="D1_3_0" nVehContrib="3" flow="360.00" occupancy="3.74" speed="15.32" harmonicMeanSpeed="13.38" length="5.00" nVehEntered="3"/>
    <interval begin="780.00" end="810.00" id="D1_3_0" nVehContrib="5" flow="600.00" occupancy="4.82" speed="18.00" harmonicMeanSpeed="17.28" length="5.00" nVehEntered="5"/>
    <interval begin="810.00" end="840.00" id="D1_3_0" nVehContrib="3" flow="360.00" occupancy="5.48" speed="9.39" harmonicMeanSpeed="9.12" length="5.00" nVehEntered="3"/>
    <interval begin="840.00" end="870.00" id="D1_3_0" nVehContrib="2" flow="240.00" occupancy="1.89" speed="19.03" harmonicMeanSpeed="17.62" length="5.00" nVehEntered="2"/>
    <interval begin="870.00" end="900.00" id="D1_3_0" nVehContrib="6" flow="720.00" occupancy="5.69" speed="18.02" harmonicMeanSpeed="17.58" length="5.00" nVehEntered="6"/>
    <interval begin="900.00" end="930.00" id="D1_3_0" nVehContrib="2" flow="240.00" occupancy="2.94" speed="11.34" harmonicMeanSpeed="11.32" length="5.00" nVehEntered="2"/>
    <interval begin="930.00" end="960.00" id="D1_3_0" nVehContrib="4" flow="480.00" occupancy="3.43" speed="20.37" harmonicMeanSpeed="19.42" length="5.00" nVehEntered="4"/>
    <interval begin="960.00" end="990.00" id="D1_3_0" nVehContrib="4" flow="480.00" occupancy="3.75" speed="17.97" harmonicMeanSpeed="17.79" length="5.00" nVehEntered="4"/>
    <interval begin="990.00" end="1020.00" id="D1_3_0" nVehContrib="3" flow="360.00" occupancy="4.08" speed="12.31" harmonicMeanSpeed="12.26" length="5.00" nVehEntered="3"/>
    <interval begin="1020.00" end="1050.00" id="D1_3_0" nVehContrib="4" flow="480.00" occupancy="3.05" speed="21.86" harmonicMeanSpeed="21.82" length="5.00" nVehEntered="4"/>
    <interval begin="1050.00" end="1080.00" id="D1_3_0" nVehContrib="3" flow="360.00" occupancy="3.13" speed="16.15" harmonicMeanSpeed="15.98" length="5.00" nVehEntered="3"/>
    <interval begin="1080.00" end="1110.00" id="D1_3_0" nVehContrib="3" flow="360.00" occupancy="4.49" speed="11.33" harmonicMeanSpeed="11.13" length="5.00" nVehEntered="3"/>
    <interval begin="1110.00" end="1140.00" id="D1_3_0" nVehContrib="5" flow="600.00" occupancy="4.08" speed="20.64" harmonicMeanSpeed="20.43" length="5.00" nVehEntered="5"/>
    <interval begin="1140.00" end="1170.00" id="D1_3_0" nVehContrib="3" flow="360.00" occupancy="3.68" speed="13.88" harmonicMeanSpeed="13.60" length="5.00" nVehEntered="3"/>
    <interval begin="1170.00" end="1200.00" id="D1_3_0" nVehContrib="2" flow="240.00" occupancy="3.19" speed="10.63" harmonicMeanSpeed="10.44" length="5.00" nVehEntered="2"/>
    <interval begin="1200.00" end="1230.00" id="D1_3_0" nVehContrib="5" flow="600.00" occupancy="5.06" speed="19.60" harmonicMeanSpeed="19.41" length="5.00" nVehEntered="6"/>
    <interval begin="1230.00" end="1260.00" id="D1_3_0" nVehContrib="3" flow="360.00" occupancy="3.38" speed="12.50" harmonicMeanSpeed="12.08" length="5.00" nVehEntered="2"/>
    <interval begin="1260.00" end="1290.00" id="D1_3_0" nVehContrib="3" flow="360.00" occupancy="7.65" speed="8.02" harmonicMeanSpeed="6.54" length="5.00" nVehEntered="3"/>
    <interval begin="1290.00" end="1320.00" id="D1_3_0" nVehContrib="5" flow="600.00" occupancy="4.72" speed="18.03" harmonicMeanSpeed="17.67" length="5.00" nVehEntered="5"/>
    <interval begin="1320.00" end="1350.00" id="D1_3_0" nVehContrib="2" flow="240.00" occupancy="8.12" speed="9.33" harmonicMeanSpeed="9.14" length="5.00" nVehEntered="3"/>
    <interval begin="1350.00" end="1380.00" id="D1_3_0" nVehContrib="3" flow="360.00" occupancy="3.89" speed="8.45" harmonicMeanSpeed="5.98" length="5.00" nVehEntered="2"/>
    <interval begin="1380.00" end="1410.00" id="D1_3_0" nVehContrib="5" flow="600.00" occupancy="4.73" speed="18.06" harmonicMeanSpeed="17.62" length="5.00" nVehEntered="5"/>
    <interval begin="1410.00" end="1440.00" id="D1_3_0" nVehContrib="3" flow="360.00" occupancy="8.12" speed="8.11" harmonicMeanSpeed="6.16" length="5.00" nVehEntered="3"/>
    <interval begin="1440.00" end="1470.00" id="D1_3_0" nVehContrib="3" flow="360.00" occupancy="6.02" speed="12.18" harmonicMeanSpeed="8.31" length="5.00" nVehEntered="3"/>
    <interval begin="1470.00" end="1500.00" id="D1_3_0" nVehContrib="5" flow="600.00" occupancy="4.77" speed="17.77" harmonicMeanSpeed="17.46" length="5.00" nVehEntered="5"/>
    <interval begin="1500.00" end="1530.00" id="D1_3_0" nVehContrib="2" flow="240.00" occupancy="3.23" speed="10.47" harmonicMeanSpeed="10.32" length="5.00" nVehEntered="2"/>
    <interval begin="1530.00" end="1560.00" id="D1_3_0" nVehContrib="4" flow="480.00" occupancy="4.83" speed="15.96" harmonicMeanSpeed="13.82" length="5.00" nVehEntered="4"/>
    <interval begin="1560.00" end="1590.00" id="D1_3_0" nVehContrib="4" flow="480.00" occupancy="4.04" speed="16.88" harmonicMeanSpeed="16.51" length="5.00" nVehEntered="4"/>
    <interval begin="1590.00" end="1620.00" id="D1_3_0" nVehContrib="3" flow="360.00" occupancy="7.65" speed="8.24" harmonicMeanSpeed="6.53" length="5.00" nVehEntered="3"/>
    <interval begin="1620.00" end="1650.00" id="D1_3_0" nVehContrib="4" flow="480.00" occupancy="4.37" speed="17.05" harmonicMeanSpeed="15.26" length="5.00" nVehEntered="4"/>
    <interval begin="1650.00" end="1680.00" id="D1_3_0" nVehContrib="4" flow="480.00" occupancy="4.50" speed="15.34" harmonicMeanSpeed="14.81" length="5.00" nVehEntered="4"/>
    <interval begin="1680.00" end="1710.00" id="D1_3_0" nVehContrib="2" flow="240.00" occupancy="7.15" speed="5.96" harmonicMeanSpeed="4.66" length="5.00" nVehEntered="2"/>
    <interval begin="1710.00" end="1740.00" id="D1_3_0" nVehContrib="4" flow="480.00" occupancy="4.44" speed="17.43" harmonicMeanSpeed="15.01" length="5.00" nVehEntered="4"/>
    <interval begin="1740.00" end="1770.00" id="D1_3_0" nVehContrib="4" flow="480.00" occupancy="4.29" speed="15.90" harmonicMeanSpeed="15.56" length="5.00" nVehEntered="4"/>
    <interval begin="1770.00" end="1800.00" id="D1_3_0" nVehContrib="3" flow="360.00" occupancy="13.86" speed="6.26" harmonicMeanSpeed="3.61" length="5.00" nVehEntered="3"/>
    <interval begin="1800.00" end="1830.00" id="D1_3_0" nVehContrib="3" flow="360.00" occupancy="2.23" speed="22.50" harmonicMeanSpeed="22.41" length="5.00" nVehEntered="3"/>
    <interval begin="1830.00" end="1860.00" id="D1_3_0" nVehContrib="4" flow="480.00" occupancy="3.77" speed="17.85" harmonicMeanSpeed="17.69" length="5.00" nVehEntered="4"/>
    <interval begin="1860.00" end="1890.00" id="D1_3_0" nVehContrib="3" flow="360.00" occupancy="5.44" speed="9.36" harmonicMeanSpeed="9.19" length="5.00" nVehEntered="3"/>
    <interval begin="1890.00" end="1920.00" id="D1_3_0" nVehContrib="5" flow="600.00" occupancy="5.32" speed="17.37" harmonicMeanSpeed="15.66" length="5.00" nVehEntered="5"/>
    <interval begin="1920.00" end="1950.00" id="D1_3_0" nVehContrib="3" flow="360.00" occupancy="4.36" speed="12.10" harmonicMeanSpeed="11.47" length="5.00" nVehEntered="3"/>
    <interval begin="1950.00" end="1980.00" id="D1_3_0" nVehContrib="3" flow="360.00" occupancy="12.10" speed="4.63" harmonicMeanSpeed="4.13" length="5.00" nVehEntered="3"/>
    <interval begin="1980.00" end="2010.00" id="D1_3_0" nVehContrib="5" flow="600.00" occupancy="4.84" speed="17.35" harmonicMeanSpeed="17.22" length="5.00" nVehEntered="5"/>
    <interval begin="2010.00" end="2040.00" id="D1_3_0" nVehContrib="2" flow="240.00" occupancy="3.29" speed="10.41" harmonicMeanSpeed="10.14" length="5.00" nVehEntered="2"/>
    <interval begin="2040.00" end="2070.00" id="D1_3_0" nVehContrib="3" flow="360.00" occupancy="14.50" speed="4.00" harmonicMeanSpeed="3.45" length="5.00" nVehEntered="3"/>
    <interval begin="2070.00" end="2100.00" id="D1_3_0" nVehContrib="5" flow="600.00" occupancy="5.34" speed="16.22" harmonicMeanSpeed="15.60" length="5.00" nVehEntered="5"/>
    <interval begin="2100.00" end="2130.00" id="D1_3_0" nVehContrib="2" flow="240.00" occupancy="6.12" speed="6.46" harmonicMeanSpeed="5.45" length="5.00" nVehEntered="2"/>
    <interval begin="2130.00" end="2160.00" id="D1_3_0" nVehContrib="3" flow="360.00" occupancy="14.17" speed="3.72" harmonicMeanSpeed="3.53" length="5.00" nVehEntered="3"/>
    <interval begin="2160.00" end="2190.00" id="D1_3_0" nVehContrib="5" flow="600.00" occupancy="4.58" speed="18.89" harmonicMeanSpeed="18.20" length="5.00" nVehEntered="5"/>
    <interval begin="2190.00" end="2220.00" id="D1_3_0" nVehContrib="3" flow="360.00" occupancy="4.58" speed="11.40" harmonicMeanSpeed="10.92" length="5.00" nVehEntered="3"/>
    <interval begin="2220.00" end="2250.00" id="D1_3_0" nVehContrib="3" flow="360.00" occupancy="11.16" speed="4.82" harmonicMeanSpeed="4.48" length="5.00" nVehEntered="3"/>
    <interval begin="2250.00" end="2280.00" id="D1_3_0" nVehContrib="5" flow="600.00" occupancy="5.60" speed="15.47" harmonicMeanSpeed="14.88" length="5.00" nVehEntered="5"/>
    <interval begin="2280.00" end="2310.00" id="D1_3_0" nVehContrib="2" flow="240.00" occupancy="8.95" speed="5.86" harmonicMeanSpeed="3.73" length="5.00" nVehEntered="2"/>
    <interval begin="2310.00" end="2340.00" id="D1_3_0" nVehContrib="4" flow="480.00" occupancy="14.23" speed="8.02" harmonicMeanSpeed="4.69" length="5.00" nVehEntered="4"/>
    <interval begin="2340.00" end="2370.00" id="D1_3_0" nVehContrib="4" flow="480.00" occupancy="4.62" speed="14.60" harmonicMeanSpeed="14.44" length="5.00" nVehEntered="4"/>
    <interval begin="2370.00" end="2400.00" id="D1_3_0" nVehContrib="2" flow="240.00" occupancy="8.36" speed="6.04" harmonicMeanSpeed="3.99" length="5.00" nVehEntered="2"/>
    <interval begin="2400.00" end="2430.00" id="D1_3_0" nVehContrib="5" flow="600.00" occupancy="9.45" speed="14.36" harmonicMeanSpeed="8.81" length="5.00" nVehEntered="5"/>
    <interval begin="2430.00" end="2460.00" id="D1_3_0" nVehContrib="4" flow="480.00" occupancy="3.58" speed="18.64" harmonicMeanSpeed="18.61" length="5.00" nVehEntered="4"/>
    <interval begin="2460.00" end="2490.00" id="D1_3_0" nVehContrib="2" flow="240.00" occupancy="2.35" speed="14.24" harmonicMeanSpeed="14.21" length="5.00" nVehEntered="2"/>
    <interval begin="2490.00" end="2520.00" id="D1_3_0" nVehContrib="4" flow="480.00" occupancy="3.14" speed="21.45" harmonicMeanSpeed="21.23" length="5.00" nVehEntered="4"/>
    <interval begin="2520.00" end="2550.00" id="D1_3_0" nVehContrib="4" flow="480.00" occupancy="3.33" speed="20.34" harmonicMeanSpeed="20.00" length="5.00" nVehEntered="4"/>
    <interval begin="2550.00" end="2580.00" id="D1_3_0" nVehContrib="3" flow="360.00" occupancy="3.24" speed="15.55" harmonicMeanSpeed="15.44" length="5.00" nVehEntered="3"/>
    <interval begin="2580.00" end="2610.00" id="D1_3_0" nVehContrib="5" flow="600.00" occupancy="3.76" speed="22.18" harmonicMeanSpeed="22.16" length="5.00" nVehEntered="5"/>
    <interval begin="2610.00" end="2640.00" id="D1_3_0" nVehContrib="2" flow="240.00" occupancy="1.87" speed="17.82" harmonicMeanSpeed="17.78" length="5.00" nVehEntered="2"/>
    <interval begin="2640.00" end="2670.00" id="D1_3_0" nVehContrib="4" flow="480.00" occupancy="3.63" speed="19.53" harmonicMeanSpeed="18.38" length="5.00" nVehEntered="4"/>
    <interval begin="2670.00" end="2700.00" id="D1_3_0" nVehContrib="4" flow="480.00" occupancy="2.86" speed="23.34" harmonicMeanSpeed="23.33" length="5.00" nVehEntered="4"/>
    <interval begin="2700.00" end="2730.00" id="D1_3_0" nVehContrib="3" flow="360.00" occupancy="2.59" speed="19.42" harmonicMeanSpeed="19.33" length="5.00" nVehEntered="3"/>
    <interval begin="2730.00" end="2760.00" id="D1_3_0" nVehContrib="4" flow="480.00" occupancy="3.09" speed="21.98" harmonicMeanSpeed="21.60" length="5.00" nVehEntered="4"/>
    <interval begin="2760.00" end="2790.00" id="D1_3_0" nVehContrib="4" flow="480.00" occupancy="2.96" speed="22.52" harmonicMeanSpeed="22.52" length="5.00" nVehEntered="4"/>
    <interval begin="2790.00" end="2820.00" id="D1_3_0" nVehContrib="2" flow="240.00" occupancy="1.75" speed="19.08" harmonicMeanSpeed="19.05" length="5.00" nVehEntered="2"/>
    <interval begin="2820.00" end="2850.00" id="D1_3_0" nVehContrib="5" flow="600.00" occupancy="3.78" speed="22.21" harmonicMeanSpeed="22.03" length="5.00" nVehEntered="5"/>
    <interval begin="2850.00" end="2880.00" id="D1_3_0" nVehContrib="3" flow="360.00" occupancy="2.23" speed="22.45" harmonicMeanSpeed="22.45" length="5.00" nVehEntered="3"/>
    <interval begin="2880.00" end="2910.00" id="D1_3_0" nVehContrib="3" flow="360.00" occupancy="2.60" speed="19.35" harmonicMeanSpeed="19.25" length="5.00" nVehEntered="3"/>
    <interval begin="2910.00" end="2940.00" id="D1_3_0" nVehContrib="4" flow="480.00" occupancy="3.31" speed="20.78" harmonicMeanSpeed="20.15" length="5.00" nVehEntered="4"/>
    <interval begin="2940.00" end="2970.00" id="D1_3_0" nVehContrib="3" flow="360.00" occupancy="2.22" speed="22.57" harmonicMeanSpeed="22.53" length="5.00" nVehEntered="3"/>
    <interval begin="2970.00" end="3000.00" id="D1_3_0" nVehContrib="3" flow="360.00" occupancy="2.81" speed="17.82" harmonicMeanSpeed="17.81" length="5.00" nVehEntered="3"/>
    <interval begin="3000.00" end="3030.00" id="D1_3_0" nVehContrib="4" flow="480.00" occupancy="3.27" speed="20.75" harmonicMeanSpeed="20.40" length="5.00" nVehEntered="4"/>
    <interval begin="3030.00" end="3060.00" id="D1_3_0" nVehContrib="4" flow="480.00" occupancy="3.17" speed="21.11" harmonicMeanSpeed="21.01" length="5.00" nVehEntered="4"/>
    <interval begin="3060.00" end="3090.00" id="D1_3_0" nVehContrib="3" flow="360.00" occupancy="2.98" speed="17.04" harmonicMeanSpeed="16.77" length="5.00" nVehEntered="3"/>
    <interval begin="3090.00" end="3120.00" id="D1_3_0" nVehContrib="4" flow="480.00" occupancy="3.35" speed="20.28" harmonicMeanSpeed="19.93" length="5.00" nVehEntered="4"/>
    <interval begin="3120.00" end="3150.00" id="D1_3_0" nVehContrib="3" flow="360.00" occupancy="2.32" speed="21.53" harmonicMeanSpeed="21.51" length="5.00" nVehEntered="3"/>
    <interval begin="3150.00" end="3180.00" id="D1_3_0" nVehContrib="3" flow="360.00" occupancy="2.71" speed="18.62" harmonicMeanSpeed="18.44" length="5.00" nVehEntered="3"/>
    <interval begin="3180.00" end="3210.00" id="D1_3_0" nVehContrib="4" flow="480.00" occupancy="2.88" speed="23.15" harmonicMeanSpeed="23.13" length="5.00" nVehEntered="4"/>
    <interval begin="3210.00" end="3240.00" id="D1_3_0" nVehContrib="4" flow="480.00" occupancy="3.00" speed="22.28" harmonicMeanSpeed="22.22" length="5.00" nVehEntered="4"/>
    <interval begin="3240.00" end="3270.00" id="D1_3_0" nVehContrib="2" flow="240.00" occupancy="1.88" speed="17.87" harmonicMeanSpeed="17.69" length="5.00" nVehEntered="2"/>
    <interval begin="3270.00" end="3300.00" id="D1_3_0" nVehContrib="5" flow="600.00" occupancy="3.66" speed="22.78" harmonicMeanSpeed="22.77" length="5.00" nVehEntered="5"/>
    <interval begin="3300.00" end="3330.00" id="D1_3_0" nVehContrib="3" flow="360.00" occupancy="2.41" speed="20.77" harmonicMeanSpeed="20.72" length="5.00" nVehEntered="3"/>
    <interval begin="3330.00" end="3360.00" id="D1_3_0" nVehContrib="2" flow="240.00" occupancy="2.00" speed="16.64" harmonicMeanSpeed="16.63" length="5.00" nVehEntered="2"/>
    <interval begin="3360.00" end="3390.00" id="D1_3_0" nVehContrib="5" flow="600.00" occupancy="3.86" speed="21.72" harmonicMeanSpeed="21.60" length="5.00" nVehEntered="5"/>
    <interval begin="3390.00" end="3420.00" id="D1_3_0" nVehContrib="3" flow="360.00" occupancy="2.91" speed="17.48" harmonicMeanSpeed="17.20" length="5.00" nVehEntered="3"/>
    <interval begin="3420.00" end="3450.00" id="D1_3_0" nVehContrib="4" flow="480.00" occupancy="6.86" speed="9.90" harmonicMeanSpeed="9.71" length="5.00" nVehEntered="4"/>
    <interval begin="3450.00" end="3480.00" id="D1_3_0" nVehContrib="4" flow="480.00" occupancy="3.36" speed="19.93" harmonicMeanSpeed="19.85" length="5.00" nVehEntered="4"/>
    <interval begin="3480.00" end="3510.00" id="D1_3_0" nVehContrib="3" flow="360.00" occupancy="3.59" speed="14.40" harmonicMeanSpeed="13.92" length="5.00" nVehEntered="3"/>
    <interval begin="3510.00" end="3540.00" id="D1_3_0" nVehContrib="4" flow="480.00" occupancy="13.93" speed="6.69" harmonicMeanSpeed="4.79" length="5.00" nVehEntered="4"/>
    <interval begin="3540.00" end="3570.00" id="D1_3_0" nVehContrib="3" flow="360.00" occupancy="2.99" speed="17.55" harmonicMeanSpeed="16.70" length="5.00" nVehEntered="3"/>
    <interval begin="3570.00" end="3600.00" id="D1_3_0" nVehContrib="3" flow="360.00" occupancy="2.98" speed="16.80" harmonicMeanSpeed="16.75" length="5.00" nVehEntered="3"/>
    <interval begin="3600.00" end="3630.00" id="D1_3_0" nVehContrib="1" flow="120.00" occupancy="1.45" speed="11.48" harmonicMeanSpeed="11.48" length="5.00" nVehEntered="1"/>
    <interval begin="3630.00" end="3640.00" id="D1_3_0" nVehContrib="0" flow="0.00" occupancy="0.00" speed="-1.00" harmonicMeanSpeed="-1.00" length="-1.00" nVehEntered="0"/>
</detector>
