<?xml version="1.0" encoding="UTF-8"?>

<!-- generated on 01/24/20 13:57:31 by Eclipse SUMO GUI Version 1.3.1
<configuration xmlns:xsi="http://www.w3.org/2001/XMLSchema-instance" xsi:noNamespaceSchemaLocation="http://sumo.dlr.de/xsd/sumoConfiguration.xsd">

    <input>
        <net-file value="gnet.net.xml"/>
        <route-files value="grou.rou.xml"/>
        <additional-files value="gadd.additional.xml"/>
    </input>

    <output>
        <queue-output value="Queue.xml"/>
        <summary-output value="Summary.xml"/>
    </output>

    <time>
        <begin value="0"/>
        <end value="3600"/>
    </time>

    <processing>
        <time-to-teleport value="3600"/>
    </processing>

    <traci_server>
        <remote-port value="13929"/>
    </traci_server>

    <gui_only>
        <gui-settings-file value="gview.view.xml"/>
        <quit-on-end value="true"/>
        <start value="true"/>
    </gui_only>

</configuration>
-->

<detector xmlns:xsi="http://www.w3.org/2001/XMLSchema-instance" xsi:noNamespaceSchemaLocation="http://sumo.dlr.de/xsd/det_e1_file.xsd">
    <interval begin="0.00" end="30.00" id="D2_1_0" nVehContrib="0" flow="0.00" occupancy="0.00" speed="-1.00" harmonicMeanSpeed="-1.00" length="-1.00" nVehEntered="0"/>
    <interval begin="30.00" end="60.00" id="D2_1_0" nVehContrib="1" flow="120.00" occupancy="0.88" speed="19.02" harmonicMeanSpeed="19.02" length="5.00" nVehEntered="1"/>
    <interval begin="60.00" end="90.00" id="D2_1_0" nVehContrib="7" flow="840.00" occupancy="5.39" speed="21.80" harmonicMeanSpeed="21.63" length="5.00" nVehEntered="7"/>
    <interval begin="90.00" end="120.00" id="D2_1_0" nVehContrib="0" flow="0.00" occupancy="0.00" speed="-1.00" harmonicMeanSpeed="-1.00" length="-1.00" nVehEntered="0"/>
    <interval begin="120.00" end="150.00" id="D2_1_0" nVehContrib="3" flow="360.00" occupancy="2.54" speed="19.70" harmonicMeanSpeed="19.67" length="5.00" nVehEntered="3"/>
    <interval begin="150.00" end="180.00" id="D2_1_0" nVehContrib="8" flow="960.00" occupancy="6.09" speed="21.95" harmonicMeanSpeed="21.88" length="5.00" nVehEntered="8"/>
    <interval begin="180.00" end="210.00" id="D2_1_0" nVehContrib="0" flow="0.00" occupancy="0.00" speed="-1.00" harmonicMeanSpeed="-1.00" length="-1.00" nVehEntered="0"/>
    <interval begin="210.00" end="240.00" id="D2_1_0" nVehContrib="4" flow="480.00" occupancy="3.27" speed="20.40" harmonicMeanSpeed="20.38" length="5.00" nVehEntered="4"/>
    <interval begin="240.00" end="270.00" id="D2_1_0" nVehContrib="6" flow="720.00" occupancy="4.66" speed="21.55" harmonicMeanSpeed="21.48" length="5.00" nVehEntered="6"/>
    <interval begin="270.00" end="300.00" id="D2_1_0" nVehContrib="0" flow="0.00" occupancy="0.00" speed="-1.00" harmonicMeanSpeed="-1.00" length="-1.00" nVehEntered="0"/>
    <interval begin="300.00" end="330.00" id="D2_1_0" nVehContrib="8" flow="960.00" occupancy="6.29" speed="21.23" harmonicMeanSpeed="21.19" length="5.00" nVehEntered="8"/>
    <interval begin="330.00" end="360.00" id="D2_1_0" nVehContrib="3" flow="360.00" occupancy="2.30" speed="22.12" harmonicMeanSpeed="21.72" length="5.00" nVehEntered="3"/>
    <interval begin="360.00" end="390.00" id="D2_1_0" nVehContrib="1" flow="120.00" occupancy="0.86" speed="19.47" harmonicMeanSpeed="19.47" length="5.00" nVehEntered="1"/>
    <interval begin="390.00" end="420.00" id="D2_1_0" nVehContrib="6" flow="720.00" occupancy="4.48" speed="22.44" harmonicMeanSpeed="22.30" length="5.00" nVehEntered="6"/>
    <interval begin="420.00" end="450.00" id="D2_1_0" nVehContrib="3" flow="360.00" occupancy="2.20" speed="23.37" harmonicMeanSpeed="22.75" length="5.00" nVehEntered="3"/>
    <interval begin="450.00" end="480.00" id="D2_1_0" nVehContrib="3" flow="360.00" occupancy="2.56" speed="19.54" harmonicMeanSpeed="19.52" length="5.00" nVehEntered="3"/>
    <interval begin="480.00" end="510.00" id="D2_1_0" nVehContrib="7" flow="840.00" occupancy="5.52" speed="21.20" harmonicMeanSpeed="21.12" length="5.00" nVehEntered="7"/>
    <interval begin="510.00" end="540.00" id="D2_1_0" nVehContrib="1" flow="120.00" occupancy="0.58" speed="28.61" harmonicMeanSpeed="28.61" length="5.00" nVehEntered="1"/>
    <interval begin="540.00" end="570.00" id="D2_1_0" nVehContrib="2" flow="240.00" occupancy="1.64" speed="20.31" harmonicMeanSpeed="20.31" length="5.00" nVehEntered="2"/>
    <interval begin="570.00" end="600.00" id="D2_1_0" nVehContrib="8" flow="960.00" occupancy="5.83" speed="23.44" harmonicMeanSpeed="22.86" length="5.00" nVehEntered="8"/>
    <interval begin="600.00" end="630.00" id="D2_1_0" nVehContrib="0" flow="0.00" occupancy="0.00" speed="-1.00" harmonicMeanSpeed="-1.00" length="-1.00" nVehEntered="0"/>
    <interval begin="630.00" end="660.00" id="D2_1_0" nVehContrib="3" flow="360.00" occupancy="2.43" speed="20.57" harmonicMeanSpeed="20.56" length="5.00" nVehEntered="3"/>
    <interval begin="660.00" end="690.00" id="D2_1_0" nVehContrib="8" flow="960.00" occupancy="5.90" speed="23.29" harmonicMeanSpeed="22.59" length="5.00" nVehEntered="8"/>
    <interval begin="690.00" end="720.00" id="D2_1_0" nVehContrib="0" flow="0.00" occupancy="0.00" speed="-1.00" harmonicMeanSpeed="-1.00" length="-1.00" nVehEntered="0"/>
    <interval begin="720.00" end="750.00" id="D2_1_0" nVehContrib="4" flow="480.00" occupancy="3.29" speed="20.31" harmonicMeanSpeed="20.27" length="5.00" nVehEntered="4"/>
    <interval begin="750.00" end="780.00" id="D2_1_0" nVehContrib="6" flow="720.00" occupancy="4.18" speed="24.64" harmonicMeanSpeed="23.92" length="5.00" nVehEntered="6"/>
    <interval begin="780.00" end="810.00" id="D2_1_0" nVehContrib="0" flow="0.00" occupancy="0.00" speed="-1.00" harmonicMeanSpeed="-1.00" length="-1.00" nVehEntered="0"/>
    <interval begin="810.00" end="840.00" id="D2_1_0" nVehContrib="6" flow="720.00" occupancy="4.93" speed="20.29" harmonicMeanSpeed="20.28" length="5.00" nVehEntered="6"/>
    <interval begin="840.00" end="870.00" id="D2_1_0" nVehContrib="5" flow="600.00" occupancy="3.79" speed="22.20" harmonicMeanSpeed="21.99" length="5.00" nVehEntered="5"/>
    <interval begin="870.00" end="900.00" id="D2_1_0" nVehContrib="0" flow="0.00" occupancy="0.00" speed="-1.00" harmonicMeanSpeed="-1.00" length="-1.00" nVehEntered="0"/>
    <interval begin="900.00" end="930.00" id="D2_1_0" nVehContrib="6" flow="720.00" occupancy="4.69" speed="21.36" harmonicMeanSpeed="21.30" length="5.00" nVehEntered="6"/>
    <interval begin="930.00" end="960.00" id="D2_1_0" nVehContrib="4" flow="480.00" occupancy="3.19" speed="20.97" harmonicMeanSpeed="20.90" length="5.00" nVehEntered="4"/>
    <interval begin="960.00" end="990.00" id="D2_1_0" nVehContrib="0" flow="0.00" occupancy="0.00" speed="-1.00" harmonicMeanSpeed="-1.00" length="-1.00" nVehEntered="0"/>
    <interval begin="990.00" end="1020.00" id="D2_1_0" nVehContrib="8" flow="960.00" occupancy="6.28" speed="21.35" harmonicMeanSpeed="21.25" length="5.00" nVehEntered="8"/>
    <interval begin="1020.00" end="1050.00" id="D2_1_0" nVehContrib="3" flow="360.00" occupancy="2.48" speed="20.19" harmonicMeanSpeed="20.17" length="5.00" nVehEntered="3"/>
    <interval begin="1050.00" end="1080.00" id="D2_1_0" nVehContrib="2" flow="240.00" occupancy="1.74" speed="19.17" harmonicMeanSpeed="19.15" length="5.00" nVehEntered="2"/>
    <interval begin="1080.00" end="1110.00" id="D2_1_0" nVehContrib="5" flow="600.00" occupancy="3.83" speed="21.80" harmonicMeanSpeed="21.75" length="5.00" nVehEntered="5"/>
    <interval begin="1110.00" end="1140.00" id="D2_1_0" nVehContrib="3" flow="360.00" occupancy="2.39" speed="20.97" harmonicMeanSpeed="20.90" length="5.00" nVehEntered="3"/>
    <interval begin="1140.00" end="1170.00" id="D2_1_0" nVehContrib="2" flow="240.00" occupancy="2.16" speed="19.95" harmonicMeanSpeed="19.95" length="5.00" nVehEntered="3"/>
    <interval begin="1170.00" end="1200.00" id="D2_1_0" nVehContrib="7" flow="840.00" occupancy="4.84" speed="21.96" harmonicMeanSpeed="21.91" length="5.00" nVehEntered="6"/>
    <interval begin="1200.00" end="1230.00" id="D2_1_0" nVehContrib="2" flow="240.00" occupancy="1.58" speed="21.07" harmonicMeanSpeed="21.06" length="5.00" nVehEntered="2"/>
    <interval begin="1230.00" end="1260.00" id="D2_1_0" nVehContrib="2" flow="240.00" occupancy="1.75" speed="19.09" harmonicMeanSpeed="19.03" length="5.00" nVehEntered="2"/>
    <interval begin="1260.00" end="1290.00" id="D2_1_0" nVehContrib="8" flow="960.00" occupancy="6.48" speed="20.61" harmonicMeanSpeed="20.56" length="5.00" nVehEntered="8"/>
    <interval begin="1290.00" end="1320.00" id="D2_1_0" nVehContrib="1" flow="120.00" occupancy="0.49" speed="33.74" harmonicMeanSpeed="33.74" length="5.00" nVehEntered="1"/>
    <interval begin="1320.00" end="1350.00" id="D2_1_0" nVehContrib="3" flow="360.00" occupancy="2.53" speed="19.82" harmonicMeanSpeed="19.78" length="5.00" nVehEntered="3"/>
    <interval begin="1350.00" end="1380.00" id="D2_1_0" nVehContrib="8" flow="960.00" occupancy="6.03" speed="22.45" harmonicMeanSpeed="22.10" length="5.00" nVehEntered="8"/>
    <interval begin="1380.00" end="1410.00" id="D2_1_0" nVehContrib="0" flow="0.00" occupancy="0.00" speed="-1.00" harmonicMeanSpeed="-1.00" length="-1.00" nVehEntered="0"/>
    <interval begin="1410.00" end="1440.00" id="D2_1_0" nVehContrib="2" flow="240.00" occupancy="1.69" speed="19.73" harmonicMeanSpeed="19.72" length="5.00" nVehEntered="2"/>
    <interval begin="1440.00" end="1470.00" id="D2_1_0" nVehContrib="8" flow="960.00" occupancy="5.94" speed="22.82" harmonicMeanSpeed="22.46" length="5.00" nVehEntered="8"/>
    <interval begin="1470.00" end="1500.00" id="D2_1_0" nVehContrib="0" flow="0.00" occupancy="0.00" speed="-1.00" harmonicMeanSpeed="-1.00" length="-1.00" nVehEntered="0"/>
    <interval begin="1500.00" end="1530.00" id="D2_1_0" nVehContrib="3" flow="360.00" occupancy="2.46" speed="20.30" harmonicMeanSpeed="20.30" length="5.00" nVehEntered="3"/>
    <interval begin="1530.00" end="1560.00" id="D2_1_0" nVehContrib="8" flow="960.00" occupancy="6.12" speed="22.07" harmonicMeanSpeed="21.77" length="5.00" nVehEntered="8"/>
    <interval begin="1560.00" end="1590.00" id="D2_1_0" nVehContrib="0" flow="0.00" occupancy="0.00" speed="-1.00" harmonicMeanSpeed="-1.00" length="-1.00" nVehEntered="0"/>
    <interval begin="1590.00" end="1620.00" id="D2_1_0" nVehContrib="3" flow="360.00" occupancy="2.59" speed="19.37" harmonicMeanSpeed="19.28" length="5.00" nVehEntered="3"/>
    <interval begin="1620.00" end="1650.00" id="D2_1_0" nVehContrib="7" flow="840.00" occupancy="5.31" speed="21.98" harmonicMeanSpeed="21.95" length="5.00" nVehEntered="7"/>
    <interval begin="1650.00" end="1680.00" id="D2_1_0" nVehContrib="0" flow="0.00" occupancy="0.00" speed="-1.00" harmonicMeanSpeed="-1.00" length="-1.00" nVehEntered="0"/>
    <interval begin="1680.00" end="1710.00" id="D2_1_0" nVehContrib="6" flow="720.00" occupancy="4.94" speed="20.32" harmonicMeanSpeed="20.23" length="5.00" nVehEntered="6"/>
    <interval begin="1710.00" end="1740.00" id="D2_1_0" nVehContrib="5" flow="600.00" occupancy="3.86" speed="21.67" harmonicMeanSpeed="21.58" length="5.00" nVehEntered="5"/>
    <interval begin="1740.00" end="1770.00" id="D2_1_0" nVehContrib="0" flow="0.00" occupancy="0.00" speed="-1.00" harmonicMeanSpeed="-1.00" length="-1.00" nVehEntered="0"/>
    <interval begin="1770.00" end="1800.00" id="D2_1_0" nVehContrib="8" flow="960.00" occupancy="6.19" speed="21.73" harmonicMeanSpeed="21.53" length="5.00" nVehEntered="8"/>
    <interval begin="1800.00" end="1830.00" id="D2_1_0" nVehContrib="3" flow="360.00" occupancy="2.32" speed="21.66" harmonicMeanSpeed="21.57" length="5.00" nVehEntered="3"/>
    <interval begin="1830.00" end="1860.00" id="D2_1_0" nVehContrib="0" flow="0.00" occupancy="0.00" speed="-1.00" harmonicMeanSpeed="-1.00" length="-1.00" nVehEntered="0"/>
    <interval begin="1860.00" end="1890.00" id="D2_1_0" nVehContrib="7" flow="840.00" occupancy="5.48" speed="21.46" harmonicMeanSpeed="21.28" length="5.00" nVehEntered="7"/>
    <interval begin="1890.00" end="1920.00" id="D2_1_0" nVehContrib="3" flow="360.00" occupancy="2.39" speed="20.92" harmonicMeanSpeed="20.90" length="5.00" nVehEntered="3"/>
    <interval begin="1920.00" end="1950.00" id="D2_1_0" nVehContrib="2" flow="240.00" occupancy="1.67" speed="19.99" harmonicMeanSpeed="19.98" length="5.00" nVehEntered="2"/>
    <interval begin="1950.00" end="1980.00" id="D2_1_0" nVehContrib="6" flow="720.00" occupancy="4.72" speed="21.21" harmonicMeanSpeed="21.19" length="5.00" nVehEntered="6"/>
    <interval begin="1980.00" end="2010.00" id="D2_1_0" nVehContrib="3" flow="360.00" occupancy="2.42" speed="20.67" harmonicMeanSpeed="20.65" length="5.00" nVehEntered="3"/>
    <interval begin="2010.00" end="2040.00" id="D2_1_0" nVehContrib="2" flow="240.00" occupancy="1.62" speed="20.61" harmonicMeanSpeed="20.60" length="5.00" nVehEntered="2"/>
    <interval begin="2040.00" end="2070.00" id="D2_1_0" nVehContrib="6" flow="720.00" occupancy="4.40" speed="22.79" harmonicMeanSpeed="22.75" length="5.00" nVehEntered="6"/>
    <interval begin="2070.00" end="2100.00" id="D2_1_0" nVehContrib="3" flow="360.00" occupancy="2.05" speed="26.01" harmonicMeanSpeed="24.41" length="5.00" nVehEntered="3"/>
    <interval begin="2100.00" end="2130.00" id="D2_1_0" nVehContrib="3" flow="360.00" occupancy="2.56" speed="19.58" harmonicMeanSpeed="19.56" length="5.00" nVehEntered="3"/>
    <interval begin="2130.00" end="2160.00" id="D2_1_0" nVehContrib="7" flow="840.00" occupancy="5.18" speed="22.54" harmonicMeanSpeed="22.52" length="5.00" nVehEntered="7"/>
    <interval begin="2160.00" end="2190.00" id="D2_1_0" nVehContrib="1" flow="120.00" occupancy="0.44" speed="38.08" harmonicMeanSpeed="38.08" length="5.00" nVehEntered="1"/>
    <interval begin="2190.00" end="2220.00" id="D2_1_0" nVehContrib="2" flow="240.00" occupancy="1.67" speed="20.00" harmonicMeanSpeed="20.00" length="5.00" nVehEntered="2"/>
    <interval begin="2220.00" end="2250.00" id="D2_1_0" nVehContrib="8" flow="960.00" occupancy="5.69" speed="24.12" harmonicMeanSpeed="23.43" length="5.00" nVehEntered="8"/>
    <interval begin="2250.00" end="2280.00" id="D2_1_0" nVehContrib="0" flow="0.00" occupancy="0.00" speed="-1.00" harmonicMeanSpeed="-1.00" length="-1.00" nVehEntered="0"/>
    <interval begin="2280.00" end="2310.00" id="D2_1_0" nVehContrib="3" flow="360.00" occupancy="2.56" speed="19.53" harmonicMeanSpeed="19.52" length="5.00" nVehEntered="3"/>
    <interval begin="2310.00" end="2340.00" id="D2_1_0" nVehContrib="8" flow="960.00" occupancy="6.08" speed="22.12" harmonicMeanSpeed="21.94" length="5.00" nVehEntered="8"/>
    <interval begin="2340.00" end="2370.00" id="D2_1_0" nVehContrib="0" flow="0.00" occupancy="0.00" speed="-1.00" harmonicMeanSpeed="-1.00" length="-1.00" nVehEntered="0"/>
    <interval begin="2370.00" end="2400.00" id="D2_1_0" nVehContrib="2" flow="240.00" occupancy="1.70" speed="19.63" harmonicMeanSpeed="19.60" length="5.00" nVehEntered="2"/>
    <interval begin="2400.00" end="2430.00" id="D2_1_0" nVehContrib="8" flow="960.00" occupancy="6.16" speed="21.99" harmonicMeanSpeed="21.63" length="5.00" nVehEntered="8"/>
    <interval begin="2430.00" end="2460.00" id="D2_1_0" nVehContrib="0" flow="0.00" occupancy="0.00" speed="-1.00" harmonicMeanSpeed="-1.00" length="-1.00" nVehEntered="0"/>
    <interval begin="2460.00" end="2490.00" id="D2_1_0" nVehContrib="4" flow="480.00" occupancy="3.31" speed="20.18" harmonicMeanSpeed="20.16" length="5.00" nVehEntered="4"/>
    <interval begin="2490.00" end="2520.00" id="D2_1_0" nVehContrib="7" flow="840.00" occupancy="4.79" speed="24.95" harmonicMeanSpeed="24.34" length="5.00" nVehEntered="7"/>
    <interval begin="2520.00" end="2550.00" id="D2_1_0" nVehContrib="0" flow="0.00" occupancy="0.00" speed="-1.00" harmonicMeanSpeed="-1.00" length="-1.00" nVehEntered="0"/>
    <interval begin="2550.00" end="2580.00" id="D2_1_0" nVehContrib="4" flow="480.00" occupancy="3.18" speed="21.01" harmonicMeanSpeed="21.00" length="5.00" nVehEntered="4"/>
    <interval begin="2580.00" end="2610.00" id="D2_1_0" nVehContrib="6" flow="720.00" occupancy="4.02" speed="25.59" harmonicMeanSpeed="24.86" length="5.00" nVehEntered="6"/>
    <interval begin="2610.00" end="2640.00" id="D2_1_0" nVehContrib="0" flow="0.00" occupancy="0.00" speed="-1.00" harmonicMeanSpeed="-1.00" length="-1.00" nVehEntered="0"/>
    <interval begin="2640.00" end="2670.00" id="D2_1_0" nVehContrib="8" flow="960.00" occupancy="6.22" speed="21.53" harmonicMeanSpeed="21.42" length="5.00" nVehEntered="8"/>
    <interval begin="2670.00" end="2700.00" id="D2_1_0" nVehContrib="3" flow="360.00" occupancy="1.85" speed="27.93" harmonicMeanSpeed="26.98" length="5.00" nVehEntered="3"/>
    <interval begin="2700.00" end="2730.00" id="D2_1_0" nVehContrib="0" flow="0.00" occupancy="0.00" speed="-1.00" harmonicMeanSpeed="-1.00" length="-1.00" nVehEntered="0"/>
    <interval begin="2730.00" end="2760.00" id="D2_1_0" nVehContrib="9" flow="1080.00" occupancy="6.91" speed="21.95" harmonicMeanSpeed="21.70" length="5.00" nVehEntered="9"/>
    <interval begin="2760.00" end="2790.00" id="D2_1_0" nVehContrib="1" flow="120.00" occupancy="0.56" speed="29.86" harmonicMeanSpeed="29.86" length="5.00" nVehEntered="1"/>
    <interval begin="2790.00" end="2820.00" id="D2_1_0" nVehContrib="2" flow="240.00" occupancy="1.61" speed="20.70" harmonicMeanSpeed="20.67" length="5.00" nVehEntered="2"/>
    <interval begin="2820.00" end="2850.00" id="D2_1_0" nVehContrib="9" flow="1080.00" occupancy="6.80" speed="22.34" harmonicMeanSpeed="22.07" length="5.00" nVehEntered="9"/>
    <interval begin="2850.00" end="2880.00" id="D2_1_0" nVehContrib="0" flow="0.00" occupancy="0.00" speed="-1.00" harmonicMeanSpeed="-1.00" length="-1.00" nVehEntered="0"/>
    <interval begin="2880.00" end="2910.00" id="D2_1_0" nVehContrib="2" flow="240.00" occupancy="1.66" speed="20.14" harmonicMeanSpeed="20.12" length="5.00" nVehEntered="2"/>
    <interval begin="2910.00" end="2940.00" id="D2_1_0" nVehContrib="8" flow="960.00" occupancy="5.77" speed="23.29" harmonicMeanSpeed="23.11" length="5.00" nVehEntered="8"/>
    <interval begin="2940.00" end="2970.00" id="D2_1_0" nVehContrib="0" flow="0.00" occupancy="0.00" speed="-1.00" harmonicMeanSpeed="-1.00" length="-1.00" nVehEntered="0"/>
    <interval begin="2970.00" end="3000.00" id="D2_1_0" nVehContrib="3" flow="360.00" occupancy="2.71" speed="18.53" harmonicMeanSpeed="18.44" length="5.00" nVehEntered="3"/>
    <interval begin="3000.00" end="3030.00" id="D2_1_0" nVehContrib="8" flow="960.00" occupancy="5.84" speed="22.94" harmonicMeanSpeed="22.84" length="5.00" nVehEntered="8"/>
    <interval begin="3030.00" end="3060.00" id="D2_1_0" nVehContrib="1" flow="120.00" occupancy="0.51" speed="32.78" harmonicMeanSpeed="32.78" length="5.00" nVehEntered="1"/>
    <interval begin="3060.00" end="3090.00" id="D2_1_0" nVehContrib="2" flow="240.00" occupancy="1.65" speed="20.19" harmonicMeanSpeed="20.16" length="5.00" nVehEntered="2"/>
    <interval begin="3090.00" end="3120.00" id="D2_1_0" nVehContrib="9" flow="1080.00" occupancy="6.41" speed="23.73" harmonicMeanSpeed="23.40" length="5.00" nVehEntered="9"/>
    <interval begin="3120.00" end="3150.00" id="D2_1_0" nVehContrib="0" flow="0.00" occupancy="0.00" speed="-1.00" harmonicMeanSpeed="-1.00" length="-1.00" nVehEntered="0"/>
    <interval begin="3150.00" end="3180.00" id="D2_1_0" nVehContrib="2" flow="240.00" occupancy="1.69" speed="19.75" harmonicMeanSpeed="19.75" length="5.00" nVehEntered="2"/>
    <interval begin="3180.00" end="3210.00" id="D2_1_0" nVehContrib="8" flow="960.00" occupancy="5.74" speed="23.72" harmonicMeanSpeed="23.24" length="5.00" nVehEntered="8"/>
    <interval begin="3210.00" end="3240.00" id="D2_1_0" nVehContrib="0" flow="0.00" occupancy="0.00" speed="-1.00" harmonicMeanSpeed="-1.00" length="-1.00" nVehEntered="0"/>
    <interval begin="3240.00" end="3270.00" id="D2_1_0" nVehContrib="3" flow="360.00" occupancy="2.47" speed="20.25" harmonicMeanSpeed="20.23" length="5.00" nVehEntered="3"/>
    <interval begin="3270.00" end="3300.00" id="D2_1_0" nVehContrib="8" flow="960.00" occupancy="5.96" speed="22.49" harmonicMeanSpeed="22.35" length="5.00" nVehEntered="8"/>
    <interval begin="3300.00" end="3330.00" id="D2_1_0" nVehContrib="0" flow="0.00" occupancy="0.00" speed="-1.00" harmonicMeanSpeed="-1.00" length="-1.00" nVehEntered="0"/>
    <interval begin="3330.00" end="3360.00" id="D2_1_0" nVehContrib="4" flow="480.00" occupancy="3.27" speed="20.40" harmonicMeanSpeed="20.38" length="5.00" nVehEntered="4"/>
    <interval begin="3360.00" end="3390.00" id="D2_1_0" nVehContrib="6" flow="720.00" occupancy="4.35" speed="23.14" harmonicMeanSpeed="22.97" length="5.00" nVehEntered="6"/>
    <interval begin="3390.00" end="3420.00" id="D2_1_0" nVehContrib="0" flow="0.00" occupancy="0.00" speed="-1.00" harmonicMeanSpeed="-1.00" length="-1.00" nVehEntered="0"/>
    <interval begin="3420.00" end="3450.00" id="D2_1_0" nVehContrib="6" flow="720.00" occupancy="4.94" speed="20.47" harmonicMeanSpeed="20.44" length="5.00" nVehEntered="7"/>
    <interval begin="3450.00" end="3480.00" id="D2_1_0" nVehContrib="5" flow="600.00" occupancy="3.45" speed="24.11" harmonicMeanSpeed="23.83" length="5.00" nVehEntered="4"/>
    <interval begin="3480.00" end="3510.00" id="D2_1_0" nVehContrib="0" flow="0.00" occupancy="0.00" speed="-1.00" harmonicMeanSpeed="-1.00" length="-1.00" nVehEntered="0"/>
    <interval begin="3510.00" end="3540.00" id="D2_1_0" nVehContrib="7" flow="840.00" occupancy="5.88" speed="20.71" harmonicMeanSpeed="20.66" length="5.00" nVehEntered="8"/>
    <interval begin="3540.00" end="3570.00" id="D2_1_0" nVehContrib="4" flow="480.00" occupancy="2.33" speed="26.71" harmonicMeanSpeed="25.94" length="5.00" nVehEntered="3"/>
    <interval begin="3570.00" end="3600.00" id="D2_1_0" nVehContrib="0" flow="0.00" occupancy="0.00" speed="-1.00" harmonicMeanSpeed="-1.00" length="-1.00" nVehEntered="0"/>
    <interval begin="3600.00" end="3630.00" id="D2_1_0" nVehContrib="8" flow="960.00" occupancy="6.32" speed="21.26" harmonicMeanSpeed="21.10" length="5.00" nVehEntered="8"/>
    <interval begin="3630.00" end="3640.00" id="D2_1_0" nVehContrib="0" flow="0.00" occupancy="0.00" speed="-1.00" harmonicMeanSpeed="-1.00" length="-1.00" nVehEntered="0"/>
</detector>
