<?xml version="1.0" encoding="UTF-8"?>

<!-- generated on 01/24/20 13:57:31 by Eclipse SUMO GUI Version 1.3.1
<configuration xmlns:xsi="http://www.w3.org/2001/XMLSchema-instance" xsi:noNamespaceSchemaLocation="http://sumo.dlr.de/xsd/sumoConfiguration.xsd">

    <input>
        <net-file value="gnet.net.xml"/>
        <route-files value="grou.rou.xml"/>
        <additional-files value="gadd.additional.xml"/>
    </input>

    <output>
        <queue-output value="Queue.xml"/>
        <summary-output value="Summary.xml"/>
    </output>

    <time>
        <begin value="0"/>
        <end value="3600"/>
    </time>

    <processing>
        <time-to-teleport value="3600"/>
    </processing>

    <traci_server>
        <remote-port value="13929"/>
    </traci_server>

    <gui_only>
        <gui-settings-file value="gview.view.xml"/>
        <quit-on-end value="true"/>
        <start value="true"/>
    </gui_only>

</configuration>
-->

<detector xmlns:xsi="http://www.w3.org/2001/XMLSchema-instance" xsi:noNamespaceSchemaLocation="http://sumo.dlr.de/xsd/det_e1_file.xsd">
    <interval begin="0.00" end="30.00" id="D3_1_0" nVehContrib="0" flow="0.00" occupancy="0.00" speed="-1.00" harmonicMeanSpeed="-1.00" length="-1.00" nVehEntered="0"/>
    <interval begin="30.00" end="60.00" id="D3_1_0" nVehContrib="1" flow="120.00" occupancy="0.81" speed="20.60" harmonicMeanSpeed="20.60" length="5.00" nVehEntered="1"/>
    <interval begin="60.00" end="90.00" id="D3_1_0" nVehContrib="7" flow="840.00" occupancy="5.13" speed="22.76" harmonicMeanSpeed="22.74" length="5.00" nVehEntered="7"/>
    <interval begin="90.00" end="120.00" id="D3_1_0" nVehContrib="0" flow="0.00" occupancy="0.00" speed="-1.00" harmonicMeanSpeed="-1.00" length="-1.00" nVehEntered="0"/>
    <interval begin="120.00" end="150.00" id="D3_1_0" nVehContrib="3" flow="360.00" occupancy="2.38" speed="21.04" harmonicMeanSpeed="21.03" length="5.00" nVehEntered="3"/>
    <interval begin="150.00" end="180.00" id="D3_1_0" nVehContrib="7" flow="840.00" occupancy="5.04" speed="23.23" harmonicMeanSpeed="23.14" length="5.00" nVehEntered="7"/>
    <interval begin="180.00" end="210.00" id="D3_1_0" nVehContrib="0" flow="0.00" occupancy="0.00" speed="-1.00" harmonicMeanSpeed="-1.00" length="-1.00" nVehEntered="0"/>
    <interval begin="210.00" end="240.00" id="D3_1_0" nVehContrib="5" flow="600.00" occupancy="4.04" speed="20.64" harmonicMeanSpeed="20.62" length="5.00" nVehEntered="5"/>
    <interval begin="240.00" end="270.00" id="D3_1_0" nVehContrib="6" flow="720.00" occupancy="4.47" speed="22.41" harmonicMeanSpeed="22.38" length="5.00" nVehEntered="6"/>
    <interval begin="270.00" end="300.00" id="D3_1_0" nVehContrib="0" flow="0.00" occupancy="0.00" speed="-1.00" harmonicMeanSpeed="-1.00" length="-1.00" nVehEntered="0"/>
    <interval begin="300.00" end="330.00" id="D3_1_0" nVehContrib="5" flow="600.00" occupancy="4.15" speed="20.12" harmonicMeanSpeed="20.09" length="5.00" nVehEntered="5"/>
    <interval begin="330.00" end="360.00" id="D3_1_0" nVehContrib="6" flow="720.00" occupancy="4.48" speed="22.38" harmonicMeanSpeed="22.33" length="5.00" nVehEntered="6"/>
    <interval begin="360.00" end="390.00" id="D3_1_0" nVehContrib="2" flow="240.00" occupancy="1.72" speed="19.40" harmonicMeanSpeed="19.38" length="5.00" nVehEntered="2"/>
    <interval begin="390.00" end="420.00" id="D3_1_0" nVehContrib="2" flow="240.00" occupancy="1.59" speed="21.06" harmonicMeanSpeed="21.02" length="5.00" nVehEntered="2"/>
    <interval begin="420.00" end="450.00" id="D3_1_0" nVehContrib="6" flow="720.00" occupancy="4.27" speed="23.50" harmonicMeanSpeed="23.44" length="5.00" nVehEntered="6"/>
    <interval begin="450.00" end="480.00" id="D3_1_0" nVehContrib="3" flow="360.00" occupancy="2.42" speed="20.65" harmonicMeanSpeed="20.62" length="5.00" nVehEntered="3"/>
    <interval begin="480.00" end="510.00" id="D3_1_0" nVehContrib="4" flow="480.00" occupancy="3.12" speed="21.38" harmonicMeanSpeed="21.36" length="5.00" nVehEntered="4"/>
    <interval begin="510.00" end="540.00" id="D3_1_0" nVehContrib="4" flow="480.00" occupancy="2.90" speed="23.01" harmonicMeanSpeed="22.98" length="5.00" nVehEntered="4"/>
    <interval begin="540.00" end="570.00" id="D3_1_0" nVehContrib="2" flow="240.00" occupancy="1.79" speed="18.61" harmonicMeanSpeed="18.61" length="5.00" nVehEntered="2"/>
    <interval begin="570.00" end="600.00" id="D3_1_0" nVehContrib="6" flow="720.00" occupancy="4.47" speed="22.36" harmonicMeanSpeed="22.35" length="5.00" nVehEntered="6"/>
    <interval begin="600.00" end="630.00" id="D3_1_0" nVehContrib="1" flow="120.00" occupancy="0.67" speed="25.05" harmonicMeanSpeed="25.05" length="5.00" nVehEntered="1"/>
    <interval begin="630.00" end="660.00" id="D3_1_0" nVehContrib="3" flow="360.00" occupancy="2.45" speed="20.40" harmonicMeanSpeed="20.39" length="5.00" nVehEntered="3"/>
    <interval begin="660.00" end="690.00" id="D3_1_0" nVehContrib="8" flow="960.00" occupancy="5.90" speed="22.69" harmonicMeanSpeed="22.60" length="5.00" nVehEntered="8"/>
    <interval begin="690.00" end="720.00" id="D3_1_0" nVehContrib="0" flow="0.00" occupancy="0.00" speed="-1.00" harmonicMeanSpeed="-1.00" length="-1.00" nVehEntered="0"/>
    <interval begin="720.00" end="750.00" id="D3_1_0" nVehContrib="4" flow="480.00" occupancy="3.22" speed="20.73" harmonicMeanSpeed="20.68" length="5.00" nVehEntered="4"/>
    <interval begin="750.00" end="780.00" id="D3_1_0" nVehContrib="6" flow="720.00" occupancy="4.56" speed="22.00" harmonicMeanSpeed="21.95" length="5.00" nVehEntered="6"/>
    <interval begin="780.00" end="810.00" id="D3_1_0" nVehContrib="0" flow="0.00" occupancy="0.00" speed="-1.00" harmonicMeanSpeed="-1.00" length="-1.00" nVehEntered="0"/>
    <interval begin="810.00" end="840.00" id="D3_1_0" nVehContrib="6" flow="720.00" occupancy="4.75" speed="21.08" harmonicMeanSpeed="21.06" length="5.00" nVehEntered="6"/>
    <interval begin="840.00" end="870.00" id="D3_1_0" nVehContrib="6" flow="720.00" occupancy="4.28" speed="23.39" harmonicMeanSpeed="23.37" length="5.00" nVehEntered="6"/>
    <interval begin="870.00" end="900.00" id="D3_1_0" nVehContrib="0" flow="0.00" occupancy="0.00" speed="-1.00" harmonicMeanSpeed="-1.00" length="-1.00" nVehEntered="0"/>
    <interval begin="900.00" end="930.00" id="D3_1_0" nVehContrib="5" flow="600.00" occupancy="4.01" speed="20.87" harmonicMeanSpeed="20.80" length="5.00" nVehEntered="5"/>
    <interval begin="930.00" end="960.00" id="D3_1_0" nVehContrib="6" flow="720.00" occupancy="4.52" speed="22.20" harmonicMeanSpeed="22.13" length="5.00" nVehEntered="6"/>
    <interval begin="960.00" end="990.00" id="D3_1_0" nVehContrib="0" flow="0.00" occupancy="0.16" speed="-1.00" harmonicMeanSpeed="-1.00" length="-1.00" nVehEntered="1"/>
    <interval begin="990.00" end="1020.00" id="D3_1_0" nVehContrib="4" flow="480.00" occupancy="3.03" speed="20.91" harmonicMeanSpeed="20.90" length="5.00" nVehEntered="3"/>
    <interval begin="1020.00" end="1050.00" id="D3_1_0" nVehContrib="6" flow="720.00" occupancy="4.36" speed="22.97" harmonicMeanSpeed="22.91" length="5.00" nVehEntered="6"/>
    <interval begin="1050.00" end="1080.00" id="D3_1_0" nVehContrib="2" flow="240.00" occupancy="1.65" speed="20.23" harmonicMeanSpeed="20.19" length="5.00" nVehEntered="2"/>
    <interval begin="1080.00" end="1110.00" id="D3_1_0" nVehContrib="3" flow="360.00" occupancy="2.43" speed="20.63" harmonicMeanSpeed="20.61" length="5.00" nVehEntered="3"/>
    <interval begin="1110.00" end="1140.00" id="D3_1_0" nVehContrib="6" flow="720.00" occupancy="4.20" speed="23.83" harmonicMeanSpeed="23.78" length="5.00" nVehEntered="6"/>
    <interval begin="1140.00" end="1170.00" id="D3_1_0" nVehContrib="2" flow="240.00" occupancy="1.65" speed="20.21" harmonicMeanSpeed="20.21" length="5.00" nVehEntered="2"/>
    <interval begin="1170.00" end="1200.00" id="D3_1_0" nVehContrib="2" flow="240.00" occupancy="1.59" speed="20.98" harmonicMeanSpeed="20.94" length="5.00" nVehEntered="2"/>
    <interval begin="1200.00" end="1230.00" id="D3_1_0" nVehContrib="5" flow="600.00" occupancy="3.91" speed="21.38" harmonicMeanSpeed="21.33" length="5.00" nVehEntered="5"/>
    <interval begin="1230.00" end="1260.00" id="D3_1_0" nVehContrib="3" flow="360.00" occupancy="2.49" speed="20.13" harmonicMeanSpeed="20.12" length="5.00" nVehEntered="3"/>
    <interval begin="1260.00" end="1290.00" id="D3_1_0" nVehContrib="5" flow="600.00" occupancy="3.79" speed="22.07" harmonicMeanSpeed="21.97" length="5.00" nVehEntered="5"/>
    <interval begin="1290.00" end="1320.00" id="D3_1_0" nVehContrib="3" flow="360.00" occupancy="2.14" speed="23.35" harmonicMeanSpeed="23.33" length="5.00" nVehEntered="3"/>
    <interval begin="1320.00" end="1350.00" id="D3_1_0" nVehContrib="2" flow="240.00" occupancy="1.65" speed="20.26" harmonicMeanSpeed="20.21" length="5.00" nVehEntered="2"/>
    <interval begin="1350.00" end="1380.00" id="D3_1_0" nVehContrib="7" flow="840.00" occupancy="5.25" speed="22.27" harmonicMeanSpeed="22.23" length="5.00" nVehEntered="7"/>
    <interval begin="1380.00" end="1410.00" id="D3_1_0" nVehContrib="1" flow="120.00" occupancy="0.74" speed="22.62" harmonicMeanSpeed="22.62" length="5.00" nVehEntered="1"/>
    <interval begin="1410.00" end="1440.00" id="D3_1_0" nVehContrib="3" flow="360.00" occupancy="2.52" speed="19.91" harmonicMeanSpeed="19.87" length="5.00" nVehEntered="3"/>
    <interval begin="1440.00" end="1470.00" id="D3_1_0" nVehContrib="9" flow="1080.00" occupancy="6.83" speed="22.02" harmonicMeanSpeed="21.98" length="5.00" nVehEntered="9"/>
    <interval begin="1470.00" end="1500.00" id="D3_1_0" nVehContrib="0" flow="0.00" occupancy="0.00" speed="-1.00" harmonicMeanSpeed="-1.00" length="-1.00" nVehEntered="0"/>
    <interval begin="1500.00" end="1530.00" id="D3_1_0" nVehContrib="3" flow="360.00" occupancy="2.44" speed="20.55" harmonicMeanSpeed="20.53" length="5.00" nVehEntered="3"/>
    <interval begin="1530.00" end="1560.00" id="D3_1_0" nVehContrib="8" flow="960.00" occupancy="5.81" speed="23.06" harmonicMeanSpeed="22.95" length="5.00" nVehEntered="8"/>
    <interval begin="1560.00" end="1590.00" id="D3_1_0" nVehContrib="0" flow="0.00" occupancy="0.00" speed="-1.00" harmonicMeanSpeed="-1.00" length="-1.00" nVehEntered="0"/>
    <interval begin="1590.00" end="1620.00" id="D3_1_0" nVehContrib="4" flow="480.00" occupancy="3.34" speed="19.99" harmonicMeanSpeed="19.99" length="5.00" nVehEntered="4"/>
    <interval begin="1620.00" end="1650.00" id="D3_1_0" nVehContrib="6" flow="720.00" occupancy="4.44" speed="22.56" harmonicMeanSpeed="22.55" length="5.00" nVehEntered="6"/>
    <interval begin="1650.00" end="1680.00" id="D3_1_0" nVehContrib="0" flow="0.00" occupancy="0.00" speed="-1.00" harmonicMeanSpeed="-1.00" length="-1.00" nVehEntered="0"/>
    <interval begin="1680.00" end="1710.00" id="D3_1_0" nVehContrib="5" flow="600.00" occupancy="4.09" speed="20.45" harmonicMeanSpeed="20.39" length="5.00" nVehEntered="5"/>
    <interval begin="1710.00" end="1740.00" id="D3_1_0" nVehContrib="6" flow="720.00" occupancy="4.30" speed="23.32" harmonicMeanSpeed="23.28" length="5.00" nVehEntered="6"/>
    <interval begin="1740.00" end="1770.00" id="D3_1_0" nVehContrib="0" flow="0.00" occupancy="0.00" speed="-1.00" harmonicMeanSpeed="-1.00" length="-1.00" nVehEntered="0"/>
    <interval begin="1770.00" end="1800.00" id="D3_1_0" nVehContrib="4" flow="480.00" occupancy="3.32" speed="20.17" harmonicMeanSpeed="20.09" length="5.00" nVehEntered="4"/>
    <interval begin="1800.00" end="1830.00" id="D3_1_0" nVehContrib="7" flow="840.00" occupancy="5.03" speed="23.22" harmonicMeanSpeed="23.21" length="5.00" nVehEntered="7"/>
    <interval begin="1830.00" end="1860.00" id="D3_1_0" nVehContrib="1" flow="120.00" occupancy="0.88" speed="18.96" harmonicMeanSpeed="18.96" length="5.00" nVehEntered="1"/>
    <interval begin="1860.00" end="1890.00" id="D3_1_0" nVehContrib="3" flow="360.00" occupancy="2.51" speed="19.96" harmonicMeanSpeed="19.91" length="5.00" nVehEntered="3"/>
    <interval begin="1890.00" end="1920.00" id="D3_1_0" nVehContrib="6" flow="720.00" occupancy="4.56" speed="21.92" harmonicMeanSpeed="21.91" length="5.00" nVehEntered="6"/>
    <interval begin="1920.00" end="1950.00" id="D3_1_0" nVehContrib="1" flow="120.00" occupancy="1.49" speed="20.50" harmonicMeanSpeed="20.50" length="5.00" nVehEntered="2"/>
    <interval begin="1950.00" end="1980.00" id="D3_1_0" nVehContrib="4" flow="480.00" occupancy="2.69" speed="19.89" harmonicMeanSpeed="19.79" length="5.00" nVehEntered="3"/>
    <interval begin="1980.00" end="2010.00" id="D3_1_0" nVehContrib="6" flow="720.00" occupancy="4.21" speed="23.77" harmonicMeanSpeed="23.73" length="5.00" nVehEntered="6"/>
    <interval begin="2010.00" end="2040.00" id="D3_1_0" nVehContrib="2" flow="240.00" occupancy="1.59" speed="21.04" harmonicMeanSpeed="21.02" length="5.00" nVehEntered="2"/>
    <interval begin="2040.00" end="2070.00" id="D3_1_0" nVehContrib="2" flow="240.00" occupancy="1.87" speed="21.48" harmonicMeanSpeed="21.47" length="5.00" nVehEntered="3"/>
    <interval begin="2070.00" end="2100.00" id="D3_1_0" nVehContrib="5" flow="600.00" occupancy="3.26" speed="23.32" harmonicMeanSpeed="23.28" length="5.00" nVehEntered="4"/>
    <interval begin="2100.00" end="2130.00" id="D3_1_0" nVehContrib="3" flow="360.00" occupancy="2.45" speed="20.42" harmonicMeanSpeed="20.40" length="5.00" nVehEntered="3"/>
    <interval begin="2130.00" end="2160.00" id="D3_1_0" nVehContrib="7" flow="840.00" occupancy="5.28" speed="22.13" harmonicMeanSpeed="22.09" length="5.00" nVehEntered="7"/>
    <interval begin="2160.00" end="2190.00" id="D3_1_0" nVehContrib="3" flow="360.00" occupancy="1.99" speed="25.23" harmonicMeanSpeed="25.17" length="5.00" nVehEntered="3"/>
    <interval begin="2190.00" end="2220.00" id="D3_1_0" nVehContrib="2" flow="240.00" occupancy="1.76" speed="18.91" harmonicMeanSpeed="18.91" length="5.00" nVehEntered="2"/>
    <interval begin="2220.00" end="2250.00" id="D3_1_0" nVehContrib="6" flow="720.00" occupancy="4.48" speed="22.34" harmonicMeanSpeed="22.30" length="5.00" nVehEntered="6"/>
    <interval begin="2250.00" end="2280.00" id="D3_1_0" nVehContrib="1" flow="120.00" occupancy="0.70" speed="23.88" harmonicMeanSpeed="23.88" length="5.00" nVehEntered="1"/>
    <interval begin="2280.00" end="2310.00" id="D3_1_0" nVehContrib="3" flow="360.00" occupancy="2.50" speed="19.99" harmonicMeanSpeed="19.98" length="5.00" nVehEntered="3"/>
    <interval begin="2310.00" end="2340.00" id="D3_1_0" nVehContrib="8" flow="960.00" occupancy="5.81" speed="22.99" harmonicMeanSpeed="22.93" length="5.00" nVehEntered="8"/>
    <interval begin="2340.00" end="2370.00" id="D3_1_0" nVehContrib="0" flow="0.00" occupancy="0.00" speed="-1.00" harmonicMeanSpeed="-1.00" length="-1.00" nVehEntered="0"/>
    <interval begin="2370.00" end="2400.00" id="D3_1_0" nVehContrib="3" flow="360.00" occupancy="2.48" speed="20.33" harmonicMeanSpeed="20.19" length="5.00" nVehEntered="3"/>
    <interval begin="2400.00" end="2430.00" id="D3_1_0" nVehContrib="9" flow="1080.00" occupancy="6.45" speed="23.32" harmonicMeanSpeed="23.26" length="5.00" nVehEntered="9"/>
    <interval begin="2430.00" end="2460.00" id="D3_1_0" nVehContrib="0" flow="0.00" occupancy="0.00" speed="-1.00" harmonicMeanSpeed="-1.00" length="-1.00" nVehEntered="0"/>
    <interval begin="2460.00" end="2490.00" id="D3_1_0" nVehContrib="4" flow="480.00" occupancy="3.22" speed="20.71" harmonicMeanSpeed="20.70" length="5.00" nVehEntered="4"/>
    <interval begin="2490.00" end="2520.00" id="D3_1_0" nVehContrib="7" flow="840.00" occupancy="4.99" speed="23.46" harmonicMeanSpeed="23.40" length="5.00" nVehEntered="7"/>
    <interval begin="2520.00" end="2550.00" id="D3_1_0" nVehContrib="0" flow="0.00" occupancy="0.00" speed="-1.00" harmonicMeanSpeed="-1.00" length="-1.00" nVehEntered="0"/>
    <interval begin="2550.00" end="2580.00" id="D3_1_0" nVehContrib="7" flow="840.00" occupancy="5.58" speed="20.98" harmonicMeanSpeed="20.92" length="5.00" nVehEntered="7"/>
    <interval begin="2580.00" end="2610.00" id="D3_1_0" nVehContrib="4" flow="480.00" occupancy="2.76" speed="24.19" harmonicMeanSpeed="24.13" length="5.00" nVehEntered="4"/>
    <interval begin="2610.00" end="2640.00" id="D3_1_0" nVehContrib="0" flow="0.00" occupancy="0.00" speed="-1.00" harmonicMeanSpeed="-1.00" length="-1.00" nVehEntered="0"/>
    <interval begin="2640.00" end="2670.00" id="D3_1_0" nVehContrib="8" flow="960.00" occupancy="6.19" speed="21.58" harmonicMeanSpeed="21.54" length="5.00" nVehEntered="8"/>
    <interval begin="2670.00" end="2700.00" id="D3_1_0" nVehContrib="3" flow="360.00" occupancy="2.04" speed="24.57" harmonicMeanSpeed="24.46" length="5.00" nVehEntered="3"/>
    <interval begin="2700.00" end="2730.00" id="D3_1_0" nVehContrib="1" flow="120.00" occupancy="0.81" speed="20.64" harmonicMeanSpeed="20.64" length="5.00" nVehEntered="1"/>
    <interval begin="2730.00" end="2760.00" id="D3_1_0" nVehContrib="9" flow="1080.00" occupancy="6.85" speed="22.12" harmonicMeanSpeed="21.89" length="5.00" nVehEntered="9"/>
    <interval begin="2760.00" end="2790.00" id="D3_1_0" nVehContrib="1" flow="120.00" occupancy="0.63" speed="26.64" harmonicMeanSpeed="26.64" length="5.00" nVehEntered="1"/>
    <interval begin="2790.00" end="2820.00" id="D3_1_0" nVehContrib="2" flow="240.00" occupancy="1.59" speed="20.99" harmonicMeanSpeed="20.98" length="5.00" nVehEntered="2"/>
    <interval begin="2820.00" end="2850.00" id="D3_1_0" nVehContrib="7" flow="840.00" occupancy="5.05" speed="23.37" harmonicMeanSpeed="23.09" length="5.00" nVehEntered="7"/>
    <interval begin="2850.00" end="2880.00" id="D3_1_0" nVehContrib="1" flow="120.00" occupancy="0.70" speed="23.88" harmonicMeanSpeed="23.88" length="5.00" nVehEntered="1"/>
    <interval begin="2880.00" end="2910.00" id="D3_1_0" nVehContrib="2" flow="240.00" occupancy="1.57" speed="21.20" harmonicMeanSpeed="21.19" length="5.00" nVehEntered="2"/>
    <interval begin="2910.00" end="2940.00" id="D3_1_0" nVehContrib="8" flow="960.00" occupancy="6.25" speed="21.46" harmonicMeanSpeed="21.35" length="5.00" nVehEntered="8"/>
    <interval begin="2940.00" end="2970.00" id="D3_1_0" nVehContrib="1" flow="120.00" occupancy="0.75" speed="22.25" harmonicMeanSpeed="22.25" length="5.00" nVehEntered="1"/>
    <interval begin="2970.00" end="3000.00" id="D3_1_0" nVehContrib="2" flow="240.00" occupancy="1.61" speed="20.67" harmonicMeanSpeed="20.67" length="5.00" nVehEntered="2"/>
    <interval begin="3000.00" end="3030.00" id="D3_1_0" nVehContrib="7" flow="840.00" occupancy="5.25" speed="22.32" harmonicMeanSpeed="22.24" length="5.00" nVehEntered="7"/>
    <interval begin="3030.00" end="3060.00" id="D3_1_0" nVehContrib="1" flow="120.00" occupancy="0.76" speed="21.95" harmonicMeanSpeed="21.95" length="5.00" nVehEntered="1"/>
    <interval begin="3060.00" end="3090.00" id="D3_1_0" nVehContrib="3" flow="360.00" occupancy="2.43" speed="20.56" harmonicMeanSpeed="20.55" length="5.00" nVehEntered="3"/>
    <interval begin="3090.00" end="3120.00" id="D3_1_0" nVehContrib="9" flow="1080.00" occupancy="6.45" speed="23.47" harmonicMeanSpeed="23.27" length="5.00" nVehEntered="9"/>
    <interval begin="3120.00" end="3150.00" id="D3_1_0" nVehContrib="0" flow="0.00" occupancy="0.00" speed="-1.00" harmonicMeanSpeed="-1.00" length="-1.00" nVehEntered="0"/>
    <interval begin="3150.00" end="3180.00" id="D3_1_0" nVehContrib="2" flow="240.00" occupancy="1.88" speed="17.70" harmonicMeanSpeed="17.69" length="5.00" nVehEntered="2"/>
    <interval begin="3180.00" end="3210.00" id="D3_1_0" nVehContrib="8" flow="960.00" occupancy="5.80" speed="23.31" harmonicMeanSpeed="22.98" length="5.00" nVehEntered="8"/>
    <interval begin="3210.00" end="3240.00" id="D3_1_0" nVehContrib="0" flow="0.00" occupancy="0.00" speed="-1.00" harmonicMeanSpeed="-1.00" length="-1.00" nVehEntered="0"/>
    <interval begin="3240.00" end="3270.00" id="D3_1_0" nVehContrib="3" flow="360.00" occupancy="2.45" speed="20.46" harmonicMeanSpeed="20.44" length="5.00" nVehEntered="3"/>
    <interval begin="3270.00" end="3300.00" id="D3_1_0" nVehContrib="8" flow="960.00" occupancy="5.53" speed="24.85" harmonicMeanSpeed="24.10" length="5.00" nVehEntered="8"/>
    <interval begin="3300.00" end="3330.00" id="D3_1_0" nVehContrib="0" flow="0.00" occupancy="0.00" speed="-1.00" harmonicMeanSpeed="-1.00" length="-1.00" nVehEntered="0"/>
    <interval begin="3330.00" end="3360.00" id="D3_1_0" nVehContrib="5" flow="600.00" occupancy="4.36" speed="19.18" harmonicMeanSpeed="19.11" length="5.00" nVehEntered="5"/>
    <interval begin="3360.00" end="3390.00" id="D3_1_0" nVehContrib="4" flow="480.00" occupancy="2.98" speed="22.43" harmonicMeanSpeed="22.40" length="5.00" nVehEntered="4"/>
    <interval begin="3390.00" end="3420.00" id="D3_1_0" nVehContrib="0" flow="0.00" occupancy="0.00" speed="-1.00" harmonicMeanSpeed="-1.00" length="-1.00" nVehEntered="0"/>
    <interval begin="3420.00" end="3450.00" id="D3_1_0" nVehContrib="5" flow="600.00" occupancy="4.01" speed="20.89" harmonicMeanSpeed="20.80" length="5.00" nVehEntered="5"/>
    <interval begin="3450.00" end="3480.00" id="D3_1_0" nVehContrib="5" flow="600.00" occupancy="3.38" speed="24.74" harmonicMeanSpeed="24.66" length="5.00" nVehEntered="5"/>
    <interval begin="3480.00" end="3510.00" id="D3_1_0" nVehContrib="0" flow="0.00" occupancy="0.00" speed="-1.00" harmonicMeanSpeed="-1.00" length="-1.00" nVehEntered="0"/>
    <interval begin="3510.00" end="3540.00" id="D3_1_0" nVehContrib="7" flow="840.00" occupancy="5.76" speed="20.88" harmonicMeanSpeed="20.81" length="5.00" nVehEntered="8"/>
    <interval begin="3540.00" end="3570.00" id="D3_1_0" nVehContrib="4" flow="480.00" occupancy="2.61" speed="24.21" harmonicMeanSpeed="24.17" length="5.00" nVehEntered="3"/>
    <interval begin="3570.00" end="3600.00" id="D3_1_0" nVehContrib="0" flow="0.00" occupancy="0.00" speed="-1.00" harmonicMeanSpeed="-1.00" length="-1.00" nVehEntered="0"/>
    <interval begin="3600.00" end="3630.00" id="D3_1_0" nVehContrib="10" flow="1200.00" occupancy="7.48" speed="22.45" harmonicMeanSpeed="22.29" length="5.00" nVehEntered="10"/>
    <interval begin="3630.00" end="3640.00" id="D3_1_0" nVehContrib="0" flow="0.00" occupancy="0.00" speed="-1.00" harmonicMeanSpeed="-1.00" length="-1.00" nVehEntered="0"/>
</detector>
