<?xml version="1.0" encoding="UTF-8"?>

<!-- generated on 01/24/20 13:57:31 by Eclipse SUMO GUI Version 1.3.1
<configuration xmlns:xsi="http://www.w3.org/2001/XMLSchema-instance" xsi:noNamespaceSchemaLocation="http://sumo.dlr.de/xsd/sumoConfiguration.xsd">

    <input>
        <net-file value="gnet.net.xml"/>
        <route-files value="grou.rou.xml"/>
        <additional-files value="gadd.additional.xml"/>
    </input>

    <output>
        <queue-output value="Queue.xml"/>
        <summary-output value="Summary.xml"/>
    </output>

    <time>
        <begin value="0"/>
        <end value="3600"/>
    </time>

    <processing>
        <time-to-teleport value="3600"/>
    </processing>

    <traci_server>
        <remote-port value="13929"/>
    </traci_server>

    <gui_only>
        <gui-settings-file value="gview.view.xml"/>
        <quit-on-end value="true"/>
        <start value="true"/>
    </gui_only>

</configuration>
-->

<detector xmlns:xsi="http://www.w3.org/2001/XMLSchema-instance" xsi:noNamespaceSchemaLocation="http://sumo.dlr.de/xsd/det_e1_file.xsd">
    <interval begin="0.00" end="30.00" id="D4_1_1" nVehContrib="0" flow="0.00" occupancy="0.00" speed="-1.00" harmonicMeanSpeed="-1.00" length="-1.00" nVehEntered="0"/>
    <interval begin="30.00" end="60.00" id="D4_1_1" nVehContrib="1" flow="120.00" occupancy="4.61" speed="3.62" harmonicMeanSpeed="3.62" length="5.00" nVehEntered="1"/>
    <interval begin="60.00" end="90.00" id="D4_1_1" nVehContrib="0" flow="0.00" occupancy="0.00" speed="-1.00" harmonicMeanSpeed="-1.00" length="-1.00" nVehEntered="0"/>
    <interval begin="90.00" end="120.00" id="D4_1_1" nVehContrib="0" flow="0.00" occupancy="0.00" speed="-1.00" harmonicMeanSpeed="-1.00" length="-1.00" nVehEntered="0"/>
    <interval begin="120.00" end="150.00" id="D4_1_1" nVehContrib="1" flow="120.00" occupancy="5.14" speed="3.24" harmonicMeanSpeed="3.24" length="5.00" nVehEntered="1"/>
    <interval begin="150.00" end="180.00" id="D4_1_1" nVehContrib="0" flow="0.00" occupancy="0.00" speed="-1.00" harmonicMeanSpeed="-1.00" length="-1.00" nVehEntered="0"/>
    <interval begin="180.00" end="210.00" id="D4_1_1" nVehContrib="0" flow="0.00" occupancy="0.00" speed="-1.00" harmonicMeanSpeed="-1.00" length="-1.00" nVehEntered="0"/>
    <interval begin="210.00" end="240.00" id="D4_1_1" nVehContrib="1" flow="120.00" occupancy="4.62" speed="3.61" harmonicMeanSpeed="3.61" length="5.00" nVehEntered="1"/>
    <interval begin="240.00" end="270.00" id="D4_1_1" nVehContrib="0" flow="0.00" occupancy="0.00" speed="-1.00" harmonicMeanSpeed="-1.00" length="-1.00" nVehEntered="0"/>
    <interval begin="270.00" end="300.00" id="D4_1_1" nVehContrib="0" flow="0.00" occupancy="0.00" speed="-1.00" harmonicMeanSpeed="-1.00" length="-1.00" nVehEntered="0"/>
    <interval begin="300.00" end="330.00" id="D4_1_1" nVehContrib="1" flow="120.00" occupancy="5.37" speed="3.10" harmonicMeanSpeed="3.10" length="5.00" nVehEntered="1"/>
    <interval begin="330.00" end="360.00" id="D4_1_1" nVehContrib="0" flow="0.00" occupancy="0.00" speed="-1.00" harmonicMeanSpeed="-1.00" length="-1.00" nVehEntered="0"/>
    <interval begin="360.00" end="390.00" id="D4_1_1" nVehContrib="0" flow="0.00" occupancy="0.00" speed="-1.00" harmonicMeanSpeed="-1.00" length="-1.00" nVehEntered="0"/>
    <interval begin="390.00" end="420.00" id="D4_1_1" nVehContrib="1" flow="120.00" occupancy="5.34" speed="3.12" harmonicMeanSpeed="3.12" length="5.00" nVehEntered="1"/>
    <interval begin="420.00" end="450.00" id="D4_1_1" nVehContrib="0" flow="0.00" occupancy="0.00" speed="-1.00" harmonicMeanSpeed="-1.00" length="-1.00" nVehEntered="0"/>
    <interval begin="450.00" end="480.00" id="D4_1_1" nVehContrib="0" flow="0.00" occupancy="0.00" speed="-1.00" harmonicMeanSpeed="-1.00" length="-1.00" nVehEntered="0"/>
    <interval begin="480.00" end="510.00" id="D4_1_1" nVehContrib="1" flow="120.00" occupancy="5.40" speed="3.09" harmonicMeanSpeed="3.09" length="5.00" nVehEntered="1"/>
    <interval begin="510.00" end="540.00" id="D4_1_1" nVehContrib="0" flow="0.00" occupancy="0.00" speed="-1.00" harmonicMeanSpeed="-1.00" length="-1.00" nVehEntered="0"/>
    <interval begin="540.00" end="570.00" id="D4_1_1" nVehContrib="1" flow="120.00" occupancy="5.85" speed="2.85" harmonicMeanSpeed="2.85" length="5.00" nVehEntered="1"/>
    <interval begin="570.00" end="600.00" id="D4_1_1" nVehContrib="0" flow="0.00" occupancy="0.00" speed="-1.00" harmonicMeanSpeed="-1.00" length="-1.00" nVehEntered="0"/>
    <interval begin="600.00" end="630.00" id="D4_1_1" nVehContrib="0" flow="0.00" occupancy="0.00" speed="-1.00" harmonicMeanSpeed="-1.00" length="-1.00" nVehEntered="0"/>
    <interval begin="630.00" end="660.00" id="D4_1_1" nVehContrib="1" flow="120.00" occupancy="5.30" speed="3.14" harmonicMeanSpeed="3.14" length="5.00" nVehEntered="1"/>
    <interval begin="660.00" end="690.00" id="D4_1_1" nVehContrib="0" flow="0.00" occupancy="0.00" speed="-1.00" harmonicMeanSpeed="-1.00" length="-1.00" nVehEntered="0"/>
    <interval begin="690.00" end="720.00" id="D4_1_1" nVehContrib="0" flow="0.00" occupancy="0.00" speed="-1.00" harmonicMeanSpeed="-1.00" length="-1.00" nVehEntered="0"/>
    <interval begin="720.00" end="750.00" id="D4_1_1" nVehContrib="1" flow="120.00" occupancy="5.48" speed="3.04" harmonicMeanSpeed="3.04" length="5.00" nVehEntered="1"/>
    <interval begin="750.00" end="780.00" id="D4_1_1" nVehContrib="0" flow="0.00" occupancy="0.00" speed="-1.00" harmonicMeanSpeed="-1.00" length="-1.00" nVehEntered="0"/>
    <interval begin="780.00" end="810.00" id="D4_1_1" nVehContrib="0" flow="0.00" occupancy="0.00" speed="-1.00" harmonicMeanSpeed="-1.00" length="-1.00" nVehEntered="0"/>
    <interval begin="810.00" end="840.00" id="D4_1_1" nVehContrib="1" flow="120.00" occupancy="4.86" speed="3.43" harmonicMeanSpeed="3.43" length="5.00" nVehEntered="1"/>
    <interval begin="840.00" end="870.00" id="D4_1_1" nVehContrib="0" flow="0.00" occupancy="0.00" speed="-1.00" harmonicMeanSpeed="-1.00" length="-1.00" nVehEntered="0"/>
    <interval begin="870.00" end="900.00" id="D4_1_1" nVehContrib="0" flow="0.00" occupancy="0.00" speed="-1.00" harmonicMeanSpeed="-1.00" length="-1.00" nVehEntered="0"/>
    <interval begin="900.00" end="930.00" id="D4_1_1" nVehContrib="1" flow="120.00" occupancy="5.71" speed="2.92" harmonicMeanSpeed="2.92" length="5.00" nVehEntered="1"/>
    <interval begin="930.00" end="960.00" id="D4_1_1" nVehContrib="0" flow="0.00" occupancy="0.00" speed="-1.00" harmonicMeanSpeed="-1.00" length="-1.00" nVehEntered="0"/>
    <interval begin="960.00" end="990.00" id="D4_1_1" nVehContrib="0" flow="0.00" occupancy="0.00" speed="-1.00" harmonicMeanSpeed="-1.00" length="-1.00" nVehEntered="0"/>
    <interval begin="990.00" end="1020.00" id="D4_1_1" nVehContrib="1" flow="120.00" occupancy="5.24" speed="3.18" harmonicMeanSpeed="3.18" length="5.00" nVehEntered="1"/>
    <interval begin="1020.00" end="1050.00" id="D4_1_1" nVehContrib="0" flow="0.00" occupancy="0.00" speed="-1.00" harmonicMeanSpeed="-1.00" length="-1.00" nVehEntered="0"/>
    <interval begin="1050.00" end="1080.00" id="D4_1_1" nVehContrib="0" flow="0.00" occupancy="0.00" speed="-1.00" harmonicMeanSpeed="-1.00" length="-1.00" nVehEntered="0"/>
    <interval begin="1080.00" end="1110.00" id="D4_1_1" nVehContrib="1" flow="120.00" occupancy="5.78" speed="2.88" harmonicMeanSpeed="2.88" length="5.00" nVehEntered="1"/>
    <interval begin="1110.00" end="1140.00" id="D4_1_1" nVehContrib="0" flow="0.00" occupancy="0.00" speed="-1.00" harmonicMeanSpeed="-1.00" length="-1.00" nVehEntered="0"/>
    <interval begin="1140.00" end="1170.00" id="D4_1_1" nVehContrib="0" flow="0.00" occupancy="0.00" speed="-1.00" harmonicMeanSpeed="-1.00" length="-1.00" nVehEntered="0"/>
    <interval begin="1170.00" end="1200.00" id="D4_1_1" nVehContrib="1" flow="120.00" occupancy="5.59" speed="2.98" harmonicMeanSpeed="2.98" length="5.00" nVehEntered="1"/>
    <interval begin="1200.00" end="1230.00" id="D4_1_1" nVehContrib="0" flow="0.00" occupancy="0.00" speed="-1.00" harmonicMeanSpeed="-1.00" length="-1.00" nVehEntered="0"/>
    <interval begin="1230.00" end="1260.00" id="D4_1_1" nVehContrib="0" flow="0.00" occupancy="2.21" speed="-1.00" harmonicMeanSpeed="-1.00" length="-1.00" nVehEntered="1"/>
    <interval begin="1260.00" end="1290.00" id="D4_1_1" nVehContrib="1" flow="120.00" occupancy="3.43" speed="2.95" harmonicMeanSpeed="2.95" length="5.00" nVehEntered="0"/>
    <interval begin="1290.00" end="1320.00" id="D4_1_1" nVehContrib="0" flow="0.00" occupancy="0.00" speed="-1.00" harmonicMeanSpeed="-1.00" length="-1.00" nVehEntered="0"/>
    <interval begin="1320.00" end="1350.00" id="D4_1_1" nVehContrib="1" flow="120.00" occupancy="5.77" speed="2.89" harmonicMeanSpeed="2.89" length="5.00" nVehEntered="1"/>
    <interval begin="1350.00" end="1380.00" id="D4_1_1" nVehContrib="0" flow="0.00" occupancy="0.00" speed="-1.00" harmonicMeanSpeed="-1.00" length="-1.00" nVehEntered="0"/>
    <interval begin="1380.00" end="1410.00" id="D4_1_1" nVehContrib="0" flow="0.00" occupancy="0.00" speed="-1.00" harmonicMeanSpeed="-1.00" length="-1.00" nVehEntered="0"/>
    <interval begin="1410.00" end="1440.00" id="D4_1_1" nVehContrib="1" flow="120.00" occupancy="5.15" speed="3.23" harmonicMeanSpeed="3.23" length="5.00" nVehEntered="1"/>
    <interval begin="1440.00" end="1470.00" id="D4_1_1" nVehContrib="0" flow="0.00" occupancy="0.00" speed="-1.00" harmonicMeanSpeed="-1.00" length="-1.00" nVehEntered="0"/>
    <interval begin="1470.00" end="1500.00" id="D4_1_1" nVehContrib="0" flow="0.00" occupancy="0.00" speed="-1.00" harmonicMeanSpeed="-1.00" length="-1.00" nVehEntered="0"/>
    <interval begin="1500.00" end="1530.00" id="D4_1_1" nVehContrib="1" flow="120.00" occupancy="5.16" speed="3.23" harmonicMeanSpeed="3.23" length="5.00" nVehEntered="1"/>
    <interval begin="1530.00" end="1560.00" id="D4_1_1" nVehContrib="0" flow="0.00" occupancy="0.00" speed="-1.00" harmonicMeanSpeed="-1.00" length="-1.00" nVehEntered="0"/>
    <interval begin="1560.00" end="1590.00" id="D4_1_1" nVehContrib="0" flow="0.00" occupancy="0.00" speed="-1.00" harmonicMeanSpeed="-1.00" length="-1.00" nVehEntered="0"/>
    <interval begin="1590.00" end="1620.00" id="D4_1_1" nVehContrib="1" flow="120.00" occupancy="6.10" speed="2.73" harmonicMeanSpeed="2.73" length="5.00" nVehEntered="1"/>
    <interval begin="1620.00" end="1650.00" id="D4_1_1" nVehContrib="0" flow="0.00" occupancy="0.00" speed="-1.00" harmonicMeanSpeed="-1.00" length="-1.00" nVehEntered="0"/>
    <interval begin="1650.00" end="1680.00" id="D4_1_1" nVehContrib="0" flow="0.00" occupancy="0.00" speed="-1.00" harmonicMeanSpeed="-1.00" length="-1.00" nVehEntered="0"/>
    <interval begin="1680.00" end="1710.00" id="D4_1_1" nVehContrib="1" flow="120.00" occupancy="5.39" speed="3.09" harmonicMeanSpeed="3.09" length="5.00" nVehEntered="1"/>
    <interval begin="1710.00" end="1740.00" id="D4_1_1" nVehContrib="0" flow="0.00" occupancy="0.00" speed="-1.00" harmonicMeanSpeed="-1.00" length="-1.00" nVehEntered="0"/>
    <interval begin="1740.00" end="1770.00" id="D4_1_1" nVehContrib="0" flow="0.00" occupancy="0.00" speed="-1.00" harmonicMeanSpeed="-1.00" length="-1.00" nVehEntered="0"/>
    <interval begin="1770.00" end="1800.00" id="D4_1_1" nVehContrib="1" flow="120.00" occupancy="4.84" speed="3.44" harmonicMeanSpeed="3.44" length="5.00" nVehEntered="1"/>
    <interval begin="1800.00" end="1830.00" id="D4_1_1" nVehContrib="0" flow="0.00" occupancy="0.00" speed="-1.00" harmonicMeanSpeed="-1.00" length="-1.00" nVehEntered="0"/>
    <interval begin="1830.00" end="1860.00" id="D4_1_1" nVehContrib="0" flow="0.00" occupancy="0.00" speed="-1.00" harmonicMeanSpeed="-1.00" length="-1.00" nVehEntered="0"/>
    <interval begin="1860.00" end="1890.00" id="D4_1_1" nVehContrib="1" flow="120.00" occupancy="5.76" speed="2.90" harmonicMeanSpeed="2.90" length="5.00" nVehEntered="1"/>
    <interval begin="1890.00" end="1920.00" id="D4_1_1" nVehContrib="0" flow="0.00" occupancy="0.00" speed="-1.00" harmonicMeanSpeed="-1.00" length="-1.00" nVehEntered="0"/>
    <interval begin="1920.00" end="1950.00" id="D4_1_1" nVehContrib="0" flow="0.00" occupancy="0.00" speed="-1.00" harmonicMeanSpeed="-1.00" length="-1.00" nVehEntered="0"/>
    <interval begin="1950.00" end="1980.00" id="D4_1_1" nVehContrib="1" flow="120.00" occupancy="4.75" speed="3.51" harmonicMeanSpeed="3.51" length="5.00" nVehEntered="1"/>
    <interval begin="1980.00" end="2010.00" id="D4_1_1" nVehContrib="0" flow="0.00" occupancy="0.00" speed="-1.00" harmonicMeanSpeed="-1.00" length="-1.00" nVehEntered="0"/>
    <interval begin="2010.00" end="2040.00" id="D4_1_1" nVehContrib="0" flow="0.00" occupancy="0.00" speed="-1.00" harmonicMeanSpeed="-1.00" length="-1.00" nVehEntered="0"/>
    <interval begin="2040.00" end="2070.00" id="D4_1_1" nVehContrib="1" flow="120.00" occupancy="5.40" speed="3.09" harmonicMeanSpeed="3.09" length="5.00" nVehEntered="1"/>
    <interval begin="2070.00" end="2100.00" id="D4_1_1" nVehContrib="0" flow="0.00" occupancy="0.00" speed="-1.00" harmonicMeanSpeed="-1.00" length="-1.00" nVehEntered="0"/>
    <interval begin="2100.00" end="2130.00" id="D4_1_1" nVehContrib="0" flow="0.00" occupancy="2.29" speed="-1.00" harmonicMeanSpeed="-1.00" length="-1.00" nVehEntered="1"/>
    <interval begin="2130.00" end="2160.00" id="D4_1_1" nVehContrib="1" flow="120.00" occupancy="2.56" speed="3.44" harmonicMeanSpeed="3.44" length="5.00" nVehEntered="0"/>
    <interval begin="2160.00" end="2190.00" id="D4_1_1" nVehContrib="0" flow="0.00" occupancy="0.00" speed="-1.00" harmonicMeanSpeed="-1.00" length="-1.00" nVehEntered="0"/>
    <interval begin="2190.00" end="2220.00" id="D4_1_1" nVehContrib="1" flow="120.00" occupancy="5.43" speed="3.07" harmonicMeanSpeed="3.07" length="5.00" nVehEntered="1"/>
    <interval begin="2220.00" end="2250.00" id="D4_1_1" nVehContrib="0" flow="0.00" occupancy="3.81" speed="-1.00" harmonicMeanSpeed="-1.00" length="-1.00" nVehEntered="1"/>
    <interval begin="2250.00" end="2280.00" id="D4_1_1" nVehContrib="0" flow="0.00" occupancy="100.00" speed="-1.00" harmonicMeanSpeed="-1.00" length="-1.00" nVehEntered="0"/>
    <interval begin="2280.00" end="2310.00" id="D4_1_1" nVehContrib="1" flow="120.00" occupancy="82.18" speed="0.09" harmonicMeanSpeed="0.09" length="5.00" nVehEntered="0"/>
    <interval begin="2310.00" end="2340.00" id="D4_1_1" nVehContrib="1" flow="120.00" occupancy="1.57" speed="10.63" harmonicMeanSpeed="10.63" length="5.00" nVehEntered="1"/>
    <interval begin="2340.00" end="2370.00" id="D4_1_1" nVehContrib="0" flow="0.00" occupancy="0.00" speed="-1.00" harmonicMeanSpeed="-1.00" length="-1.00" nVehEntered="0"/>
    <interval begin="2370.00" end="2400.00" id="D4_1_1" nVehContrib="0" flow="0.00" occupancy="0.00" speed="-1.00" harmonicMeanSpeed="-1.00" length="-1.00" nVehEntered="0"/>
    <interval begin="2400.00" end="2430.00" id="D4_1_1" nVehContrib="1" flow="120.00" occupancy="1.81" speed="9.19" harmonicMeanSpeed="9.19" length="5.00" nVehEntered="1"/>
    <interval begin="2430.00" end="2460.00" id="D4_1_1" nVehContrib="0" flow="0.00" occupancy="0.00" speed="-1.00" harmonicMeanSpeed="-1.00" length="-1.00" nVehEntered="0"/>
    <interval begin="2460.00" end="2490.00" id="D4_1_1" nVehContrib="0" flow="0.00" occupancy="0.00" speed="-1.00" harmonicMeanSpeed="-1.00" length="-1.00" nVehEntered="0"/>
    <interval begin="2490.00" end="2520.00" id="D4_1_1" nVehContrib="1" flow="120.00" occupancy="1.64" speed="10.14" harmonicMeanSpeed="10.14" length="5.00" nVehEntered="1"/>
    <interval begin="2520.00" end="2550.00" id="D4_1_1" nVehContrib="0" flow="0.00" occupancy="0.00" speed="-1.00" harmonicMeanSpeed="-1.00" length="-1.00" nVehEntered="0"/>
    <interval begin="2550.00" end="2580.00" id="D4_1_1" nVehContrib="0" flow="0.00" occupancy="0.00" speed="-1.00" harmonicMeanSpeed="-1.00" length="-1.00" nVehEntered="0"/>
    <interval begin="2580.00" end="2610.00" id="D4_1_1" nVehContrib="1" flow="120.00" occupancy="1.76" speed="9.46" harmonicMeanSpeed="9.46" length="5.00" nVehEntered="1"/>
    <interval begin="2610.00" end="2640.00" id="D4_1_1" nVehContrib="0" flow="0.00" occupancy="0.00" speed="-1.00" harmonicMeanSpeed="-1.00" length="-1.00" nVehEntered="0"/>
    <interval begin="2640.00" end="2670.00" id="D4_1_1" nVehContrib="0" flow="0.00" occupancy="0.00" speed="-1.00" harmonicMeanSpeed="-1.00" length="-1.00" nVehEntered="0"/>
    <interval begin="2670.00" end="2700.00" id="D4_1_1" nVehContrib="1" flow="120.00" occupancy="2.09" speed="7.99" harmonicMeanSpeed="7.99" length="5.00" nVehEntered="1"/>
    <interval begin="2700.00" end="2730.00" id="D4_1_1" nVehContrib="0" flow="0.00" occupancy="0.00" speed="-1.00" harmonicMeanSpeed="-1.00" length="-1.00" nVehEntered="0"/>
    <interval begin="2730.00" end="2760.00" id="D4_1_1" nVehContrib="0" flow="0.00" occupancy="0.00" speed="-1.00" harmonicMeanSpeed="-1.00" length="-1.00" nVehEntered="0"/>
    <interval begin="2760.00" end="2790.00" id="D4_1_1" nVehContrib="1" flow="120.00" occupancy="1.87" speed="8.93" harmonicMeanSpeed="8.93" length="5.00" nVehEntered="1"/>
    <interval begin="2790.00" end="2820.00" id="D4_1_1" nVehContrib="0" flow="0.00" occupancy="0.00" speed="-1.00" harmonicMeanSpeed="-1.00" length="-1.00" nVehEntered="0"/>
    <interval begin="2820.00" end="2850.00" id="D4_1_1" nVehContrib="1" flow="120.00" occupancy="1.76" speed="9.48" harmonicMeanSpeed="9.48" length="5.00" nVehEntered="1"/>
    <interval begin="2850.00" end="2880.00" id="D4_1_1" nVehContrib="0" flow="0.00" occupancy="0.00" speed="-1.00" harmonicMeanSpeed="-1.00" length="-1.00" nVehEntered="0"/>
    <interval begin="2880.00" end="2910.00" id="D4_1_1" nVehContrib="0" flow="0.00" occupancy="0.00" speed="-1.00" harmonicMeanSpeed="-1.00" length="-1.00" nVehEntered="0"/>
    <interval begin="2910.00" end="2940.00" id="D4_1_1" nVehContrib="1" flow="120.00" occupancy="1.81" speed="9.21" harmonicMeanSpeed="9.21" length="5.00" nVehEntered="1"/>
    <interval begin="2940.00" end="2970.00" id="D4_1_1" nVehContrib="0" flow="0.00" occupancy="0.00" speed="-1.00" harmonicMeanSpeed="-1.00" length="-1.00" nVehEntered="0"/>
    <interval begin="2970.00" end="3000.00" id="D4_1_1" nVehContrib="0" flow="0.00" occupancy="0.00" speed="-1.00" harmonicMeanSpeed="-1.00" length="-1.00" nVehEntered="0"/>
    <interval begin="3000.00" end="3030.00" id="D4_1_1" nVehContrib="1" flow="120.00" occupancy="1.70" speed="9.80" harmonicMeanSpeed="9.80" length="5.00" nVehEntered="1"/>
    <interval begin="3030.00" end="3060.00" id="D4_1_1" nVehContrib="0" flow="0.00" occupancy="0.00" speed="-1.00" harmonicMeanSpeed="-1.00" length="-1.00" nVehEntered="0"/>
    <interval begin="3060.00" end="3090.00" id="D4_1_1" nVehContrib="0" flow="0.00" occupancy="0.00" speed="-1.00" harmonicMeanSpeed="-1.00" length="-1.00" nVehEntered="0"/>
    <interval begin="3090.00" end="3120.00" id="D4_1_1" nVehContrib="1" flow="120.00" occupancy="1.83" speed="9.12" harmonicMeanSpeed="9.12" length="5.00" nVehEntered="1"/>
    <interval begin="3120.00" end="3150.00" id="D4_1_1" nVehContrib="0" flow="0.00" occupancy="0.00" speed="-1.00" harmonicMeanSpeed="-1.00" length="-1.00" nVehEntered="0"/>
    <interval begin="3150.00" end="3180.00" id="D4_1_1" nVehContrib="0" flow="0.00" occupancy="0.00" speed="-1.00" harmonicMeanSpeed="-1.00" length="-1.00" nVehEntered="0"/>
    <interval begin="3180.00" end="3210.00" id="D4_1_1" nVehContrib="1" flow="120.00" occupancy="1.87" speed="8.92" harmonicMeanSpeed="8.92" length="5.00" nVehEntered="1"/>
    <interval begin="3210.00" end="3240.00" id="D4_1_1" nVehContrib="0" flow="0.00" occupancy="0.00" speed="-1.00" harmonicMeanSpeed="-1.00" length="-1.00" nVehEntered="0"/>
    <interval begin="3240.00" end="3270.00" id="D4_1_1" nVehContrib="0" flow="0.00" occupancy="0.00" speed="-1.00" harmonicMeanSpeed="-1.00" length="-1.00" nVehEntered="0"/>
    <interval begin="3270.00" end="3300.00" id="D4_1_1" nVehContrib="1" flow="120.00" occupancy="1.65" speed="10.09" harmonicMeanSpeed="10.09" length="5.00" nVehEntered="1"/>
    <interval begin="3300.00" end="3330.00" id="D4_1_1" nVehContrib="0" flow="0.00" occupancy="0.00" speed="-1.00" harmonicMeanSpeed="-1.00" length="-1.00" nVehEntered="0"/>
    <interval begin="3330.00" end="3360.00" id="D4_1_1" nVehContrib="0" flow="0.00" occupancy="0.00" speed="-1.00" harmonicMeanSpeed="-1.00" length="-1.00" nVehEntered="0"/>
    <interval begin="3360.00" end="3390.00" id="D4_1_1" nVehContrib="1" flow="120.00" occupancy="1.70" speed="9.79" harmonicMeanSpeed="9.79" length="5.00" nVehEntered="1"/>
    <interval begin="3390.00" end="3420.00" id="D4_1_1" nVehContrib="0" flow="0.00" occupancy="0.00" speed="-1.00" harmonicMeanSpeed="-1.00" length="-1.00" nVehEntered="0"/>
    <interval begin="3420.00" end="3450.00" id="D4_1_1" nVehContrib="1" flow="120.00" occupancy="1.83" speed="9.13" harmonicMeanSpeed="9.13" length="5.00" nVehEntered="1"/>
    <interval begin="3450.00" end="3480.00" id="D4_1_1" nVehContrib="0" flow="0.00" occupancy="0.00" speed="-1.00" harmonicMeanSpeed="-1.00" length="-1.00" nVehEntered="0"/>
    <interval begin="3480.00" end="3510.00" id="D4_1_1" nVehContrib="0" flow="0.00" occupancy="0.00" speed="-1.00" harmonicMeanSpeed="-1.00" length="-1.00" nVehEntered="0"/>
    <interval begin="3510.00" end="3540.00" id="D4_1_1" nVehContrib="1" flow="120.00" occupancy="1.70" speed="9.80" harmonicMeanSpeed="9.80" length="5.00" nVehEntered="1"/>
    <interval begin="3540.00" end="3570.00" id="D4_1_1" nVehContrib="0" flow="0.00" occupancy="0.00" speed="-1.00" harmonicMeanSpeed="-1.00" length="-1.00" nVehEntered="0"/>
    <interval begin="3570.00" end="3600.00" id="D4_1_1" nVehContrib="0" flow="0.00" occupancy="0.00" speed="-1.00" harmonicMeanSpeed="-1.00" length="-1.00" nVehEntered="0"/>
    <interval begin="3600.00" end="3630.00" id="D4_1_1" nVehContrib="0" flow="0.00" occupancy="0.00" speed="-1.00" harmonicMeanSpeed="-1.00" length="-1.00" nVehEntered="0"/>
    <interval begin="3630.00" end="3640.00" id="D4_1_1" nVehContrib="0" flow="0.00" occupancy="0.00" speed="-1.00" harmonicMeanSpeed="-1.00" length="-1.00" nVehEntered="0"/>
</detector>
