<?xml version="1.0" encoding="UTF-8"?>

<!-- generated on 01/24/20 13:57:31 by Eclipse SUMO GUI Version 1.3.1
<configuration xmlns:xsi="http://www.w3.org/2001/XMLSchema-instance" xsi:noNamespaceSchemaLocation="http://sumo.dlr.de/xsd/sumoConfiguration.xsd">

    <input>
        <net-file value="gnet.net.xml"/>
        <route-files value="grou.rou.xml"/>
        <additional-files value="gadd.additional.xml"/>
    </input>

    <output>
        <queue-output value="Queue.xml"/>
        <summary-output value="Summary.xml"/>
    </output>

    <time>
        <begin value="0"/>
        <end value="3600"/>
    </time>

    <processing>
        <time-to-teleport value="3600"/>
    </processing>

    <traci_server>
        <remote-port value="13929"/>
    </traci_server>

    <gui_only>
        <gui-settings-file value="gview.view.xml"/>
        <quit-on-end value="true"/>
        <start value="true"/>
    </gui_only>

</configuration>
-->

<detector xmlns:xsi="http://www.w3.org/2001/XMLSchema-instance" xsi:noNamespaceSchemaLocation="http://sumo.dlr.de/xsd/det_e1_file.xsd">
    <interval begin="0.00" end="30.00" id="D4_1_0" nVehContrib="0" flow="0.00" occupancy="0.00" speed="-1.00" harmonicMeanSpeed="-1.00" length="-1.00" nVehEntered="0"/>
    <interval begin="30.00" end="60.00" id="D4_1_0" nVehContrib="2" flow="240.00" occupancy="8.42" speed="4.30" harmonicMeanSpeed="3.96" length="5.00" nVehEntered="2"/>
    <interval begin="60.00" end="90.00" id="D4_1_0" nVehContrib="6" flow="720.00" occupancy="14.92" speed="9.64" harmonicMeanSpeed="6.70" length="5.00" nVehEntered="6"/>
    <interval begin="90.00" end="120.00" id="D4_1_0" nVehContrib="0" flow="0.00" occupancy="0.00" speed="-1.00" harmonicMeanSpeed="-1.00" length="-1.00" nVehEntered="0"/>
    <interval begin="120.00" end="150.00" id="D4_1_0" nVehContrib="4" flow="480.00" occupancy="13.15" speed="5.89" harmonicMeanSpeed="5.07" length="5.00" nVehEntered="4"/>
    <interval begin="150.00" end="180.00" id="D4_1_0" nVehContrib="5" flow="600.00" occupancy="8.46" speed="11.81" harmonicMeanSpeed="9.85" length="5.00" nVehEntered="5"/>
    <interval begin="180.00" end="210.00" id="D4_1_0" nVehContrib="0" flow="0.00" occupancy="0.00" speed="-1.00" harmonicMeanSpeed="-1.00" length="-1.00" nVehEntered="0"/>
    <interval begin="210.00" end="240.00" id="D4_1_0" nVehContrib="6" flow="720.00" occupancy="18.49" speed="5.99" harmonicMeanSpeed="5.41" length="5.00" nVehEntered="6"/>
    <interval begin="240.00" end="270.00" id="D4_1_0" nVehContrib="3" flow="360.00" occupancy="8.50" speed="9.94" harmonicMeanSpeed="5.88" length="5.00" nVehEntered="3"/>
    <interval begin="270.00" end="300.00" id="D4_1_0" nVehContrib="0" flow="0.00" occupancy="0.00" speed="-1.00" harmonicMeanSpeed="-1.00" length="-1.00" nVehEntered="0"/>
    <interval begin="300.00" end="330.00" id="D4_1_0" nVehContrib="7" flow="840.00" occupancy="23.52" speed="6.73" harmonicMeanSpeed="5.91" length="5.00" nVehEntered="8"/>
    <interval begin="330.00" end="360.00" id="D4_1_0" nVehContrib="2" flow="240.00" occupancy="0.71" speed="15.87" harmonicMeanSpeed="7.43" length="5.00" nVehEntered="1"/>
    <interval begin="360.00" end="390.00" id="D4_1_0" nVehContrib="0" flow="0.00" occupancy="0.00" speed="-1.00" harmonicMeanSpeed="-1.00" length="-1.00" nVehEntered="0"/>
    <interval begin="390.00" end="420.00" id="D4_1_0" nVehContrib="8" flow="960.00" occupancy="23.17" speed="6.94" harmonicMeanSpeed="5.75" length="5.00" nVehEntered="8"/>
    <interval begin="420.00" end="450.00" id="D4_1_0" nVehContrib="1" flow="120.00" occupancy="0.62" speed="27.04" harmonicMeanSpeed="27.04" length="5.00" nVehEntered="1"/>
    <interval begin="450.00" end="480.00" id="D4_1_0" nVehContrib="0" flow="0.00" occupancy="0.00" speed="-1.00" harmonicMeanSpeed="-1.00" length="-1.00" nVehEntered="0"/>
    <interval begin="480.00" end="510.00" id="D4_1_0" nVehContrib="9" flow="1080.00" occupancy="21.04" speed="9.90" harmonicMeanSpeed="7.13" length="5.00" nVehEntered="9"/>
    <interval begin="510.00" end="540.00" id="D4_1_0" nVehContrib="0" flow="0.00" occupancy="0.00" speed="-1.00" harmonicMeanSpeed="-1.00" length="-1.00" nVehEntered="0"/>
    <interval begin="540.00" end="570.00" id="D4_1_0" nVehContrib="2" flow="240.00" occupancy="7.61" speed="5.08" harmonicMeanSpeed="4.38" length="5.00" nVehEntered="2"/>
    <interval begin="570.00" end="600.00" id="D4_1_0" nVehContrib="7" flow="840.00" occupancy="13.75" speed="11.35" harmonicMeanSpeed="8.48" length="5.00" nVehEntered="7"/>
    <interval begin="600.00" end="630.00" id="D4_1_0" nVehContrib="0" flow="0.00" occupancy="0.00" speed="-1.00" harmonicMeanSpeed="-1.00" length="-1.00" nVehEntered="0"/>
    <interval begin="630.00" end="660.00" id="D4_1_0" nVehContrib="4" flow="480.00" occupancy="13.23" speed="5.75" harmonicMeanSpeed="5.04" length="5.00" nVehEntered="4"/>
    <interval begin="660.00" end="690.00" id="D4_1_0" nVehContrib="5" flow="600.00" occupancy="9.16" speed="12.61" harmonicMeanSpeed="9.10" length="5.00" nVehEntered="5"/>
    <interval begin="690.00" end="720.00" id="D4_1_0" nVehContrib="0" flow="0.00" occupancy="0.00" speed="-1.00" harmonicMeanSpeed="-1.00" length="-1.00" nVehEntered="0"/>
    <interval begin="720.00" end="750.00" id="D4_1_0" nVehContrib="5" flow="600.00" occupancy="14.97" speed="6.63" harmonicMeanSpeed="5.84" length="5.00" nVehEntered="6"/>
    <interval begin="750.00" end="780.00" id="D4_1_0" nVehContrib="4" flow="480.00" occupancy="5.09" speed="15.14" harmonicMeanSpeed="11.53" length="5.00" nVehEntered="3"/>
    <interval begin="780.00" end="810.00" id="D4_1_0" nVehContrib="0" flow="0.00" occupancy="0.00" speed="-1.00" harmonicMeanSpeed="-1.00" length="-1.00" nVehEntered="0"/>
    <interval begin="810.00" end="840.00" id="D4_1_0" nVehContrib="7" flow="840.00" occupancy="17.48" speed="7.73" harmonicMeanSpeed="6.67" length="5.00" nVehEntered="7"/>
    <interval begin="840.00" end="870.00" id="D4_1_0" nVehContrib="2" flow="240.00" occupancy="6.20" speed="13.14" harmonicMeanSpeed="5.38" length="5.00" nVehEntered="2"/>
    <interval begin="870.00" end="900.00" id="D4_1_0" nVehContrib="0" flow="0.00" occupancy="0.00" speed="-1.00" harmonicMeanSpeed="-1.00" length="-1.00" nVehEntered="0"/>
    <interval begin="900.00" end="930.00" id="D4_1_0" nVehContrib="7" flow="840.00" occupancy="20.34" speed="6.54" harmonicMeanSpeed="5.73" length="5.00" nVehEntered="7"/>
    <interval begin="930.00" end="960.00" id="D4_1_0" nVehContrib="2" flow="240.00" occupancy="5.29" speed="11.87" harmonicMeanSpeed="6.30" length="5.00" nVehEntered="2"/>
    <interval begin="960.00" end="990.00" id="D4_1_0" nVehContrib="0" flow="0.00" occupancy="0.00" speed="-1.00" harmonicMeanSpeed="-1.00" length="-1.00" nVehEntered="0"/>
    <interval begin="990.00" end="1020.00" id="D4_1_0" nVehContrib="7" flow="840.00" occupancy="25.08" speed="7.70" harmonicMeanSpeed="6.01" length="5.00" nVehEntered="8"/>
    <interval begin="1020.00" end="1050.00" id="D4_1_0" nVehContrib="2" flow="240.00" occupancy="1.11" speed="9.30" harmonicMeanSpeed="4.91" length="5.00" nVehEntered="1"/>
    <interval begin="1050.00" end="1080.00" id="D4_1_0" nVehContrib="0" flow="0.00" occupancy="0.00" speed="-1.00" harmonicMeanSpeed="-1.00" length="-1.00" nVehEntered="0"/>
    <interval begin="1080.00" end="1110.00" id="D4_1_0" nVehContrib="9" flow="1080.00" occupancy="25.38" speed="7.18" harmonicMeanSpeed="5.91" length="5.00" nVehEntered="9"/>
    <interval begin="1110.00" end="1140.00" id="D4_1_0" nVehContrib="0" flow="0.00" occupancy="0.00" speed="-1.00" harmonicMeanSpeed="-1.00" length="-1.00" nVehEntered="0"/>
    <interval begin="1140.00" end="1170.00" id="D4_1_0" nVehContrib="0" flow="0.00" occupancy="0.00" speed="-1.00" harmonicMeanSpeed="-1.00" length="-1.00" nVehEntered="0"/>
    <interval begin="1170.00" end="1200.00" id="D4_1_0" nVehContrib="9" flow="1080.00" occupancy="21.27" speed="8.73" harmonicMeanSpeed="7.05" length="5.00" nVehEntered="9"/>
    <interval begin="1200.00" end="1230.00" id="D4_1_0" nVehContrib="0" flow="0.00" occupancy="0.00" speed="-1.00" harmonicMeanSpeed="-1.00" length="-1.00" nVehEntered="0"/>
    <interval begin="1230.00" end="1260.00" id="D4_1_0" nVehContrib="0" flow="0.00" occupancy="2.00" speed="-1.00" harmonicMeanSpeed="-1.00" length="-1.00" nVehEntered="1"/>
    <interval begin="1260.00" end="1290.00" id="D4_1_0" nVehContrib="9" flow="1080.00" occupancy="21.61" speed="7.95" harmonicMeanSpeed="6.45" length="5.00" nVehEntered="9"/>
    <interval begin="1290.00" end="1320.00" id="D4_1_0" nVehContrib="1" flow="120.00" occupancy="0.20" speed="30.03" harmonicMeanSpeed="30.03" length="5.00" nVehEntered="0"/>
    <interval begin="1320.00" end="1350.00" id="D4_1_0" nVehContrib="1" flow="120.00" occupancy="5.60" speed="3.65" harmonicMeanSpeed="3.65" length="5.00" nVehEntered="2"/>
    <interval begin="1350.00" end="1380.00" id="D4_1_0" nVehContrib="8" flow="960.00" occupancy="15.13" speed="10.87" harmonicMeanSpeed="8.25" length="5.00" nVehEntered="7"/>
    <interval begin="1380.00" end="1410.00" id="D4_1_0" nVehContrib="0" flow="0.00" occupancy="0.00" speed="-1.00" harmonicMeanSpeed="-1.00" length="-1.00" nVehEntered="0"/>
    <interval begin="1410.00" end="1440.00" id="D4_1_0" nVehContrib="3" flow="360.00" occupancy="10.69" speed="5.26" harmonicMeanSpeed="4.68" length="5.00" nVehEntered="3"/>
    <interval begin="1440.00" end="1470.00" id="D4_1_0" nVehContrib="6" flow="720.00" occupancy="11.39" speed="11.69" harmonicMeanSpeed="8.78" length="5.00" nVehEntered="6"/>
    <interval begin="1470.00" end="1500.00" id="D4_1_0" nVehContrib="0" flow="0.00" occupancy="0.00" speed="-1.00" harmonicMeanSpeed="-1.00" length="-1.00" nVehEntered="0"/>
    <interval begin="1500.00" end="1530.00" id="D4_1_0" nVehContrib="4" flow="480.00" occupancy="12.98" speed="6.10" harmonicMeanSpeed="5.13" length="5.00" nVehEntered="4"/>
    <interval begin="1530.00" end="1560.00" id="D4_1_0" nVehContrib="5" flow="600.00" occupancy="10.18" speed="12.10" harmonicMeanSpeed="8.19" length="5.00" nVehEntered="5"/>
    <interval begin="1560.00" end="1590.00" id="D4_1_0" nVehContrib="0" flow="0.00" occupancy="0.00" speed="-1.00" harmonicMeanSpeed="-1.00" length="-1.00" nVehEntered="0"/>
    <interval begin="1590.00" end="1620.00" id="D4_1_0" nVehContrib="5" flow="600.00" occupancy="15.05" speed="6.67" harmonicMeanSpeed="5.65" length="5.00" nVehEntered="6"/>
    <interval begin="1620.00" end="1650.00" id="D4_1_0" nVehContrib="4" flow="480.00" occupancy="10.12" speed="10.07" harmonicMeanSpeed="6.40" length="5.00" nVehEntered="3"/>
    <interval begin="1650.00" end="1680.00" id="D4_1_0" nVehContrib="0" flow="0.00" occupancy="0.00" speed="-1.00" harmonicMeanSpeed="-1.00" length="-1.00" nVehEntered="0"/>
    <interval begin="1680.00" end="1710.00" id="D4_1_0" nVehContrib="7" flow="840.00" occupancy="18.19" speed="7.72" harmonicMeanSpeed="6.41" length="5.00" nVehEntered="7"/>
    <interval begin="1710.00" end="1740.00" id="D4_1_0" nVehContrib="2" flow="240.00" occupancy="6.91" speed="9.28" harmonicMeanSpeed="4.83" length="5.00" nVehEntered="2"/>
    <interval begin="1740.00" end="1770.00" id="D4_1_0" nVehContrib="0" flow="0.00" occupancy="0.00" speed="-1.00" harmonicMeanSpeed="-1.00" length="-1.00" nVehEntered="0"/>
    <interval begin="1770.00" end="1800.00" id="D4_1_0" nVehContrib="7" flow="840.00" occupancy="19.66" speed="7.89" harmonicMeanSpeed="6.35" length="5.00" nVehEntered="8"/>
    <interval begin="1800.00" end="1830.00" id="D4_1_0" nVehContrib="2" flow="240.00" occupancy="3.55" speed="12.11" harmonicMeanSpeed="6.90" length="5.00" nVehEntered="1"/>
    <interval begin="1830.00" end="1860.00" id="D4_1_0" nVehContrib="0" flow="0.00" occupancy="0.00" speed="-1.00" harmonicMeanSpeed="-1.00" length="-1.00" nVehEntered="0"/>
    <interval begin="1860.00" end="1890.00" id="D4_1_0" nVehContrib="8" flow="960.00" occupancy="25.77" speed="6.20" harmonicMeanSpeed="5.17" length="5.00" nVehEntered="8"/>
    <interval begin="1890.00" end="1920.00" id="D4_1_0" nVehContrib="1" flow="120.00" occupancy="1.41" speed="11.83" harmonicMeanSpeed="11.83" length="5.00" nVehEntered="1"/>
    <interval begin="1920.00" end="1950.00" id="D4_1_0" nVehContrib="0" flow="0.00" occupancy="0.00" speed="-1.00" harmonicMeanSpeed="-1.00" length="-1.00" nVehEntered="0"/>
    <interval begin="1950.00" end="1980.00" id="D4_1_0" nVehContrib="9" flow="1080.00" occupancy="26.15" speed="6.91" harmonicMeanSpeed="5.74" length="5.00" nVehEntered="9"/>
    <interval begin="1980.00" end="2010.00" id="D4_1_0" nVehContrib="0" flow="0.00" occupancy="0.00" speed="-1.00" harmonicMeanSpeed="-1.00" length="-1.00" nVehEntered="0"/>
    <interval begin="2010.00" end="2040.00" id="D4_1_0" nVehContrib="0" flow="0.00" occupancy="0.00" speed="-1.00" harmonicMeanSpeed="-1.00" length="-1.00" nVehEntered="0"/>
    <interval begin="2040.00" end="2070.00" id="D4_1_0" nVehContrib="9" flow="1080.00" occupancy="20.59" speed="8.68" harmonicMeanSpeed="7.29" length="5.00" nVehEntered="9"/>
    <interval begin="2070.00" end="2100.00" id="D4_1_0" nVehContrib="1" flow="120.00" occupancy="0.55" speed="30.16" harmonicMeanSpeed="30.16" length="5.00" nVehEntered="1"/>
    <interval begin="2100.00" end="2130.00" id="D4_1_0" nVehContrib="0" flow="0.00" occupancy="2.14" speed="-1.00" harmonicMeanSpeed="-1.00" length="-1.00" nVehEntered="1"/>
    <interval begin="2130.00" end="2160.00" id="D4_1_0" nVehContrib="9" flow="1080.00" occupancy="18.12" speed="11.11" harmonicMeanSpeed="7.40" length="5.00" nVehEntered="8"/>
    <interval begin="2160.00" end="2190.00" id="D4_1_0" nVehContrib="0" flow="0.00" occupancy="0.00" speed="-1.00" harmonicMeanSpeed="-1.00" length="-1.00" nVehEntered="0"/>
    <interval begin="2190.00" end="2220.00" id="D4_1_0" nVehContrib="1" flow="120.00" occupancy="5.98" speed="3.13" harmonicMeanSpeed="3.13" length="5.00" nVehEntered="2"/>
    <interval begin="2220.00" end="2250.00" id="D4_1_0" nVehContrib="8" flow="960.00" occupancy="11.89" speed="13.01" harmonicMeanSpeed="10.63" length="5.00" nVehEntered="7"/>
    <interval begin="2250.00" end="2280.00" id="D4_1_0" nVehContrib="0" flow="0.00" occupancy="0.00" speed="-1.00" harmonicMeanSpeed="-1.00" length="-1.00" nVehEntered="0"/>
    <interval begin="2280.00" end="2310.00" id="D4_1_0" nVehContrib="3" flow="360.00" occupancy="10.07" speed="5.64" harmonicMeanSpeed="4.96" length="5.00" nVehEntered="3"/>
    <interval begin="2310.00" end="2340.00" id="D4_1_0" nVehContrib="6" flow="720.00" occupancy="12.89" speed="11.05" harmonicMeanSpeed="7.76" length="5.00" nVehEntered="6"/>
    <interval begin="2340.00" end="2370.00" id="D4_1_0" nVehContrib="0" flow="0.00" occupancy="0.00" speed="-1.00" harmonicMeanSpeed="-1.00" length="-1.00" nVehEntered="0"/>
    <interval begin="2370.00" end="2400.00" id="D4_1_0" nVehContrib="3" flow="360.00" occupancy="11.88" speed="4.64" harmonicMeanSpeed="4.21" length="5.00" nVehEntered="3"/>
    <interval begin="2400.00" end="2430.00" id="D4_1_0" nVehContrib="6" flow="720.00" occupancy="12.37" speed="11.23" harmonicMeanSpeed="8.08" length="5.00" nVehEntered="6"/>
    <interval begin="2430.00" end="2460.00" id="D4_1_0" nVehContrib="0" flow="0.00" occupancy="0.00" speed="-1.00" harmonicMeanSpeed="-1.00" length="-1.00" nVehEntered="0"/>
    <interval begin="2460.00" end="2490.00" id="D4_1_0" nVehContrib="6" flow="720.00" occupancy="13.97" speed="8.99" harmonicMeanSpeed="7.16" length="5.00" nVehEntered="6"/>
    <interval begin="2490.00" end="2520.00" id="D4_1_0" nVehContrib="3" flow="360.00" occupancy="2.98" speed="19.13" harmonicMeanSpeed="16.80" length="5.00" nVehEntered="3"/>
    <interval begin="2520.00" end="2550.00" id="D4_1_0" nVehContrib="0" flow="0.00" occupancy="0.00" speed="-1.00" harmonicMeanSpeed="-1.00" length="-1.00" nVehEntered="0"/>
    <interval begin="2550.00" end="2580.00" id="D4_1_0" nVehContrib="7" flow="840.00" occupancy="17.62" speed="8.17" harmonicMeanSpeed="6.62" length="5.00" nVehEntered="7"/>
    <interval begin="2580.00" end="2610.00" id="D4_1_0" nVehContrib="2" flow="240.00" occupancy="1.81" speed="21.98" harmonicMeanSpeed="18.42" length="5.00" nVehEntered="2"/>
    <interval begin="2610.00" end="2640.00" id="D4_1_0" nVehContrib="0" flow="0.00" occupancy="0.00" speed="-1.00" harmonicMeanSpeed="-1.00" length="-1.00" nVehEntered="0"/>
    <interval begin="2640.00" end="2670.00" id="D4_1_0" nVehContrib="8" flow="960.00" occupancy="17.34" speed="9.79" harmonicMeanSpeed="7.69" length="5.00" nVehEntered="8"/>
    <interval begin="2670.00" end="2700.00" id="D4_1_0" nVehContrib="1" flow="120.00" occupancy="0.56" speed="29.88" harmonicMeanSpeed="29.88" length="5.00" nVehEntered="1"/>
    <interval begin="2700.00" end="2730.00" id="D4_1_0" nVehContrib="0" flow="0.00" occupancy="0.00" speed="-1.00" harmonicMeanSpeed="-1.00" length="-1.00" nVehEntered="0"/>
    <interval begin="2730.00" end="2760.00" id="D4_1_0" nVehContrib="9" flow="1080.00" occupancy="17.30" speed="11.75" harmonicMeanSpeed="8.67" length="5.00" nVehEntered="9"/>
    <interval begin="2760.00" end="2790.00" id="D4_1_0" nVehContrib="1" flow="120.00" occupancy="2.96" speed="5.62" harmonicMeanSpeed="5.62" length="5.00" nVehEntered="1"/>
    <interval begin="2790.00" end="2820.00" id="D4_1_0" nVehContrib="0" flow="0.00" occupancy="0.00" speed="-1.00" harmonicMeanSpeed="-1.00" length="-1.00" nVehEntered="0"/>
    <interval begin="2820.00" end="2850.00" id="D4_1_0" nVehContrib="8" flow="960.00" occupancy="17.55" speed="10.95" harmonicMeanSpeed="7.60" length="5.00" nVehEntered="8"/>
    <interval begin="2850.00" end="2880.00" id="D4_1_0" nVehContrib="1" flow="120.00" occupancy="2.12" speed="7.88" harmonicMeanSpeed="7.88" length="5.00" nVehEntered="1"/>
    <interval begin="2880.00" end="2910.00" id="D4_1_0" nVehContrib="0" flow="0.00" occupancy="0.00" speed="-1.00" harmonicMeanSpeed="-1.00" length="-1.00" nVehEntered="0"/>
    <interval begin="2910.00" end="2940.00" id="D4_1_0" nVehContrib="8" flow="960.00" occupancy="18.96" speed="11.01" harmonicMeanSpeed="8.34" length="5.00" nVehEntered="9"/>
    <interval begin="2940.00" end="2970.00" id="D4_1_0" nVehContrib="1" flow="120.00" occupancy="0.07" speed="5.48" harmonicMeanSpeed="5.48" length="5.00" nVehEntered="0"/>
    <interval begin="2970.00" end="3000.00" id="D4_1_0" nVehContrib="0" flow="0.00" occupancy="2.15" speed="-1.00" harmonicMeanSpeed="-1.00" length="-1.00" nVehEntered="1"/>
    <interval begin="3000.00" end="3030.00" id="D4_1_0" nVehContrib="10" flow="1200.00" occupancy="17.24" speed="11.87" harmonicMeanSpeed="8.60" length="5.00" nVehEntered="9"/>
    <interval begin="3030.00" end="3060.00" id="D4_1_0" nVehContrib="0" flow="0.00" occupancy="0.00" speed="-1.00" harmonicMeanSpeed="-1.00" length="-1.00" nVehEntered="0"/>
    <interval begin="3060.00" end="3090.00" id="D4_1_0" nVehContrib="1" flow="120.00" occupancy="6.92" speed="3.06" harmonicMeanSpeed="3.06" length="5.00" nVehEntered="2"/>
    <interval begin="3090.00" end="3120.00" id="D4_1_0" nVehContrib="8" flow="960.00" occupancy="12.25" speed="12.02" harmonicMeanSpeed="9.71" length="5.00" nVehEntered="7"/>
    <interval begin="3120.00" end="3150.00" id="D4_1_0" nVehContrib="0" flow="0.00" occupancy="0.00" speed="-1.00" harmonicMeanSpeed="-1.00" length="-1.00" nVehEntered="0"/>
    <interval begin="3150.00" end="3180.00" id="D4_1_0" nVehContrib="3" flow="360.00" occupancy="10.06" speed="5.82" harmonicMeanSpeed="4.97" length="5.00" nVehEntered="3"/>
    <interval begin="3180.00" end="3210.00" id="D4_1_0" nVehContrib="6" flow="720.00" occupancy="8.29" speed="14.02" harmonicMeanSpeed="12.06" length="5.00" nVehEntered="6"/>
    <interval begin="3210.00" end="3240.00" id="D4_1_0" nVehContrib="0" flow="0.00" occupancy="0.00" speed="-1.00" harmonicMeanSpeed="-1.00" length="-1.00" nVehEntered="0"/>
    <interval begin="3240.00" end="3270.00" id="D4_1_0" nVehContrib="4" flow="480.00" occupancy="11.93" speed="6.72" harmonicMeanSpeed="5.59" length="5.00" nVehEntered="4"/>
    <interval begin="3270.00" end="3300.00" id="D4_1_0" nVehContrib="5" flow="600.00" occupancy="8.57" speed="11.80" harmonicMeanSpeed="9.72" length="5.00" nVehEntered="5"/>
    <interval begin="3300.00" end="3330.00" id="D4_1_0" nVehContrib="0" flow="0.00" occupancy="0.00" speed="-1.00" harmonicMeanSpeed="-1.00" length="-1.00" nVehEntered="0"/>
    <interval begin="3330.00" end="3360.00" id="D4_1_0" nVehContrib="6" flow="720.00" occupancy="13.82" speed="8.69" harmonicMeanSpeed="7.24" length="5.00" nVehEntered="6"/>
    <interval begin="3360.00" end="3390.00" id="D4_1_0" nVehContrib="3" flow="360.00" occupancy="5.07" speed="12.96" harmonicMeanSpeed="9.87" length="5.00" nVehEntered="3"/>
    <interval begin="3390.00" end="3420.00" id="D4_1_0" nVehContrib="0" flow="0.00" occupancy="0.00" speed="-1.00" harmonicMeanSpeed="-1.00" length="-1.00" nVehEntered="0"/>
    <interval begin="3420.00" end="3450.00" id="D4_1_0" nVehContrib="7" flow="840.00" occupancy="16.14" speed="8.66" harmonicMeanSpeed="7.23" length="5.00" nVehEntered="7"/>
    <interval begin="3450.00" end="3480.00" id="D4_1_0" nVehContrib="2" flow="240.00" occupancy="3.32" speed="13.99" harmonicMeanSpeed="10.05" length="5.00" nVehEntered="2"/>
    <interval begin="3480.00" end="3510.00" id="D4_1_0" nVehContrib="0" flow="0.00" occupancy="0.00" speed="-1.00" harmonicMeanSpeed="-1.00" length="-1.00" nVehEntered="0"/>
    <interval begin="3510.00" end="3540.00" id="D4_1_0" nVehContrib="8" flow="960.00" occupancy="19.63" speed="8.14" harmonicMeanSpeed="6.79" length="5.00" nVehEntered="8"/>
    <interval begin="3540.00" end="3570.00" id="D4_1_0" nVehContrib="2" flow="240.00" occupancy="1.55" speed="22.18" harmonicMeanSpeed="21.50" length="5.00" nVehEntered="2"/>
    <interval begin="3570.00" end="3600.00" id="D4_1_0" nVehContrib="0" flow="0.00" occupancy="0.00" speed="-1.00" harmonicMeanSpeed="-1.00" length="-1.00" nVehEntered="0"/>
    <interval begin="3600.00" end="3630.00" id="D4_1_0" nVehContrib="5" flow="600.00" occupancy="12.79" speed="7.95" harmonicMeanSpeed="6.51" length="5.00" nVehEntered="5"/>
    <interval begin="3630.00" end="3640.00" id="D4_1_0" nVehContrib="0" flow="0.00" occupancy="0.00" speed="-1.00" harmonicMeanSpeed="-1.00" length="-1.00" nVehEntered="0"/>
</detector>
