<?xml version="1.0" encoding="UTF-8"?>

<!-- generated on 01/24/20 13:57:31 by Eclipse SUMO GUI Version 1.3.1
<configuration xmlns:xsi="http://www.w3.org/2001/XMLSchema-instance" xsi:noNamespaceSchemaLocation="http://sumo.dlr.de/xsd/sumoConfiguration.xsd">

    <input>
        <net-file value="gnet.net.xml"/>
        <route-files value="grou.rou.xml"/>
        <additional-files value="gadd.additional.xml"/>
    </input>

    <output>
        <queue-output value="Queue.xml"/>
        <summary-output value="Summary.xml"/>
    </output>

    <time>
        <begin value="0"/>
        <end value="3600"/>
    </time>

    <processing>
        <time-to-teleport value="3600"/>
    </processing>

    <traci_server>
        <remote-port value="13929"/>
    </traci_server>

    <gui_only>
        <gui-settings-file value="gview.view.xml"/>
        <quit-on-end value="true"/>
        <start value="true"/>
    </gui_only>

</configuration>
-->

<detector xmlns:xsi="http://www.w3.org/2001/XMLSchema-instance" xsi:noNamespaceSchemaLocation="http://sumo.dlr.de/xsd/det_e1_file.xsd">
    <interval begin="0.00" end="30.00" id="D4_2_0" nVehContrib="3" flow="360.00" occupancy="2.45" speed="20.41" harmonicMeanSpeed="20.38" length="5.00" nVehEntered="3"/>
    <interval begin="30.00" end="60.00" id="D4_2_0" nVehContrib="3" flow="360.00" occupancy="3.50" speed="14.46" harmonicMeanSpeed="14.29" length="5.00" nVehEntered="3"/>
    <interval begin="60.00" end="90.00" id="D4_2_0" nVehContrib="3" flow="360.00" occupancy="2.35" speed="21.84" harmonicMeanSpeed="21.31" length="5.00" nVehEntered="3"/>
    <interval begin="90.00" end="120.00" id="D4_2_0" nVehContrib="3" flow="360.00" occupancy="2.74" speed="18.34" harmonicMeanSpeed="18.22" length="5.00" nVehEntered="3"/>
    <interval begin="120.00" end="150.00" id="D4_2_0" nVehContrib="3" flow="360.00" occupancy="3.99" speed="12.76" harmonicMeanSpeed="12.52" length="5.00" nVehEntered="3"/>
    <interval begin="150.00" end="180.00" id="D4_2_0" nVehContrib="3" flow="360.00" occupancy="2.54" speed="20.39" harmonicMeanSpeed="19.70" length="5.00" nVehEntered="3"/>
    <interval begin="180.00" end="210.00" id="D4_2_0" nVehContrib="4" flow="480.00" occupancy="3.87" speed="17.59" harmonicMeanSpeed="17.21" length="5.00" nVehEntered="4"/>
    <interval begin="210.00" end="240.00" id="D4_2_0" nVehContrib="3" flow="360.00" occupancy="4.24" speed="12.32" harmonicMeanSpeed="11.80" length="5.00" nVehEntered="3"/>
    <interval begin="240.00" end="270.00" id="D4_2_0" nVehContrib="2" flow="240.00" occupancy="1.51" speed="22.22" harmonicMeanSpeed="22.12" length="5.00" nVehEntered="2"/>
    <interval begin="270.00" end="300.00" id="D4_2_0" nVehContrib="4" flow="480.00" occupancy="3.84" speed="17.69" harmonicMeanSpeed="17.37" length="5.00" nVehEntered="4"/>
    <interval begin="300.00" end="330.00" id="D4_2_0" nVehContrib="3" flow="360.00" occupancy="3.94" speed="13.43" harmonicMeanSpeed="12.68" length="5.00" nVehEntered="3"/>
    <interval begin="330.00" end="360.00" id="D4_2_0" nVehContrib="3" flow="360.00" occupancy="2.26" speed="22.43" harmonicMeanSpeed="22.08" length="5.00" nVehEntered="3"/>
    <interval begin="360.00" end="390.00" id="D4_2_0" nVehContrib="4" flow="480.00" occupancy="4.27" speed="15.83" harmonicMeanSpeed="15.63" length="5.00" nVehEntered="4"/>
    <interval begin="390.00" end="420.00" id="D4_2_0" nVehContrib="2" flow="240.00" occupancy="2.59" speed="15.20" harmonicMeanSpeed="12.88" length="5.00" nVehEntered="2"/>
    <interval begin="420.00" end="450.00" id="D4_2_0" nVehContrib="4" flow="480.00" occupancy="3.01" speed="22.51" harmonicMeanSpeed="22.12" length="5.00" nVehEntered="4"/>
    <interval begin="450.00" end="480.00" id="D4_2_0" nVehContrib="3" flow="360.00" occupancy="3.29" speed="15.34" harmonicMeanSpeed="15.19" length="5.00" nVehEntered="3"/>
    <interval begin="480.00" end="510.00" id="D4_2_0" nVehContrib="3" flow="360.00" occupancy="2.99" speed="20.38" harmonicMeanSpeed="16.71" length="5.00" nVehEntered="3"/>
    <interval begin="510.00" end="540.00" id="D4_2_0" nVehContrib="4" flow="480.00" occupancy="3.50" speed="19.11" harmonicMeanSpeed="19.06" length="5.00" nVehEntered="4"/>
    <interval begin="540.00" end="570.00" id="D4_2_0" nVehContrib="2" flow="240.00" occupancy="2.46" speed="13.87" harmonicMeanSpeed="13.57" length="5.00" nVehEntered="2"/>
    <interval begin="570.00" end="600.00" id="D4_2_0" nVehContrib="3" flow="360.00" occupancy="2.94" speed="20.15" harmonicMeanSpeed="16.99" length="5.00" nVehEntered="3"/>
    <interval begin="600.00" end="630.00" id="D4_2_0" nVehContrib="4" flow="480.00" occupancy="3.46" speed="19.73" harmonicMeanSpeed="19.27" length="5.00" nVehEntered="4"/>
    <interval begin="630.00" end="660.00" id="D4_2_0" nVehContrib="3" flow="360.00" occupancy="4.21" speed="12.70" harmonicMeanSpeed="11.88" length="5.00" nVehEntered="3"/>
    <interval begin="660.00" end="690.00" id="D4_2_0" nVehContrib="3" flow="360.00" occupancy="2.16" speed="23.38" harmonicMeanSpeed="23.20" length="5.00" nVehEntered="3"/>
    <interval begin="690.00" end="720.00" id="D4_2_0" nVehContrib="3" flow="360.00" occupancy="2.72" speed="18.48" harmonicMeanSpeed="18.38" length="5.00" nVehEntered="3"/>
    <interval begin="720.00" end="750.00" id="D4_2_0" nVehContrib="3" flow="360.00" occupancy="4.01" speed="12.95" harmonicMeanSpeed="12.46" length="5.00" nVehEntered="3"/>
    <interval begin="750.00" end="780.00" id="D4_2_0" nVehContrib="3" flow="360.00" occupancy="2.02" speed="24.80" harmonicMeanSpeed="24.72" length="5.00" nVehEntered="3"/>
    <interval begin="780.00" end="810.00" id="D4_2_0" nVehContrib="4" flow="480.00" occupancy="3.79" speed="17.88" harmonicMeanSpeed="17.57" length="5.00" nVehEntered="4"/>
    <interval begin="810.00" end="840.00" id="D4_2_0" nVehContrib="3" flow="360.00" occupancy="3.77" speed="14.20" harmonicMeanSpeed="13.25" length="5.00" nVehEntered="3"/>
    <interval begin="840.00" end="870.00" id="D4_2_0" nVehContrib="2" flow="240.00" occupancy="1.42" speed="23.70" harmonicMeanSpeed="23.44" length="5.00" nVehEntered="2"/>
    <interval begin="870.00" end="900.00" id="D4_2_0" nVehContrib="4" flow="480.00" occupancy="3.99" speed="16.95" harmonicMeanSpeed="16.71" length="5.00" nVehEntered="4"/>
    <interval begin="900.00" end="930.00" id="D4_2_0" nVehContrib="3" flow="360.00" occupancy="4.19" speed="12.59" harmonicMeanSpeed="11.94" length="5.00" nVehEntered="3"/>
    <interval begin="930.00" end="960.00" id="D4_2_0" nVehContrib="3" flow="360.00" occupancy="2.18" speed="23.08" harmonicMeanSpeed="22.98" length="5.00" nVehEntered="3"/>
    <interval begin="960.00" end="990.00" id="D4_2_0" nVehContrib="4" flow="480.00" occupancy="4.14" speed="16.44" harmonicMeanSpeed="16.09" length="5.00" nVehEntered="4"/>
    <interval begin="990.00" end="1020.00" id="D4_2_0" nVehContrib="2" flow="240.00" occupancy="3.03" speed="11.28" harmonicMeanSpeed="10.99" length="5.00" nVehEntered="2"/>
    <interval begin="1020.00" end="1050.00" id="D4_2_0" nVehContrib="4" flow="480.00" occupancy="3.13" speed="21.47" harmonicMeanSpeed="21.29" length="5.00" nVehEntered="4"/>
    <interval begin="1050.00" end="1080.00" id="D4_2_0" nVehContrib="3" flow="360.00" occupancy="3.36" speed="14.96" harmonicMeanSpeed="14.87" length="5.00" nVehEntered="3"/>
    <interval begin="1080.00" end="1110.00" id="D4_2_0" nVehContrib="3" flow="360.00" occupancy="3.88" speed="14.79" harmonicMeanSpeed="12.88" length="5.00" nVehEntered="3"/>
    <interval begin="1110.00" end="1140.00" id="D4_2_0" nVehContrib="4" flow="480.00" occupancy="3.32" speed="20.37" harmonicMeanSpeed="20.06" length="5.00" nVehEntered="4"/>
    <interval begin="1140.00" end="1170.00" id="D4_2_0" nVehContrib="2" flow="240.00" occupancy="2.47" speed="13.84" harmonicMeanSpeed="13.49" length="5.00" nVehEntered="2"/>
    <interval begin="1170.00" end="1200.00" id="D4_2_0" nVehContrib="3" flow="360.00" occupancy="4.15" speed="14.32" harmonicMeanSpeed="12.04" length="5.00" nVehEntered="3"/>
    <interval begin="1200.00" end="1230.00" id="D4_2_0" nVehContrib="4" flow="480.00" occupancy="3.40" speed="19.83" harmonicMeanSpeed="19.61" length="5.00" nVehEntered="4"/>
    <interval begin="1230.00" end="1260.00" id="D4_2_0" nVehContrib="3" flow="360.00" occupancy="4.04" speed="12.78" harmonicMeanSpeed="12.36" length="5.00" nVehEntered="3"/>
    <interval begin="1260.00" end="1290.00" id="D4_2_0" nVehContrib="3" flow="360.00" occupancy="3.32" speed="18.80" harmonicMeanSpeed="15.06" length="5.00" nVehEntered="3"/>
    <interval begin="1290.00" end="1320.00" id="D4_2_0" nVehContrib="3" flow="360.00" occupancy="2.45" speed="20.50" harmonicMeanSpeed="20.44" length="5.00" nVehEntered="3"/>
    <interval begin="1320.00" end="1350.00" id="D4_2_0" nVehContrib="3" flow="360.00" occupancy="3.62" speed="14.15" harmonicMeanSpeed="13.82" length="5.00" nVehEntered="3"/>
    <interval begin="1350.00" end="1380.00" id="D4_2_0" nVehContrib="3" flow="360.00" occupancy="2.90" speed="20.29" harmonicMeanSpeed="17.26" length="5.00" nVehEntered="3"/>
    <interval begin="1380.00" end="1410.00" id="D4_2_0" nVehContrib="4" flow="480.00" occupancy="3.48" speed="19.32" harmonicMeanSpeed="19.18" length="5.00" nVehEntered="4"/>
    <interval begin="1410.00" end="1440.00" id="D4_2_0" nVehContrib="3" flow="360.00" occupancy="3.95" speed="12.92" harmonicMeanSpeed="12.65" length="5.00" nVehEntered="3"/>
    <interval begin="1440.00" end="1470.00" id="D4_2_0" nVehContrib="2" flow="240.00" occupancy="1.40" speed="24.02" harmonicMeanSpeed="23.86" length="5.00" nVehEntered="2"/>
    <interval begin="1470.00" end="1500.00" id="D4_2_0" nVehContrib="4" flow="480.00" occupancy="3.50" speed="19.28" harmonicMeanSpeed="19.06" length="5.00" nVehEntered="4"/>
    <interval begin="1500.00" end="1530.00" id="D4_2_0" nVehContrib="3" flow="360.00" occupancy="3.88" speed="13.47" harmonicMeanSpeed="12.90" length="5.00" nVehEntered="3"/>
    <interval begin="1530.00" end="1560.00" id="D4_2_0" nVehContrib="3" flow="360.00" occupancy="2.25" speed="22.49" harmonicMeanSpeed="22.18" length="5.00" nVehEntered="3"/>
    <interval begin="1560.00" end="1590.00" id="D4_2_0" nVehContrib="4" flow="480.00" occupancy="3.69" speed="18.18" harmonicMeanSpeed="18.07" length="5.00" nVehEntered="4"/>
    <interval begin="1590.00" end="1620.00" id="D4_2_0" nVehContrib="2" flow="240.00" occupancy="3.13" speed="10.92" harmonicMeanSpeed="10.66" length="5.00" nVehEntered="2"/>
    <interval begin="1620.00" end="1650.00" id="D4_2_0" nVehContrib="4" flow="480.00" occupancy="3.15" speed="21.44" harmonicMeanSpeed="21.19" length="5.00" nVehEntered="4"/>
    <interval begin="1650.00" end="1680.00" id="D4_2_0" nVehContrib="3" flow="360.00" occupancy="2.95" speed="17.10" harmonicMeanSpeed="16.96" length="5.00" nVehEntered="3"/>
    <interval begin="1680.00" end="1710.00" id="D4_2_0" nVehContrib="3" flow="360.00" occupancy="3.97" speed="13.17" harmonicMeanSpeed="12.58" length="5.00" nVehEntered="3"/>
    <interval begin="1710.00" end="1740.00" id="D4_2_0" nVehContrib="4" flow="480.00" occupancy="3.32" speed="20.21" harmonicMeanSpeed="20.06" length="5.00" nVehEntered="4"/>
    <interval begin="1740.00" end="1770.00" id="D4_2_0" nVehContrib="2" flow="240.00" occupancy="2.18" speed="15.33" harmonicMeanSpeed="15.27" length="5.00" nVehEntered="2"/>
    <interval begin="1770.00" end="1800.00" id="D4_2_0" nVehContrib="3" flow="360.00" occupancy="4.08" speed="12.53" harmonicMeanSpeed="12.27" length="5.00" nVehEntered="3"/>
    <interval begin="1800.00" end="1830.00" id="D4_2_0" nVehContrib="4" flow="480.00" occupancy="3.10" speed="21.82" harmonicMeanSpeed="21.51" length="5.00" nVehEntered="4"/>
    <interval begin="1830.00" end="1860.00" id="D4_2_0" nVehContrib="3" flow="360.00" occupancy="3.36" speed="15.30" harmonicMeanSpeed="14.90" length="5.00" nVehEntered="3"/>
    <interval begin="1860.00" end="1890.00" id="D4_2_0" nVehContrib="3" flow="360.00" occupancy="4.32" speed="13.59" harmonicMeanSpeed="11.59" length="5.00" nVehEntered="3"/>
    <interval begin="1890.00" end="1920.00" id="D4_2_0" nVehContrib="3" flow="360.00" occupancy="2.57" speed="19.53" harmonicMeanSpeed="19.48" length="5.00" nVehEntered="3"/>
    <interval begin="1920.00" end="1950.00" id="D4_2_0" nVehContrib="3" flow="360.00" occupancy="3.42" speed="14.87" harmonicMeanSpeed="14.62" length="5.00" nVehEntered="3"/>
    <interval begin="1950.00" end="1980.00" id="D4_2_0" nVehContrib="3" flow="360.00" occupancy="4.54" speed="13.48" harmonicMeanSpeed="11.01" length="5.00" nVehEntered="3"/>
    <interval begin="1980.00" end="2010.00" id="D4_2_0" nVehContrib="4" flow="480.00" occupancy="3.61" speed="18.66" harmonicMeanSpeed="18.47" length="5.00" nVehEntered="4"/>
    <interval begin="2010.00" end="2040.00" id="D4_2_0" nVehContrib="3" flow="360.00" occupancy="4.09" speed="12.66" harmonicMeanSpeed="12.22" length="5.00" nVehEntered="3"/>
    <interval begin="2040.00" end="2070.00" id="D4_2_0" nVehContrib="2" flow="240.00" occupancy="3.42" speed="13.64" harmonicMeanSpeed="9.75" length="5.00" nVehEntered="2"/>
    <interval begin="2070.00" end="2100.00" id="D4_2_0" nVehContrib="4" flow="480.00" occupancy="3.19" speed="21.26" harmonicMeanSpeed="20.89" length="5.00" nVehEntered="4"/>
    <interval begin="2100.00" end="2130.00" id="D4_2_0" nVehContrib="3" flow="360.00" occupancy="3.33" speed="15.29" harmonicMeanSpeed="15.02" length="5.00" nVehEntered="3"/>
    <interval begin="2130.00" end="2160.00" id="D4_2_0" nVehContrib="3" flow="360.00" occupancy="2.97" speed="19.82" harmonicMeanSpeed="16.84" length="5.00" nVehEntered="3"/>
    <interval begin="2160.00" end="2190.00" id="D4_2_0" nVehContrib="4" flow="480.00" occupancy="3.39" speed="19.72" harmonicMeanSpeed="19.66" length="5.00" nVehEntered="4"/>
    <interval begin="2190.00" end="2220.00" id="D4_2_0" nVehContrib="2" flow="240.00" occupancy="2.32" speed="14.55" harmonicMeanSpeed="14.39" length="5.00" nVehEntered="2"/>
    <interval begin="2220.00" end="2250.00" id="D4_2_0" nVehContrib="4" flow="480.00" occupancy="3.91" speed="19.96" harmonicMeanSpeed="17.03" length="5.00" nVehEntered="4"/>
    <interval begin="2250.00" end="2280.00" id="D4_2_0" nVehContrib="3" flow="360.00" occupancy="2.72" speed="18.63" harmonicMeanSpeed="18.35" length="5.00" nVehEntered="3"/>
    <interval begin="2280.00" end="2310.00" id="D4_2_0" nVehContrib="3" flow="360.00" occupancy="4.02" speed="12.67" harmonicMeanSpeed="12.43" length="5.00" nVehEntered="3"/>
    <interval begin="2310.00" end="2340.00" id="D4_2_0" nVehContrib="4" flow="480.00" occupancy="2.99" speed="22.62" harmonicMeanSpeed="22.31" length="5.00" nVehEntered="4"/>
    <interval begin="2340.00" end="2370.00" id="D4_2_0" nVehContrib="2" flow="240.00" occupancy="1.91" speed="17.49" harmonicMeanSpeed="17.48" length="5.00" nVehEntered="2"/>
    <interval begin="2370.00" end="2400.00" id="D4_2_0" nVehContrib="3" flow="360.00" occupancy="4.12" speed="12.59" harmonicMeanSpeed="12.15" length="5.00" nVehEntered="3"/>
    <interval begin="2400.00" end="2430.00" id="D4_2_0" nVehContrib="4" flow="480.00" occupancy="3.20" speed="21.52" harmonicMeanSpeed="20.84" length="5.00" nVehEntered="4"/>
    <interval begin="2430.00" end="2460.00" id="D4_2_0" nVehContrib="3" flow="360.00" occupancy="3.15" speed="16.06" harmonicMeanSpeed="15.88" length="5.00" nVehEntered="3"/>
    <interval begin="2460.00" end="2490.00" id="D4_2_0" nVehContrib="3" flow="360.00" occupancy="4.61" speed="11.28" harmonicMeanSpeed="10.86" length="5.00" nVehEntered="3"/>
    <interval begin="2490.00" end="2520.00" id="D4_2_0" nVehContrib="3" flow="360.00" occupancy="2.25" speed="22.56" harmonicMeanSpeed="22.21" length="5.00" nVehEntered="3"/>
    <interval begin="2520.00" end="2550.00" id="D4_2_0" nVehContrib="3" flow="360.00" occupancy="3.06" speed="16.45" harmonicMeanSpeed="16.35" length="5.00" nVehEntered="3"/>
    <interval begin="2550.00" end="2580.00" id="D4_2_0" nVehContrib="3" flow="360.00" occupancy="4.83" speed="10.62" harmonicMeanSpeed="10.36" length="5.00" nVehEntered="3"/>
    <interval begin="2580.00" end="2610.00" id="D4_2_0" nVehContrib="4" flow="480.00" occupancy="3.05" speed="22.28" harmonicMeanSpeed="21.84" length="5.00" nVehEntered="4"/>
    <interval begin="2610.00" end="2640.00" id="D4_2_0" nVehContrib="3" flow="360.00" occupancy="3.30" speed="15.31" harmonicMeanSpeed="15.16" length="5.00" nVehEntered="3"/>
    <interval begin="2640.00" end="2670.00" id="D4_2_0" nVehContrib="2" flow="240.00" occupancy="3.65" speed="9.13" harmonicMeanSpeed="9.12" length="5.00" nVehEntered="2"/>
    <interval begin="2670.00" end="2700.00" id="D4_2_0" nVehContrib="4" flow="480.00" occupancy="3.08" speed="22.11" harmonicMeanSpeed="21.64" length="5.00" nVehEntered="4"/>
    <interval begin="2700.00" end="2730.00" id="D4_2_0" nVehContrib="3" flow="360.00" occupancy="3.62" speed="14.02" harmonicMeanSpeed="13.80" length="5.00" nVehEntered="3"/>
    <interval begin="2730.00" end="2760.00" id="D4_2_0" nVehContrib="3" flow="360.00" occupancy="4.72" speed="13.80" harmonicMeanSpeed="10.60" length="5.00" nVehEntered="3"/>
    <interval begin="2760.00" end="2790.00" id="D4_2_0" nVehContrib="4" flow="480.00" occupancy="3.21" speed="20.85" harmonicMeanSpeed="20.78" length="5.00" nVehEntered="4"/>
    <interval begin="2790.00" end="2820.00" id="D4_2_0" nVehContrib="2" flow="240.00" occupancy="2.14" speed="15.65" harmonicMeanSpeed="15.56" length="5.00" nVehEntered="2"/>
    <interval begin="2820.00" end="2850.00" id="D4_2_0" nVehContrib="4" flow="480.00" occupancy="4.26" speed="18.12" harmonicMeanSpeed="15.65" length="5.00" nVehEntered="4"/>
    <interval begin="2850.00" end="2880.00" id="D4_2_0" nVehContrib="3" flow="360.00" occupancy="2.47" speed="20.49" harmonicMeanSpeed="20.28" length="5.00" nVehEntered="3"/>
    <interval begin="2880.00" end="2910.00" id="D4_2_0" nVehContrib="3" flow="360.00" occupancy="3.33" speed="15.18" harmonicMeanSpeed="15.00" length="5.00" nVehEntered="3"/>
    <interval begin="2910.00" end="2940.00" id="D4_2_0" nVehContrib="4" flow="480.00" occupancy="3.80" speed="19.74" harmonicMeanSpeed="17.56" length="5.00" nVehEntered="4"/>
    <interval begin="2940.00" end="2970.00" id="D4_2_0" nVehContrib="2" flow="240.00" occupancy="1.64" speed="20.49" harmonicMeanSpeed="20.37" length="5.00" nVehEntered="2"/>
    <interval begin="2970.00" end="3000.00" id="D4_2_0" nVehContrib="3" flow="360.00" occupancy="3.51" speed="14.65" harmonicMeanSpeed="14.24" length="5.00" nVehEntered="3"/>
    <interval begin="3000.00" end="3030.00" id="D4_2_0" nVehContrib="4" flow="480.00" occupancy="4.09" speed="18.72" harmonicMeanSpeed="16.29" length="5.00" nVehEntered="4"/>
    <interval begin="3030.00" end="3060.00" id="D4_2_0" nVehContrib="3" flow="360.00" occupancy="2.43" speed="20.64" harmonicMeanSpeed="20.58" length="5.00" nVehEntered="3"/>
    <interval begin="3060.00" end="3090.00" id="D4_2_0" nVehContrib="3" flow="360.00" occupancy="3.33" speed="15.12" harmonicMeanSpeed="15.04" length="5.00" nVehEntered="3"/>
    <interval begin="3090.00" end="3120.00" id="D4_2_0" nVehContrib="3" flow="360.00" occupancy="2.26" speed="22.19" harmonicMeanSpeed="22.12" length="5.00" nVehEntered="3"/>
    <interval begin="3120.00" end="3150.00" id="D4_2_0" nVehContrib="3" flow="360.00" occupancy="2.51" speed="20.01" harmonicMeanSpeed="19.96" length="5.00" nVehEntered="3"/>
    <interval begin="3150.00" end="3180.00" id="D4_2_0" nVehContrib="3" flow="360.00" occupancy="3.22" speed="15.69" harmonicMeanSpeed="15.52" length="5.00" nVehEntered="3"/>
    <interval begin="3180.00" end="3210.00" id="D4_2_0" nVehContrib="4" flow="480.00" occupancy="3.15" speed="21.23" harmonicMeanSpeed="21.18" length="5.00" nVehEntered="4"/>
    <interval begin="3210.00" end="3240.00" id="D4_2_0" nVehContrib="3" flow="360.00" occupancy="2.68" speed="18.70" harmonicMeanSpeed="18.65" length="5.00" nVehEntered="3"/>
    <interval begin="3240.00" end="3270.00" id="D4_2_0" nVehContrib="2" flow="240.00" occupancy="2.51" speed="13.31" harmonicMeanSpeed="13.25" length="5.00" nVehEntered="2"/>
    <interval begin="3270.00" end="3300.00" id="D4_2_0" nVehContrib="4" flow="480.00" occupancy="3.16" speed="21.21" harmonicMeanSpeed="21.12" length="5.00" nVehEntered="4"/>
    <interval begin="3300.00" end="3330.00" id="D4_2_0" nVehContrib="3" flow="360.00" occupancy="2.64" speed="18.97" harmonicMeanSpeed="18.91" length="5.00" nVehEntered="3"/>
    <interval begin="3330.00" end="3360.00" id="D4_2_0" nVehContrib="3" flow="360.00" occupancy="3.75" speed="13.42" harmonicMeanSpeed="13.34" length="5.00" nVehEntered="3"/>
    <interval begin="3360.00" end="3390.00" id="D4_2_0" nVehContrib="4" flow="480.00" occupancy="3.00" speed="22.23" harmonicMeanSpeed="22.22" length="5.00" nVehEntered="4"/>
    <interval begin="3390.00" end="3420.00" id="D4_2_0" nVehContrib="2" flow="240.00" occupancy="1.77" speed="18.92" harmonicMeanSpeed="18.88" length="5.00" nVehEntered="2"/>
    <interval begin="3420.00" end="3450.00" id="D4_2_0" nVehContrib="4" flow="480.00" occupancy="4.70" speed="14.67" harmonicMeanSpeed="14.18" length="5.00" nVehEntered="4"/>
    <interval begin="3450.00" end="3480.00" id="D4_2_0" nVehContrib="3" flow="360.00" occupancy="2.24" speed="22.37" harmonicMeanSpeed="22.29" length="5.00" nVehEntered="3"/>
    <interval begin="3480.00" end="3510.00" id="D4_2_0" nVehContrib="3" flow="360.00" occupancy="2.98" speed="17.01" harmonicMeanSpeed="16.75" length="5.00" nVehEntered="3"/>
    <interval begin="3510.00" end="3540.00" id="D4_2_0" nVehContrib="4" flow="480.00" occupancy="4.27" speed="16.32" harmonicMeanSpeed="15.60" length="5.00" nVehEntered="4"/>
    <interval begin="3540.00" end="3570.00" id="D4_2_0" nVehContrib="2" flow="240.00" occupancy="1.49" speed="22.39" harmonicMeanSpeed="22.39" length="5.00" nVehEntered="2"/>
    <interval begin="3570.00" end="3600.00" id="D4_2_0" nVehContrib="3" flow="360.00" occupancy="2.86" speed="17.55" harmonicMeanSpeed="17.47" length="5.00" nVehEntered="3"/>
    <interval begin="3600.00" end="3630.00" id="D4_2_0" nVehContrib="1" flow="120.00" occupancy="1.17" speed="14.28" harmonicMeanSpeed="14.28" length="5.00" nVehEntered="1"/>
    <interval begin="3630.00" end="3640.00" id="D4_2_0" nVehContrib="0" flow="0.00" occupancy="0.00" speed="-1.00" harmonicMeanSpeed="-1.00" length="-1.00" nVehEntered="0"/>
</detector>
