<?xml version="1.0" encoding="UTF-8"?>

<!-- generated on 01/24/20 13:57:31 by Eclipse SUMO GUI Version 1.3.1
<configuration xmlns:xsi="http://www.w3.org/2001/XMLSchema-instance" xsi:noNamespaceSchemaLocation="http://sumo.dlr.de/xsd/sumoConfiguration.xsd">

    <input>
        <net-file value="gnet.net.xml"/>
        <route-files value="grou.rou.xml"/>
        <additional-files value="gadd.additional.xml"/>
    </input>

    <output>
        <queue-output value="Queue.xml"/>
        <summary-output value="Summary.xml"/>
    </output>

    <time>
        <begin value="0"/>
        <end value="3600"/>
    </time>

    <processing>
        <time-to-teleport value="3600"/>
    </processing>

    <traci_server>
        <remote-port value="13929"/>
    </traci_server>

    <gui_only>
        <gui-settings-file value="gview.view.xml"/>
        <quit-on-end value="true"/>
        <start value="true"/>
    </gui_only>

</configuration>
-->

<detector xmlns:xsi="http://www.w3.org/2001/XMLSchema-instance" xsi:noNamespaceSchemaLocation="http://sumo.dlr.de/xsd/det_e1_file.xsd">
    <interval begin="0.00" end="30.00" id="D4_3_0" nVehContrib="3" flow="360.00" occupancy="2.22" speed="22.60" harmonicMeanSpeed="22.50" length="5.00" nVehEntered="3"/>
    <interval begin="30.00" end="60.00" id="D4_3_0" nVehContrib="3" flow="360.00" occupancy="2.76" speed="18.21" harmonicMeanSpeed="18.12" length="5.00" nVehEntered="3"/>
    <interval begin="60.00" end="90.00" id="D4_3_0" nVehContrib="3" flow="360.00" occupancy="2.13" speed="23.76" harmonicMeanSpeed="23.52" length="5.00" nVehEntered="3"/>
    <interval begin="90.00" end="120.00" id="D4_3_0" nVehContrib="3" flow="360.00" occupancy="2.31" speed="21.67" harmonicMeanSpeed="21.65" length="5.00" nVehEntered="3"/>
    <interval begin="120.00" end="150.00" id="D4_3_0" nVehContrib="3" flow="360.00" occupancy="2.97" speed="17.01" harmonicMeanSpeed="16.85" length="5.00" nVehEntered="3"/>
    <interval begin="150.00" end="180.00" id="D4_3_0" nVehContrib="3" flow="360.00" occupancy="2.22" speed="22.82" harmonicMeanSpeed="22.48" length="5.00" nVehEntered="3"/>
    <interval begin="180.00" end="210.00" id="D4_3_0" nVehContrib="4" flow="480.00" occupancy="3.22" speed="21.04" harmonicMeanSpeed="20.73" length="5.00" nVehEntered="4"/>
    <interval begin="210.00" end="240.00" id="D4_3_0" nVehContrib="3" flow="360.00" occupancy="3.16" speed="15.97" harmonicMeanSpeed="15.82" length="5.00" nVehEntered="3"/>
    <interval begin="240.00" end="270.00" id="D4_3_0" nVehContrib="2" flow="240.00" occupancy="1.32" speed="25.31" harmonicMeanSpeed="25.31" length="5.00" nVehEntered="2"/>
    <interval begin="270.00" end="300.00" id="D4_3_0" nVehContrib="4" flow="480.00" occupancy="3.16" speed="21.21" harmonicMeanSpeed="21.08" length="5.00" nVehEntered="4"/>
    <interval begin="300.00" end="330.00" id="D4_3_0" nVehContrib="3" flow="360.00" occupancy="2.98" speed="16.83" harmonicMeanSpeed="16.75" length="5.00" nVehEntered="3"/>
    <interval begin="330.00" end="360.00" id="D4_3_0" nVehContrib="3" flow="360.00" occupancy="2.04" speed="24.52" harmonicMeanSpeed="24.49" length="5.00" nVehEntered="3"/>
    <interval begin="360.00" end="390.00" id="D4_3_0" nVehContrib="4" flow="480.00" occupancy="3.47" speed="19.42" harmonicMeanSpeed="19.19" length="5.00" nVehEntered="4"/>
    <interval begin="390.00" end="420.00" id="D4_3_0" nVehContrib="2" flow="240.00" occupancy="1.74" speed="20.47" harmonicMeanSpeed="19.20" length="5.00" nVehEntered="2"/>
    <interval begin="420.00" end="450.00" id="D4_3_0" nVehContrib="4" flow="480.00" occupancy="2.82" speed="23.62" harmonicMeanSpeed="23.60" length="5.00" nVehEntered="4"/>
    <interval begin="450.00" end="480.00" id="D4_3_0" nVehContrib="3" flow="360.00" occupancy="2.67" speed="18.77" harmonicMeanSpeed="18.75" length="5.00" nVehEntered="3"/>
    <interval begin="480.00" end="510.00" id="D4_3_0" nVehContrib="3" flow="360.00" occupancy="2.51" speed="21.28" harmonicMeanSpeed="19.92" length="5.00" nVehEntered="3"/>
    <interval begin="510.00" end="540.00" id="D4_3_0" nVehContrib="4" flow="480.00" occupancy="2.85" speed="23.42" harmonicMeanSpeed="23.39" length="5.00" nVehEntered="4"/>
    <interval begin="540.00" end="570.00" id="D4_3_0" nVehContrib="2" flow="240.00" occupancy="1.97" speed="17.04" harmonicMeanSpeed="16.95" length="5.00" nVehEntered="2"/>
    <interval begin="570.00" end="600.00" id="D4_3_0" nVehContrib="3" flow="360.00" occupancy="2.49" speed="21.17" harmonicMeanSpeed="20.07" length="5.00" nVehEntered="3"/>
    <interval begin="600.00" end="630.00" id="D4_3_0" nVehContrib="4" flow="480.00" occupancy="3.10" speed="21.67" harmonicMeanSpeed="21.54" length="5.00" nVehEntered="4"/>
    <interval begin="630.00" end="660.00" id="D4_3_0" nVehContrib="3" flow="360.00" occupancy="3.10" speed="16.50" harmonicMeanSpeed="16.12" length="5.00" nVehEntered="3"/>
    <interval begin="660.00" end="690.00" id="D4_3_0" nVehContrib="3" flow="360.00" occupancy="2.03" speed="24.67" harmonicMeanSpeed="24.64" length="5.00" nVehEntered="3"/>
    <interval begin="690.00" end="720.00" id="D4_3_0" nVehContrib="3" flow="360.00" occupancy="2.97" speed="22.24" harmonicMeanSpeed="22.12" length="5.00" nVehEntered="4"/>
    <interval begin="720.00" end="750.00" id="D4_3_0" nVehContrib="3" flow="360.00" occupancy="2.26" speed="17.17" harmonicMeanSpeed="16.85" length="5.00" nVehEntered="2"/>
    <interval begin="750.00" end="780.00" id="D4_3_0" nVehContrib="3" flow="360.00" occupancy="2.04" speed="24.54" harmonicMeanSpeed="24.52" length="5.00" nVehEntered="3"/>
    <interval begin="780.00" end="810.00" id="D4_3_0" nVehContrib="4" flow="480.00" occupancy="3.19" speed="21.06" harmonicMeanSpeed="20.87" length="5.00" nVehEntered="4"/>
    <interval begin="810.00" end="840.00" id="D4_3_0" nVehContrib="3" flow="360.00" occupancy="2.89" speed="17.78" harmonicMeanSpeed="17.33" length="5.00" nVehEntered="3"/>
    <interval begin="840.00" end="870.00" id="D4_3_0" nVehContrib="2" flow="240.00" occupancy="1.30" speed="25.63" harmonicMeanSpeed="25.62" length="5.00" nVehEntered="2"/>
    <interval begin="870.00" end="900.00" id="D4_3_0" nVehContrib="4" flow="480.00" occupancy="3.22" speed="20.89" harmonicMeanSpeed="20.68" length="5.00" nVehEntered="4"/>
    <interval begin="900.00" end="930.00" id="D4_3_0" nVehContrib="3" flow="360.00" occupancy="2.92" speed="17.31" harmonicMeanSpeed="17.13" length="5.00" nVehEntered="3"/>
    <interval begin="930.00" end="960.00" id="D4_3_0" nVehContrib="3" flow="360.00" occupancy="2.09" speed="23.98" harmonicMeanSpeed="23.91" length="5.00" nVehEntered="3"/>
    <interval begin="960.00" end="990.00" id="D4_3_0" nVehContrib="4" flow="480.00" occupancy="3.31" speed="20.47" harmonicMeanSpeed="20.14" length="5.00" nVehEntered="4"/>
    <interval begin="990.00" end="1020.00" id="D4_3_0" nVehContrib="2" flow="240.00" occupancy="2.07" speed="16.07" harmonicMeanSpeed="16.07" length="5.00" nVehEntered="2"/>
    <interval begin="1020.00" end="1050.00" id="D4_3_0" nVehContrib="4" flow="480.00" occupancy="2.96" speed="22.67" harmonicMeanSpeed="22.55" length="5.00" nVehEntered="4"/>
    <interval begin="1050.00" end="1080.00" id="D4_3_0" nVehContrib="3" flow="360.00" occupancy="2.64" speed="18.96" harmonicMeanSpeed="18.93" length="5.00" nVehEntered="3"/>
    <interval begin="1080.00" end="1110.00" id="D4_3_0" nVehContrib="3" flow="360.00" occupancy="2.96" speed="17.57" harmonicMeanSpeed="16.88" length="5.00" nVehEntered="3"/>
    <interval begin="1110.00" end="1140.00" id="D4_3_0" nVehContrib="4" flow="480.00" occupancy="2.99" speed="22.32" harmonicMeanSpeed="22.29" length="5.00" nVehEntered="4"/>
    <interval begin="1140.00" end="1170.00" id="D4_3_0" nVehContrib="2" flow="240.00" occupancy="1.94" speed="17.53" harmonicMeanSpeed="17.23" length="5.00" nVehEntered="2"/>
    <interval begin="1170.00" end="1200.00" id="D4_3_0" nVehContrib="3" flow="360.00" occupancy="3.00" speed="17.64" harmonicMeanSpeed="16.66" length="5.00" nVehEntered="3"/>
    <interval begin="1200.00" end="1230.00" id="D4_3_0" nVehContrib="4" flow="480.00" occupancy="3.04" speed="22.04" harmonicMeanSpeed="21.97" length="5.00" nVehEntered="4"/>
    <interval begin="1230.00" end="1260.00" id="D4_3_0" nVehContrib="3" flow="360.00" occupancy="2.83" speed="17.74" harmonicMeanSpeed="17.64" length="5.00" nVehEntered="3"/>
    <interval begin="1260.00" end="1290.00" id="D4_3_0" nVehContrib="3" flow="360.00" occupancy="2.69" speed="20.27" harmonicMeanSpeed="18.59" length="5.00" nVehEntered="3"/>
    <interval begin="1290.00" end="1320.00" id="D4_3_0" nVehContrib="3" flow="360.00" occupancy="2.22" speed="22.59" harmonicMeanSpeed="22.53" length="5.00" nVehEntered="3"/>
    <interval begin="1320.00" end="1350.00" id="D4_3_0" nVehContrib="3" flow="360.00" occupancy="2.87" speed="17.52" harmonicMeanSpeed="17.40" length="5.00" nVehEntered="3"/>
    <interval begin="1350.00" end="1380.00" id="D4_3_0" nVehContrib="3" flow="360.00" occupancy="2.47" speed="21.14" harmonicMeanSpeed="20.21" length="5.00" nVehEntered="3"/>
    <interval begin="1380.00" end="1410.00" id="D4_3_0" nVehContrib="4" flow="480.00" occupancy="2.96" speed="22.58" harmonicMeanSpeed="22.49" length="5.00" nVehEntered="4"/>
    <interval begin="1410.00" end="1440.00" id="D4_3_0" nVehContrib="3" flow="360.00" occupancy="2.97" speed="17.02" harmonicMeanSpeed="16.85" length="5.00" nVehEntered="3"/>
    <interval begin="1440.00" end="1470.00" id="D4_3_0" nVehContrib="2" flow="240.00" occupancy="1.38" speed="24.22" harmonicMeanSpeed="24.21" length="5.00" nVehEntered="2"/>
    <interval begin="1470.00" end="1500.00" id="D4_3_0" nVehContrib="4" flow="480.00" occupancy="2.92" speed="22.95" harmonicMeanSpeed="22.83" length="5.00" nVehEntered="4"/>
    <interval begin="1500.00" end="1530.00" id="D4_3_0" nVehContrib="3" flow="360.00" occupancy="2.99" speed="17.10" harmonicMeanSpeed="16.74" length="5.00" nVehEntered="3"/>
    <interval begin="1530.00" end="1560.00" id="D4_3_0" nVehContrib="3" flow="360.00" occupancy="2.15" speed="23.30" harmonicMeanSpeed="23.22" length="5.00" nVehEntered="3"/>
    <interval begin="1560.00" end="1590.00" id="D4_3_0" nVehContrib="4" flow="480.00" occupancy="3.21" speed="20.90" harmonicMeanSpeed="20.80" length="5.00" nVehEntered="4"/>
    <interval begin="1590.00" end="1620.00" id="D4_3_0" nVehContrib="2" flow="240.00" occupancy="2.06" speed="16.21" harmonicMeanSpeed="16.16" length="5.00" nVehEntered="2"/>
    <interval begin="1620.00" end="1650.00" id="D4_3_0" nVehContrib="4" flow="480.00" occupancy="2.91" speed="23.05" harmonicMeanSpeed="22.88" length="5.00" nVehEntered="4"/>
    <interval begin="1650.00" end="1680.00" id="D4_3_0" nVehContrib="3" flow="360.00" occupancy="2.35" speed="21.39" harmonicMeanSpeed="21.28" length="5.00" nVehEntered="3"/>
    <interval begin="1680.00" end="1710.00" id="D4_3_0" nVehContrib="3" flow="360.00" occupancy="3.12" speed="16.24" harmonicMeanSpeed="16.04" length="5.00" nVehEntered="3"/>
    <interval begin="1710.00" end="1740.00" id="D4_3_0" nVehContrib="4" flow="480.00" occupancy="2.79" speed="24.01" harmonicMeanSpeed="23.94" length="5.00" nVehEntered="4"/>
    <interval begin="1740.00" end="1770.00" id="D4_3_0" nVehContrib="2" flow="240.00" occupancy="1.71" speed="19.46" harmonicMeanSpeed="19.44" length="5.00" nVehEntered="2"/>
    <interval begin="1770.00" end="1800.00" id="D4_3_0" nVehContrib="3" flow="360.00" occupancy="3.03" speed="16.65" harmonicMeanSpeed="16.48" length="5.00" nVehEntered="3"/>
    <interval begin="1800.00" end="1830.00" id="D4_3_0" nVehContrib="4" flow="480.00" occupancy="2.82" speed="23.67" harmonicMeanSpeed="23.63" length="5.00" nVehEntered="4"/>
    <interval begin="1830.00" end="1860.00" id="D4_3_0" nVehContrib="3" flow="360.00" occupancy="2.72" speed="18.44" harmonicMeanSpeed="18.35" length="5.00" nVehEntered="3"/>
    <interval begin="1860.00" end="1890.00" id="D4_3_0" nVehContrib="3" flow="360.00" occupancy="2.99" speed="17.47" harmonicMeanSpeed="16.75" length="5.00" nVehEntered="3"/>
    <interval begin="1890.00" end="1920.00" id="D4_3_0" nVehContrib="3" flow="360.00" occupancy="2.13" speed="23.53" harmonicMeanSpeed="23.49" length="5.00" nVehEntered="3"/>
    <interval begin="1920.00" end="1950.00" id="D4_3_0" nVehContrib="3" flow="360.00" occupancy="2.71" speed="18.61" harmonicMeanSpeed="18.44" length="5.00" nVehEntered="3"/>
    <interval begin="1950.00" end="1980.00" id="D4_3_0" nVehContrib="3" flow="360.00" occupancy="3.17" speed="16.68" harmonicMeanSpeed="15.76" length="5.00" nVehEntered="3"/>
    <interval begin="1980.00" end="2010.00" id="D4_3_0" nVehContrib="4" flow="480.00" occupancy="3.00" speed="22.36" harmonicMeanSpeed="22.22" length="5.00" nVehEntered="4"/>
    <interval begin="2010.00" end="2040.00" id="D4_3_0" nVehContrib="3" flow="360.00" occupancy="2.98" speed="17.08" harmonicMeanSpeed="16.79" length="5.00" nVehEntered="3"/>
    <interval begin="2040.00" end="2070.00" id="D4_3_0" nVehContrib="2" flow="240.00" occupancy="1.98" speed="18.63" harmonicMeanSpeed="16.80" length="5.00" nVehEntered="2"/>
    <interval begin="2070.00" end="2100.00" id="D4_3_0" nVehContrib="4" flow="480.00" occupancy="2.84" speed="23.56" harmonicMeanSpeed="23.46" length="5.00" nVehEntered="4"/>
    <interval begin="2100.00" end="2130.00" id="D4_3_0" nVehContrib="3" flow="360.00" occupancy="2.57" speed="19.66" harmonicMeanSpeed="19.48" length="5.00" nVehEntered="3"/>
    <interval begin="2130.00" end="2160.00" id="D4_3_0" nVehContrib="3" flow="360.00" occupancy="2.60" speed="20.64" harmonicMeanSpeed="19.25" length="5.00" nVehEntered="3"/>
    <interval begin="2160.00" end="2190.00" id="D4_3_0" nVehContrib="4" flow="480.00" occupancy="3.11" speed="21.61" harmonicMeanSpeed="21.46" length="5.00" nVehEntered="4"/>
    <interval begin="2190.00" end="2220.00" id="D4_3_0" nVehContrib="2" flow="240.00" occupancy="1.81" speed="18.64" harmonicMeanSpeed="18.43" length="5.00" nVehEntered="2"/>
    <interval begin="2220.00" end="2250.00" id="D4_3_0" nVehContrib="4" flow="480.00" occupancy="3.16" speed="22.15" harmonicMeanSpeed="21.08" length="5.00" nVehEntered="4"/>
    <interval begin="2250.00" end="2280.00" id="D4_3_0" nVehContrib="3" flow="360.00" occupancy="2.42" speed="20.71" harmonicMeanSpeed="20.67" length="5.00" nVehEntered="3"/>
    <interval begin="2280.00" end="2310.00" id="D4_3_0" nVehContrib="3" flow="360.00" occupancy="2.98" speed="16.93" harmonicMeanSpeed="16.80" length="5.00" nVehEntered="3"/>
    <interval begin="2310.00" end="2340.00" id="D4_3_0" nVehContrib="4" flow="480.00" occupancy="2.78" speed="24.07" harmonicMeanSpeed="23.96" length="5.00" nVehEntered="4"/>
    <interval begin="2340.00" end="2370.00" id="D4_3_0" nVehContrib="2" flow="240.00" occupancy="1.52" speed="21.98" harmonicMeanSpeed="21.97" length="5.00" nVehEntered="2"/>
    <interval begin="2370.00" end="2400.00" id="D4_3_0" nVehContrib="3" flow="360.00" occupancy="2.85" speed="17.67" harmonicMeanSpeed="17.57" length="5.00" nVehEntered="3"/>
    <interval begin="2400.00" end="2430.00" id="D4_3_0" nVehContrib="4" flow="480.00" occupancy="2.95" speed="22.99" harmonicMeanSpeed="22.63" length="5.00" nVehEntered="4"/>
    <interval begin="2430.00" end="2460.00" id="D4_3_0" nVehContrib="3" flow="360.00" occupancy="2.48" speed="20.32" harmonicMeanSpeed="20.14" length="5.00" nVehEntered="3"/>
    <interval begin="2460.00" end="2490.00" id="D4_3_0" nVehContrib="3" flow="360.00" occupancy="3.35" speed="14.96" harmonicMeanSpeed="14.90" length="5.00" nVehEntered="3"/>
    <interval begin="2490.00" end="2520.00" id="D4_3_0" nVehContrib="3" flow="360.00" occupancy="2.07" speed="24.21" harmonicMeanSpeed="24.18" length="5.00" nVehEntered="3"/>
    <interval begin="2520.00" end="2550.00" id="D4_3_0" nVehContrib="3" flow="360.00" occupancy="2.55" speed="19.74" harmonicMeanSpeed="19.60" length="5.00" nVehEntered="3"/>
    <interval begin="2550.00" end="2580.00" id="D4_3_0" nVehContrib="3" flow="360.00" occupancy="3.49" speed="14.49" harmonicMeanSpeed="14.31" length="5.00" nVehEntered="3"/>
    <interval begin="2580.00" end="2610.00" id="D4_3_0" nVehContrib="4" flow="480.00" occupancy="2.80" speed="23.96" harmonicMeanSpeed="23.84" length="5.00" nVehEntered="4"/>
    <interval begin="2610.00" end="2640.00" id="D4_3_0" nVehContrib="3" flow="360.00" occupancy="2.60" speed="19.31" harmonicMeanSpeed="19.23" length="5.00" nVehEntered="3"/>
    <interval begin="2640.00" end="2670.00" id="D4_3_0" nVehContrib="2" flow="240.00" occupancy="2.43" speed="13.78" harmonicMeanSpeed="13.73" length="5.00" nVehEntered="2"/>
    <interval begin="2670.00" end="2700.00" id="D4_3_0" nVehContrib="4" flow="480.00" occupancy="2.86" speed="23.47" harmonicMeanSpeed="23.35" length="5.00" nVehEntered="4"/>
    <interval begin="2700.00" end="2730.00" id="D4_3_0" nVehContrib="3" flow="360.00" occupancy="2.86" speed="17.54" harmonicMeanSpeed="17.47" length="5.00" nVehEntered="3"/>
    <interval begin="2730.00" end="2760.00" id="D4_3_0" nVehContrib="3" flow="360.00" occupancy="3.26" speed="17.01" harmonicMeanSpeed="15.31" length="5.00" nVehEntered="3"/>
    <interval begin="2760.00" end="2790.00" id="D4_3_0" nVehContrib="4" flow="480.00" occupancy="2.77" speed="24.10" harmonicMeanSpeed="24.05" length="5.00" nVehEntered="4"/>
    <interval begin="2790.00" end="2820.00" id="D4_3_0" nVehContrib="2" flow="240.00" occupancy="2.14" speed="19.85" harmonicMeanSpeed="19.76" length="5.00" nVehEntered="3"/>
    <interval begin="2820.00" end="2850.00" id="D4_3_0" nVehContrib="4" flow="480.00" occupancy="3.01" speed="20.14" harmonicMeanSpeed="19.24" length="5.00" nVehEntered="3"/>
    <interval begin="2850.00" end="2880.00" id="D4_3_0" nVehContrib="3" flow="360.00" occupancy="2.12" speed="23.67" harmonicMeanSpeed="23.64" length="5.00" nVehEntered="3"/>
    <interval begin="2880.00" end="2910.00" id="D4_3_0" nVehContrib="3" flow="360.00" occupancy="2.75" speed="18.22" harmonicMeanSpeed="18.21" length="5.00" nVehEntered="3"/>
    <interval begin="2910.00" end="2940.00" id="D4_3_0" nVehContrib="4" flow="480.00" occupancy="3.23" speed="21.75" harmonicMeanSpeed="20.61" length="5.00" nVehEntered="4"/>
    <interval begin="2940.00" end="2970.00" id="D4_3_0" nVehContrib="2" flow="240.00" occupancy="1.46" speed="22.88" harmonicMeanSpeed="22.86" length="5.00" nVehEntered="2"/>
    <interval begin="2970.00" end="3000.00" id="D4_3_0" nVehContrib="3" flow="360.00" occupancy="2.69" speed="18.80" harmonicMeanSpeed="18.56" length="5.00" nVehEntered="3"/>
    <interval begin="3000.00" end="3030.00" id="D4_3_0" nVehContrib="4" flow="480.00" occupancy="3.24" speed="21.62" harmonicMeanSpeed="20.57" length="5.00" nVehEntered="4"/>
    <interval begin="3030.00" end="3060.00" id="D4_3_0" nVehContrib="3" flow="360.00" occupancy="2.12" speed="23.57" harmonicMeanSpeed="23.53" length="5.00" nVehEntered="3"/>
    <interval begin="3060.00" end="3090.00" id="D4_3_0" nVehContrib="3" flow="360.00" occupancy="2.57" speed="19.50" harmonicMeanSpeed="19.42" length="5.00" nVehEntered="3"/>
    <interval begin="3090.00" end="3120.00" id="D4_3_0" nVehContrib="3" flow="360.00" occupancy="2.08" speed="24.05" harmonicMeanSpeed="24.04" length="5.00" nVehEntered="3"/>
    <interval begin="3120.00" end="3150.00" id="D4_3_0" nVehContrib="3" flow="360.00" occupancy="2.15" speed="23.24" harmonicMeanSpeed="23.22" length="5.00" nVehEntered="3"/>
    <interval begin="3150.00" end="3180.00" id="D4_3_0" nVehContrib="3" flow="360.00" occupancy="2.56" speed="19.63" harmonicMeanSpeed="19.53" length="5.00" nVehEntered="3"/>
    <interval begin="3180.00" end="3210.00" id="D4_3_0" nVehContrib="4" flow="480.00" occupancy="2.97" speed="22.54" harmonicMeanSpeed="22.42" length="5.00" nVehEntered="4"/>
    <interval begin="3210.00" end="3240.00" id="D4_3_0" nVehContrib="3" flow="360.00" occupancy="2.35" speed="21.50" harmonicMeanSpeed="21.29" length="5.00" nVehEntered="3"/>
    <interval begin="3240.00" end="3270.00" id="D4_3_0" nVehContrib="2" flow="240.00" occupancy="1.88" speed="17.81" harmonicMeanSpeed="17.77" length="5.00" nVehEntered="2"/>
    <interval begin="3270.00" end="3300.00" id="D4_3_0" nVehContrib="4" flow="480.00" occupancy="2.85" speed="23.42" harmonicMeanSpeed="23.40" length="5.00" nVehEntered="4"/>
    <interval begin="3300.00" end="3330.00" id="D4_3_0" nVehContrib="3" flow="360.00" occupancy="2.21" speed="22.64" harmonicMeanSpeed="22.57" length="5.00" nVehEntered="3"/>
    <interval begin="3330.00" end="3360.00" id="D4_3_0" nVehContrib="3" flow="360.00" occupancy="2.84" speed="17.68" harmonicMeanSpeed="17.60" length="5.00" nVehEntered="3"/>
    <interval begin="3360.00" end="3390.00" id="D4_3_0" nVehContrib="4" flow="480.00" occupancy="2.89" speed="23.11" harmonicMeanSpeed="23.08" length="5.00" nVehEntered="4"/>
    <interval begin="3390.00" end="3420.00" id="D4_3_0" nVehContrib="2" flow="240.00" occupancy="1.65" speed="20.15" harmonicMeanSpeed="20.15" length="5.00" nVehEntered="2"/>
    <interval begin="3420.00" end="3450.00" id="D4_3_0" nVehContrib="4" flow="480.00" occupancy="3.82" speed="17.70" harmonicMeanSpeed="17.47" length="5.00" nVehEntered="4"/>
    <interval begin="3450.00" end="3480.00" id="D4_3_0" nVehContrib="3" flow="360.00" occupancy="2.08" speed="24.13" harmonicMeanSpeed="24.02" length="5.00" nVehEntered="3"/>
    <interval begin="3480.00" end="3510.00" id="D4_3_0" nVehContrib="3" flow="360.00" occupancy="2.42" speed="20.84" harmonicMeanSpeed="20.69" length="5.00" nVehEntered="3"/>
    <interval begin="3510.00" end="3540.00" id="D4_3_0" nVehContrib="4" flow="480.00" occupancy="3.52" speed="19.35" harmonicMeanSpeed="18.94" length="5.00" nVehEntered="4"/>
    <interval begin="3540.00" end="3570.00" id="D4_3_0" nVehContrib="2" flow="240.00" occupancy="1.32" speed="25.33" harmonicMeanSpeed="25.33" length="5.00" nVehEntered="2"/>
    <interval begin="3570.00" end="3600.00" id="D4_3_0" nVehContrib="3" flow="360.00" occupancy="2.36" speed="21.28" harmonicMeanSpeed="21.19" length="5.00" nVehEntered="3"/>
    <interval begin="3600.00" end="3630.00" id="D4_3_0" nVehContrib="1" flow="120.00" occupancy="0.89" speed="18.78" harmonicMeanSpeed="18.78" length="5.00" nVehEntered="1"/>
    <interval begin="3630.00" end="3640.00" id="D4_3_0" nVehContrib="0" flow="0.00" occupancy="0.00" speed="-1.00" harmonicMeanSpeed="-1.00" length="-1.00" nVehEntered="0"/>
</detector>
