<?xml version="1.0" encoding="UTF-8"?>

<!-- generated on 01/24/20 13:57:31 by Eclipse SUMO GUI Version 1.3.1
<configuration xmlns:xsi="http://www.w3.org/2001/XMLSchema-instance" xsi:noNamespaceSchemaLocation="http://sumo.dlr.de/xsd/sumoConfiguration.xsd">

    <input>
        <net-file value="gnet.net.xml"/>
        <route-files value="grou.rou.xml"/>
        <additional-files value="gadd.additional.xml"/>
    </input>

    <output>
        <queue-output value="Queue.xml"/>
        <summary-output value="Summary.xml"/>
    </output>

    <time>
        <begin value="0"/>
        <end value="3600"/>
    </time>

    <processing>
        <time-to-teleport value="3600"/>
    </processing>

    <traci_server>
        <remote-port value="13929"/>
    </traci_server>

    <gui_only>
        <gui-settings-file value="gview.view.xml"/>
        <quit-on-end value="true"/>
        <start value="true"/>
    </gui_only>

</configuration>
-->

<detector xmlns:xsi="http://www.w3.org/2001/XMLSchema-instance" xsi:noNamespaceSchemaLocation="http://sumo.dlr.de/xsd/det_e1_file.xsd">
    <interval begin="0.00" end="30.00" id="D5_1_1" nVehContrib="0" flow="0.00" occupancy="0.00" speed="-1.00" harmonicMeanSpeed="-1.00" length="-1.00" nVehEntered="0"/>
    <interval begin="30.00" end="60.00" id="D5_1_1" nVehContrib="0" flow="0.00" occupancy="0.00" speed="-1.00" harmonicMeanSpeed="-1.00" length="-1.00" nVehEntered="0"/>
    <interval begin="60.00" end="90.00" id="D5_1_1" nVehContrib="0" flow="0.00" occupancy="0.00" speed="-1.00" harmonicMeanSpeed="-1.00" length="-1.00" nVehEntered="0"/>
    <interval begin="90.00" end="120.00" id="D5_1_1" nVehContrib="14" flow="1680.00" occupancy="9.99" speed="23.60" harmonicMeanSpeed="23.35" length="5.00" nVehEntered="14"/>
    <interval begin="120.00" end="150.00" id="D5_1_1" nVehContrib="1" flow="120.00" occupancy="0.63" speed="26.40" harmonicMeanSpeed="26.40" length="5.00" nVehEntered="1"/>
    <interval begin="150.00" end="180.00" id="D5_1_1" nVehContrib="1" flow="120.00" occupancy="0.82" speed="20.40" harmonicMeanSpeed="20.40" length="5.00" nVehEntered="1"/>
    <interval begin="180.00" end="210.00" id="D5_1_1" nVehContrib="14" flow="1680.00" occupancy="9.87" speed="23.75" harmonicMeanSpeed="23.63" length="5.00" nVehEntered="14"/>
    <interval begin="210.00" end="240.00" id="D5_1_1" nVehContrib="0" flow="0.00" occupancy="0.00" speed="-1.00" harmonicMeanSpeed="-1.00" length="-1.00" nVehEntered="0"/>
    <interval begin="240.00" end="270.00" id="D5_1_1" nVehContrib="3" flow="360.00" occupancy="2.68" speed="19.38" harmonicMeanSpeed="19.38" length="5.00" nVehEntered="4"/>
    <interval begin="270.00" end="300.00" id="D5_1_1" nVehContrib="10" flow="1200.00" occupancy="7.25" speed="22.84" harmonicMeanSpeed="22.69" length="5.00" nVehEntered="9"/>
    <interval begin="300.00" end="330.00" id="D5_1_1" nVehContrib="0" flow="0.00" occupancy="0.00" speed="-1.00" harmonicMeanSpeed="-1.00" length="-1.00" nVehEntered="0"/>
    <interval begin="330.00" end="360.00" id="D5_1_1" nVehContrib="6" flow="720.00" occupancy="4.86" speed="21.38" harmonicMeanSpeed="21.27" length="5.00" nVehEntered="7"/>
    <interval begin="360.00" end="390.00" id="D5_1_1" nVehContrib="7" flow="840.00" occupancy="4.58" speed="24.70" harmonicMeanSpeed="24.62" length="5.00" nVehEntered="6"/>
    <interval begin="390.00" end="420.00" id="D5_1_1" nVehContrib="0" flow="0.00" occupancy="0.00" speed="-1.00" harmonicMeanSpeed="-1.00" length="-1.00" nVehEntered="0"/>
    <interval begin="420.00" end="450.00" id="D5_1_1" nVehContrib="9" flow="1080.00" occupancy="6.85" speed="22.01" harmonicMeanSpeed="21.89" length="5.00" nVehEntered="9"/>
    <interval begin="450.00" end="480.00" id="D5_1_1" nVehContrib="3" flow="360.00" occupancy="2.01" speed="24.88" harmonicMeanSpeed="24.83" length="5.00" nVehEntered="3"/>
    <interval begin="480.00" end="510.00" id="D5_1_1" nVehContrib="0" flow="0.00" occupancy="0.00" speed="-1.00" harmonicMeanSpeed="-1.00" length="-1.00" nVehEntered="0"/>
    <interval begin="510.00" end="540.00" id="D5_1_1" nVehContrib="11" flow="1320.00" occupancy="8.20" speed="22.53" harmonicMeanSpeed="22.35" length="5.00" nVehEntered="11"/>
    <interval begin="540.00" end="570.00" id="D5_1_1" nVehContrib="2" flow="240.00" occupancy="1.22" speed="27.33" harmonicMeanSpeed="27.25" length="5.00" nVehEntered="2"/>
    <interval begin="570.00" end="600.00" id="D5_1_1" nVehContrib="0" flow="0.00" occupancy="0.00" speed="-1.00" harmonicMeanSpeed="-1.00" length="-1.00" nVehEntered="0"/>
    <interval begin="600.00" end="630.00" id="D5_1_1" nVehContrib="13" flow="1560.00" occupancy="9.79" speed="22.39" harmonicMeanSpeed="22.14" length="5.00" nVehEntered="13"/>
    <interval begin="630.00" end="660.00" id="D5_1_1" nVehContrib="0" flow="0.00" occupancy="0.00" speed="-1.00" harmonicMeanSpeed="-1.00" length="-1.00" nVehEntered="0"/>
    <interval begin="660.00" end="690.00" id="D5_1_1" nVehContrib="0" flow="0.00" occupancy="0.00" speed="-1.00" harmonicMeanSpeed="-1.00" length="-1.00" nVehEntered="0"/>
    <interval begin="690.00" end="720.00" id="D5_1_1" nVehContrib="12" flow="1440.00" occupancy="9.11" speed="22.13" harmonicMeanSpeed="21.96" length="5.00" nVehEntered="12"/>
    <interval begin="720.00" end="750.00" id="D5_1_1" nVehContrib="0" flow="0.00" occupancy="0.00" speed="-1.00" harmonicMeanSpeed="-1.00" length="-1.00" nVehEntered="0"/>
    <interval begin="750.00" end="780.00" id="D5_1_1" nVehContrib="1" flow="120.00" occupancy="0.80" speed="20.75" harmonicMeanSpeed="20.75" length="5.00" nVehEntered="1"/>
    <interval begin="780.00" end="810.00" id="D5_1_1" nVehContrib="12" flow="1440.00" occupancy="8.88" speed="22.76" harmonicMeanSpeed="22.53" length="5.00" nVehEntered="12"/>
    <interval begin="810.00" end="840.00" id="D5_1_1" nVehContrib="0" flow="0.00" occupancy="0.00" speed="-1.00" harmonicMeanSpeed="-1.00" length="-1.00" nVehEntered="0"/>
    <interval begin="840.00" end="870.00" id="D5_1_1" nVehContrib="3" flow="360.00" occupancy="2.36" speed="21.22" harmonicMeanSpeed="21.22" length="5.00" nVehEntered="3"/>
    <interval begin="870.00" end="900.00" id="D5_1_1" nVehContrib="12" flow="1440.00" occupancy="8.51" speed="23.69" harmonicMeanSpeed="23.49" length="5.00" nVehEntered="12"/>
    <interval begin="900.00" end="930.00" id="D5_1_1" nVehContrib="0" flow="0.00" occupancy="0.00" speed="-1.00" harmonicMeanSpeed="-1.00" length="-1.00" nVehEntered="0"/>
    <interval begin="930.00" end="960.00" id="D5_1_1" nVehContrib="5" flow="600.00" occupancy="4.12" speed="20.33" harmonicMeanSpeed="20.25" length="5.00" nVehEntered="5"/>
    <interval begin="960.00" end="990.00" id="D5_1_1" nVehContrib="10" flow="1200.00" occupancy="6.62" speed="25.32" harmonicMeanSpeed="25.19" length="5.00" nVehEntered="10"/>
    <interval begin="990.00" end="1020.00" id="D5_1_1" nVehContrib="0" flow="0.00" occupancy="0.00" speed="-1.00" harmonicMeanSpeed="-1.00" length="-1.00" nVehEntered="0"/>
    <interval begin="1020.00" end="1050.00" id="D5_1_1" nVehContrib="6" flow="720.00" occupancy="4.73" speed="21.19" harmonicMeanSpeed="21.13" length="5.00" nVehEntered="6"/>
    <interval begin="1050.00" end="1080.00" id="D5_1_1" nVehContrib="8" flow="960.00" occupancy="5.52" speed="24.33" harmonicMeanSpeed="24.15" length="5.00" nVehEntered="8"/>
    <interval begin="1080.00" end="1110.00" id="D5_1_1" nVehContrib="0" flow="0.00" occupancy="0.00" speed="-1.00" harmonicMeanSpeed="-1.00" length="-1.00" nVehEntered="0"/>
    <interval begin="1110.00" end="1140.00" id="D5_1_1" nVehContrib="8" flow="960.00" occupancy="6.71" speed="21.94" harmonicMeanSpeed="21.78" length="5.00" nVehEntered="9"/>
    <interval begin="1140.00" end="1170.00" id="D5_1_1" nVehContrib="8" flow="960.00" occupancy="4.72" speed="25.15" harmonicMeanSpeed="25.11" length="5.00" nVehEntered="7"/>
    <interval begin="1170.00" end="1200.00" id="D5_1_1" nVehContrib="0" flow="0.00" occupancy="0.00" speed="-1.00" harmonicMeanSpeed="-1.00" length="-1.00" nVehEntered="0"/>
    <interval begin="1200.00" end="1230.00" id="D5_1_1" nVehContrib="10" flow="1200.00" occupancy="7.64" speed="22.18" harmonicMeanSpeed="22.06" length="5.00" nVehEntered="11"/>
    <interval begin="1230.00" end="1260.00" id="D5_1_1" nVehContrib="6" flow="720.00" occupancy="3.77" speed="26.00" harmonicMeanSpeed="25.92" length="5.00" nVehEntered="5"/>
    <interval begin="1260.00" end="1290.00" id="D5_1_1" nVehContrib="0" flow="0.00" occupancy="0.00" speed="-1.00" harmonicMeanSpeed="-1.00" length="-1.00" nVehEntered="0"/>
    <interval begin="1290.00" end="1320.00" id="D5_1_1" nVehContrib="12" flow="1440.00" occupancy="8.84" speed="22.83" harmonicMeanSpeed="22.62" length="5.00" nVehEntered="12"/>
    <interval begin="1320.00" end="1350.00" id="D5_1_1" nVehContrib="2" flow="240.00" occupancy="1.36" speed="24.60" harmonicMeanSpeed="24.60" length="5.00" nVehEntered="2"/>
    <interval begin="1350.00" end="1380.00" id="D5_1_1" nVehContrib="0" flow="0.00" occupancy="0.00" speed="-1.00" harmonicMeanSpeed="-1.00" length="-1.00" nVehEntered="0"/>
    <interval begin="1380.00" end="1410.00" id="D5_1_1" nVehContrib="12" flow="1440.00" occupancy="8.92" speed="22.57" harmonicMeanSpeed="22.43" length="5.00" nVehEntered="12"/>
    <interval begin="1410.00" end="1440.00" id="D5_1_1" nVehContrib="1" flow="120.00" occupancy="0.62" speed="27.09" harmonicMeanSpeed="27.09" length="5.00" nVehEntered="1"/>
    <interval begin="1440.00" end="1470.00" id="D5_1_1" nVehContrib="0" flow="0.00" occupancy="0.00" speed="-1.00" harmonicMeanSpeed="-1.00" length="-1.00" nVehEntered="0"/>
    <interval begin="1470.00" end="1500.00" id="D5_1_1" nVehContrib="13" flow="1560.00" occupancy="9.78" speed="22.34" harmonicMeanSpeed="22.15" length="5.00" nVehEntered="13"/>
    <interval begin="1500.00" end="1530.00" id="D5_1_1" nVehContrib="1" flow="120.00" occupancy="0.59" speed="28.42" harmonicMeanSpeed="28.42" length="5.00" nVehEntered="1"/>
    <interval begin="1530.00" end="1560.00" id="D5_1_1" nVehContrib="0" flow="0.00" occupancy="0.00" speed="-1.00" harmonicMeanSpeed="-1.00" length="-1.00" nVehEntered="0"/>
    <interval begin="1560.00" end="1590.00" id="D5_1_1" nVehContrib="12" flow="1440.00" occupancy="8.76" speed="22.98" harmonicMeanSpeed="22.83" length="5.00" nVehEntered="12"/>
    <interval begin="1590.00" end="1620.00" id="D5_1_1" nVehContrib="0" flow="0.00" occupancy="0.00" speed="-1.00" harmonicMeanSpeed="-1.00" length="-1.00" nVehEntered="0"/>
    <interval begin="1620.00" end="1650.00" id="D5_1_1" nVehContrib="1" flow="120.00" occupancy="0.80" speed="20.91" harmonicMeanSpeed="20.91" length="5.00" nVehEntered="1"/>
    <interval begin="1650.00" end="1680.00" id="D5_1_1" nVehContrib="15" flow="1800.00" occupancy="10.50" speed="23.99" harmonicMeanSpeed="23.81" length="5.00" nVehEntered="15"/>
    <interval begin="1680.00" end="1710.00" id="D5_1_1" nVehContrib="0" flow="0.00" occupancy="0.00" speed="-1.00" harmonicMeanSpeed="-1.00" length="-1.00" nVehEntered="0"/>
    <interval begin="1710.00" end="1740.00" id="D5_1_1" nVehContrib="3" flow="360.00" occupancy="2.47" speed="20.24" harmonicMeanSpeed="20.24" length="5.00" nVehEntered="3"/>
    <interval begin="1740.00" end="1770.00" id="D5_1_1" nVehContrib="10" flow="1200.00" occupancy="7.26" speed="23.05" harmonicMeanSpeed="22.97" length="5.00" nVehEntered="10"/>
    <interval begin="1770.00" end="1800.00" id="D5_1_1" nVehContrib="0" flow="0.00" occupancy="0.00" speed="-1.00" harmonicMeanSpeed="-1.00" length="-1.00" nVehEntered="0"/>
    <interval begin="1800.00" end="1830.00" id="D5_1_1" nVehContrib="4" flow="480.00" occupancy="4.03" speed="20.17" harmonicMeanSpeed="20.14" length="5.00" nVehEntered="5"/>
    <interval begin="1830.00" end="1860.00" id="D5_1_1" nVehContrib="11" flow="1320.00" occupancy="7.04" speed="23.66" harmonicMeanSpeed="23.61" length="5.00" nVehEntered="10"/>
    <interval begin="1860.00" end="1890.00" id="D5_1_1" nVehContrib="0" flow="0.00" occupancy="0.00" speed="-1.00" harmonicMeanSpeed="-1.00" length="-1.00" nVehEntered="0"/>
    <interval begin="1890.00" end="1920.00" id="D5_1_1" nVehContrib="7" flow="840.00" occupancy="5.48" speed="21.38" harmonicMeanSpeed="21.28" length="5.00" nVehEntered="7"/>
    <interval begin="1920.00" end="1950.00" id="D5_1_1" nVehContrib="7" flow="840.00" occupancy="4.82" speed="24.26" harmonicMeanSpeed="24.18" length="5.00" nVehEntered="7"/>
    <interval begin="1950.00" end="1980.00" id="D5_1_1" nVehContrib="0" flow="0.00" occupancy="0.00" speed="-1.00" harmonicMeanSpeed="-1.00" length="-1.00" nVehEntered="0"/>
    <interval begin="1980.00" end="2010.00" id="D5_1_1" nVehContrib="8" flow="960.00" occupancy="6.08" speed="21.96" harmonicMeanSpeed="21.91" length="5.00" nVehEntered="8"/>
    <interval begin="2010.00" end="2040.00" id="D5_1_1" nVehContrib="6" flow="720.00" occupancy="3.94" speed="25.41" harmonicMeanSpeed="25.40" length="5.00" nVehEntered="6"/>
    <interval begin="2040.00" end="2070.00" id="D5_1_1" nVehContrib="0" flow="0.00" occupancy="0.00" speed="-1.00" harmonicMeanSpeed="-1.00" length="-1.00" nVehEntered="0"/>
    <interval begin="2070.00" end="2100.00" id="D5_1_1" nVehContrib="10" flow="1200.00" occupancy="7.87" speed="21.41" harmonicMeanSpeed="21.19" length="5.00" nVehEntered="10"/>
    <interval begin="2100.00" end="2130.00" id="D5_1_1" nVehContrib="4" flow="480.00" occupancy="2.62" speed="25.53" harmonicMeanSpeed="25.48" length="5.00" nVehEntered="4"/>
    <interval begin="2130.00" end="2160.00" id="D5_1_1" nVehContrib="0" flow="0.00" occupancy="0.00" speed="-1.00" harmonicMeanSpeed="-1.00" length="-1.00" nVehEntered="0"/>
    <interval begin="2160.00" end="2190.00" id="D5_1_1" nVehContrib="12" flow="1440.00" occupancy="8.91" speed="22.55" harmonicMeanSpeed="22.44" length="5.00" nVehEntered="12"/>
    <interval begin="2190.00" end="2220.00" id="D5_1_1" nVehContrib="2" flow="240.00" occupancy="1.34" speed="24.82" harmonicMeanSpeed="24.81" length="5.00" nVehEntered="2"/>
    <interval begin="2220.00" end="2250.00" id="D5_1_1" nVehContrib="0" flow="0.00" occupancy="0.00" speed="-1.00" harmonicMeanSpeed="-1.00" length="-1.00" nVehEntered="0"/>
    <interval begin="2250.00" end="2280.00" id="D5_1_1" nVehContrib="13" flow="1560.00" occupancy="9.39" speed="23.17" harmonicMeanSpeed="23.07" length="5.00" nVehEntered="13"/>
    <interval begin="2280.00" end="2310.00" id="D5_1_1" nVehContrib="2" flow="240.00" occupancy="1.34" speed="25.06" harmonicMeanSpeed="24.94" length="5.00" nVehEntered="2"/>
    <interval begin="2310.00" end="2340.00" id="D5_1_1" nVehContrib="0" flow="0.00" occupancy="0.00" speed="-1.00" harmonicMeanSpeed="-1.00" length="-1.00" nVehEntered="0"/>
    <interval begin="2340.00" end="2370.00" id="D5_1_1" nVehContrib="13" flow="1560.00" occupancy="9.51" speed="22.96" harmonicMeanSpeed="22.79" length="5.00" nVehEntered="13"/>
    <interval begin="2370.00" end="2400.00" id="D5_1_1" nVehContrib="3" flow="360.00" occupancy="2.00" speed="25.02" harmonicMeanSpeed="24.95" length="5.00" nVehEntered="3"/>
    <interval begin="2400.00" end="2430.00" id="D5_1_1" nVehContrib="0" flow="0.00" occupancy="0.00" speed="-1.00" harmonicMeanSpeed="-1.00" length="-1.00" nVehEntered="0"/>
    <interval begin="2430.00" end="2460.00" id="D5_1_1" nVehContrib="13" flow="1560.00" occupancy="9.56" speed="22.76" harmonicMeanSpeed="22.66" length="5.00" nVehEntered="13"/>
    <interval begin="2460.00" end="2490.00" id="D5_1_1" nVehContrib="0" flow="0.00" occupancy="0.00" speed="-1.00" harmonicMeanSpeed="-1.00" length="-1.00" nVehEntered="0"/>
    <interval begin="2490.00" end="2520.00" id="D5_1_1" nVehContrib="1" flow="120.00" occupancy="0.83" speed="19.96" harmonicMeanSpeed="19.96" length="5.00" nVehEntered="1"/>
    <interval begin="2520.00" end="2550.00" id="D5_1_1" nVehContrib="13" flow="1560.00" occupancy="9.22" speed="23.66" harmonicMeanSpeed="23.51" length="5.00" nVehEntered="13"/>
    <interval begin="2550.00" end="2580.00" id="D5_1_1" nVehContrib="0" flow="0.00" occupancy="0.00" speed="-1.00" harmonicMeanSpeed="-1.00" length="-1.00" nVehEntered="0"/>
    <interval begin="2580.00" end="2610.00" id="D5_1_1" nVehContrib="3" flow="360.00" occupancy="2.48" speed="20.24" harmonicMeanSpeed="20.20" length="5.00" nVehEntered="3"/>
    <interval begin="2610.00" end="2640.00" id="D5_1_1" nVehContrib="13" flow="1560.00" occupancy="9.47" speed="23.04" harmonicMeanSpeed="22.88" length="5.00" nVehEntered="13"/>
    <interval begin="2640.00" end="2670.00" id="D5_1_1" nVehContrib="0" flow="0.00" occupancy="0.00" speed="-1.00" harmonicMeanSpeed="-1.00" length="-1.00" nVehEntered="0"/>
    <interval begin="2670.00" end="2700.00" id="D5_1_1" nVehContrib="5" flow="600.00" occupancy="4.02" speed="20.77" harmonicMeanSpeed="20.75" length="5.00" nVehEntered="5"/>
    <interval begin="2700.00" end="2730.00" id="D5_1_1" nVehContrib="10" flow="1200.00" occupancy="6.76" speed="24.70" harmonicMeanSpeed="24.66" length="5.00" nVehEntered="10"/>
    <interval begin="2730.00" end="2760.00" id="D5_1_1" nVehContrib="0" flow="0.00" occupancy="0.00" speed="-1.00" harmonicMeanSpeed="-1.00" length="-1.00" nVehEntered="0"/>
    <interval begin="2760.00" end="2790.00" id="D5_1_1" nVehContrib="6" flow="720.00" occupancy="5.04" speed="21.12" harmonicMeanSpeed="21.07" length="5.00" nVehEntered="7"/>
    <interval begin="2790.00" end="2820.00" id="D5_1_1" nVehContrib="8" flow="960.00" occupancy="5.28" speed="24.06" harmonicMeanSpeed="23.96" length="5.00" nVehEntered="7"/>
    <interval begin="2820.00" end="2850.00" id="D5_1_1" nVehContrib="0" flow="0.00" occupancy="0.00" speed="-1.00" harmonicMeanSpeed="-1.00" length="-1.00" nVehEntered="0"/>
    <interval begin="2850.00" end="2880.00" id="D5_1_1" nVehContrib="8" flow="960.00" occupancy="6.32" speed="21.19" harmonicMeanSpeed="21.11" length="5.00" nVehEntered="8"/>
    <interval begin="2880.00" end="2910.00" id="D5_1_1" nVehContrib="7" flow="840.00" occupancy="4.59" speed="25.45" harmonicMeanSpeed="25.40" length="5.00" nVehEntered="7"/>
    <interval begin="2910.00" end="2940.00" id="D5_1_1" nVehContrib="0" flow="0.00" occupancy="0.00" speed="-1.00" harmonicMeanSpeed="-1.00" length="-1.00" nVehEntered="0"/>
    <interval begin="2940.00" end="2970.00" id="D5_1_1" nVehContrib="11" flow="1320.00" occupancy="8.45" speed="21.79" harmonicMeanSpeed="21.71" length="5.00" nVehEntered="11"/>
    <interval begin="2970.00" end="3000.00" id="D5_1_1" nVehContrib="3" flow="360.00" occupancy="1.90" speed="26.37" harmonicMeanSpeed="26.33" length="5.00" nVehEntered="3"/>
    <interval begin="3000.00" end="3030.00" id="D5_1_1" nVehContrib="0" flow="0.00" occupancy="0.00" speed="-1.00" harmonicMeanSpeed="-1.00" length="-1.00" nVehEntered="0"/>
    <interval begin="3030.00" end="3060.00" id="D5_1_1" nVehContrib="11" flow="1320.00" occupancy="8.68" speed="22.12" harmonicMeanSpeed="22.05" length="5.00" nVehEntered="12"/>
    <interval begin="3060.00" end="3090.00" id="D5_1_1" nVehContrib="3" flow="360.00" occupancy="1.62" speed="25.32" harmonicMeanSpeed="25.32" length="5.00" nVehEntered="2"/>
    <interval begin="3090.00" end="3120.00" id="D5_1_1" nVehContrib="0" flow="0.00" occupancy="0.00" speed="-1.00" harmonicMeanSpeed="-1.00" length="-1.00" nVehEntered="0"/>
    <interval begin="3120.00" end="3150.00" id="D5_1_1" nVehContrib="13" flow="1560.00" occupancy="9.39" speed="23.22" harmonicMeanSpeed="23.07" length="5.00" nVehEntered="13"/>
    <interval begin="3150.00" end="3180.00" id="D5_1_1" nVehContrib="2" flow="240.00" occupancy="1.35" speed="24.73" harmonicMeanSpeed="24.66" length="5.00" nVehEntered="2"/>
    <interval begin="3180.00" end="3210.00" id="D5_1_1" nVehContrib="0" flow="0.00" occupancy="0.00" speed="-1.00" harmonicMeanSpeed="-1.00" length="-1.00" nVehEntered="0"/>
    <interval begin="3210.00" end="3240.00" id="D5_1_1" nVehContrib="14" flow="1680.00" occupancy="10.21" speed="23.10" harmonicMeanSpeed="22.85" length="5.00" nVehEntered="14"/>
    <interval begin="3240.00" end="3270.00" id="D5_1_1" nVehContrib="1" flow="120.00" occupancy="0.69" speed="24.25" harmonicMeanSpeed="24.25" length="5.00" nVehEntered="1"/>
    <interval begin="3270.00" end="3300.00" id="D5_1_1" nVehContrib="0" flow="0.00" occupancy="0.00" speed="-1.00" harmonicMeanSpeed="-1.00" length="-1.00" nVehEntered="0"/>
    <interval begin="3300.00" end="3330.00" id="D5_1_1" nVehContrib="14" flow="1680.00" occupancy="10.22" speed="23.19" harmonicMeanSpeed="22.84" length="5.00" nVehEntered="14"/>
    <interval begin="3330.00" end="3360.00" id="D5_1_1" nVehContrib="1" flow="120.00" occupancy="0.66" speed="25.07" harmonicMeanSpeed="25.07" length="5.00" nVehEntered="1"/>
    <interval begin="3360.00" end="3390.00" id="D5_1_1" nVehContrib="1" flow="120.00" occupancy="0.82" speed="20.36" harmonicMeanSpeed="20.36" length="5.00" nVehEntered="1"/>
    <interval begin="3390.00" end="3420.00" id="D5_1_1" nVehContrib="13" flow="1560.00" occupancy="9.57" speed="22.79" harmonicMeanSpeed="22.63" length="5.00" nVehEntered="13"/>
    <interval begin="3420.00" end="3450.00" id="D5_1_1" nVehContrib="0" flow="0.00" occupancy="0.00" speed="-1.00" harmonicMeanSpeed="-1.00" length="-1.00" nVehEntered="0"/>
    <interval begin="3450.00" end="3480.00" id="D5_1_1" nVehContrib="3" flow="360.00" occupancy="2.51" speed="19.94" harmonicMeanSpeed="19.92" length="5.00" nVehEntered="3"/>
    <interval begin="3480.00" end="3510.00" id="D5_1_1" nVehContrib="11" flow="1320.00" occupancy="7.73" speed="23.93" harmonicMeanSpeed="23.71" length="5.00" nVehEntered="11"/>
    <interval begin="3510.00" end="3540.00" id="D5_1_1" nVehContrib="0" flow="0.00" occupancy="0.00" speed="-1.00" harmonicMeanSpeed="-1.00" length="-1.00" nVehEntered="0"/>
    <interval begin="3540.00" end="3570.00" id="D5_1_1" nVehContrib="5" flow="600.00" occupancy="4.07" speed="20.51" harmonicMeanSpeed="20.46" length="5.00" nVehEntered="5"/>
    <interval begin="3570.00" end="3600.00" id="D5_1_1" nVehContrib="10" flow="1200.00" occupancy="6.79" speed="24.67" harmonicMeanSpeed="24.56" length="5.00" nVehEntered="10"/>
    <interval begin="3600.00" end="3630.00" id="D5_1_1" nVehContrib="0" flow="0.00" occupancy="0.00" speed="-1.00" harmonicMeanSpeed="-1.00" length="-1.00" nVehEntered="0"/>
    <interval begin="3630.00" end="3640.00" id="D5_1_1" nVehContrib="0" flow="0.00" occupancy="0.00" speed="-1.00" harmonicMeanSpeed="-1.00" length="-1.00" nVehEntered="0"/>
</detector>
