<?xml version="1.0" encoding="UTF-8"?>

<!-- generated on 01/24/20 13:57:31 by Eclipse SUMO GUI Version 1.3.1
<configuration xmlns:xsi="http://www.w3.org/2001/XMLSchema-instance" xsi:noNamespaceSchemaLocation="http://sumo.dlr.de/xsd/sumoConfiguration.xsd">

    <input>
        <net-file value="gnet.net.xml"/>
        <route-files value="grou.rou.xml"/>
        <additional-files value="gadd.additional.xml"/>
    </input>

    <output>
        <queue-output value="Queue.xml"/>
        <summary-output value="Summary.xml"/>
    </output>

    <time>
        <begin value="0"/>
        <end value="3600"/>
    </time>

    <processing>
        <time-to-teleport value="3600"/>
    </processing>

    <traci_server>
        <remote-port value="13929"/>
    </traci_server>

    <gui_only>
        <gui-settings-file value="gview.view.xml"/>
        <quit-on-end value="true"/>
        <start value="true"/>
    </gui_only>

</configuration>
-->

<detector xmlns:xsi="http://www.w3.org/2001/XMLSchema-instance" xsi:noNamespaceSchemaLocation="http://sumo.dlr.de/xsd/det_e1_file.xsd">
    <interval begin="0.00" end="30.00" id="D5_1_0" nVehContrib="2" flow="240.00" occupancy="0.86" speed="38.94" harmonicMeanSpeed="38.91" length="5.00" nVehEntered="2"/>
    <interval begin="30.00" end="60.00" id="D5_1_0" nVehContrib="3" flow="360.00" occupancy="1.30" speed="38.35" harmonicMeanSpeed="38.33" length="5.00" nVehEntered="3"/>
    <interval begin="60.00" end="90.00" id="D5_1_0" nVehContrib="2" flow="240.00" occupancy="1.67" speed="20.01" harmonicMeanSpeed="19.95" length="5.00" nVehEntered="2"/>
    <interval begin="90.00" end="120.00" id="D5_1_0" nVehContrib="10" flow="1200.00" occupancy="7.60" speed="22.34" harmonicMeanSpeed="21.92" length="5.00" nVehEntered="10"/>
    <interval begin="120.00" end="150.00" id="D5_1_0" nVehContrib="1" flow="120.00" occupancy="0.58" speed="28.71" harmonicMeanSpeed="28.71" length="5.00" nVehEntered="1"/>
    <interval begin="150.00" end="180.00" id="D5_1_0" nVehContrib="3" flow="360.00" occupancy="2.57" speed="19.53" harmonicMeanSpeed="19.45" length="5.00" nVehEntered="3"/>
    <interval begin="180.00" end="210.00" id="D5_1_0" nVehContrib="8" flow="960.00" occupancy="6.43" speed="20.85" harmonicMeanSpeed="20.73" length="5.00" nVehEntered="8"/>
    <interval begin="210.00" end="240.00" id="D5_1_0" nVehContrib="0" flow="0.00" occupancy="0.21" speed="-1.00" harmonicMeanSpeed="-1.00" length="-1.00" nVehEntered="1"/>
    <interval begin="240.00" end="270.00" id="D5_1_0" nVehContrib="5" flow="600.00" occupancy="4.12" speed="19.32" harmonicMeanSpeed="19.25" length="5.00" nVehEntered="4"/>
    <interval begin="270.00" end="300.00" id="D5_1_0" nVehContrib="12" flow="1440.00" occupancy="8.70" speed="23.55" harmonicMeanSpeed="22.99" length="5.00" nVehEntered="12"/>
    <interval begin="300.00" end="330.00" id="D5_1_0" nVehContrib="1" flow="120.00" occupancy="0.94" speed="17.80" harmonicMeanSpeed="17.80" length="5.00" nVehEntered="1"/>
    <interval begin="330.00" end="360.00" id="D5_1_0" nVehContrib="8" flow="960.00" occupancy="6.48" speed="20.68" harmonicMeanSpeed="20.58" length="5.00" nVehEntered="8"/>
    <interval begin="360.00" end="390.00" id="D5_1_0" nVehContrib="4" flow="480.00" occupancy="2.81" speed="23.80" harmonicMeanSpeed="23.73" length="5.00" nVehEntered="4"/>
    <interval begin="390.00" end="420.00" id="D5_1_0" nVehContrib="2" flow="240.00" occupancy="1.67" speed="19.98" harmonicMeanSpeed="19.91" length="5.00" nVehEntered="2"/>
    <interval begin="420.00" end="450.00" id="D5_1_0" nVehContrib="10" flow="1200.00" occupancy="8.30" speed="20.12" harmonicMeanSpeed="20.09" length="5.00" nVehEntered="10"/>
    <interval begin="450.00" end="480.00" id="D5_1_0" nVehContrib="5" flow="600.00" occupancy="2.85" speed="29.60" harmonicMeanSpeed="29.26" length="5.00" nVehEntered="5"/>
    <interval begin="480.00" end="510.00" id="D5_1_0" nVehContrib="2" flow="240.00" occupancy="1.74" speed="19.11" harmonicMeanSpeed="19.10" length="5.00" nVehEntered="2"/>
    <interval begin="510.00" end="540.00" id="D5_1_0" nVehContrib="11" flow="1320.00" occupancy="8.48" speed="21.72" harmonicMeanSpeed="21.61" length="5.00" nVehEntered="11"/>
    <interval begin="540.00" end="570.00" id="D5_1_0" nVehContrib="1" flow="120.00" occupancy="0.54" speed="30.74" harmonicMeanSpeed="30.74" length="5.00" nVehEntered="1"/>
    <interval begin="570.00" end="600.00" id="D5_1_0" nVehContrib="2" flow="240.00" occupancy="1.73" speed="19.24" harmonicMeanSpeed="19.24" length="5.00" nVehEntered="2"/>
    <interval begin="600.00" end="630.00" id="D5_1_0" nVehContrib="11" flow="1320.00" occupancy="8.65" speed="21.37" harmonicMeanSpeed="21.18" length="5.00" nVehEntered="11"/>
    <interval begin="630.00" end="660.00" id="D5_1_0" nVehContrib="3" flow="360.00" occupancy="1.58" speed="31.83" harmonicMeanSpeed="31.57" length="5.00" nVehEntered="3"/>
    <interval begin="660.00" end="690.00" id="D5_1_0" nVehContrib="2" flow="240.00" occupancy="1.71" speed="19.56" harmonicMeanSpeed="19.50" length="5.00" nVehEntered="2"/>
    <interval begin="690.00" end="720.00" id="D5_1_0" nVehContrib="13" flow="1560.00" occupancy="9.07" speed="25.25" harmonicMeanSpeed="23.88" length="5.00" nVehEntered="13"/>
    <interval begin="720.00" end="750.00" id="D5_1_0" nVehContrib="0" flow="0.00" occupancy="0.00" speed="-1.00" harmonicMeanSpeed="-1.00" length="-1.00" nVehEntered="0"/>
    <interval begin="750.00" end="780.00" id="D5_1_0" nVehContrib="3" flow="360.00" occupancy="2.72" speed="19.44" harmonicMeanSpeed="19.42" length="5.00" nVehEntered="4"/>
    <interval begin="780.00" end="810.00" id="D5_1_0" nVehContrib="13" flow="1560.00" occupancy="9.44" speed="23.29" harmonicMeanSpeed="22.59" length="5.00" nVehEntered="12"/>
    <interval begin="810.00" end="840.00" id="D5_1_0" nVehContrib="1" flow="120.00" occupancy="0.81" speed="20.51" harmonicMeanSpeed="20.51" length="5.00" nVehEntered="1"/>
    <interval begin="840.00" end="870.00" id="D5_1_0" nVehContrib="4" flow="480.00" occupancy="3.59" speed="18.67" harmonicMeanSpeed="18.59" length="5.00" nVehEntered="4"/>
    <interval begin="870.00" end="900.00" id="D5_1_0" nVehContrib="8" flow="960.00" occupancy="5.80" speed="23.76" harmonicMeanSpeed="23.00" length="5.00" nVehEntered="8"/>
    <interval begin="900.00" end="930.00" id="D5_1_0" nVehContrib="1" flow="120.00" occupancy="0.87" speed="19.27" harmonicMeanSpeed="19.27" length="5.00" nVehEntered="1"/>
    <interval begin="930.00" end="960.00" id="D5_1_0" nVehContrib="6" flow="720.00" occupancy="5.31" speed="18.87" harmonicMeanSpeed="18.84" length="5.00" nVehEntered="6"/>
    <interval begin="960.00" end="990.00" id="D5_1_0" nVehContrib="5" flow="600.00" occupancy="3.72" speed="22.49" harmonicMeanSpeed="22.43" length="5.00" nVehEntered="5"/>
    <interval begin="990.00" end="1020.00" id="D5_1_0" nVehContrib="1" flow="120.00" occupancy="0.91" speed="18.25" harmonicMeanSpeed="18.25" length="5.00" nVehEntered="1"/>
    <interval begin="1020.00" end="1050.00" id="D5_1_0" nVehContrib="7" flow="840.00" occupancy="5.90" speed="19.79" harmonicMeanSpeed="19.78" length="5.00" nVehEntered="7"/>
    <interval begin="1050.00" end="1080.00" id="D5_1_0" nVehContrib="7" flow="840.00" occupancy="4.78" speed="24.68" harmonicMeanSpeed="24.40" length="5.00" nVehEntered="7"/>
    <interval begin="1080.00" end="1110.00" id="D5_1_0" nVehContrib="2" flow="240.00" occupancy="1.74" speed="19.21" harmonicMeanSpeed="19.21" length="5.00" nVehEntered="2"/>
    <interval begin="1110.00" end="1140.00" id="D5_1_0" nVehContrib="8" flow="960.00" occupancy="6.91" speed="20.13" harmonicMeanSpeed="20.08" length="5.00" nVehEntered="9"/>
    <interval begin="1140.00" end="1170.00" id="D5_1_0" nVehContrib="3" flow="360.00" occupancy="1.77" speed="24.65" harmonicMeanSpeed="24.54" length="5.00" nVehEntered="2"/>
    <interval begin="1170.00" end="1200.00" id="D5_1_0" nVehContrib="2" flow="240.00" occupancy="1.70" speed="19.70" harmonicMeanSpeed="19.65" length="5.00" nVehEntered="2"/>
    <interval begin="1200.00" end="1230.00" id="D5_1_0" nVehContrib="9" flow="1080.00" occupancy="7.06" speed="21.34" harmonicMeanSpeed="21.24" length="5.00" nVehEntered="9"/>
    <interval begin="1230.00" end="1260.00" id="D5_1_0" nVehContrib="0" flow="0.00" occupancy="0.00" speed="-1.00" harmonicMeanSpeed="-1.00" length="-1.00" nVehEntered="0"/>
    <interval begin="1260.00" end="1290.00" id="D5_1_0" nVehContrib="2" flow="240.00" occupancy="1.68" speed="19.90" harmonicMeanSpeed="19.90" length="5.00" nVehEntered="2"/>
    <interval begin="1290.00" end="1320.00" id="D5_1_0" nVehContrib="10" flow="1200.00" occupancy="8.03" speed="20.89" harmonicMeanSpeed="20.74" length="5.00" nVehEntered="10"/>
    <interval begin="1320.00" end="1350.00" id="D5_1_0" nVehContrib="4" flow="480.00" occupancy="2.32" speed="28.85" harmonicMeanSpeed="28.67" length="5.00" nVehEntered="4"/>
    <interval begin="1350.00" end="1380.00" id="D5_1_0" nVehContrib="2" flow="240.00" occupancy="1.62" speed="20.57" harmonicMeanSpeed="20.55" length="5.00" nVehEntered="2"/>
    <interval begin="1380.00" end="1410.00" id="D5_1_0" nVehContrib="10" flow="1200.00" occupancy="7.78" speed="21.52" harmonicMeanSpeed="21.43" length="5.00" nVehEntered="10"/>
    <interval begin="1410.00" end="1440.00" id="D5_1_0" nVehContrib="3" flow="360.00" occupancy="1.65" speed="30.37" harmonicMeanSpeed="30.29" length="5.00" nVehEntered="3"/>
    <interval begin="1440.00" end="1470.00" id="D5_1_0" nVehContrib="2" flow="240.00" occupancy="1.62" speed="20.58" harmonicMeanSpeed="20.58" length="5.00" nVehEntered="2"/>
    <interval begin="1470.00" end="1500.00" id="D5_1_0" nVehContrib="11" flow="1320.00" occupancy="8.54" speed="21.64" harmonicMeanSpeed="21.46" length="5.00" nVehEntered="11"/>
    <interval begin="1500.00" end="1530.00" id="D5_1_0" nVehContrib="2" flow="240.00" occupancy="1.05" speed="31.74" harmonicMeanSpeed="31.71" length="5.00" nVehEntered="2"/>
    <interval begin="1530.00" end="1560.00" id="D5_1_0" nVehContrib="2" flow="240.00" occupancy="1.63" speed="20.57" harmonicMeanSpeed="20.50" length="5.00" nVehEntered="2"/>
    <interval begin="1560.00" end="1590.00" id="D5_1_0" nVehContrib="13" flow="1560.00" occupancy="9.52" speed="23.25" harmonicMeanSpeed="22.75" length="5.00" nVehEntered="13"/>
    <interval begin="1590.00" end="1620.00" id="D5_1_0" nVehContrib="1" flow="120.00" occupancy="0.45" speed="37.37" harmonicMeanSpeed="37.37" length="5.00" nVehEntered="1"/>
    <interval begin="1620.00" end="1650.00" id="D5_1_0" nVehContrib="3" flow="360.00" occupancy="2.52" speed="19.89" harmonicMeanSpeed="19.81" length="5.00" nVehEntered="3"/>
    <interval begin="1650.00" end="1680.00" id="D5_1_0" nVehContrib="9" flow="1080.00" occupancy="6.93" speed="21.73" harmonicMeanSpeed="21.65" length="5.00" nVehEntered="9"/>
    <interval begin="1680.00" end="1710.00" id="D5_1_0" nVehContrib="1" flow="120.00" occupancy="0.89" speed="18.69" harmonicMeanSpeed="18.69" length="5.00" nVehEntered="1"/>
    <interval begin="1710.00" end="1740.00" id="D5_1_0" nVehContrib="4" flow="480.00" occupancy="3.41" speed="19.59" harmonicMeanSpeed="19.53" length="5.00" nVehEntered="4"/>
    <interval begin="1740.00" end="1770.00" id="D5_1_0" nVehContrib="12" flow="1440.00" occupancy="8.39" speed="24.52" harmonicMeanSpeed="23.82" length="5.00" nVehEntered="12"/>
    <interval begin="1770.00" end="1800.00" id="D5_1_0" nVehContrib="1" flow="120.00" occupancy="0.85" speed="19.69" harmonicMeanSpeed="19.69" length="5.00" nVehEntered="1"/>
    <interval begin="1800.00" end="1830.00" id="D5_1_0" nVehContrib="5" flow="600.00" occupancy="4.98" speed="19.81" harmonicMeanSpeed="19.81" length="5.00" nVehEntered="6"/>
    <interval begin="1830.00" end="1860.00" id="D5_1_0" nVehContrib="5" flow="600.00" occupancy="2.98" speed="22.35" harmonicMeanSpeed="22.21" length="5.00" nVehEntered="4"/>
    <interval begin="1860.00" end="1890.00" id="D5_1_0" nVehContrib="1" flow="120.00" occupancy="0.89" speed="18.69" harmonicMeanSpeed="18.69" length="5.00" nVehEntered="1"/>
    <interval begin="1890.00" end="1920.00" id="D5_1_0" nVehContrib="7" flow="840.00" occupancy="6.03" speed="19.48" harmonicMeanSpeed="19.34" length="5.00" nVehEntered="7"/>
    <interval begin="1920.00" end="1950.00" id="D5_1_0" nVehContrib="7" flow="840.00" occupancy="4.77" speed="24.65" harmonicMeanSpeed="24.45" length="5.00" nVehEntered="7"/>
    <interval begin="1950.00" end="1980.00" id="D5_1_0" nVehContrib="2" flow="240.00" occupancy="1.78" speed="18.89" harmonicMeanSpeed="18.71" length="5.00" nVehEntered="2"/>
    <interval begin="1980.00" end="2010.00" id="D5_1_0" nVehContrib="9" flow="1080.00" occupancy="7.46" speed="20.23" harmonicMeanSpeed="20.10" length="5.00" nVehEntered="9"/>
    <interval begin="2010.00" end="2040.00" id="D5_1_0" nVehContrib="3" flow="360.00" occupancy="1.85" speed="27.98" harmonicMeanSpeed="27.05" length="5.00" nVehEntered="3"/>
    <interval begin="2040.00" end="2070.00" id="D5_1_0" nVehContrib="2" flow="240.00" occupancy="1.71" speed="19.59" harmonicMeanSpeed="19.45" length="5.00" nVehEntered="2"/>
    <interval begin="2070.00" end="2100.00" id="D5_1_0" nVehContrib="10" flow="1200.00" occupancy="8.15" speed="20.55" harmonicMeanSpeed="20.46" length="5.00" nVehEntered="10"/>
    <interval begin="2100.00" end="2130.00" id="D5_1_0" nVehContrib="3" flow="360.00" occupancy="1.57" speed="31.98" harmonicMeanSpeed="31.80" length="5.00" nVehEntered="3"/>
    <interval begin="2130.00" end="2160.00" id="D5_1_0" nVehContrib="2" flow="240.00" occupancy="1.77" speed="18.93" harmonicMeanSpeed="18.87" length="5.00" nVehEntered="2"/>
    <interval begin="2160.00" end="2190.00" id="D5_1_0" nVehContrib="10" flow="1200.00" occupancy="7.80" speed="21.47" harmonicMeanSpeed="21.37" length="5.00" nVehEntered="10"/>
    <interval begin="2190.00" end="2220.00" id="D5_1_0" nVehContrib="0" flow="0.00" occupancy="0.00" speed="-1.00" harmonicMeanSpeed="-1.00" length="-1.00" nVehEntered="0"/>
    <interval begin="2220.00" end="2250.00" id="D5_1_0" nVehContrib="2" flow="240.00" occupancy="1.68" speed="19.96" harmonicMeanSpeed="19.87" length="5.00" nVehEntered="2"/>
    <interval begin="2250.00" end="2280.00" id="D5_1_0" nVehContrib="11" flow="1320.00" occupancy="8.16" speed="22.57" harmonicMeanSpeed="22.48" length="5.00" nVehEntered="11"/>
    <interval begin="2280.00" end="2310.00" id="D5_1_0" nVehContrib="2" flow="240.00" occupancy="1.40" speed="23.79" harmonicMeanSpeed="23.77" length="5.00" nVehEntered="2"/>
    <interval begin="2310.00" end="2340.00" id="D5_1_0" nVehContrib="2" flow="240.00" occupancy="1.72" speed="19.43" harmonicMeanSpeed="19.38" length="5.00" nVehEntered="2"/>
    <interval begin="2340.00" end="2370.00" id="D5_1_0" nVehContrib="10" flow="1200.00" occupancy="7.79" speed="21.59" harmonicMeanSpeed="21.40" length="5.00" nVehEntered="10"/>
    <interval begin="2370.00" end="2400.00" id="D5_1_0" nVehContrib="0" flow="0.00" occupancy="0.00" speed="-1.00" harmonicMeanSpeed="-1.00" length="-1.00" nVehEntered="0"/>
    <interval begin="2400.00" end="2430.00" id="D5_1_0" nVehContrib="3" flow="360.00" occupancy="2.51" speed="19.90" harmonicMeanSpeed="19.89" length="5.00" nVehEntered="3"/>
    <interval begin="2430.00" end="2460.00" id="D5_1_0" nVehContrib="14" flow="1680.00" occupancy="9.97" speed="23.64" harmonicMeanSpeed="23.40" length="5.00" nVehEntered="14"/>
    <interval begin="2460.00" end="2490.00" id="D5_1_0" nVehContrib="2" flow="240.00" occupancy="1.39" speed="26.10" harmonicMeanSpeed="24.01" length="5.00" nVehEntered="2"/>
    <interval begin="2490.00" end="2520.00" id="D5_1_0" nVehContrib="2" flow="240.00" occupancy="1.68" speed="19.84" harmonicMeanSpeed="19.84" length="5.00" nVehEntered="2"/>
    <interval begin="2520.00" end="2550.00" id="D5_1_0" nVehContrib="10" flow="1200.00" occupancy="7.38" speed="22.85" harmonicMeanSpeed="22.59" length="5.00" nVehEntered="10"/>
    <interval begin="2550.00" end="2580.00" id="D5_1_0" nVehContrib="1" flow="120.00" occupancy="0.94" speed="17.81" harmonicMeanSpeed="17.81" length="5.00" nVehEntered="1"/>
    <interval begin="2580.00" end="2610.00" id="D5_1_0" nVehContrib="4" flow="480.00" occupancy="3.17" speed="21.03" harmonicMeanSpeed="21.02" length="5.00" nVehEntered="4"/>
    <interval begin="2610.00" end="2640.00" id="D5_1_0" nVehContrib="8" flow="960.00" occupancy="5.90" speed="22.83" harmonicMeanSpeed="22.58" length="5.00" nVehEntered="8"/>
    <interval begin="2640.00" end="2670.00" id="D5_1_0" nVehContrib="1" flow="120.00" occupancy="0.90" speed="18.51" harmonicMeanSpeed="18.51" length="5.00" nVehEntered="1"/>
    <interval begin="2670.00" end="2700.00" id="D5_1_0" nVehContrib="6" flow="720.00" occupancy="4.80" speed="20.88" harmonicMeanSpeed="20.82" length="5.00" nVehEntered="6"/>
    <interval begin="2700.00" end="2730.00" id="D5_1_0" nVehContrib="6" flow="720.00" occupancy="4.41" speed="22.98" harmonicMeanSpeed="22.68" length="5.00" nVehEntered="6"/>
    <interval begin="2730.00" end="2760.00" id="D5_1_0" nVehContrib="1" flow="120.00" occupancy="0.87" speed="19.05" harmonicMeanSpeed="19.05" length="5.00" nVehEntered="1"/>
    <interval begin="2760.00" end="2790.00" id="D5_1_0" nVehContrib="8" flow="960.00" occupancy="7.06" speed="20.29" harmonicMeanSpeed="20.22" length="5.00" nVehEntered="9"/>
    <interval begin="2790.00" end="2820.00" id="D5_1_0" nVehContrib="8" flow="960.00" occupancy="4.93" speed="25.43" harmonicMeanSpeed="24.70" length="5.00" nVehEntered="7"/>
    <interval begin="2820.00" end="2850.00" id="D5_1_0" nVehContrib="0" flow="0.00" occupancy="0.00" speed="-1.00" harmonicMeanSpeed="-1.00" length="-1.00" nVehEntered="0"/>
    <interval begin="2850.00" end="2880.00" id="D5_1_0" nVehContrib="10" flow="1200.00" occupancy="8.16" speed="20.51" harmonicMeanSpeed="20.44" length="5.00" nVehEntered="10"/>
    <interval begin="2880.00" end="2910.00" id="D5_1_0" nVehContrib="3" flow="360.00" occupancy="1.90" speed="27.02" harmonicMeanSpeed="26.38" length="5.00" nVehEntered="3"/>
    <interval begin="2910.00" end="2940.00" id="D5_1_0" nVehContrib="1" flow="120.00" occupancy="0.81" speed="20.69" harmonicMeanSpeed="20.69" length="5.00" nVehEntered="1"/>
    <interval begin="2940.00" end="2970.00" id="D5_1_0" nVehContrib="10" flow="1200.00" occupancy="8.35" speed="20.12" harmonicMeanSpeed="19.96" length="5.00" nVehEntered="10"/>
    <interval begin="2970.00" end="3000.00" id="D5_1_0" nVehContrib="3" flow="360.00" occupancy="1.77" speed="28.46" harmonicMeanSpeed="28.26" length="5.00" nVehEntered="3"/>
    <interval begin="3000.00" end="3030.00" id="D5_1_0" nVehContrib="1" flow="120.00" occupancy="0.94" speed="17.67" harmonicMeanSpeed="17.67" length="5.00" nVehEntered="1"/>
    <interval begin="3030.00" end="3060.00" id="D5_1_0" nVehContrib="11" flow="1320.00" occupancy="8.58" speed="21.46" harmonicMeanSpeed="21.38" length="5.00" nVehEntered="11"/>
    <interval begin="3060.00" end="3090.00" id="D5_1_0" nVehContrib="1" flow="120.00" occupancy="0.59" speed="28.31" harmonicMeanSpeed="28.31" length="5.00" nVehEntered="1"/>
    <interval begin="3090.00" end="3120.00" id="D5_1_0" nVehContrib="2" flow="240.00" occupancy="1.76" speed="18.91" harmonicMeanSpeed="18.90" length="5.00" nVehEntered="2"/>
    <interval begin="3120.00" end="3150.00" id="D5_1_0" nVehContrib="12" flow="1440.00" occupancy="9.35" speed="21.51" harmonicMeanSpeed="21.39" length="5.00" nVehEntered="12"/>
    <interval begin="3150.00" end="3180.00" id="D5_1_0" nVehContrib="0" flow="0.00" occupancy="0.00" speed="-1.00" harmonicMeanSpeed="-1.00" length="-1.00" nVehEntered="0"/>
    <interval begin="3180.00" end="3210.00" id="D5_1_0" nVehContrib="2" flow="240.00" occupancy="1.75" speed="19.11" harmonicMeanSpeed="19.05" length="5.00" nVehEntered="2"/>
    <interval begin="3210.00" end="3240.00" id="D5_1_0" nVehContrib="11" flow="1320.00" occupancy="8.72" speed="21.31" harmonicMeanSpeed="21.03" length="5.00" nVehEntered="11"/>
    <interval begin="3240.00" end="3270.00" id="D5_1_0" nVehContrib="2" flow="240.00" occupancy="1.23" speed="27.04" harmonicMeanSpeed="27.04" length="5.00" nVehEntered="2"/>
    <interval begin="3270.00" end="3300.00" id="D5_1_0" nVehContrib="2" flow="240.00" occupancy="1.64" speed="20.44" harmonicMeanSpeed="20.33" length="5.00" nVehEntered="2"/>
    <interval begin="3300.00" end="3330.00" id="D5_1_0" nVehContrib="10" flow="1200.00" occupancy="7.59" speed="22.09" harmonicMeanSpeed="21.97" length="5.00" nVehEntered="10"/>
    <interval begin="3330.00" end="3360.00" id="D5_1_0" nVehContrib="0" flow="0.00" occupancy="0.00" speed="-1.00" harmonicMeanSpeed="-1.00" length="-1.00" nVehEntered="0"/>
    <interval begin="3360.00" end="3390.00" id="D5_1_0" nVehContrib="3" flow="360.00" occupancy="2.54" speed="19.73" harmonicMeanSpeed="19.73" length="5.00" nVehEntered="4"/>
    <interval begin="3390.00" end="3420.00" id="D5_1_0" nVehContrib="13" flow="1560.00" occupancy="9.33" speed="23.85" harmonicMeanSpeed="23.19" length="5.00" nVehEntered="12"/>
    <interval begin="3420.00" end="3450.00" id="D5_1_0" nVehContrib="0" flow="0.00" occupancy="0.00" speed="-1.00" harmonicMeanSpeed="-1.00" length="-1.00" nVehEntered="0"/>
    <interval begin="3450.00" end="3480.00" id="D5_1_0" nVehContrib="5" flow="600.00" occupancy="4.17" speed="20.00" harmonicMeanSpeed="19.99" length="5.00" nVehEntered="5"/>
    <interval begin="3480.00" end="3510.00" id="D5_1_0" nVehContrib="8" flow="960.00" occupancy="5.58" speed="24.06" harmonicMeanSpeed="23.89" length="5.00" nVehEntered="8"/>
    <interval begin="3510.00" end="3540.00" id="D5_1_0" nVehContrib="0" flow="0.00" occupancy="0.00" speed="-1.00" harmonicMeanSpeed="-1.00" length="-1.00" nVehEntered="0"/>
    <interval begin="3540.00" end="3570.00" id="D5_1_0" nVehContrib="7" flow="840.00" occupancy="5.95" speed="19.63" harmonicMeanSpeed="19.61" length="5.00" nVehEntered="7"/>
    <interval begin="3570.00" end="3600.00" id="D5_1_0" nVehContrib="7" flow="840.00" occupancy="4.83" speed="24.71" harmonicMeanSpeed="24.14" length="5.00" nVehEntered="7"/>
    <interval begin="3600.00" end="3630.00" id="D5_1_0" nVehContrib="0" flow="0.00" occupancy="0.00" speed="-1.00" harmonicMeanSpeed="-1.00" length="-1.00" nVehEntered="0"/>
    <interval begin="3630.00" end="3640.00" id="D5_1_0" nVehContrib="0" flow="0.00" occupancy="0.00" speed="-1.00" harmonicMeanSpeed="-1.00" length="-1.00" nVehEntered="0"/>
</detector>
