<?xml version="1.0" encoding="UTF-8"?>

<!-- generated on 01/24/20 13:57:31 by Eclipse SUMO GUI Version 1.3.1
<configuration xmlns:xsi="http://www.w3.org/2001/XMLSchema-instance" xsi:noNamespaceSchemaLocation="http://sumo.dlr.de/xsd/sumoConfiguration.xsd">

    <input>
        <net-file value="gnet.net.xml"/>
        <route-files value="grou.rou.xml"/>
        <additional-files value="gadd.additional.xml"/>
    </input>

    <output>
        <queue-output value="Queue.xml"/>
        <summary-output value="Summary.xml"/>
    </output>

    <time>
        <begin value="0"/>
        <end value="3600"/>
    </time>

    <processing>
        <time-to-teleport value="3600"/>
    </processing>

    <traci_server>
        <remote-port value="13929"/>
    </traci_server>

    <gui_only>
        <gui-settings-file value="gview.view.xml"/>
        <quit-on-end value="true"/>
        <start value="true"/>
    </gui_only>

</configuration>
-->

<detector xmlns:xsi="http://www.w3.org/2001/XMLSchema-instance" xsi:noNamespaceSchemaLocation="http://sumo.dlr.de/xsd/det_e1_file.xsd">
    <interval begin="0.00" end="30.00" id="D6_1_2" nVehContrib="2" flow="240.00" occupancy="3.13" speed="10.63" harmonicMeanSpeed="10.63" length="5.00" nVehEntered="2"/>
    <interval begin="30.00" end="60.00" id="D6_1_2" nVehContrib="1" flow="120.00" occupancy="1.47" speed="11.30" harmonicMeanSpeed="11.30" length="5.00" nVehEntered="1"/>
    <interval begin="60.00" end="90.00" id="D6_1_2" nVehContrib="2" flow="240.00" occupancy="8.85" speed="4.25" harmonicMeanSpeed="3.77" length="5.00" nVehEntered="2"/>
    <interval begin="90.00" end="120.00" id="D6_1_2" nVehContrib="11" flow="1320.00" occupancy="19.20" speed="9.65" harmonicMeanSpeed="9.55" length="5.00" nVehEntered="11"/>
    <interval begin="120.00" end="150.00" id="D6_1_2" nVehContrib="0" flow="0.00" occupancy="0.00" speed="-1.00" harmonicMeanSpeed="-1.00" length="-1.00" nVehEntered="0"/>
    <interval begin="150.00" end="180.00" id="D6_1_2" nVehContrib="4" flow="480.00" occupancy="13.16" speed="6.08" harmonicMeanSpeed="5.07" length="5.00" nVehEntered="4"/>
    <interval begin="180.00" end="210.00" id="D6_1_2" nVehContrib="9" flow="1080.00" occupancy="14.39" speed="10.45" harmonicMeanSpeed="10.43" length="5.00" nVehEntered="9"/>
    <interval begin="210.00" end="240.00" id="D6_1_2" nVehContrib="0" flow="0.00" occupancy="0.00" speed="-1.00" harmonicMeanSpeed="-1.00" length="-1.00" nVehEntered="0"/>
    <interval begin="240.00" end="270.00" id="D6_1_2" nVehContrib="6" flow="720.00" occupancy="14.51" speed="8.29" harmonicMeanSpeed="6.89" length="5.00" nVehEntered="6"/>
    <interval begin="270.00" end="300.00" id="D6_1_2" nVehContrib="7" flow="840.00" occupancy="12.24" speed="9.66" harmonicMeanSpeed="9.53" length="5.00" nVehEntered="7"/>
    <interval begin="300.00" end="330.00" id="D6_1_2" nVehContrib="0" flow="0.00" occupancy="0.00" speed="-1.00" harmonicMeanSpeed="-1.00" length="-1.00" nVehEntered="0"/>
    <interval begin="330.00" end="360.00" id="D6_1_2" nVehContrib="8" flow="960.00" occupancy="20.02" speed="7.93" harmonicMeanSpeed="6.66" length="5.00" nVehEntered="8"/>
    <interval begin="360.00" end="390.00" id="D6_1_2" nVehContrib="5" flow="600.00" occupancy="7.96" speed="10.54" harmonicMeanSpeed="10.46" length="5.00" nVehEntered="5"/>
    <interval begin="390.00" end="420.00" id="D6_1_2" nVehContrib="0" flow="0.00" occupancy="0.00" speed="-1.00" harmonicMeanSpeed="-1.00" length="-1.00" nVehEntered="0"/>
    <interval begin="420.00" end="450.00" id="D6_1_2" nVehContrib="10" flow="1200.00" occupancy="23.65" speed="8.37" harmonicMeanSpeed="7.44" length="5.00" nVehEntered="11"/>
    <interval begin="450.00" end="480.00" id="D6_1_2" nVehContrib="4" flow="480.00" occupancy="5.59" speed="9.81" harmonicMeanSpeed="9.76" length="5.00" nVehEntered="3"/>
    <interval begin="480.00" end="510.00" id="D6_1_2" nVehContrib="0" flow="0.00" occupancy="0.00" speed="-1.00" harmonicMeanSpeed="-1.00" length="-1.00" nVehEntered="0"/>
    <interval begin="510.00" end="540.00" id="D6_1_2" nVehContrib="11" flow="1320.00" occupancy="25.06" speed="8.44" harmonicMeanSpeed="7.32" length="5.00" nVehEntered="11"/>
    <interval begin="540.00" end="570.00" id="D6_1_2" nVehContrib="1" flow="120.00" occupancy="1.39" speed="11.95" harmonicMeanSpeed="11.95" length="5.00" nVehEntered="1"/>
    <interval begin="570.00" end="600.00" id="D6_1_2" nVehContrib="2" flow="240.00" occupancy="9.22" speed="4.12" harmonicMeanSpeed="3.61" length="5.00" nVehEntered="2"/>
    <interval begin="600.00" end="630.00" id="D6_1_2" nVehContrib="11" flow="1320.00" occupancy="18.39" speed="10.09" harmonicMeanSpeed="9.97" length="5.00" nVehEntered="11"/>
    <interval begin="630.00" end="660.00" id="D6_1_2" nVehContrib="0" flow="0.00" occupancy="0.00" speed="-1.00" harmonicMeanSpeed="-1.00" length="-1.00" nVehEntered="0"/>
    <interval begin="660.00" end="690.00" id="D6_1_2" nVehContrib="3" flow="360.00" occupancy="11.29" speed="5.09" harmonicMeanSpeed="4.43" length="5.00" nVehEntered="3"/>
    <interval begin="690.00" end="720.00" id="D6_1_2" nVehContrib="10" flow="1200.00" occupancy="18.10" speed="9.39" harmonicMeanSpeed="9.21" length="5.00" nVehEntered="10"/>
    <interval begin="720.00" end="750.00" id="D6_1_2" nVehContrib="0" flow="0.00" occupancy="0.00" speed="-1.00" harmonicMeanSpeed="-1.00" length="-1.00" nVehEntered="0"/>
    <interval begin="750.00" end="780.00" id="D6_1_2" nVehContrib="5" flow="600.00" occupancy="13.97" speed="7.08" harmonicMeanSpeed="5.96" length="5.00" nVehEntered="5"/>
    <interval begin="780.00" end="810.00" id="D6_1_2" nVehContrib="8" flow="960.00" occupancy="14.08" speed="9.54" harmonicMeanSpeed="9.47" length="5.00" nVehEntered="8"/>
    <interval begin="810.00" end="840.00" id="D6_1_2" nVehContrib="0" flow="0.00" occupancy="0.00" speed="-1.00" harmonicMeanSpeed="-1.00" length="-1.00" nVehEntered="0"/>
    <interval begin="840.00" end="870.00" id="D6_1_2" nVehContrib="6" flow="720.00" occupancy="15.63" speed="7.64" harmonicMeanSpeed="6.40" length="5.00" nVehEntered="6"/>
    <interval begin="870.00" end="900.00" id="D6_1_2" nVehContrib="7" flow="840.00" occupancy="12.22" speed="9.65" harmonicMeanSpeed="9.55" length="5.00" nVehEntered="7"/>
    <interval begin="900.00" end="930.00" id="D6_1_2" nVehContrib="0" flow="0.00" occupancy="0.00" speed="-1.00" harmonicMeanSpeed="-1.00" length="-1.00" nVehEntered="0"/>
    <interval begin="930.00" end="960.00" id="D6_1_2" nVehContrib="7" flow="840.00" occupancy="18.83" speed="7.96" harmonicMeanSpeed="6.59" length="5.00" nVehEntered="8"/>
    <interval begin="960.00" end="990.00" id="D6_1_2" nVehContrib="7" flow="840.00" occupancy="11.94" speed="9.05" harmonicMeanSpeed="8.94" length="5.00" nVehEntered="6"/>
    <interval begin="990.00" end="1020.00" id="D6_1_2" nVehContrib="0" flow="0.00" occupancy="0.00" speed="-1.00" harmonicMeanSpeed="-1.00" length="-1.00" nVehEntered="0"/>
    <interval begin="1020.00" end="1050.00" id="D6_1_2" nVehContrib="9" flow="1080.00" occupancy="19.46" speed="8.99" harmonicMeanSpeed="7.71" length="5.00" nVehEntered="9"/>
    <interval begin="1050.00" end="1080.00" id="D6_1_2" nVehContrib="5" flow="600.00" occupancy="8.80" speed="9.52" harmonicMeanSpeed="9.47" length="5.00" nVehEntered="5"/>
    <interval begin="1080.00" end="1110.00" id="D6_1_2" nVehContrib="0" flow="0.00" occupancy="0.00" speed="-1.00" harmonicMeanSpeed="-1.00" length="-1.00" nVehEntered="0"/>
    <interval begin="1110.00" end="1140.00" id="D6_1_2" nVehContrib="9" flow="1080.00" occupancy="22.23" speed="7.90" harmonicMeanSpeed="6.75" length="5.00" nVehEntered="9"/>
    <interval begin="1140.00" end="1170.00" id="D6_1_2" nVehContrib="4" flow="480.00" occupancy="6.77" speed="9.97" harmonicMeanSpeed="9.84" length="5.00" nVehEntered="4"/>
    <interval begin="1170.00" end="1200.00" id="D6_1_2" nVehContrib="0" flow="0.00" occupancy="0.00" speed="-1.00" harmonicMeanSpeed="-1.00" length="-1.00" nVehEntered="0"/>
    <interval begin="1200.00" end="1230.00" id="D6_1_2" nVehContrib="11" flow="1320.00" occupancy="24.62" speed="8.44" harmonicMeanSpeed="7.45" length="5.00" nVehEntered="11"/>
    <interval begin="1230.00" end="1260.00" id="D6_1_2" nVehContrib="3" flow="360.00" occupancy="5.25" speed="9.83" harmonicMeanSpeed="9.52" length="5.00" nVehEntered="3"/>
    <interval begin="1260.00" end="1290.00" id="D6_1_2" nVehContrib="0" flow="0.00" occupancy="0.00" speed="-1.00" harmonicMeanSpeed="-1.00" length="-1.00" nVehEntered="0"/>
    <interval begin="1290.00" end="1320.00" id="D6_1_2" nVehContrib="12" flow="1440.00" occupancy="27.39" speed="8.01" harmonicMeanSpeed="7.30" length="5.00" nVehEntered="12"/>
    <interval begin="1320.00" end="1350.00" id="D6_1_2" nVehContrib="1" flow="120.00" occupancy="1.57" speed="10.65" harmonicMeanSpeed="10.65" length="5.00" nVehEntered="1"/>
    <interval begin="1350.00" end="1380.00" id="D6_1_2" nVehContrib="1" flow="120.00" occupancy="5.95" speed="2.80" harmonicMeanSpeed="2.80" length="5.00" nVehEntered="1"/>
    <interval begin="1380.00" end="1410.00" id="D6_1_2" nVehContrib="13" flow="1560.00" occupancy="24.05" speed="9.19" harmonicMeanSpeed="9.01" length="5.00" nVehEntered="13"/>
    <interval begin="1410.00" end="1440.00" id="D6_1_2" nVehContrib="0" flow="0.00" occupancy="0.00" speed="-1.00" harmonicMeanSpeed="-1.00" length="-1.00" nVehEntered="0"/>
    <interval begin="1440.00" end="1470.00" id="D6_1_2" nVehContrib="2" flow="240.00" occupancy="8.01" speed="4.73" harmonicMeanSpeed="4.16" length="5.00" nVehEntered="2"/>
    <interval begin="1470.00" end="1500.00" id="D6_1_2" nVehContrib="12" flow="1440.00" occupancy="20.22" speed="9.97" harmonicMeanSpeed="9.89" length="5.00" nVehEntered="12"/>
    <interval begin="1500.00" end="1530.00" id="D6_1_2" nVehContrib="0" flow="0.00" occupancy="0.00" speed="-1.00" harmonicMeanSpeed="-1.00" length="-1.00" nVehEntered="0"/>
    <interval begin="1530.00" end="1560.00" id="D6_1_2" nVehContrib="3" flow="360.00" occupancy="10.52" speed="5.43" harmonicMeanSpeed="4.76" length="5.00" nVehEntered="4"/>
    <interval begin="1560.00" end="1590.00" id="D6_1_2" nVehContrib="11" flow="1320.00" occupancy="19.65" speed="9.46" harmonicMeanSpeed="9.32" length="5.00" nVehEntered="10"/>
    <interval begin="1590.00" end="1620.00" id="D6_1_2" nVehContrib="0" flow="0.00" occupancy="0.00" speed="-1.00" harmonicMeanSpeed="-1.00" length="-1.00" nVehEntered="0"/>
    <interval begin="1620.00" end="1650.00" id="D6_1_2" nVehContrib="5" flow="600.00" occupancy="14.16" speed="6.82" harmonicMeanSpeed="5.89" length="5.00" nVehEntered="5"/>
    <interval begin="1650.00" end="1680.00" id="D6_1_2" nVehContrib="10" flow="1200.00" occupancy="16.45" speed="10.19" harmonicMeanSpeed="10.13" length="5.00" nVehEntered="10"/>
    <interval begin="1680.00" end="1710.00" id="D6_1_2" nVehContrib="0" flow="0.00" occupancy="0.00" speed="-1.00" harmonicMeanSpeed="-1.00" length="-1.00" nVehEntered="0"/>
    <interval begin="1710.00" end="1740.00" id="D6_1_2" nVehContrib="6" flow="720.00" occupancy="16.82" speed="7.20" harmonicMeanSpeed="5.95" length="5.00" nVehEntered="6"/>
    <interval begin="1740.00" end="1770.00" id="D6_1_2" nVehContrib="6" flow="720.00" occupancy="11.07" speed="9.07" harmonicMeanSpeed="9.04" length="5.00" nVehEntered="6"/>
    <interval begin="1770.00" end="1800.00" id="D6_1_2" nVehContrib="0" flow="0.00" occupancy="0.00" speed="-1.00" harmonicMeanSpeed="-1.00" length="-1.00" nVehEntered="0"/>
    <interval begin="1800.00" end="1830.00" id="D6_1_2" nVehContrib="7" flow="840.00" occupancy="17.48" speed="7.76" harmonicMeanSpeed="6.67" length="5.00" nVehEntered="7"/>
    <interval begin="1830.00" end="1860.00" id="D6_1_2" nVehContrib="6" flow="720.00" occupancy="9.94" speed="10.14" harmonicMeanSpeed="10.06" length="5.00" nVehEntered="6"/>
    <interval begin="1860.00" end="1890.00" id="D6_1_2" nVehContrib="0" flow="0.00" occupancy="0.00" speed="-1.00" harmonicMeanSpeed="-1.00" length="-1.00" nVehEntered="0"/>
    <interval begin="1890.00" end="1920.00" id="D6_1_2" nVehContrib="9" flow="1080.00" occupancy="21.58" speed="8.06" harmonicMeanSpeed="6.95" length="5.00" nVehEntered="9"/>
    <interval begin="1920.00" end="1950.00" id="D6_1_2" nVehContrib="5" flow="600.00" occupancy="8.68" speed="9.68" harmonicMeanSpeed="9.60" length="5.00" nVehEntered="5"/>
    <interval begin="1950.00" end="1980.00" id="D6_1_2" nVehContrib="0" flow="0.00" occupancy="0.00" speed="-1.00" harmonicMeanSpeed="-1.00" length="-1.00" nVehEntered="0"/>
    <interval begin="1980.00" end="2010.00" id="D6_1_2" nVehContrib="9" flow="1080.00" occupancy="21.59" speed="8.53" harmonicMeanSpeed="6.95" length="5.00" nVehEntered="9"/>
    <interval begin="2010.00" end="2040.00" id="D6_1_2" nVehContrib="4" flow="480.00" occupancy="6.84" speed="9.77" harmonicMeanSpeed="9.74" length="5.00" nVehEntered="4"/>
    <interval begin="2040.00" end="2070.00" id="D6_1_2" nVehContrib="0" flow="0.00" occupancy="0.00" speed="-1.00" harmonicMeanSpeed="-1.00" length="-1.00" nVehEntered="0"/>
    <interval begin="2070.00" end="2100.00" id="D6_1_2" nVehContrib="11" flow="1320.00" occupancy="25.10" speed="8.50" harmonicMeanSpeed="7.43" length="5.00" nVehEntered="12"/>
    <interval begin="2100.00" end="2130.00" id="D6_1_2" nVehContrib="3" flow="360.00" occupancy="5.18" speed="9.18" harmonicMeanSpeed="8.91" length="5.00" nVehEntered="2"/>
    <interval begin="2130.00" end="2160.00" id="D6_1_2" nVehContrib="0" flow="0.00" occupancy="0.00" speed="-1.00" harmonicMeanSpeed="-1.00" length="-1.00" nVehEntered="0"/>
    <interval begin="2160.00" end="2190.00" id="D6_1_2" nVehContrib="12" flow="1440.00" occupancy="26.04" speed="8.80" harmonicMeanSpeed="7.68" length="5.00" nVehEntered="12"/>
    <interval begin="2190.00" end="2220.00" id="D6_1_2" nVehContrib="1" flow="120.00" occupancy="1.90" speed="8.77" harmonicMeanSpeed="8.77" length="5.00" nVehEntered="1"/>
    <interval begin="2220.00" end="2250.00" id="D6_1_2" nVehContrib="1" flow="120.00" occupancy="6.26" speed="2.66" harmonicMeanSpeed="2.66" length="5.00" nVehEntered="1"/>
    <interval begin="2250.00" end="2280.00" id="D6_1_2" nVehContrib="12" flow="1440.00" occupancy="21.73" speed="9.42" harmonicMeanSpeed="9.20" length="5.00" nVehEntered="12"/>
    <interval begin="2280.00" end="2310.00" id="D6_1_2" nVehContrib="0" flow="0.00" occupancy="0.00" speed="-1.00" harmonicMeanSpeed="-1.00" length="-1.00" nVehEntered="0"/>
    <interval begin="2310.00" end="2340.00" id="D6_1_2" nVehContrib="2" flow="240.00" occupancy="8.09" speed="4.46" harmonicMeanSpeed="4.12" length="5.00" nVehEntered="2"/>
    <interval begin="2340.00" end="2370.00" id="D6_1_2" nVehContrib="12" flow="1440.00" occupancy="22.02" speed="9.22" harmonicMeanSpeed="9.08" length="5.00" nVehEntered="12"/>
    <interval begin="2370.00" end="2400.00" id="D6_1_2" nVehContrib="0" flow="0.00" occupancy="0.00" speed="-1.00" harmonicMeanSpeed="-1.00" length="-1.00" nVehEntered="0"/>
    <interval begin="2400.00" end="2430.00" id="D6_1_2" nVehContrib="3" flow="360.00" occupancy="10.99" speed="5.86" harmonicMeanSpeed="4.65" length="5.00" nVehEntered="4"/>
    <interval begin="2430.00" end="2460.00" id="D6_1_2" nVehContrib="11" flow="1320.00" occupancy="18.29" speed="10.05" harmonicMeanSpeed="9.90" length="5.00" nVehEntered="10"/>
    <interval begin="2460.00" end="2490.00" id="D6_1_2" nVehContrib="0" flow="0.00" occupancy="0.00" speed="-1.00" harmonicMeanSpeed="-1.00" length="-1.00" nVehEntered="0"/>
    <interval begin="2490.00" end="2520.00" id="D6_1_2" nVehContrib="5" flow="600.00" occupancy="14.77" speed="6.94" harmonicMeanSpeed="5.64" length="5.00" nVehEntered="5"/>
    <interval begin="2520.00" end="2550.00" id="D6_1_2" nVehContrib="9" flow="1080.00" occupancy="15.63" speed="9.64" harmonicMeanSpeed="9.60" length="5.00" nVehEntered="9"/>
    <interval begin="2550.00" end="2580.00" id="D6_1_2" nVehContrib="0" flow="0.00" occupancy="0.00" speed="-1.00" harmonicMeanSpeed="-1.00" length="-1.00" nVehEntered="0"/>
    <interval begin="2580.00" end="2610.00" id="D6_1_2" nVehContrib="6" flow="720.00" occupancy="15.36" speed="7.77" harmonicMeanSpeed="6.51" length="5.00" nVehEntered="6"/>
    <interval begin="2610.00" end="2640.00" id="D6_1_2" nVehContrib="7" flow="840.00" occupancy="13.21" speed="8.99" harmonicMeanSpeed="8.83" length="5.00" nVehEntered="7"/>
    <interval begin="2640.00" end="2670.00" id="D6_1_2" nVehContrib="0" flow="0.00" occupancy="0.00" speed="-1.00" harmonicMeanSpeed="-1.00" length="-1.00" nVehEntered="0"/>
    <interval begin="2670.00" end="2700.00" id="D6_1_2" nVehContrib="8" flow="960.00" occupancy="18.99" speed="8.51" harmonicMeanSpeed="7.02" length="5.00" nVehEntered="8"/>
    <interval begin="2700.00" end="2730.00" id="D6_1_2" nVehContrib="6" flow="720.00" occupancy="10.83" speed="9.32" harmonicMeanSpeed="9.23" length="5.00" nVehEntered="6"/>
    <interval begin="2730.00" end="2760.00" id="D6_1_2" nVehContrib="0" flow="0.00" occupancy="0.00" speed="-1.00" harmonicMeanSpeed="-1.00" length="-1.00" nVehEntered="0"/>
    <interval begin="2760.00" end="2790.00" id="D6_1_2" nVehContrib="8" flow="960.00" occupancy="20.45" speed="7.87" harmonicMeanSpeed="6.94" length="5.00" nVehEntered="9"/>
    <interval begin="2790.00" end="2820.00" id="D6_1_2" nVehContrib="6" flow="720.00" occupancy="9.28" speed="9.58" harmonicMeanSpeed="9.51" length="5.00" nVehEntered="5"/>
    <interval begin="2820.00" end="2850.00" id="D6_1_2" nVehContrib="0" flow="0.00" occupancy="0.00" speed="-1.00" harmonicMeanSpeed="-1.00" length="-1.00" nVehEntered="0"/>
    <interval begin="2850.00" end="2880.00" id="D6_1_2" nVehContrib="10" flow="1200.00" occupancy="22.30" speed="8.30" harmonicMeanSpeed="7.47" length="5.00" nVehEntered="10"/>
    <interval begin="2880.00" end="2910.00" id="D6_1_2" nVehContrib="3" flow="360.00" occupancy="5.56" speed="9.17" harmonicMeanSpeed="8.99" length="5.00" nVehEntered="3"/>
    <interval begin="2910.00" end="2940.00" id="D6_1_2" nVehContrib="0" flow="0.00" occupancy="0.00" speed="-1.00" harmonicMeanSpeed="-1.00" length="-1.00" nVehEntered="0"/>
    <interval begin="2940.00" end="2970.00" id="D6_1_2" nVehContrib="11" flow="1320.00" occupancy="24.70" speed="8.64" harmonicMeanSpeed="7.42" length="5.00" nVehEntered="11"/>
    <interval begin="2970.00" end="3000.00" id="D6_1_2" nVehContrib="1" flow="120.00" occupancy="1.35" speed="12.35" harmonicMeanSpeed="12.35" length="5.00" nVehEntered="1"/>
    <interval begin="3000.00" end="3030.00" id="D6_1_2" nVehContrib="0" flow="0.00" occupancy="0.00" speed="-1.00" harmonicMeanSpeed="-1.00" length="-1.00" nVehEntered="0"/>
    <interval begin="3030.00" end="3060.00" id="D6_1_2" nVehContrib="13" flow="1560.00" occupancy="28.53" speed="8.50" harmonicMeanSpeed="7.60" length="5.00" nVehEntered="13"/>
    <interval begin="3060.00" end="3090.00" id="D6_1_2" nVehContrib="1" flow="120.00" occupancy="2.32" speed="7.19" harmonicMeanSpeed="7.19" length="5.00" nVehEntered="1"/>
    <interval begin="3090.00" end="3120.00" id="D6_1_2" nVehContrib="1" flow="120.00" occupancy="6.00" speed="2.78" harmonicMeanSpeed="2.78" length="5.00" nVehEntered="1"/>
    <interval begin="3120.00" end="3150.00" id="D6_1_2" nVehContrib="12" flow="1440.00" occupancy="22.16" speed="9.21" harmonicMeanSpeed="9.03" length="5.00" nVehEntered="12"/>
    <interval begin="3150.00" end="3180.00" id="D6_1_2" nVehContrib="1" flow="120.00" occupancy="90.42" speed="8.48" harmonicMeanSpeed="8.48" length="5.00" nVehEntered="2"/>
    <interval begin="3180.00" end="3210.00" id="D6_1_2" nVehContrib="2" flow="240.00" occupancy="91.06" speed="3.09" harmonicMeanSpeed="0.19" length="5.00" nVehEntered="1"/>
    <interval begin="3210.00" end="3240.00" id="D6_1_2" nVehContrib="12" flow="1440.00" occupancy="19.40" speed="10.49" harmonicMeanSpeed="10.31" length="5.00" nVehEntered="12"/>
    <interval begin="3240.00" end="3270.00" id="D6_1_2" nVehContrib="0" flow="0.00" occupancy="0.00" speed="-1.00" harmonicMeanSpeed="-1.00" length="-1.00" nVehEntered="0"/>
    <interval begin="3270.00" end="3300.00" id="D6_1_2" nVehContrib="3" flow="360.00" occupancy="12.15" speed="5.26" harmonicMeanSpeed="4.12" length="5.00" nVehEntered="3"/>
    <interval begin="3300.00" end="3330.00" id="D6_1_2" nVehContrib="9" flow="1080.00" occupancy="15.22" speed="9.90" harmonicMeanSpeed="9.86" length="5.00" nVehEntered="9"/>
    <interval begin="3330.00" end="3360.00" id="D6_1_2" nVehContrib="0" flow="0.00" occupancy="0.00" speed="-1.00" harmonicMeanSpeed="-1.00" length="-1.00" nVehEntered="0"/>
    <interval begin="3360.00" end="3390.00" id="D6_1_2" nVehContrib="4" flow="480.00" occupancy="12.27" speed="6.64" harmonicMeanSpeed="5.74" length="5.00" nVehEntered="5"/>
    <interval begin="3390.00" end="3420.00" id="D6_1_2" nVehContrib="9" flow="1080.00" occupancy="17.19" speed="8.53" harmonicMeanSpeed="8.41" length="5.00" nVehEntered="8"/>
    <interval begin="3420.00" end="3450.00" id="D6_1_2" nVehContrib="0" flow="0.00" occupancy="0.00" speed="-1.00" harmonicMeanSpeed="-1.00" length="-1.00" nVehEntered="0"/>
    <interval begin="3450.00" end="3480.00" id="D6_1_2" nVehContrib="6" flow="720.00" occupancy="17.07" speed="7.48" harmonicMeanSpeed="5.86" length="5.00" nVehEntered="6"/>
    <interval begin="3480.00" end="3510.00" id="D6_1_2" nVehContrib="7" flow="840.00" occupancy="12.79" speed="9.25" harmonicMeanSpeed="9.12" length="5.00" nVehEntered="7"/>
    <interval begin="3510.00" end="3540.00" id="D6_1_2" nVehContrib="0" flow="0.00" occupancy="0.00" speed="-1.00" harmonicMeanSpeed="-1.00" length="-1.00" nVehEntered="0"/>
    <interval begin="3540.00" end="3570.00" id="D6_1_2" nVehContrib="7" flow="840.00" occupancy="18.40" speed="7.44" harmonicMeanSpeed="6.34" length="5.00" nVehEntered="7"/>
    <interval begin="3570.00" end="3600.00" id="D6_1_2" nVehContrib="5" flow="600.00" occupancy="9.01" speed="9.26" harmonicMeanSpeed="9.24" length="5.00" nVehEntered="5"/>
    <interval begin="3600.00" end="3630.00" id="D6_1_2" nVehContrib="0" flow="0.00" occupancy="0.00" speed="-1.00" harmonicMeanSpeed="-1.00" length="-1.00" nVehEntered="0"/>
    <interval begin="3630.00" end="3640.00" id="D6_1_2" nVehContrib="0" flow="0.00" occupancy="0.00" speed="-1.00" harmonicMeanSpeed="-1.00" length="-1.00" nVehEntered="0"/>
</detector>
