<?xml version="1.0" encoding="UTF-8"?>

<!-- generated on 01/24/20 13:57:31 by Eclipse SUMO GUI Version 1.3.1
<configuration xmlns:xsi="http://www.w3.org/2001/XMLSchema-instance" xsi:noNamespaceSchemaLocation="http://sumo.dlr.de/xsd/sumoConfiguration.xsd">

    <input>
        <net-file value="gnet.net.xml"/>
        <route-files value="grou.rou.xml"/>
        <additional-files value="gadd.additional.xml"/>
    </input>

    <output>
        <queue-output value="Queue.xml"/>
        <summary-output value="Summary.xml"/>
    </output>

    <time>
        <begin value="0"/>
        <end value="3600"/>
    </time>

    <processing>
        <time-to-teleport value="3600"/>
    </processing>

    <traci_server>
        <remote-port value="13929"/>
    </traci_server>

    <gui_only>
        <gui-settings-file value="gview.view.xml"/>
        <quit-on-end value="true"/>
        <start value="true"/>
    </gui_only>

</configuration>
-->

<detector xmlns:xsi="http://www.w3.org/2001/XMLSchema-instance" xsi:noNamespaceSchemaLocation="http://sumo.dlr.de/xsd/det_e1_file.xsd">
    <interval begin="0.00" end="30.00" id="D6_1_1" nVehContrib="1" flow="120.00" occupancy="1.87" speed="8.92" harmonicMeanSpeed="8.92" length="5.00" nVehEntered="1"/>
    <interval begin="30.00" end="60.00" id="D6_1_1" nVehContrib="1" flow="120.00" occupancy="1.76" speed="9.49" harmonicMeanSpeed="9.49" length="5.00" nVehEntered="1"/>
    <interval begin="60.00" end="90.00" id="D6_1_1" nVehContrib="2" flow="240.00" occupancy="8.87" speed="4.31" harmonicMeanSpeed="3.76" length="5.00" nVehEntered="2"/>
    <interval begin="90.00" end="120.00" id="D6_1_1" nVehContrib="11" flow="1320.00" occupancy="20.10" speed="9.21" harmonicMeanSpeed="9.12" length="5.00" nVehEntered="11"/>
    <interval begin="120.00" end="150.00" id="D6_1_1" nVehContrib="0" flow="0.00" occupancy="0.00" speed="-1.00" harmonicMeanSpeed="-1.00" length="-1.00" nVehEntered="0"/>
    <interval begin="150.00" end="180.00" id="D6_1_1" nVehContrib="4" flow="480.00" occupancy="13.68" speed="6.21" harmonicMeanSpeed="4.87" length="5.00" nVehEntered="4"/>
    <interval begin="180.00" end="210.00" id="D6_1_1" nVehContrib="8" flow="960.00" occupancy="13.75" speed="9.85" harmonicMeanSpeed="9.69" length="5.00" nVehEntered="8"/>
    <interval begin="210.00" end="240.00" id="D6_1_1" nVehContrib="0" flow="0.00" occupancy="0.00" speed="-1.00" harmonicMeanSpeed="-1.00" length="-1.00" nVehEntered="0"/>
    <interval begin="240.00" end="270.00" id="D6_1_1" nVehContrib="7" flow="840.00" occupancy="18.50" speed="7.34" harmonicMeanSpeed="6.31" length="5.00" nVehEntered="7"/>
    <interval begin="270.00" end="300.00" id="D6_1_1" nVehContrib="6" flow="720.00" occupancy="10.32" speed="9.81" harmonicMeanSpeed="9.69" length="5.00" nVehEntered="6"/>
    <interval begin="300.00" end="330.00" id="D6_1_1" nVehContrib="0" flow="0.00" occupancy="0.00" speed="-1.00" harmonicMeanSpeed="-1.00" length="-1.00" nVehEntered="0"/>
    <interval begin="330.00" end="360.00" id="D6_1_1" nVehContrib="9" flow="1080.00" occupancy="21.31" speed="8.12" harmonicMeanSpeed="7.04" length="5.00" nVehEntered="9"/>
    <interval begin="360.00" end="390.00" id="D6_1_1" nVehContrib="3" flow="360.00" occupancy="5.14" speed="9.78" harmonicMeanSpeed="9.74" length="5.00" nVehEntered="3"/>
    <interval begin="390.00" end="420.00" id="D6_1_1" nVehContrib="0" flow="0.00" occupancy="0.00" speed="-1.00" harmonicMeanSpeed="-1.00" length="-1.00" nVehEntered="0"/>
    <interval begin="420.00" end="450.00" id="D6_1_1" nVehContrib="11" flow="1320.00" occupancy="25.25" speed="8.55" harmonicMeanSpeed="7.26" length="5.00" nVehEntered="11"/>
    <interval begin="450.00" end="480.00" id="D6_1_1" nVehContrib="2" flow="240.00" occupancy="3.67" speed="9.16" harmonicMeanSpeed="9.08" length="5.00" nVehEntered="2"/>
    <interval begin="480.00" end="510.00" id="D6_1_1" nVehContrib="0" flow="0.00" occupancy="0.00" speed="-1.00" harmonicMeanSpeed="-1.00" length="-1.00" nVehEntered="0"/>
    <interval begin="510.00" end="540.00" id="D6_1_1" nVehContrib="12" flow="1440.00" occupancy="27.84" speed="8.35" harmonicMeanSpeed="7.18" length="5.00" nVehEntered="12"/>
    <interval begin="540.00" end="570.00" id="D6_1_1" nVehContrib="1" flow="120.00" occupancy="1.95" speed="8.54" harmonicMeanSpeed="8.54" length="5.00" nVehEntered="1"/>
    <interval begin="570.00" end="600.00" id="D6_1_1" nVehContrib="2" flow="240.00" occupancy="7.91" speed="4.80" harmonicMeanSpeed="4.21" length="5.00" nVehEntered="2"/>
    <interval begin="600.00" end="630.00" id="D6_1_1" nVehContrib="11" flow="1320.00" occupancy="19.38" speed="9.59" harmonicMeanSpeed="9.46" length="5.00" nVehEntered="11"/>
    <interval begin="630.00" end="660.00" id="D6_1_1" nVehContrib="0" flow="0.00" occupancy="0.00" speed="-1.00" harmonicMeanSpeed="-1.00" length="-1.00" nVehEntered="0"/>
    <interval begin="660.00" end="690.00" id="D6_1_1" nVehContrib="3" flow="360.00" occupancy="10.94" speed="5.45" harmonicMeanSpeed="4.57" length="5.00" nVehEntered="3"/>
    <interval begin="690.00" end="720.00" id="D6_1_1" nVehContrib="10" flow="1200.00" occupancy="18.29" speed="9.15" harmonicMeanSpeed="9.11" length="5.00" nVehEntered="10"/>
    <interval begin="720.00" end="750.00" id="D6_1_1" nVehContrib="0" flow="0.00" occupancy="0.00" speed="-1.00" harmonicMeanSpeed="-1.00" length="-1.00" nVehEntered="0"/>
    <interval begin="750.00" end="780.00" id="D6_1_1" nVehContrib="4" flow="480.00" occupancy="14.36" speed="6.14" harmonicMeanSpeed="4.77" length="5.00" nVehEntered="5"/>
    <interval begin="780.00" end="810.00" id="D6_1_1" nVehContrib="10" flow="1200.00" occupancy="18.18" speed="9.09" harmonicMeanSpeed="8.97" length="5.00" nVehEntered="9"/>
    <interval begin="810.00" end="840.00" id="D6_1_1" nVehContrib="0" flow="0.00" occupancy="0.00" speed="-1.00" harmonicMeanSpeed="-1.00" length="-1.00" nVehEntered="0"/>
    <interval begin="840.00" end="870.00" id="D6_1_1" nVehContrib="6" flow="720.00" occupancy="16.59" speed="7.59" harmonicMeanSpeed="6.03" length="5.00" nVehEntered="6"/>
    <interval begin="870.00" end="900.00" id="D6_1_1" nVehContrib="8" flow="960.00" occupancy="14.20" speed="9.48" harmonicMeanSpeed="9.39" length="5.00" nVehEntered="8"/>
    <interval begin="900.00" end="930.00" id="D6_1_1" nVehContrib="0" flow="0.00" occupancy="0.00" speed="-1.00" harmonicMeanSpeed="-1.00" length="-1.00" nVehEntered="0"/>
    <interval begin="930.00" end="960.00" id="D6_1_1" nVehContrib="7" flow="840.00" occupancy="18.45" speed="7.67" harmonicMeanSpeed="6.56" length="5.00" nVehEntered="8"/>
    <interval begin="960.00" end="990.00" id="D6_1_1" nVehContrib="6" flow="720.00" occupancy="9.25" speed="10.13" harmonicMeanSpeed="10.09" length="5.00" nVehEntered="5"/>
    <interval begin="990.00" end="1020.00" id="D6_1_1" nVehContrib="0" flow="0.00" occupancy="0.00" speed="-1.00" harmonicMeanSpeed="-1.00" length="-1.00" nVehEntered="0"/>
    <interval begin="1020.00" end="1050.00" id="D6_1_1" nVehContrib="8" flow="960.00" occupancy="21.58" speed="7.46" harmonicMeanSpeed="6.29" length="5.00" nVehEntered="9"/>
    <interval begin="1050.00" end="1080.00" id="D6_1_1" nVehContrib="5" flow="600.00" occupancy="8.65" speed="9.25" harmonicMeanSpeed="9.22" length="5.00" nVehEntered="4"/>
    <interval begin="1080.00" end="1110.00" id="D6_1_1" nVehContrib="0" flow="0.00" occupancy="0.00" speed="-1.00" harmonicMeanSpeed="-1.00" length="-1.00" nVehEntered="0"/>
    <interval begin="1110.00" end="1140.00" id="D6_1_1" nVehContrib="10" flow="1200.00" occupancy="23.90" speed="8.13" harmonicMeanSpeed="6.97" length="5.00" nVehEntered="10"/>
    <interval begin="1140.00" end="1170.00" id="D6_1_1" nVehContrib="3" flow="360.00" occupancy="5.28" speed="9.76" harmonicMeanSpeed="9.47" length="5.00" nVehEntered="3"/>
    <interval begin="1170.00" end="1200.00" id="D6_1_1" nVehContrib="0" flow="0.00" occupancy="0.00" speed="-1.00" harmonicMeanSpeed="-1.00" length="-1.00" nVehEntered="0"/>
    <interval begin="1200.00" end="1230.00" id="D6_1_1" nVehContrib="11" flow="1320.00" occupancy="25.95" speed="8.43" harmonicMeanSpeed="7.21" length="5.00" nVehEntered="12"/>
    <interval begin="1230.00" end="1260.00" id="D6_1_1" nVehContrib="2" flow="240.00" occupancy="2.88" speed="9.84" harmonicMeanSpeed="9.78" length="5.00" nVehEntered="1"/>
    <interval begin="1260.00" end="1290.00" id="D6_1_1" nVehContrib="0" flow="0.00" occupancy="0.00" speed="-1.00" harmonicMeanSpeed="-1.00" length="-1.00" nVehEntered="0"/>
    <interval begin="1290.00" end="1320.00" id="D6_1_1" nVehContrib="12" flow="1440.00" occupancy="26.54" speed="8.68" harmonicMeanSpeed="7.53" length="5.00" nVehEntered="12"/>
    <interval begin="1320.00" end="1350.00" id="D6_1_1" nVehContrib="1" flow="120.00" occupancy="1.77" speed="9.43" harmonicMeanSpeed="9.43" length="5.00" nVehEntered="1"/>
    <interval begin="1350.00" end="1380.00" id="D6_1_1" nVehContrib="1" flow="120.00" occupancy="6.11" speed="2.73" harmonicMeanSpeed="2.73" length="5.00" nVehEntered="1"/>
    <interval begin="1380.00" end="1410.00" id="D6_1_1" nVehContrib="12" flow="1440.00" occupancy="22.42" speed="9.11" harmonicMeanSpeed="8.92" length="5.00" nVehEntered="12"/>
    <interval begin="1410.00" end="1440.00" id="D6_1_1" nVehContrib="0" flow="0.00" occupancy="0.00" speed="-1.00" harmonicMeanSpeed="-1.00" length="-1.00" nVehEntered="0"/>
    <interval begin="1440.00" end="1470.00" id="D6_1_1" nVehContrib="2" flow="240.00" occupancy="9.20" speed="4.26" harmonicMeanSpeed="3.62" length="5.00" nVehEntered="2"/>
    <interval begin="1470.00" end="1500.00" id="D6_1_1" nVehContrib="10" flow="1200.00" occupancy="18.36" speed="9.17" harmonicMeanSpeed="9.08" length="5.00" nVehEntered="10"/>
    <interval begin="1500.00" end="1530.00" id="D6_1_1" nVehContrib="0" flow="0.00" occupancy="0.00" speed="-1.00" harmonicMeanSpeed="-1.00" length="-1.00" nVehEntered="0"/>
    <interval begin="1530.00" end="1560.00" id="D6_1_1" nVehContrib="3" flow="360.00" occupancy="10.64" speed="5.61" harmonicMeanSpeed="4.70" length="5.00" nVehEntered="3"/>
    <interval begin="1560.00" end="1590.00" id="D6_1_1" nVehContrib="10" flow="1200.00" occupancy="18.18" speed="9.24" harmonicMeanSpeed="9.17" length="5.00" nVehEntered="10"/>
    <interval begin="1590.00" end="1620.00" id="D6_1_1" nVehContrib="0" flow="0.00" occupancy="0.00" speed="-1.00" harmonicMeanSpeed="-1.00" length="-1.00" nVehEntered="0"/>
    <interval begin="1620.00" end="1650.00" id="D6_1_1" nVehContrib="5" flow="600.00" occupancy="13.75" speed="6.96" harmonicMeanSpeed="6.06" length="5.00" nVehEntered="5"/>
    <interval begin="1650.00" end="1680.00" id="D6_1_1" nVehContrib="7" flow="840.00" occupancy="13.18" speed="8.97" harmonicMeanSpeed="8.85" length="5.00" nVehEntered="7"/>
    <interval begin="1680.00" end="1710.00" id="D6_1_1" nVehContrib="0" flow="0.00" occupancy="0.00" speed="-1.00" harmonicMeanSpeed="-1.00" length="-1.00" nVehEntered="0"/>
    <interval begin="1710.00" end="1740.00" id="D6_1_1" nVehContrib="6" flow="720.00" occupancy="17.66" speed="7.20" harmonicMeanSpeed="5.66" length="5.00" nVehEntered="6"/>
    <interval begin="1740.00" end="1770.00" id="D6_1_1" nVehContrib="8" flow="960.00" occupancy="13.67" speed="9.83" harmonicMeanSpeed="9.76" length="5.00" nVehEntered="8"/>
    <interval begin="1770.00" end="1800.00" id="D6_1_1" nVehContrib="0" flow="0.00" occupancy="0.00" speed="-1.00" harmonicMeanSpeed="-1.00" length="-1.00" nVehEntered="0"/>
    <interval begin="1800.00" end="1830.00" id="D6_1_1" nVehContrib="7" flow="840.00" occupancy="18.28" speed="8.03" harmonicMeanSpeed="6.75" length="5.00" nVehEntered="8"/>
    <interval begin="1830.00" end="1860.00" id="D6_1_1" nVehContrib="7" flow="840.00" occupancy="11.01" speed="9.83" harmonicMeanSpeed="9.72" length="5.00" nVehEntered="6"/>
    <interval begin="1860.00" end="1890.00" id="D6_1_1" nVehContrib="0" flow="0.00" occupancy="0.00" speed="-1.00" harmonicMeanSpeed="-1.00" length="-1.00" nVehEntered="0"/>
    <interval begin="1890.00" end="1920.00" id="D6_1_1" nVehContrib="8" flow="960.00" occupancy="20.97" speed="7.79" harmonicMeanSpeed="6.36" length="5.00" nVehEntered="8"/>
    <interval begin="1920.00" end="1950.00" id="D6_1_1" nVehContrib="5" flow="600.00" occupancy="8.64" speed="9.68" harmonicMeanSpeed="9.64" length="5.00" nVehEntered="5"/>
    <interval begin="1950.00" end="1980.00" id="D6_1_1" nVehContrib="0" flow="0.00" occupancy="0.00" speed="-1.00" harmonicMeanSpeed="-1.00" length="-1.00" nVehEntered="0"/>
    <interval begin="1980.00" end="2010.00" id="D6_1_1" nVehContrib="10" flow="1200.00" occupancy="24.20" speed="7.93" harmonicMeanSpeed="6.89" length="5.00" nVehEntered="10"/>
    <interval begin="2010.00" end="2040.00" id="D6_1_1" nVehContrib="3" flow="360.00" occupancy="5.52" speed="9.12" harmonicMeanSpeed="9.06" length="5.00" nVehEntered="3"/>
    <interval begin="2040.00" end="2070.00" id="D6_1_1" nVehContrib="0" flow="0.00" occupancy="0.00" speed="-1.00" harmonicMeanSpeed="-1.00" length="-1.00" nVehEntered="0"/>
    <interval begin="2070.00" end="2100.00" id="D6_1_1" nVehContrib="12" flow="1440.00" occupancy="26.99" speed="8.19" harmonicMeanSpeed="7.41" length="5.00" nVehEntered="12"/>
    <interval begin="2100.00" end="2130.00" id="D6_1_1" nVehContrib="1" flow="120.00" occupancy="1.56" speed="10.71" harmonicMeanSpeed="10.71" length="5.00" nVehEntered="1"/>
    <interval begin="2130.00" end="2160.00" id="D6_1_1" nVehContrib="0" flow="0.00" occupancy="0.00" speed="-1.00" harmonicMeanSpeed="-1.00" length="-1.00" nVehEntered="0"/>
    <interval begin="2160.00" end="2190.00" id="D6_1_1" nVehContrib="13" flow="1560.00" occupancy="28.85" speed="8.93" harmonicMeanSpeed="7.51" length="5.00" nVehEntered="13"/>
    <interval begin="2190.00" end="2220.00" id="D6_1_1" nVehContrib="1" flow="120.00" occupancy="1.88" speed="8.88" harmonicMeanSpeed="8.88" length="5.00" nVehEntered="1"/>
    <interval begin="2220.00" end="2250.00" id="D6_1_1" nVehContrib="0" flow="0.00" occupancy="6.66" speed="-1.00" harmonicMeanSpeed="-1.00" length="-1.00" nVehEntered="1"/>
    <interval begin="2250.00" end="2280.00" id="D6_1_1" nVehContrib="13" flow="1560.00" occupancy="24.50" speed="8.03" harmonicMeanSpeed="6.95" length="5.00" nVehEntered="12"/>
    <interval begin="2280.00" end="2310.00" id="D6_1_1" nVehContrib="1" flow="120.00" occupancy="1.61" speed="10.33" harmonicMeanSpeed="10.33" length="5.00" nVehEntered="1"/>
    <interval begin="2310.00" end="2340.00" id="D6_1_1" nVehContrib="0" flow="0.00" occupancy="16.66" speed="-1.00" harmonicMeanSpeed="-1.00" length="-1.00" nVehEntered="1"/>
    <interval begin="2340.00" end="2370.00" id="D6_1_1" nVehContrib="12" flow="1440.00" occupancy="26.66" speed="7.23" harmonicMeanSpeed="4.62" length="5.00" nVehEntered="11"/>
    <interval begin="2370.00" end="2400.00" id="D6_1_1" nVehContrib="0" flow="0.00" occupancy="0.00" speed="-1.00" harmonicMeanSpeed="-1.00" length="-1.00" nVehEntered="0"/>
    <interval begin="2400.00" end="2430.00" id="D6_1_1" nVehContrib="3" flow="360.00" occupancy="11.42" speed="5.63" harmonicMeanSpeed="4.38" length="5.00" nVehEntered="3"/>
    <interval begin="2430.00" end="2460.00" id="D6_1_1" nVehContrib="10" flow="1200.00" occupancy="18.45" speed="9.11" harmonicMeanSpeed="9.03" length="5.00" nVehEntered="10"/>
    <interval begin="2460.00" end="2490.00" id="D6_1_1" nVehContrib="0" flow="0.00" occupancy="0.00" speed="-1.00" harmonicMeanSpeed="-1.00" length="-1.00" nVehEntered="0"/>
    <interval begin="2490.00" end="2520.00" id="D6_1_1" nVehContrib="4" flow="480.00" occupancy="14.66" speed="6.48" harmonicMeanSpeed="5.10" length="5.00" nVehEntered="5"/>
    <interval begin="2520.00" end="2550.00" id="D6_1_1" nVehContrib="8" flow="960.00" occupancy="12.91" speed="9.29" harmonicMeanSpeed="9.20" length="5.00" nVehEntered="7"/>
    <interval begin="2550.00" end="2580.00" id="D6_1_1" nVehContrib="0" flow="0.00" occupancy="0.00" speed="-1.00" harmonicMeanSpeed="-1.00" length="-1.00" nVehEntered="0"/>
    <interval begin="2580.00" end="2610.00" id="D6_1_1" nVehContrib="5" flow="600.00" occupancy="19.46" speed="5.73" harmonicMeanSpeed="4.75" length="5.00" nVehEntered="6"/>
    <interval begin="2610.00" end="2640.00" id="D6_1_1" nVehContrib="8" flow="960.00" occupancy="12.61" speed="9.30" harmonicMeanSpeed="9.19" length="5.00" nVehEntered="7"/>
    <interval begin="2640.00" end="2670.00" id="D6_1_1" nVehContrib="0" flow="0.00" occupancy="0.00" speed="-1.00" harmonicMeanSpeed="-1.00" length="-1.00" nVehEntered="0"/>
    <interval begin="2670.00" end="2700.00" id="D6_1_1" nVehContrib="7" flow="840.00" occupancy="20.89" speed="7.01" harmonicMeanSpeed="5.59" length="5.00" nVehEntered="7"/>
    <interval begin="2700.00" end="2730.00" id="D6_1_1" nVehContrib="6" flow="720.00" occupancy="10.55" speed="9.55" harmonicMeanSpeed="9.48" length="5.00" nVehEntered="6"/>
    <interval begin="2730.00" end="2760.00" id="D6_1_1" nVehContrib="0" flow="0.00" occupancy="0.00" speed="-1.00" harmonicMeanSpeed="-1.00" length="-1.00" nVehEntered="0"/>
    <interval begin="2760.00" end="2790.00" id="D6_1_1" nVehContrib="9" flow="1080.00" occupancy="21.64" speed="8.20" harmonicMeanSpeed="6.93" length="5.00" nVehEntered="9"/>
    <interval begin="2790.00" end="2820.00" id="D6_1_1" nVehContrib="3" flow="360.00" occupancy="4.90" speed="10.21" harmonicMeanSpeed="10.20" length="5.00" nVehEntered="3"/>
    <interval begin="2820.00" end="2850.00" id="D6_1_1" nVehContrib="0" flow="0.00" occupancy="0.00" speed="-1.00" harmonicMeanSpeed="-1.00" length="-1.00" nVehEntered="0"/>
    <interval begin="2850.00" end="2880.00" id="D6_1_1" nVehContrib="10" flow="1200.00" occupancy="24.96" speed="7.91" harmonicMeanSpeed="6.68" length="5.00" nVehEntered="10"/>
    <interval begin="2880.00" end="2910.00" id="D6_1_1" nVehContrib="4" flow="480.00" occupancy="6.74" speed="9.94" harmonicMeanSpeed="9.90" length="5.00" nVehEntered="4"/>
    <interval begin="2910.00" end="2940.00" id="D6_1_1" nVehContrib="0" flow="0.00" occupancy="0.00" speed="-1.00" harmonicMeanSpeed="-1.00" length="-1.00" nVehEntered="0"/>
    <interval begin="2940.00" end="2970.00" id="D6_1_1" nVehContrib="11" flow="1320.00" occupancy="28.19" speed="7.67" harmonicMeanSpeed="6.76" length="5.00" nVehEntered="12"/>
    <interval begin="2970.00" end="3000.00" id="D6_1_1" nVehContrib="2" flow="240.00" occupancy="2.14" speed="10.34" harmonicMeanSpeed="10.31" length="5.00" nVehEntered="1"/>
    <interval begin="3000.00" end="3030.00" id="D6_1_1" nVehContrib="0" flow="0.00" occupancy="0.00" speed="-1.00" harmonicMeanSpeed="-1.00" length="-1.00" nVehEntered="0"/>
    <interval begin="3030.00" end="3060.00" id="D6_1_1" nVehContrib="12" flow="1440.00" occupancy="27.14" speed="8.46" harmonicMeanSpeed="7.37" length="5.00" nVehEntered="12"/>
    <interval begin="3060.00" end="3090.00" id="D6_1_1" nVehContrib="1" flow="120.00" occupancy="1.83" speed="9.10" harmonicMeanSpeed="9.10" length="5.00" nVehEntered="1"/>
    <interval begin="3090.00" end="3120.00" id="D6_1_1" nVehContrib="1" flow="120.00" occupancy="5.43" speed="3.07" harmonicMeanSpeed="3.07" length="5.00" nVehEntered="1"/>
    <interval begin="3120.00" end="3150.00" id="D6_1_1" nVehContrib="10" flow="1200.00" occupancy="20.55" speed="9.06" harmonicMeanSpeed="8.61" length="5.00" nVehEntered="11"/>
    <interval begin="3150.00" end="3180.00" id="D6_1_1" nVehContrib="1" flow="120.00" occupancy="0.46" speed="9.99" harmonicMeanSpeed="9.99" length="5.00" nVehEntered="0"/>
    <interval begin="3180.00" end="3210.00" id="D6_1_1" nVehContrib="2" flow="240.00" occupancy="9.12" speed="4.18" harmonicMeanSpeed="3.65" length="5.00" nVehEntered="2"/>
    <interval begin="3210.00" end="3240.00" id="D6_1_1" nVehContrib="12" flow="1440.00" occupancy="22.19" speed="9.09" harmonicMeanSpeed="9.01" length="5.00" nVehEntered="12"/>
    <interval begin="3240.00" end="3270.00" id="D6_1_1" nVehContrib="0" flow="0.00" occupancy="0.00" speed="-1.00" harmonicMeanSpeed="-1.00" length="-1.00" nVehEntered="0"/>
    <interval begin="3270.00" end="3300.00" id="D6_1_1" nVehContrib="3" flow="360.00" occupancy="9.89" speed="5.89" harmonicMeanSpeed="5.06" length="5.00" nVehEntered="3"/>
    <interval begin="3300.00" end="3330.00" id="D6_1_1" nVehContrib="11" flow="1320.00" occupancy="20.03" speed="9.30" harmonicMeanSpeed="9.15" length="5.00" nVehEntered="11"/>
    <interval begin="3330.00" end="3360.00" id="D6_1_1" nVehContrib="0" flow="0.00" occupancy="0.00" speed="-1.00" harmonicMeanSpeed="-1.00" length="-1.00" nVehEntered="0"/>
    <interval begin="3360.00" end="3390.00" id="D6_1_1" nVehContrib="5" flow="600.00" occupancy="13.65" speed="7.20" harmonicMeanSpeed="6.10" length="5.00" nVehEntered="5"/>
    <interval begin="3390.00" end="3420.00" id="D6_1_1" nVehContrib="8" flow="960.00" occupancy="15.61" speed="8.61" harmonicMeanSpeed="8.54" length="5.00" nVehEntered="8"/>
    <interval begin="3420.00" end="3450.00" id="D6_1_1" nVehContrib="0" flow="0.00" occupancy="0.00" speed="-1.00" harmonicMeanSpeed="-1.00" length="-1.00" nVehEntered="0"/>
    <interval begin="3450.00" end="3480.00" id="D6_1_1" nVehContrib="6" flow="720.00" occupancy="16.85" speed="7.40" harmonicMeanSpeed="5.93" length="5.00" nVehEntered="6"/>
    <interval begin="3480.00" end="3510.00" id="D6_1_1" nVehContrib="8" flow="960.00" occupancy="14.06" speed="9.56" harmonicMeanSpeed="9.48" length="5.00" nVehEntered="8"/>
    <interval begin="3510.00" end="3540.00" id="D6_1_1" nVehContrib="0" flow="0.00" occupancy="0.00" speed="-1.00" harmonicMeanSpeed="-1.00" length="-1.00" nVehEntered="0"/>
    <interval begin="3540.00" end="3570.00" id="D6_1_1" nVehContrib="8" flow="960.00" occupancy="19.08" speed="8.15" harmonicMeanSpeed="6.99" length="5.00" nVehEntered="8"/>
    <interval begin="3570.00" end="3600.00" id="D6_1_1" nVehContrib="6" flow="720.00" occupancy="10.30" speed="9.75" harmonicMeanSpeed="9.71" length="5.00" nVehEntered="6"/>
    <interval begin="3600.00" end="3630.00" id="D6_1_1" nVehContrib="0" flow="0.00" occupancy="0.00" speed="-1.00" harmonicMeanSpeed="-1.00" length="-1.00" nVehEntered="0"/>
    <interval begin="3630.00" end="3640.00" id="D6_1_1" nVehContrib="0" flow="0.00" occupancy="0.00" speed="-1.00" harmonicMeanSpeed="-1.00" length="-1.00" nVehEntered="0"/>
</detector>
