<?xml version="1.0" encoding="UTF-8"?>

<!-- generated on 01/24/20 13:57:31 by Eclipse SUMO GUI Version 1.3.1
<configuration xmlns:xsi="http://www.w3.org/2001/XMLSchema-instance" xsi:noNamespaceSchemaLocation="http://sumo.dlr.de/xsd/sumoConfiguration.xsd">

    <input>
        <net-file value="gnet.net.xml"/>
        <route-files value="grou.rou.xml"/>
        <additional-files value="gadd.additional.xml"/>
    </input>

    <output>
        <queue-output value="Queue.xml"/>
        <summary-output value="Summary.xml"/>
    </output>

    <time>
        <begin value="0"/>
        <end value="3600"/>
    </time>

    <processing>
        <time-to-teleport value="3600"/>
    </processing>

    <traci_server>
        <remote-port value="13929"/>
    </traci_server>

    <gui_only>
        <gui-settings-file value="gview.view.xml"/>
        <quit-on-end value="true"/>
        <start value="true"/>
    </gui_only>

</configuration>
-->

<detector xmlns:xsi="http://www.w3.org/2001/XMLSchema-instance" xsi:noNamespaceSchemaLocation="http://sumo.dlr.de/xsd/det_e1_file.xsd">
    <interval begin="0.00" end="30.00" id="D6_1_3" nVehContrib="0" flow="0.00" occupancy="0.00" speed="-1.00" harmonicMeanSpeed="-1.00" length="-1.00" nVehEntered="0"/>
    <interval begin="30.00" end="60.00" id="D6_1_3" nVehContrib="1" flow="120.00" occupancy="6.12" speed="2.72" harmonicMeanSpeed="2.72" length="5.00" nVehEntered="1"/>
    <interval begin="60.00" end="90.00" id="D6_1_3" nVehContrib="0" flow="0.00" occupancy="0.00" speed="-1.00" harmonicMeanSpeed="-1.00" length="-1.00" nVehEntered="0"/>
    <interval begin="90.00" end="120.00" id="D6_1_3" nVehContrib="0" flow="0.00" occupancy="0.00" speed="-1.00" harmonicMeanSpeed="-1.00" length="-1.00" nVehEntered="0"/>
    <interval begin="120.00" end="150.00" id="D6_1_3" nVehContrib="3" flow="360.00" occupancy="12.43" speed="5.03" harmonicMeanSpeed="4.02" length="5.00" nVehEntered="3"/>
    <interval begin="150.00" end="180.00" id="D6_1_3" nVehContrib="0" flow="0.00" occupancy="0.00" speed="-1.00" harmonicMeanSpeed="-1.00" length="-1.00" nVehEntered="0"/>
    <interval begin="180.00" end="210.00" id="D6_1_3" nVehContrib="1" flow="120.00" occupancy="7.02" speed="2.37" harmonicMeanSpeed="2.37" length="5.00" nVehEntered="1"/>
    <interval begin="210.00" end="240.00" id="D6_1_3" nVehContrib="1" flow="120.00" occupancy="2.59" speed="6.42" harmonicMeanSpeed="6.42" length="5.00" nVehEntered="1"/>
    <interval begin="240.00" end="270.00" id="D6_1_3" nVehContrib="0" flow="0.00" occupancy="0.00" speed="-1.00" harmonicMeanSpeed="-1.00" length="-1.00" nVehEntered="0"/>
    <interval begin="270.00" end="300.00" id="D6_1_3" nVehContrib="3" flow="360.00" occupancy="9.52" speed="6.08" harmonicMeanSpeed="5.25" length="5.00" nVehEntered="3"/>
    <interval begin="300.00" end="330.00" id="D6_1_3" nVehContrib="0" flow="0.00" occupancy="0.00" speed="-1.00" harmonicMeanSpeed="-1.00" length="-1.00" nVehEntered="0"/>
    <interval begin="330.00" end="360.00" id="D6_1_3" nVehContrib="0" flow="0.00" occupancy="0.00" speed="-1.00" harmonicMeanSpeed="-1.00" length="-1.00" nVehEntered="0"/>
    <interval begin="360.00" end="390.00" id="D6_1_3" nVehContrib="2" flow="240.00" occupancy="8.97" speed="4.45" harmonicMeanSpeed="3.72" length="5.00" nVehEntered="2"/>
    <interval begin="390.00" end="420.00" id="D6_1_3" nVehContrib="0" flow="0.00" occupancy="0.00" speed="-1.00" harmonicMeanSpeed="-1.00" length="-1.00" nVehEntered="0"/>
    <interval begin="420.00" end="450.00" id="D6_1_3" nVehContrib="0" flow="0.00" occupancy="0.00" speed="-1.00" harmonicMeanSpeed="-1.00" length="-1.00" nVehEntered="0"/>
    <interval begin="450.00" end="480.00" id="D6_1_3" nVehContrib="3" flow="360.00" occupancy="9.92" speed="6.00" harmonicMeanSpeed="5.04" length="5.00" nVehEntered="3"/>
    <interval begin="480.00" end="510.00" id="D6_1_3" nVehContrib="0" flow="0.00" occupancy="0.00" speed="-1.00" harmonicMeanSpeed="-1.00" length="-1.00" nVehEntered="0"/>
    <interval begin="510.00" end="540.00" id="D6_1_3" nVehContrib="0" flow="0.00" occupancy="0.00" speed="-1.00" harmonicMeanSpeed="-1.00" length="-1.00" nVehEntered="0"/>
    <interval begin="540.00" end="570.00" id="D6_1_3" nVehContrib="2" flow="240.00" occupancy="9.45" speed="4.26" harmonicMeanSpeed="3.53" length="5.00" nVehEntered="2"/>
    <interval begin="570.00" end="600.00" id="D6_1_3" nVehContrib="0" flow="0.00" occupancy="0.00" speed="-1.00" harmonicMeanSpeed="-1.00" length="-1.00" nVehEntered="0"/>
    <interval begin="600.00" end="630.00" id="D6_1_3" nVehContrib="0" flow="0.00" occupancy="0.00" speed="-1.00" harmonicMeanSpeed="-1.00" length="-1.00" nVehEntered="0"/>
    <interval begin="630.00" end="660.00" id="D6_1_3" nVehContrib="3" flow="360.00" occupancy="10.46" speed="5.66" harmonicMeanSpeed="4.78" length="5.00" nVehEntered="3"/>
    <interval begin="660.00" end="690.00" id="D6_1_3" nVehContrib="0" flow="0.00" occupancy="0.00" speed="-1.00" harmonicMeanSpeed="-1.00" length="-1.00" nVehEntered="0"/>
    <interval begin="690.00" end="720.00" id="D6_1_3" nVehContrib="0" flow="0.00" occupancy="3.33" speed="-1.00" harmonicMeanSpeed="-1.00" length="-1.00" nVehEntered="1"/>
    <interval begin="720.00" end="750.00" id="D6_1_3" nVehContrib="2" flow="240.00" occupancy="4.75" speed="4.47" harmonicMeanSpeed="4.12" length="5.00" nVehEntered="1"/>
    <interval begin="750.00" end="780.00" id="D6_1_3" nVehContrib="0" flow="0.00" occupancy="0.00" speed="-1.00" harmonicMeanSpeed="-1.00" length="-1.00" nVehEntered="0"/>
    <interval begin="780.00" end="810.00" id="D6_1_3" nVehContrib="1" flow="120.00" occupancy="7.47" speed="2.81" harmonicMeanSpeed="2.81" length="5.00" nVehEntered="2"/>
    <interval begin="810.00" end="840.00" id="D6_1_3" nVehContrib="2" flow="240.00" occupancy="3.23" speed="7.18" harmonicMeanSpeed="6.99" length="5.00" nVehEntered="1"/>
    <interval begin="840.00" end="870.00" id="D6_1_3" nVehContrib="0" flow="0.00" occupancy="0.00" speed="-1.00" harmonicMeanSpeed="-1.00" length="-1.00" nVehEntered="0"/>
    <interval begin="870.00" end="900.00" id="D6_1_3" nVehContrib="2" flow="240.00" occupancy="8.39" speed="4.54" harmonicMeanSpeed="3.97" length="5.00" nVehEntered="2"/>
    <interval begin="900.00" end="930.00" id="D6_1_3" nVehContrib="1" flow="120.00" occupancy="1.65" speed="10.09" harmonicMeanSpeed="10.09" length="5.00" nVehEntered="1"/>
    <interval begin="930.00" end="960.00" id="D6_1_3" nVehContrib="0" flow="0.00" occupancy="0.00" speed="-1.00" harmonicMeanSpeed="-1.00" length="-1.00" nVehEntered="0"/>
    <interval begin="960.00" end="990.00" id="D6_1_3" nVehContrib="2" flow="240.00" occupancy="8.37" speed="4.64" harmonicMeanSpeed="3.98" length="5.00" nVehEntered="2"/>
    <interval begin="990.00" end="1020.00" id="D6_1_3" nVehContrib="0" flow="0.00" occupancy="0.00" speed="-1.00" harmonicMeanSpeed="-1.00" length="-1.00" nVehEntered="0"/>
    <interval begin="1020.00" end="1050.00" id="D6_1_3" nVehContrib="0" flow="0.00" occupancy="0.00" speed="-1.00" harmonicMeanSpeed="-1.00" length="-1.00" nVehEntered="0"/>
    <interval begin="1050.00" end="1080.00" id="D6_1_3" nVehContrib="3" flow="360.00" occupancy="11.65" speed="5.24" harmonicMeanSpeed="4.29" length="5.00" nVehEntered="3"/>
    <interval begin="1080.00" end="1110.00" id="D6_1_3" nVehContrib="0" flow="0.00" occupancy="0.00" speed="-1.00" harmonicMeanSpeed="-1.00" length="-1.00" nVehEntered="0"/>
    <interval begin="1110.00" end="1140.00" id="D6_1_3" nVehContrib="0" flow="0.00" occupancy="0.00" speed="-1.00" harmonicMeanSpeed="-1.00" length="-1.00" nVehEntered="0"/>
    <interval begin="1140.00" end="1170.00" id="D6_1_3" nVehContrib="2" flow="240.00" occupancy="7.30" speed="5.24" harmonicMeanSpeed="4.56" length="5.00" nVehEntered="2"/>
    <interval begin="1170.00" end="1200.00" id="D6_1_3" nVehContrib="0" flow="0.00" occupancy="0.00" speed="-1.00" harmonicMeanSpeed="-1.00" length="-1.00" nVehEntered="0"/>
    <interval begin="1200.00" end="1230.00" id="D6_1_3" nVehContrib="0" flow="0.00" occupancy="0.00" speed="-1.00" harmonicMeanSpeed="-1.00" length="-1.00" nVehEntered="0"/>
    <interval begin="1230.00" end="1260.00" id="D6_1_3" nVehContrib="3" flow="360.00" occupancy="11.06" speed="5.68" harmonicMeanSpeed="4.52" length="5.00" nVehEntered="3"/>
    <interval begin="1260.00" end="1290.00" id="D6_1_3" nVehContrib="0" flow="0.00" occupancy="0.00" speed="-1.00" harmonicMeanSpeed="-1.00" length="-1.00" nVehEntered="0"/>
    <interval begin="1290.00" end="1320.00" id="D6_1_3" nVehContrib="0" flow="0.00" occupancy="0.00" speed="-1.00" harmonicMeanSpeed="-1.00" length="-1.00" nVehEntered="0"/>
    <interval begin="1320.00" end="1350.00" id="D6_1_3" nVehContrib="2" flow="240.00" occupancy="8.38" speed="4.66" harmonicMeanSpeed="3.98" length="5.00" nVehEntered="2"/>
    <interval begin="1350.00" end="1380.00" id="D6_1_3" nVehContrib="0" flow="0.00" occupancy="0.00" speed="-1.00" harmonicMeanSpeed="-1.00" length="-1.00" nVehEntered="0"/>
    <interval begin="1380.00" end="1410.00" id="D6_1_3" nVehContrib="0" flow="0.00" occupancy="0.00" speed="-1.00" harmonicMeanSpeed="-1.00" length="-1.00" nVehEntered="0"/>
    <interval begin="1410.00" end="1440.00" id="D6_1_3" nVehContrib="3" flow="360.00" occupancy="10.51" speed="5.61" harmonicMeanSpeed="4.76" length="5.00" nVehEntered="3"/>
    <interval begin="1440.00" end="1470.00" id="D6_1_3" nVehContrib="0" flow="0.00" occupancy="0.00" speed="-1.00" harmonicMeanSpeed="-1.00" length="-1.00" nVehEntered="0"/>
    <interval begin="1470.00" end="1500.00" id="D6_1_3" nVehContrib="0" flow="0.00" occupancy="0.00" speed="-1.00" harmonicMeanSpeed="-1.00" length="-1.00" nVehEntered="0"/>
    <interval begin="1500.00" end="1530.00" id="D6_1_3" nVehContrib="3" flow="360.00" occupancy="11.03" speed="5.76" harmonicMeanSpeed="4.53" length="5.00" nVehEntered="3"/>
    <interval begin="1530.00" end="1560.00" id="D6_1_3" nVehContrib="0" flow="0.00" occupancy="0.00" speed="-1.00" harmonicMeanSpeed="-1.00" length="-1.00" nVehEntered="0"/>
    <interval begin="1560.00" end="1590.00" id="D6_1_3" nVehContrib="0" flow="0.00" occupancy="3.33" speed="-1.00" harmonicMeanSpeed="-1.00" length="-1.00" nVehEntered="1"/>
    <interval begin="1590.00" end="1620.00" id="D6_1_3" nVehContrib="2" flow="240.00" occupancy="4.75" speed="4.80" harmonicMeanSpeed="4.12" length="5.00" nVehEntered="1"/>
    <interval begin="1620.00" end="1650.00" id="D6_1_3" nVehContrib="0" flow="0.00" occupancy="0.00" speed="-1.00" harmonicMeanSpeed="-1.00" length="-1.00" nVehEntered="0"/>
    <interval begin="1650.00" end="1680.00" id="D6_1_3" nVehContrib="1" flow="120.00" occupancy="6.46" speed="2.59" harmonicMeanSpeed="2.59" length="5.00" nVehEntered="2"/>
    <interval begin="1680.00" end="1710.00" id="D6_1_3" nVehContrib="2" flow="240.00" occupancy="4.73" speed="7.13" harmonicMeanSpeed="7.00" length="5.00" nVehEntered="1"/>
    <interval begin="1710.00" end="1740.00" id="D6_1_3" nVehContrib="0" flow="0.00" occupancy="0.00" speed="-1.00" harmonicMeanSpeed="-1.00" length="-1.00" nVehEntered="0"/>
    <interval begin="1740.00" end="1770.00" id="D6_1_3" nVehContrib="2" flow="240.00" occupancy="8.61" speed="4.35" harmonicMeanSpeed="3.87" length="5.00" nVehEntered="2"/>
    <interval begin="1770.00" end="1800.00" id="D6_1_3" nVehContrib="0" flow="0.00" occupancy="0.00" speed="-1.00" harmonicMeanSpeed="-1.00" length="-1.00" nVehEntered="0"/>
    <interval begin="1800.00" end="1830.00" id="D6_1_3" nVehContrib="0" flow="0.00" occupancy="0.00" speed="-1.00" harmonicMeanSpeed="-1.00" length="-1.00" nVehEntered="0"/>
    <interval begin="1830.00" end="1860.00" id="D6_1_3" nVehContrib="3" flow="360.00" occupancy="9.97" speed="5.64" harmonicMeanSpeed="5.01" length="5.00" nVehEntered="3"/>
    <interval begin="1860.00" end="1890.00" id="D6_1_3" nVehContrib="0" flow="0.00" occupancy="0.00" speed="-1.00" harmonicMeanSpeed="-1.00" length="-1.00" nVehEntered="0"/>
    <interval begin="1890.00" end="1920.00" id="D6_1_3" nVehContrib="0" flow="0.00" occupancy="0.00" speed="-1.00" harmonicMeanSpeed="-1.00" length="-1.00" nVehEntered="0"/>
    <interval begin="1920.00" end="1950.00" id="D6_1_3" nVehContrib="2" flow="240.00" occupancy="8.74" speed="4.34" harmonicMeanSpeed="3.82" length="5.00" nVehEntered="2"/>
    <interval begin="1950.00" end="1980.00" id="D6_1_3" nVehContrib="1" flow="120.00" occupancy="2.19" speed="7.60" harmonicMeanSpeed="7.60" length="5.00" nVehEntered="1"/>
    <interval begin="1980.00" end="2010.00" id="D6_1_3" nVehContrib="0" flow="0.00" occupancy="0.00" speed="-1.00" harmonicMeanSpeed="-1.00" length="-1.00" nVehEntered="0"/>
    <interval begin="2010.00" end="2040.00" id="D6_1_3" nVehContrib="2" flow="240.00" occupancy="9.41" speed="4.27" harmonicMeanSpeed="3.54" length="5.00" nVehEntered="2"/>
    <interval begin="2040.00" end="2070.00" id="D6_1_3" nVehContrib="0" flow="0.00" occupancy="0.00" speed="-1.00" harmonicMeanSpeed="-1.00" length="-1.00" nVehEntered="0"/>
    <interval begin="2070.00" end="2100.00" id="D6_1_3" nVehContrib="0" flow="0.00" occupancy="0.00" speed="-1.00" harmonicMeanSpeed="-1.00" length="-1.00" nVehEntered="0"/>
    <interval begin="2100.00" end="2130.00" id="D6_1_3" nVehContrib="3" flow="360.00" occupancy="10.33" speed="5.84" harmonicMeanSpeed="4.84" length="5.00" nVehEntered="3"/>
    <interval begin="2130.00" end="2160.00" id="D6_1_3" nVehContrib="0" flow="0.00" occupancy="0.00" speed="-1.00" harmonicMeanSpeed="-1.00" length="-1.00" nVehEntered="0"/>
    <interval begin="2160.00" end="2190.00" id="D6_1_3" nVehContrib="0" flow="0.00" occupancy="0.00" speed="-1.00" harmonicMeanSpeed="-1.00" length="-1.00" nVehEntered="0"/>
    <interval begin="2190.00" end="2220.00" id="D6_1_3" nVehContrib="2" flow="240.00" occupancy="8.01" speed="4.48" harmonicMeanSpeed="4.16" length="5.00" nVehEntered="2"/>
    <interval begin="2220.00" end="2250.00" id="D6_1_3" nVehContrib="0" flow="0.00" occupancy="0.00" speed="-1.00" harmonicMeanSpeed="-1.00" length="-1.00" nVehEntered="0"/>
    <interval begin="2250.00" end="2280.00" id="D6_1_3" nVehContrib="0" flow="0.00" occupancy="0.00" speed="-1.00" harmonicMeanSpeed="-1.00" length="-1.00" nVehEntered="0"/>
    <interval begin="2280.00" end="2310.00" id="D6_1_3" nVehContrib="3" flow="360.00" occupancy="10.26" speed="5.46" harmonicMeanSpeed="4.87" length="5.00" nVehEntered="3"/>
    <interval begin="2310.00" end="2340.00" id="D6_1_3" nVehContrib="0" flow="0.00" occupancy="0.00" speed="-1.00" harmonicMeanSpeed="-1.00" length="-1.00" nVehEntered="0"/>
    <interval begin="2340.00" end="2370.00" id="D6_1_3" nVehContrib="0" flow="0.00" occupancy="0.00" speed="-1.00" harmonicMeanSpeed="-1.00" length="-1.00" nVehEntered="0"/>
    <interval begin="2370.00" end="2400.00" id="D6_1_3" nVehContrib="2" flow="240.00" occupancy="9.99" speed="4.13" harmonicMeanSpeed="3.34" length="5.00" nVehEntered="2"/>
    <interval begin="2400.00" end="2430.00" id="D6_1_3" nVehContrib="0" flow="0.00" occupancy="0.00" speed="-1.00" harmonicMeanSpeed="-1.00" length="-1.00" nVehEntered="0"/>
    <interval begin="2430.00" end="2460.00" id="D6_1_3" nVehContrib="0" flow="0.00" occupancy="3.33" speed="-1.00" harmonicMeanSpeed="-1.00" length="-1.00" nVehEntered="1"/>
    <interval begin="2460.00" end="2490.00" id="D6_1_3" nVehContrib="3" flow="360.00" occupancy="6.65" speed="5.90" harmonicMeanSpeed="5.01" length="5.00" nVehEntered="2"/>
    <interval begin="2490.00" end="2520.00" id="D6_1_3" nVehContrib="0" flow="0.00" occupancy="0.00" speed="-1.00" harmonicMeanSpeed="-1.00" length="-1.00" nVehEntered="0"/>
    <interval begin="2520.00" end="2550.00" id="D6_1_3" nVehContrib="1" flow="120.00" occupancy="7.98" speed="3.00" harmonicMeanSpeed="3.00" length="5.00" nVehEntered="2"/>
    <interval begin="2550.00" end="2580.00" id="D6_1_3" nVehContrib="2" flow="240.00" occupancy="2.09" speed="8.04" harmonicMeanSpeed="7.37" length="5.00" nVehEntered="1"/>
    <interval begin="2580.00" end="2610.00" id="D6_1_3" nVehContrib="0" flow="0.00" occupancy="0.00" speed="-1.00" harmonicMeanSpeed="-1.00" length="-1.00" nVehEntered="0"/>
    <interval begin="2610.00" end="2640.00" id="D6_1_3" nVehContrib="2" flow="240.00" occupancy="9.23" speed="4.51" harmonicMeanSpeed="3.61" length="5.00" nVehEntered="2"/>
    <interval begin="2640.00" end="2670.00" id="D6_1_3" nVehContrib="0" flow="0.00" occupancy="0.00" speed="-1.00" harmonicMeanSpeed="-1.00" length="-1.00" nVehEntered="0"/>
    <interval begin="2670.00" end="2700.00" id="D6_1_3" nVehContrib="0" flow="0.00" occupancy="0.00" speed="-1.00" harmonicMeanSpeed="-1.00" length="-1.00" nVehEntered="0"/>
    <interval begin="2700.00" end="2730.00" id="D6_1_3" nVehContrib="3" flow="360.00" occupancy="10.99" speed="5.82" harmonicMeanSpeed="4.55" length="5.00" nVehEntered="3"/>
    <interval begin="2730.00" end="2760.00" id="D6_1_3" nVehContrib="0" flow="0.00" occupancy="0.00" speed="-1.00" harmonicMeanSpeed="-1.00" length="-1.00" nVehEntered="0"/>
    <interval begin="2760.00" end="2790.00" id="D6_1_3" nVehContrib="0" flow="0.00" occupancy="0.00" speed="-1.00" harmonicMeanSpeed="-1.00" length="-1.00" nVehEntered="0"/>
    <interval begin="2790.00" end="2820.00" id="D6_1_3" nVehContrib="2" flow="240.00" occupancy="8.06" speed="4.55" harmonicMeanSpeed="4.13" length="5.00" nVehEntered="2"/>
    <interval begin="2820.00" end="2850.00" id="D6_1_3" nVehContrib="0" flow="0.00" occupancy="0.00" speed="-1.00" harmonicMeanSpeed="-1.00" length="-1.00" nVehEntered="0"/>
    <interval begin="2850.00" end="2880.00" id="D6_1_3" nVehContrib="0" flow="0.00" occupancy="0.00" speed="-1.00" harmonicMeanSpeed="-1.00" length="-1.00" nVehEntered="0"/>
    <interval begin="2880.00" end="2910.00" id="D6_1_3" nVehContrib="3" flow="360.00" occupancy="11.11" speed="5.87" harmonicMeanSpeed="4.50" length="5.00" nVehEntered="3"/>
    <interval begin="2910.00" end="2940.00" id="D6_1_3" nVehContrib="0" flow="0.00" occupancy="0.00" speed="-1.00" harmonicMeanSpeed="-1.00" length="-1.00" nVehEntered="0"/>
    <interval begin="2940.00" end="2970.00" id="D6_1_3" nVehContrib="0" flow="0.00" occupancy="0.00" speed="-1.00" harmonicMeanSpeed="-1.00" length="-1.00" nVehEntered="0"/>
    <interval begin="2970.00" end="3000.00" id="D6_1_3" nVehContrib="2" flow="240.00" occupancy="8.39" speed="4.50" harmonicMeanSpeed="3.97" length="5.00" nVehEntered="2"/>
    <interval begin="3000.00" end="3030.00" id="D6_1_3" nVehContrib="0" flow="0.00" occupancy="0.00" speed="-1.00" harmonicMeanSpeed="-1.00" length="-1.00" nVehEntered="0"/>
    <interval begin="3030.00" end="3060.00" id="D6_1_3" nVehContrib="0" flow="0.00" occupancy="0.00" speed="-1.00" harmonicMeanSpeed="-1.00" length="-1.00" nVehEntered="0"/>
    <interval begin="3060.00" end="3090.00" id="D6_1_3" nVehContrib="3" flow="360.00" occupancy="10.49" speed="5.58" harmonicMeanSpeed="4.77" length="5.00" nVehEntered="3"/>
    <interval begin="3090.00" end="3120.00" id="D6_1_3" nVehContrib="0" flow="0.00" occupancy="0.00" speed="-1.00" harmonicMeanSpeed="-1.00" length="-1.00" nVehEntered="0"/>
    <interval begin="3120.00" end="3150.00" id="D6_1_3" nVehContrib="0" flow="0.00" occupancy="0.00" speed="-1.00" harmonicMeanSpeed="-1.00" length="-1.00" nVehEntered="0"/>
    <interval begin="3150.00" end="3180.00" id="D6_1_3" nVehContrib="2" flow="240.00" occupancy="8.82" speed="4.45" harmonicMeanSpeed="3.78" length="5.00" nVehEntered="2"/>
    <interval begin="3180.00" end="3210.00" id="D6_1_3" nVehContrib="0" flow="0.00" occupancy="0.00" speed="-1.00" harmonicMeanSpeed="-1.00" length="-1.00" nVehEntered="0"/>
    <interval begin="3210.00" end="3240.00" id="D6_1_3" nVehContrib="0" flow="0.00" occupancy="0.00" speed="-1.00" harmonicMeanSpeed="-1.00" length="-1.00" nVehEntered="0"/>
    <interval begin="3240.00" end="3270.00" id="D6_1_3" nVehContrib="3" flow="360.00" occupancy="10.37" speed="5.53" harmonicMeanSpeed="4.82" length="5.00" nVehEntered="3"/>
    <interval begin="3270.00" end="3300.00" id="D6_1_3" nVehContrib="0" flow="0.00" occupancy="0.00" speed="-1.00" harmonicMeanSpeed="-1.00" length="-1.00" nVehEntered="0"/>
    <interval begin="3300.00" end="3330.00" id="D6_1_3" nVehContrib="0" flow="0.00" occupancy="3.33" speed="-1.00" harmonicMeanSpeed="-1.00" length="-1.00" nVehEntered="1"/>
    <interval begin="3330.00" end="3360.00" id="D6_1_3" nVehContrib="3" flow="360.00" occupancy="6.88" speed="5.82" harmonicMeanSpeed="4.90" length="5.00" nVehEntered="2"/>
    <interval begin="3360.00" end="3390.00" id="D6_1_3" nVehContrib="0" flow="0.00" occupancy="0.00" speed="-1.00" harmonicMeanSpeed="-1.00" length="-1.00" nVehEntered="0"/>
    <interval begin="3390.00" end="3420.00" id="D6_1_3" nVehContrib="1" flow="120.00" occupancy="7.61" speed="2.90" harmonicMeanSpeed="2.90" length="5.00" nVehEntered="2"/>
    <interval begin="3420.00" end="3450.00" id="D6_1_3" nVehContrib="1" flow="120.00" occupancy="0.95" speed="5.91" harmonicMeanSpeed="5.91" length="5.00" nVehEntered="0"/>
    <interval begin="3450.00" end="3480.00" id="D6_1_3" nVehContrib="0" flow="0.00" occupancy="0.00" speed="-1.00" harmonicMeanSpeed="-1.00" length="-1.00" nVehEntered="0"/>
    <interval begin="3480.00" end="3510.00" id="D6_1_3" nVehContrib="2" flow="240.00" occupancy="8.54" speed="4.43" harmonicMeanSpeed="3.90" length="5.00" nVehEntered="2"/>
    <interval begin="3510.00" end="3540.00" id="D6_1_3" nVehContrib="1" flow="120.00" occupancy="1.95" speed="8.56" harmonicMeanSpeed="8.56" length="5.00" nVehEntered="1"/>
    <interval begin="3540.00" end="3570.00" id="D6_1_3" nVehContrib="0" flow="0.00" occupancy="0.00" speed="-1.00" harmonicMeanSpeed="-1.00" length="-1.00" nVehEntered="0"/>
    <interval begin="3570.00" end="3600.00" id="D6_1_3" nVehContrib="2" flow="240.00" occupancy="9.26" speed="4.53" harmonicMeanSpeed="3.60" length="5.00" nVehEntered="2"/>
    <interval begin="3600.00" end="3630.00" id="D6_1_3" nVehContrib="0" flow="0.00" occupancy="0.00" speed="-1.00" harmonicMeanSpeed="-1.00" length="-1.00" nVehEntered="0"/>
    <interval begin="3630.00" end="3640.00" id="D6_1_3" nVehContrib="0" flow="0.00" occupancy="0.00" speed="-1.00" harmonicMeanSpeed="-1.00" length="-1.00" nVehEntered="0"/>
</detector>
