<?xml version="1.0" encoding="UTF-8"?>

<!-- generated on 01/24/20 13:57:31 by Eclipse SUMO GUI Version 1.3.1
<configuration xmlns:xsi="http://www.w3.org/2001/XMLSchema-instance" xsi:noNamespaceSchemaLocation="http://sumo.dlr.de/xsd/sumoConfiguration.xsd">

    <input>
        <net-file value="gnet.net.xml"/>
        <route-files value="grou.rou.xml"/>
        <additional-files value="gadd.additional.xml"/>
    </input>

    <output>
        <queue-output value="Queue.xml"/>
        <summary-output value="Summary.xml"/>
    </output>

    <time>
        <begin value="0"/>
        <end value="3600"/>
    </time>

    <processing>
        <time-to-teleport value="3600"/>
    </processing>

    <traci_server>
        <remote-port value="13929"/>
    </traci_server>

    <gui_only>
        <gui-settings-file value="gview.view.xml"/>
        <quit-on-end value="true"/>
        <start value="true"/>
    </gui_only>

</configuration>
-->

<detector xmlns:xsi="http://www.w3.org/2001/XMLSchema-instance" xsi:noNamespaceSchemaLocation="http://sumo.dlr.de/xsd/det_e1_file.xsd">
    <interval begin="0.00" end="30.00" id="D6_2_2" nVehContrib="3" flow="360.00" occupancy="5.47" speed="15.13" harmonicMeanSpeed="9.14" length="5.00" nVehEntered="3"/>
    <interval begin="30.00" end="60.00" id="D6_2_2" nVehContrib="4" flow="480.00" occupancy="8.88" speed="12.19" harmonicMeanSpeed="7.51" length="5.00" nVehEntered="4"/>
    <interval begin="60.00" end="90.00" id="D6_2_2" nVehContrib="4" flow="480.00" occupancy="3.24" speed="20.62" harmonicMeanSpeed="20.60" length="5.00" nVehEntered="4"/>
    <interval begin="90.00" end="120.00" id="D6_2_2" nVehContrib="5" flow="600.00" occupancy="9.64" speed="14.10" harmonicMeanSpeed="8.64" length="5.00" nVehEntered="5"/>
    <interval begin="120.00" end="150.00" id="D6_2_2" nVehContrib="4" flow="480.00" occupancy="6.28" speed="16.01" harmonicMeanSpeed="10.62" length="5.00" nVehEntered="4"/>
    <interval begin="150.00" end="180.00" id="D6_2_2" nVehContrib="6" flow="720.00" occupancy="7.85" speed="17.30" harmonicMeanSpeed="12.74" length="5.00" nVehEntered="6"/>
    <interval begin="180.00" end="210.00" id="D6_2_2" nVehContrib="3" flow="360.00" occupancy="5.62" speed="14.24" harmonicMeanSpeed="8.90" length="5.00" nVehEntered="3"/>
    <interval begin="210.00" end="240.00" id="D6_2_2" nVehContrib="3" flow="360.00" occupancy="2.58" speed="19.44" harmonicMeanSpeed="19.40" length="5.00" nVehEntered="3"/>
    <interval begin="240.00" end="270.00" id="D6_2_2" nVehContrib="4" flow="480.00" occupancy="6.94" speed="16.18" harmonicMeanSpeed="10.21" length="5.00" nVehEntered="5"/>
    <interval begin="270.00" end="300.00" id="D6_2_2" nVehContrib="7" flow="840.00" occupancy="14.39" speed="13.39" harmonicMeanSpeed="7.88" length="5.00" nVehEntered="6"/>
    <interval begin="300.00" end="330.00" id="D6_2_2" nVehContrib="6" flow="720.00" occupancy="7.88" speed="17.63" harmonicMeanSpeed="12.70" length="5.00" nVehEntered="6"/>
    <interval begin="330.00" end="360.00" id="D6_2_2" nVehContrib="5" flow="600.00" occupancy="6.71" speed="17.28" harmonicMeanSpeed="12.42" length="5.00" nVehEntered="5"/>
    <interval begin="360.00" end="390.00" id="D6_2_2" nVehContrib="2" flow="240.00" occupancy="1.66" speed="20.05" harmonicMeanSpeed="20.04" length="5.00" nVehEntered="2"/>
    <interval begin="390.00" end="420.00" id="D6_2_2" nVehContrib="3" flow="360.00" occupancy="2.54" speed="19.65" harmonicMeanSpeed="19.65" length="5.00" nVehEntered="3"/>
    <interval begin="420.00" end="450.00" id="D6_2_2" nVehContrib="7" flow="840.00" occupancy="5.71" speed="20.46" harmonicMeanSpeed="20.42" length="5.00" nVehEntered="7"/>
    <interval begin="450.00" end="480.00" id="D6_2_2" nVehContrib="2" flow="240.00" occupancy="1.69" speed="19.80" harmonicMeanSpeed="19.75" length="5.00" nVehEntered="2"/>
    <interval begin="480.00" end="510.00" id="D6_2_2" nVehContrib="5" flow="600.00" occupancy="4.17" speed="20.01" harmonicMeanSpeed="19.99" length="5.00" nVehEntered="5"/>
    <interval begin="510.00" end="540.00" id="D6_2_2" nVehContrib="5" flow="600.00" occupancy="4.23" speed="19.71" harmonicMeanSpeed="19.69" length="5.00" nVehEntered="5"/>
    <interval begin="540.00" end="570.00" id="D6_2_2" nVehContrib="3" flow="360.00" occupancy="2.49" speed="20.11" harmonicMeanSpeed="20.05" length="5.00" nVehEntered="3"/>
    <interval begin="570.00" end="600.00" id="D6_2_2" nVehContrib="6" flow="720.00" occupancy="4.89" speed="20.47" harmonicMeanSpeed="20.45" length="5.00" nVehEntered="6"/>
    <interval begin="600.00" end="630.00" id="D6_2_2" nVehContrib="5" flow="600.00" occupancy="7.32" speed="17.24" harmonicMeanSpeed="11.39" length="5.00" nVehEntered="5"/>
    <interval begin="630.00" end="660.00" id="D6_2_2" nVehContrib="5" flow="600.00" occupancy="7.01" speed="17.25" harmonicMeanSpeed="11.89" length="5.00" nVehEntered="5"/>
    <interval begin="660.00" end="690.00" id="D6_2_2" nVehContrib="5" flow="600.00" occupancy="7.00" speed="17.50" harmonicMeanSpeed="11.90" length="5.00" nVehEntered="5"/>
    <interval begin="690.00" end="720.00" id="D6_2_2" nVehContrib="5" flow="600.00" occupancy="7.16" speed="16.68" harmonicMeanSpeed="11.64" length="5.00" nVehEntered="5"/>
    <interval begin="720.00" end="750.00" id="D6_2_2" nVehContrib="3" flow="360.00" occupancy="2.44" speed="20.50" harmonicMeanSpeed="20.50" length="5.00" nVehEntered="3"/>
    <interval begin="750.00" end="780.00" id="D6_2_2" nVehContrib="6" flow="720.00" occupancy="4.98" speed="20.09" harmonicMeanSpeed="20.08" length="5.00" nVehEntered="6"/>
    <interval begin="780.00" end="810.00" id="D6_2_2" nVehContrib="4" flow="480.00" occupancy="9.67" speed="15.98" harmonicMeanSpeed="10.52" length="5.00" nVehEntered="5"/>
    <interval begin="810.00" end="840.00" id="D6_2_2" nVehContrib="5" flow="600.00" occupancy="7.03" speed="13.65" harmonicMeanSpeed="8.04" length="5.00" nVehEntered="4"/>
    <interval begin="840.00" end="870.00" id="D6_2_2" nVehContrib="6" flow="720.00" occupancy="5.10" speed="19.62" harmonicMeanSpeed="19.60" length="5.00" nVehEntered="6"/>
    <interval begin="870.00" end="900.00" id="D6_2_2" nVehContrib="6" flow="720.00" occupancy="8.20" speed="16.96" harmonicMeanSpeed="12.20" length="5.00" nVehEntered="6"/>
    <interval begin="900.00" end="930.00" id="D6_2_2" nVehContrib="4" flow="480.00" occupancy="9.58" speed="12.32" harmonicMeanSpeed="6.96" length="5.00" nVehEntered="4"/>
    <interval begin="930.00" end="960.00" id="D6_2_2" nVehContrib="6" flow="720.00" occupancy="4.87" speed="20.55" harmonicMeanSpeed="20.51" length="5.00" nVehEntered="6"/>
    <interval begin="960.00" end="990.00" id="D6_2_2" nVehContrib="4" flow="480.00" occupancy="6.43" speed="16.41" harmonicMeanSpeed="10.37" length="5.00" nVehEntered="4"/>
    <interval begin="990.00" end="1020.00" id="D6_2_2" nVehContrib="5" flow="600.00" occupancy="9.99" speed="13.68" harmonicMeanSpeed="8.34" length="5.00" nVehEntered="5"/>
    <interval begin="1020.00" end="1050.00" id="D6_2_2" nVehContrib="5" flow="600.00" occupancy="4.22" speed="19.77" harmonicMeanSpeed="19.74" length="5.00" nVehEntered="5"/>
    <interval begin="1050.00" end="1080.00" id="D6_2_2" nVehContrib="4" flow="480.00" occupancy="8.52" speed="12.69" harmonicMeanSpeed="7.83" length="5.00" nVehEntered="4"/>
    <interval begin="1080.00" end="1110.00" id="D6_2_2" nVehContrib="5" flow="600.00" occupancy="7.11" speed="17.21" harmonicMeanSpeed="11.72" length="5.00" nVehEntered="5"/>
    <interval begin="1110.00" end="1140.00" id="D6_2_2" nVehContrib="6" flow="720.00" occupancy="5.15" speed="19.44" harmonicMeanSpeed="19.40" length="5.00" nVehEntered="6"/>
    <interval begin="1140.00" end="1170.00" id="D6_2_2" nVehContrib="3" flow="360.00" occupancy="5.07" speed="14.99" harmonicMeanSpeed="9.87" length="5.00" nVehEntered="3"/>
    <interval begin="1170.00" end="1200.00" id="D6_2_2" nVehContrib="6" flow="720.00" occupancy="10.67" speed="15.01" harmonicMeanSpeed="9.47" length="5.00" nVehEntered="7"/>
    <interval begin="1200.00" end="1230.00" id="D6_2_2" nVehContrib="6" flow="720.00" occupancy="4.89" speed="20.02" harmonicMeanSpeed="19.99" length="5.00" nVehEntered="5"/>
    <interval begin="1230.00" end="1260.00" id="D6_2_2" nVehContrib="3" flow="360.00" occupancy="5.12" speed="15.13" harmonicMeanSpeed="9.76" length="5.00" nVehEntered="3"/>
    <interval begin="1260.00" end="1290.00" id="D6_2_2" nVehContrib="5" flow="600.00" occupancy="7.15" speed="17.71" harmonicMeanSpeed="11.66" length="5.00" nVehEntered="5"/>
    <interval begin="1290.00" end="1320.00" id="D6_2_2" nVehContrib="6" flow="720.00" occupancy="8.35" speed="17.43" harmonicMeanSpeed="11.97" length="5.00" nVehEntered="6"/>
    <interval begin="1320.00" end="1350.00" id="D6_2_2" nVehContrib="3" flow="360.00" occupancy="2.43" speed="20.58" harmonicMeanSpeed="20.58" length="5.00" nVehEntered="3"/>
    <interval begin="1350.00" end="1380.00" id="D6_2_2" nVehContrib="5" flow="600.00" occupancy="7.21" speed="17.02" harmonicMeanSpeed="11.56" length="5.00" nVehEntered="5"/>
    <interval begin="1380.00" end="1410.00" id="D6_2_2" nVehContrib="6" flow="720.00" occupancy="5.14" speed="19.47" harmonicMeanSpeed="19.44" length="5.00" nVehEntered="6"/>
    <interval begin="1410.00" end="1440.00" id="D6_2_2" nVehContrib="4" flow="480.00" occupancy="8.93" speed="12.61" harmonicMeanSpeed="7.46" length="5.00" nVehEntered="4"/>
    <interval begin="1440.00" end="1470.00" id="D6_2_2" nVehContrib="4" flow="480.00" occupancy="3.33" speed="20.06" harmonicMeanSpeed="20.03" length="5.00" nVehEntered="4"/>
    <interval begin="1470.00" end="1500.00" id="D6_2_2" nVehContrib="5" flow="600.00" occupancy="7.50" speed="16.54" harmonicMeanSpeed="11.11" length="5.00" nVehEntered="5"/>
    <interval begin="1500.00" end="1530.00" id="D6_2_2" nVehContrib="4" flow="480.00" occupancy="3.34" speed="19.97" harmonicMeanSpeed="19.96" length="5.00" nVehEntered="4"/>
    <interval begin="1530.00" end="1560.00" id="D6_2_2" nVehContrib="5" flow="600.00" occupancy="4.29" speed="19.43" harmonicMeanSpeed="19.41" length="5.00" nVehEntered="5"/>
    <interval begin="1560.00" end="1590.00" id="D6_2_2" nVehContrib="6" flow="720.00" occupancy="11.44" speed="14.51" harmonicMeanSpeed="8.74" length="5.00" nVehEntered="6"/>
    <interval begin="1590.00" end="1620.00" id="D6_2_2" nVehContrib="4" flow="480.00" occupancy="8.75" speed="12.62" harmonicMeanSpeed="7.62" length="5.00" nVehEntered="4"/>
    <interval begin="1620.00" end="1650.00" id="D6_2_2" nVehContrib="5" flow="600.00" occupancy="4.18" speed="19.93" harmonicMeanSpeed="19.92" length="5.00" nVehEntered="5"/>
    <interval begin="1650.00" end="1680.00" id="D6_2_2" nVehContrib="3" flow="360.00" occupancy="2.51" speed="19.94" harmonicMeanSpeed="19.92" length="5.00" nVehEntered="3"/>
    <interval begin="1680.00" end="1710.00" id="D6_2_2" nVehContrib="5" flow="600.00" occupancy="13.26" speed="10.34" harmonicMeanSpeed="6.28" length="5.00" nVehEntered="5"/>
    <interval begin="1710.00" end="1740.00" id="D6_2_2" nVehContrib="5" flow="600.00" occupancy="4.26" speed="19.59" harmonicMeanSpeed="19.57" length="5.00" nVehEntered="5"/>
    <interval begin="1740.00" end="1770.00" id="D6_2_2" nVehContrib="6" flow="720.00" occupancy="8.16" speed="17.37" harmonicMeanSpeed="12.26" length="5.00" nVehEntered="6"/>
    <interval begin="1770.00" end="1800.00" id="D6_2_2" nVehContrib="3" flow="360.00" occupancy="8.59" speed="14.67" harmonicMeanSpeed="9.51" length="5.00" nVehEntered="4"/>
    <interval begin="1800.00" end="1830.00" id="D6_2_2" nVehContrib="6" flow="720.00" occupancy="7.58" speed="14.69" harmonicMeanSpeed="9.17" length="5.00" nVehEntered="5"/>
    <interval begin="1830.00" end="1860.00" id="D6_2_2" nVehContrib="4" flow="480.00" occupancy="6.49" speed="15.47" harmonicMeanSpeed="10.27" length="5.00" nVehEntered="4"/>
    <interval begin="1860.00" end="1890.00" id="D6_2_2" nVehContrib="4" flow="480.00" occupancy="6.08" speed="16.01" harmonicMeanSpeed="10.97" length="5.00" nVehEntered="4"/>
    <interval begin="1890.00" end="1920.00" id="D6_2_2" nVehContrib="5" flow="600.00" occupancy="7.44" speed="16.77" harmonicMeanSpeed="11.20" length="5.00" nVehEntered="5"/>
    <interval begin="1920.00" end="1950.00" id="D6_2_2" nVehContrib="5" flow="600.00" occupancy="10.63" speed="17.01" harmonicMeanSpeed="11.42" length="5.00" nVehEntered="6"/>
    <interval begin="1950.00" end="1980.00" id="D6_2_2" nVehContrib="4" flow="480.00" occupancy="5.96" speed="12.24" harmonicMeanSpeed="7.18" length="5.00" nVehEntered="3"/>
    <interval begin="1980.00" end="2010.00" id="D6_2_2" nVehContrib="5" flow="600.00" occupancy="6.72" speed="16.99" harmonicMeanSpeed="12.40" length="5.00" nVehEntered="5"/>
    <interval begin="2010.00" end="2040.00" id="D6_2_2" nVehContrib="4" flow="480.00" occupancy="8.67" speed="12.84" harmonicMeanSpeed="7.69" length="5.00" nVehEntered="4"/>
    <interval begin="2040.00" end="2070.00" id="D6_2_2" nVehContrib="5" flow="600.00" occupancy="4.14" speed="20.14" harmonicMeanSpeed="20.12" length="5.00" nVehEntered="5"/>
    <interval begin="2070.00" end="2100.00" id="D6_2_2" nVehContrib="6" flow="720.00" occupancy="4.92" speed="20.36" harmonicMeanSpeed="20.33" length="5.00" nVehEntered="6"/>
    <interval begin="2100.00" end="2130.00" id="D6_2_2" nVehContrib="4" flow="480.00" occupancy="6.29" speed="16.23" harmonicMeanSpeed="10.60" length="5.00" nVehEntered="4"/>
    <interval begin="2130.00" end="2160.00" id="D6_2_2" nVehContrib="5" flow="600.00" occupancy="4.09" speed="20.40" harmonicMeanSpeed="20.38" length="5.00" nVehEntered="5"/>
    <interval begin="2160.00" end="2190.00" id="D6_2_2" nVehContrib="6" flow="720.00" occupancy="5.14" speed="19.52" harmonicMeanSpeed="19.46" length="5.00" nVehEntered="6"/>
    <interval begin="2190.00" end="2220.00" id="D6_2_2" nVehContrib="4" flow="480.00" occupancy="3.42" speed="19.53" harmonicMeanSpeed="19.50" length="5.00" nVehEntered="4"/>
    <interval begin="2220.00" end="2250.00" id="D6_2_2" nVehContrib="5" flow="600.00" occupancy="4.12" speed="20.20" harmonicMeanSpeed="20.20" length="5.00" nVehEntered="5"/>
    <interval begin="2250.00" end="2280.00" id="D6_2_2" nVehContrib="4" flow="480.00" occupancy="3.42" speed="19.54" harmonicMeanSpeed="19.51" length="5.00" nVehEntered="4"/>
    <interval begin="2280.00" end="2310.00" id="D6_2_2" nVehContrib="4" flow="480.00" occupancy="6.28" speed="16.05" harmonicMeanSpeed="10.61" length="5.00" nVehEntered="4"/>
    <interval begin="2310.00" end="2340.00" id="D6_2_2" nVehContrib="4" flow="480.00" occupancy="3.27" speed="20.46" harmonicMeanSpeed="20.40" length="5.00" nVehEntered="4"/>
    <interval begin="2340.00" end="2370.00" id="D6_2_2" nVehContrib="6" flow="720.00" occupancy="4.96" speed="20.20" harmonicMeanSpeed="20.15" length="5.00" nVehEntered="6"/>
    <interval begin="2370.00" end="2400.00" id="D6_2_2" nVehContrib="5" flow="600.00" occupancy="9.65" speed="13.37" harmonicMeanSpeed="8.63" length="5.00" nVehEntered="5"/>
    <interval begin="2400.00" end="2430.00" id="D6_2_2" nVehContrib="6" flow="720.00" occupancy="5.03" speed="19.87" harmonicMeanSpeed="19.86" length="5.00" nVehEntered="6"/>
    <interval begin="2430.00" end="2460.00" id="D6_2_2" nVehContrib="6" flow="720.00" occupancy="5.01" speed="20.01" harmonicMeanSpeed="19.97" length="5.00" nVehEntered="6"/>
    <interval begin="2460.00" end="2490.00" id="D6_2_2" nVehContrib="4" flow="480.00" occupancy="5.95" speed="16.13" harmonicMeanSpeed="11.20" length="5.00" nVehEntered="4"/>
    <interval begin="2490.00" end="2520.00" id="D6_2_2" nVehContrib="7" flow="840.00" occupancy="5.90" speed="19.79" harmonicMeanSpeed="19.77" length="5.00" nVehEntered="7"/>
    <interval begin="2520.00" end="2550.00" id="D6_2_2" nVehContrib="5" flow="600.00" occupancy="4.17" speed="19.97" harmonicMeanSpeed="19.96" length="5.00" nVehEntered="5"/>
    <interval begin="2550.00" end="2580.00" id="D6_2_2" nVehContrib="5" flow="600.00" occupancy="6.59" speed="17.55" harmonicMeanSpeed="12.64" length="5.00" nVehEntered="5"/>
    <interval begin="2580.00" end="2610.00" id="D6_2_2" nVehContrib="6" flow="720.00" occupancy="8.19" speed="17.59" harmonicMeanSpeed="12.21" length="5.00" nVehEntered="6"/>
    <interval begin="2610.00" end="2640.00" id="D6_2_2" nVehContrib="6" flow="720.00" occupancy="8.10" speed="17.40" harmonicMeanSpeed="12.35" length="5.00" nVehEntered="6"/>
    <interval begin="2640.00" end="2670.00" id="D6_2_2" nVehContrib="5" flow="600.00" occupancy="9.45" speed="13.79" harmonicMeanSpeed="8.82" length="5.00" nVehEntered="5"/>
    <interval begin="2670.00" end="2700.00" id="D6_2_2" nVehContrib="5" flow="600.00" occupancy="4.21" speed="19.86" harmonicMeanSpeed="19.78" length="5.00" nVehEntered="5"/>
    <interval begin="2700.00" end="2730.00" id="D6_2_2" nVehContrib="5" flow="600.00" occupancy="9.57" speed="14.31" harmonicMeanSpeed="8.71" length="5.00" nVehEntered="5"/>
    <interval begin="2730.00" end="2760.00" id="D6_2_2" nVehContrib="4" flow="480.00" occupancy="3.21" speed="20.82" harmonicMeanSpeed="20.77" length="5.00" nVehEntered="4"/>
    <interval begin="2760.00" end="2790.00" id="D6_2_2" nVehContrib="6" flow="720.00" occupancy="5.06" speed="19.77" harmonicMeanSpeed="19.74" length="5.00" nVehEntered="6"/>
    <interval begin="2790.00" end="2820.00" id="D6_2_2" nVehContrib="5" flow="600.00" occupancy="4.10" speed="20.38" harmonicMeanSpeed="20.35" length="5.00" nVehEntered="5"/>
    <interval begin="2820.00" end="2850.00" id="D6_2_2" nVehContrib="5" flow="600.00" occupancy="10.22" speed="13.64" harmonicMeanSpeed="8.15" length="5.00" nVehEntered="5"/>
    <interval begin="2850.00" end="2880.00" id="D6_2_2" nVehContrib="6" flow="720.00" occupancy="8.06" speed="17.41" harmonicMeanSpeed="12.41" length="5.00" nVehEntered="6"/>
    <interval begin="2880.00" end="2910.00" id="D6_2_2" nVehContrib="3" flow="360.00" occupancy="2.55" speed="19.61" harmonicMeanSpeed="19.59" length="5.00" nVehEntered="3"/>
    <interval begin="2910.00" end="2940.00" id="D6_2_2" nVehContrib="5" flow="600.00" occupancy="7.04" speed="17.24" harmonicMeanSpeed="11.83" length="5.00" nVehEntered="5"/>
    <interval begin="2940.00" end="2970.00" id="D6_2_2" nVehContrib="5" flow="600.00" occupancy="4.19" speed="19.96" harmonicMeanSpeed="19.89" length="5.00" nVehEntered="5"/>
    <interval begin="2970.00" end="3000.00" id="D6_2_2" nVehContrib="6" flow="720.00" occupancy="10.47" speed="14.88" harmonicMeanSpeed="9.55" length="5.00" nVehEntered="6"/>
    <interval begin="3000.00" end="3030.00" id="D6_2_2" nVehContrib="6" flow="720.00" occupancy="8.23" speed="17.29" harmonicMeanSpeed="12.16" length="5.00" nVehEntered="6"/>
    <interval begin="3030.00" end="3060.00" id="D6_2_2" nVehContrib="6" flow="720.00" occupancy="7.43" speed="18.11" harmonicMeanSpeed="13.46" length="5.00" nVehEntered="6"/>
    <interval begin="3060.00" end="3090.00" id="D6_2_2" nVehContrib="2" flow="240.00" occupancy="1.64" speed="20.41" harmonicMeanSpeed="20.38" length="5.00" nVehEntered="2"/>
    <interval begin="3090.00" end="3120.00" id="D6_2_2" nVehContrib="6" flow="720.00" occupancy="5.11" speed="19.61" harmonicMeanSpeed="19.59" length="5.00" nVehEntered="6"/>
    <interval begin="3120.00" end="3150.00" id="D6_2_2" nVehContrib="5" flow="600.00" occupancy="4.12" speed="20.22" harmonicMeanSpeed="20.21" length="5.00" nVehEntered="5"/>
    <interval begin="3150.00" end="3180.00" id="D6_2_2" nVehContrib="3" flow="360.00" occupancy="5.78" speed="14.81" harmonicMeanSpeed="8.65" length="5.00" nVehEntered="3"/>
    <interval begin="3180.00" end="3210.00" id="D6_2_2" nVehContrib="4" flow="480.00" occupancy="3.44" speed="19.37" harmonicMeanSpeed="19.36" length="5.00" nVehEntered="4"/>
    <interval begin="3210.00" end="3240.00" id="D6_2_2" nVehContrib="6" flow="720.00" occupancy="8.05" speed="17.22" harmonicMeanSpeed="12.42" length="5.00" nVehEntered="6"/>
    <interval begin="3240.00" end="3270.00" id="D6_2_2" nVehContrib="4" flow="480.00" occupancy="3.37" speed="19.82" harmonicMeanSpeed="19.77" length="5.00" nVehEntered="4"/>
    <interval begin="3270.00" end="3300.00" id="D6_2_2" nVehContrib="6" flow="720.00" occupancy="8.04" speed="17.16" harmonicMeanSpeed="12.44" length="5.00" nVehEntered="6"/>
    <interval begin="3300.00" end="3330.00" id="D6_2_2" nVehContrib="4" flow="480.00" occupancy="5.85" speed="16.35" harmonicMeanSpeed="11.39" length="5.00" nVehEntered="4"/>
    <interval begin="3330.00" end="3360.00" id="D6_2_2" nVehContrib="2" flow="240.00" occupancy="4.55" speed="12.02" harmonicMeanSpeed="7.33" length="5.00" nVehEntered="2"/>
    <interval begin="3360.00" end="3390.00" id="D6_2_2" nVehContrib="7" flow="840.00" occupancy="8.24" speed="18.48" harmonicMeanSpeed="14.17" length="5.00" nVehEntered="7"/>
    <interval begin="3390.00" end="3420.00" id="D6_2_2" nVehContrib="6" flow="720.00" occupancy="4.93" speed="20.32" harmonicMeanSpeed="20.30" length="5.00" nVehEntered="6"/>
    <interval begin="3420.00" end="3450.00" id="D6_2_2" nVehContrib="4" flow="480.00" occupancy="3.33" speed="20.04" harmonicMeanSpeed="20.04" length="5.00" nVehEntered="4"/>
    <interval begin="3450.00" end="3480.00" id="D6_2_2" nVehContrib="6" flow="720.00" occupancy="5.09" speed="19.67" harmonicMeanSpeed="19.66" length="5.00" nVehEntered="6"/>
    <interval begin="3480.00" end="3510.00" id="D6_2_2" nVehContrib="4" flow="480.00" occupancy="9.63" speed="12.36" harmonicMeanSpeed="6.92" length="5.00" nVehEntered="4"/>
    <interval begin="3510.00" end="3540.00" id="D6_2_2" nVehContrib="3" flow="360.00" occupancy="5.76" speed="14.18" harmonicMeanSpeed="8.69" length="5.00" nVehEntered="3"/>
    <interval begin="3540.00" end="3570.00" id="D6_2_2" nVehContrib="4" flow="480.00" occupancy="3.37" speed="19.79" harmonicMeanSpeed="19.78" length="5.00" nVehEntered="4"/>
    <interval begin="3570.00" end="3600.00" id="D6_2_2" nVehContrib="5" flow="600.00" occupancy="7.16" speed="16.54" harmonicMeanSpeed="11.64" length="5.00" nVehEntered="5"/>
    <interval begin="3600.00" end="3630.00" id="D6_2_2" nVehContrib="4" flow="480.00" occupancy="3.26" speed="20.47" harmonicMeanSpeed="20.45" length="5.00" nVehEntered="4"/>
    <interval begin="3630.00" end="3640.00" id="D6_2_2" nVehContrib="1" flow="360.00" occupancy="2.28" speed="21.93" harmonicMeanSpeed="21.93" length="5.00" nVehEntered="1"/>
</detector>
