<?xml version="1.0" encoding="UTF-8"?>

<!-- generated on 01/24/20 13:57:31 by Eclipse SUMO GUI Version 1.3.1
<configuration xmlns:xsi="http://www.w3.org/2001/XMLSchema-instance" xsi:noNamespaceSchemaLocation="http://sumo.dlr.de/xsd/sumoConfiguration.xsd">

    <input>
        <net-file value="gnet.net.xml"/>
        <route-files value="grou.rou.xml"/>
        <additional-files value="gadd.additional.xml"/>
    </input>

    <output>
        <queue-output value="Queue.xml"/>
        <summary-output value="Summary.xml"/>
    </output>

    <time>
        <begin value="0"/>
        <end value="3600"/>
    </time>

    <processing>
        <time-to-teleport value="3600"/>
    </processing>

    <traci_server>
        <remote-port value="13929"/>
    </traci_server>

    <gui_only>
        <gui-settings-file value="gview.view.xml"/>
        <quit-on-end value="true"/>
        <start value="true"/>
    </gui_only>

</configuration>
-->

<detector xmlns:xsi="http://www.w3.org/2001/XMLSchema-instance" xsi:noNamespaceSchemaLocation="http://sumo.dlr.de/xsd/det_e1_file.xsd">
    <interval begin="0.00" end="30.00" id="D6_2_1" nVehContrib="4" flow="480.00" occupancy="3.28" speed="20.34" harmonicMeanSpeed="20.30" length="5.00" nVehEntered="5"/>
    <interval begin="30.00" end="60.00" id="D6_2_1" nVehContrib="6" flow="720.00" occupancy="4.79" speed="20.91" harmonicMeanSpeed="20.88" length="5.00" nVehEntered="8"/>
    <interval begin="60.00" end="90.00" id="D6_2_1" nVehContrib="6" flow="720.00" occupancy="5.00" speed="20.04" harmonicMeanSpeed="20.00" length="5.00" nVehEntered="6"/>
    <interval begin="90.00" end="120.00" id="D6_2_1" nVehContrib="5" flow="600.00" occupancy="4.21" speed="19.83" harmonicMeanSpeed="19.79" length="5.00" nVehEntered="7"/>
    <interval begin="120.00" end="150.00" id="D6_2_1" nVehContrib="6" flow="720.00" occupancy="4.89" speed="20.45" harmonicMeanSpeed="20.44" length="5.00" nVehEntered="7"/>
    <interval begin="150.00" end="180.00" id="D6_2_1" nVehContrib="4" flow="480.00" occupancy="3.26" speed="20.44" harmonicMeanSpeed="20.44" length="5.00" nVehEntered="5"/>
    <interval begin="180.00" end="210.00" id="D6_2_1" nVehContrib="7" flow="840.00" occupancy="5.85" speed="19.98" harmonicMeanSpeed="19.95" length="5.00" nVehEntered="8"/>
    <interval begin="210.00" end="240.00" id="D6_2_1" nVehContrib="7" flow="840.00" occupancy="5.66" speed="20.67" harmonicMeanSpeed="20.62" length="5.00" nVehEntered="7"/>
    <interval begin="240.00" end="270.00" id="D6_2_1" nVehContrib="5" flow="600.00" occupancy="4.25" speed="19.64" harmonicMeanSpeed="19.62" length="5.00" nVehEntered="6"/>
    <interval begin="270.00" end="300.00" id="D6_2_1" nVehContrib="4" flow="480.00" occupancy="3.16" speed="21.11" harmonicMeanSpeed="21.09" length="5.00" nVehEntered="7"/>
    <interval begin="300.00" end="330.00" id="D6_2_1" nVehContrib="4" flow="480.00" occupancy="3.31" speed="20.17" harmonicMeanSpeed="20.14" length="5.00" nVehEntered="5"/>
    <interval begin="330.00" end="360.00" id="D6_2_1" nVehContrib="5" flow="600.00" occupancy="4.21" speed="19.86" harmonicMeanSpeed="19.81" length="5.00" nVehEntered="6"/>
    <interval begin="360.00" end="390.00" id="D6_2_1" nVehContrib="7" flow="840.00" occupancy="5.93" speed="19.98" harmonicMeanSpeed="19.95" length="5.00" nVehEntered="8"/>
    <interval begin="390.00" end="420.00" id="D6_2_1" nVehContrib="7" flow="840.00" occupancy="5.79" speed="19.91" harmonicMeanSpeed="19.87" length="5.00" nVehEntered="6"/>
    <interval begin="420.00" end="450.00" id="D6_2_1" nVehContrib="4" flow="480.00" occupancy="3.52" speed="19.01" harmonicMeanSpeed="18.96" length="5.00" nVehEntered="4"/>
    <interval begin="450.00" end="480.00" id="D6_2_1" nVehContrib="8" flow="960.00" occupancy="6.53" speed="20.43" harmonicMeanSpeed="20.41" length="5.00" nVehEntered="8"/>
    <interval begin="480.00" end="510.00" id="D6_2_1" nVehContrib="5" flow="600.00" occupancy="4.24" speed="19.67" harmonicMeanSpeed="19.65" length="5.00" nVehEntered="5"/>
    <interval begin="510.00" end="540.00" id="D6_2_1" nVehContrib="5" flow="600.00" occupancy="4.12" speed="20.30" harmonicMeanSpeed="20.25" length="5.00" nVehEntered="5"/>
    <interval begin="540.00" end="570.00" id="D6_2_1" nVehContrib="7" flow="840.00" occupancy="5.84" speed="20.03" harmonicMeanSpeed="19.99" length="5.00" nVehEntered="7"/>
    <interval begin="570.00" end="600.00" id="D6_2_1" nVehContrib="4" flow="480.00" occupancy="3.33" speed="20.01" harmonicMeanSpeed="20.00" length="5.00" nVehEntered="4"/>
    <interval begin="600.00" end="630.00" id="D6_2_1" nVehContrib="5" flow="600.00" occupancy="4.16" speed="20.05" harmonicMeanSpeed="20.02" length="5.00" nVehEntered="6"/>
    <interval begin="630.00" end="660.00" id="D6_2_1" nVehContrib="5" flow="600.00" occupancy="4.14" speed="20.16" harmonicMeanSpeed="20.15" length="5.00" nVehEntered="6"/>
    <interval begin="660.00" end="690.00" id="D6_2_1" nVehContrib="5" flow="600.00" occupancy="4.06" speed="20.53" harmonicMeanSpeed="20.51" length="5.00" nVehEntered="6"/>
    <interval begin="690.00" end="720.00" id="D6_2_1" nVehContrib="5" flow="600.00" occupancy="4.25" speed="19.62" harmonicMeanSpeed="19.60" length="5.00" nVehEntered="6"/>
    <interval begin="720.00" end="750.00" id="D6_2_1" nVehContrib="7" flow="840.00" occupancy="5.77" speed="20.24" harmonicMeanSpeed="20.22" length="5.00" nVehEntered="7"/>
    <interval begin="750.00" end="780.00" id="D6_2_1" nVehContrib="5" flow="600.00" occupancy="4.10" speed="20.33" harmonicMeanSpeed="20.31" length="5.00" nVehEntered="5"/>
    <interval begin="780.00" end="810.00" id="D6_2_1" nVehContrib="5" flow="600.00" occupancy="4.17" speed="20.02" harmonicMeanSpeed="19.99" length="5.00" nVehEntered="7"/>
    <interval begin="810.00" end="840.00" id="D6_2_1" nVehContrib="6" flow="720.00" occupancy="5.06" speed="19.80" harmonicMeanSpeed="19.76" length="5.00" nVehEntered="7"/>
    <interval begin="840.00" end="870.00" id="D6_2_1" nVehContrib="4" flow="480.00" occupancy="3.53" speed="18.95" harmonicMeanSpeed="18.87" length="5.00" nVehEntered="4"/>
    <interval begin="870.00" end="900.00" id="D6_2_1" nVehContrib="4" flow="480.00" occupancy="3.25" speed="20.55" harmonicMeanSpeed="20.54" length="5.00" nVehEntered="5"/>
    <interval begin="900.00" end="930.00" id="D6_2_1" nVehContrib="6" flow="720.00" occupancy="5.05" speed="19.86" harmonicMeanSpeed="19.80" length="5.00" nVehEntered="8"/>
    <interval begin="930.00" end="960.00" id="D6_2_1" nVehContrib="4" flow="480.00" occupancy="3.28" speed="20.31" harmonicMeanSpeed="20.30" length="5.00" nVehEntered="4"/>
    <interval begin="960.00" end="990.00" id="D6_2_1" nVehContrib="6" flow="720.00" occupancy="5.02" speed="19.97" harmonicMeanSpeed="19.94" length="5.00" nVehEntered="7"/>
    <interval begin="990.00" end="1020.00" id="D6_2_1" nVehContrib="5" flow="600.00" occupancy="4.25" speed="19.63" harmonicMeanSpeed="19.63" length="5.00" nVehEntered="7"/>
    <interval begin="1020.00" end="1050.00" id="D6_2_1" nVehContrib="5" flow="600.00" occupancy="4.15" speed="20.06" harmonicMeanSpeed="20.06" length="5.00" nVehEntered="5"/>
    <interval begin="1050.00" end="1080.00" id="D6_2_1" nVehContrib="6" flow="720.00" occupancy="5.07" speed="19.77" harmonicMeanSpeed="19.74" length="5.00" nVehEntered="8"/>
    <interval begin="1080.00" end="1110.00" id="D6_2_1" nVehContrib="5" flow="600.00" occupancy="4.27" speed="19.54" harmonicMeanSpeed="19.50" length="5.00" nVehEntered="6"/>
    <interval begin="1110.00" end="1140.00" id="D6_2_1" nVehContrib="4" flow="480.00" occupancy="3.90" speed="20.27" harmonicMeanSpeed="20.26" length="5.00" nVehEntered="5"/>
    <interval begin="1140.00" end="1170.00" id="D6_2_1" nVehContrib="7" flow="840.00" occupancy="5.20" speed="20.15" harmonicMeanSpeed="20.09" length="5.00" nVehEntered="7"/>
    <interval begin="1170.00" end="1200.00" id="D6_2_1" nVehContrib="4" flow="480.00" occupancy="3.29" speed="20.27" harmonicMeanSpeed="20.26" length="5.00" nVehEntered="6"/>
    <interval begin="1200.00" end="1230.00" id="D6_2_1" nVehContrib="5" flow="600.00" occupancy="4.25" speed="19.61" harmonicMeanSpeed="19.59" length="5.00" nVehEntered="5"/>
    <interval begin="1230.00" end="1260.00" id="D6_2_1" nVehContrib="7" flow="840.00" occupancy="5.94" speed="19.70" harmonicMeanSpeed="19.64" length="5.00" nVehEntered="8"/>
    <interval begin="1260.00" end="1290.00" id="D6_2_1" nVehContrib="5" flow="600.00" occupancy="4.09" speed="20.40" harmonicMeanSpeed="20.35" length="5.00" nVehEntered="6"/>
    <interval begin="1290.00" end="1320.00" id="D6_2_1" nVehContrib="4" flow="480.00" occupancy="3.41" speed="19.55" harmonicMeanSpeed="19.54" length="5.00" nVehEntered="5"/>
    <interval begin="1320.00" end="1350.00" id="D6_2_1" nVehContrib="7" flow="840.00" occupancy="5.91" speed="19.74" harmonicMeanSpeed="19.73" length="5.00" nVehEntered="7"/>
    <interval begin="1350.00" end="1380.00" id="D6_2_1" nVehContrib="5" flow="600.00" occupancy="4.14" speed="20.14" harmonicMeanSpeed="20.13" length="5.00" nVehEntered="6"/>
    <interval begin="1380.00" end="1410.00" id="D6_2_1" nVehContrib="4" flow="480.00" occupancy="3.43" speed="19.49" harmonicMeanSpeed="19.46" length="5.00" nVehEntered="4"/>
    <interval begin="1410.00" end="1440.00" id="D6_2_1" nVehContrib="6" flow="720.00" occupancy="4.96" speed="20.20" harmonicMeanSpeed="20.15" length="5.00" nVehEntered="8"/>
    <interval begin="1440.00" end="1470.00" id="D6_2_1" nVehContrib="6" flow="720.00" occupancy="5.00" speed="20.02" harmonicMeanSpeed="20.01" length="5.00" nVehEntered="6"/>
    <interval begin="1470.00" end="1500.00" id="D6_2_1" nVehContrib="5" flow="600.00" occupancy="4.13" speed="20.19" harmonicMeanSpeed="20.16" length="5.00" nVehEntered="6"/>
    <interval begin="1500.00" end="1530.00" id="D6_2_1" nVehContrib="6" flow="720.00" occupancy="5.03" speed="19.92" harmonicMeanSpeed="19.90" length="5.00" nVehEntered="6"/>
    <interval begin="1530.00" end="1560.00" id="D6_2_1" nVehContrib="5" flow="600.00" occupancy="4.16" speed="20.04" harmonicMeanSpeed="20.01" length="5.00" nVehEntered="5"/>
    <interval begin="1560.00" end="1590.00" id="D6_2_1" nVehContrib="4" flow="480.00" occupancy="3.30" speed="20.20" harmonicMeanSpeed="20.18" length="5.00" nVehEntered="6"/>
    <interval begin="1590.00" end="1620.00" id="D6_2_1" nVehContrib="6" flow="720.00" occupancy="4.99" speed="20.05" harmonicMeanSpeed="20.04" length="5.00" nVehEntered="8"/>
    <interval begin="1620.00" end="1650.00" id="D6_2_1" nVehContrib="5" flow="600.00" occupancy="4.16" speed="20.03" harmonicMeanSpeed="20.02" length="5.00" nVehEntered="5"/>
    <interval begin="1650.00" end="1680.00" id="D6_2_1" nVehContrib="7" flow="840.00" occupancy="5.89" speed="19.82" harmonicMeanSpeed="19.79" length="5.00" nVehEntered="7"/>
    <interval begin="1680.00" end="1710.00" id="D6_2_1" nVehContrib="5" flow="600.00" occupancy="4.01" speed="20.77" harmonicMeanSpeed="20.76" length="5.00" nVehEntered="8"/>
    <interval begin="1710.00" end="1740.00" id="D6_2_1" nVehContrib="5" flow="600.00" occupancy="4.11" speed="20.28" harmonicMeanSpeed="20.27" length="5.00" nVehEntered="5"/>
    <interval begin="1740.00" end="1770.00" id="D6_2_1" nVehContrib="5" flow="600.00" occupancy="4.15" speed="20.08" harmonicMeanSpeed="20.07" length="5.00" nVehEntered="6"/>
    <interval begin="1770.00" end="1800.00" id="D6_2_1" nVehContrib="6" flow="720.00" occupancy="5.03" speed="19.91" harmonicMeanSpeed="19.90" length="5.00" nVehEntered="8"/>
    <interval begin="1800.00" end="1830.00" id="D6_2_1" nVehContrib="4" flow="480.00" occupancy="3.33" speed="20.01" harmonicMeanSpeed="20.00" length="5.00" nVehEntered="5"/>
    <interval begin="1830.00" end="1860.00" id="D6_2_1" nVehContrib="7" flow="840.00" occupancy="5.80" speed="20.15" harmonicMeanSpeed="20.11" length="5.00" nVehEntered="8"/>
    <interval begin="1860.00" end="1890.00" id="D6_2_1" nVehContrib="6" flow="720.00" occupancy="5.05" speed="19.83" harmonicMeanSpeed="19.81" length="5.00" nVehEntered="7"/>
    <interval begin="1890.00" end="1920.00" id="D6_2_1" nVehContrib="5" flow="600.00" occupancy="4.18" speed="19.98" harmonicMeanSpeed="19.95" length="5.00" nVehEntered="6"/>
    <interval begin="1920.00" end="1950.00" id="D6_2_1" nVehContrib="5" flow="600.00" occupancy="4.15" speed="20.12" harmonicMeanSpeed="20.09" length="5.00" nVehEntered="7"/>
    <interval begin="1950.00" end="1980.00" id="D6_2_1" nVehContrib="6" flow="720.00" occupancy="5.05" speed="19.85" harmonicMeanSpeed="19.81" length="5.00" nVehEntered="7"/>
    <interval begin="1980.00" end="2010.00" id="D6_2_1" nVehContrib="5" flow="600.00" occupancy="4.28" speed="19.52" harmonicMeanSpeed="19.49" length="5.00" nVehEntered="6"/>
    <interval begin="2010.00" end="2040.00" id="D6_2_1" nVehContrib="6" flow="720.00" occupancy="5.70" speed="19.96" harmonicMeanSpeed="19.94" length="5.00" nVehEntered="9"/>
    <interval begin="2040.00" end="2070.00" id="D6_2_1" nVehContrib="5" flow="600.00" occupancy="3.56" speed="19.71" harmonicMeanSpeed="19.67" length="5.00" nVehEntered="5"/>
    <interval begin="2070.00" end="2100.00" id="D6_2_1" nVehContrib="5" flow="600.00" occupancy="4.20" speed="19.82" harmonicMeanSpeed="19.77" length="5.00" nVehEntered="4"/>
    <interval begin="2100.00" end="2130.00" id="D6_2_1" nVehContrib="6" flow="720.00" occupancy="5.05" speed="19.91" harmonicMeanSpeed="19.82" length="5.00" nVehEntered="7"/>
    <interval begin="2130.00" end="2160.00" id="D6_2_1" nVehContrib="5" flow="600.00" occupancy="4.14" speed="20.16" harmonicMeanSpeed="20.15" length="5.00" nVehEntered="5"/>
    <interval begin="2160.00" end="2190.00" id="D6_2_1" nVehContrib="4" flow="480.00" occupancy="3.42" speed="19.53" harmonicMeanSpeed="19.47" length="5.00" nVehEntered="4"/>
    <interval begin="2190.00" end="2220.00" id="D6_2_1" nVehContrib="6" flow="720.00" occupancy="4.91" speed="20.37" harmonicMeanSpeed="20.36" length="5.00" nVehEntered="6"/>
    <interval begin="2220.00" end="2250.00" id="D6_2_1" nVehContrib="5" flow="600.00" occupancy="4.11" speed="20.30" harmonicMeanSpeed="20.29" length="5.00" nVehEntered="5"/>
    <interval begin="2250.00" end="2280.00" id="D6_2_1" nVehContrib="6" flow="720.00" occupancy="5.03" speed="19.93" harmonicMeanSpeed="19.90" length="5.00" nVehEntered="6"/>
    <interval begin="2280.00" end="2310.00" id="D6_2_1" nVehContrib="6" flow="720.00" occupancy="4.93" speed="20.32" harmonicMeanSpeed="20.30" length="5.00" nVehEntered="7"/>
    <interval begin="2310.00" end="2340.00" id="D6_2_1" nVehContrib="7" flow="840.00" occupancy="5.68" speed="20.58" harmonicMeanSpeed="20.53" length="5.00" nVehEntered="7"/>
    <interval begin="2340.00" end="2370.00" id="D6_2_1" nVehContrib="4" flow="480.00" occupancy="3.45" speed="19.36" harmonicMeanSpeed="19.32" length="5.00" nVehEntered="4"/>
    <interval begin="2370.00" end="2400.00" id="D6_2_1" nVehContrib="5" flow="600.00" occupancy="4.23" speed="19.76" harmonicMeanSpeed="19.72" length="5.00" nVehEntered="7"/>
    <interval begin="2400.00" end="2430.00" id="D6_2_1" nVehContrib="4" flow="480.00" occupancy="3.24" speed="20.60" harmonicMeanSpeed="20.55" length="5.00" nVehEntered="4"/>
    <interval begin="2430.00" end="2460.00" id="D6_2_1" nVehContrib="4" flow="480.00" occupancy="3.41" speed="19.57" harmonicMeanSpeed="19.56" length="5.00" nVehEntered="4"/>
    <interval begin="2460.00" end="2490.00" id="D6_2_1" nVehContrib="6" flow="720.00" occupancy="5.07" speed="19.72" harmonicMeanSpeed="19.72" length="5.00" nVehEntered="7"/>
    <interval begin="2490.00" end="2520.00" id="D6_2_1" nVehContrib="3" flow="360.00" occupancy="2.39" speed="20.92" harmonicMeanSpeed="20.90" length="5.00" nVehEntered="3"/>
    <interval begin="2520.00" end="2550.00" id="D6_2_1" nVehContrib="5" flow="600.00" occupancy="4.33" speed="19.25" harmonicMeanSpeed="19.23" length="5.00" nVehEntered="5"/>
    <interval begin="2550.00" end="2580.00" id="D6_2_1" nVehContrib="5" flow="600.00" occupancy="4.17" speed="20.01" harmonicMeanSpeed="19.99" length="5.00" nVehEntered="6"/>
    <interval begin="2580.00" end="2610.00" id="D6_2_1" nVehContrib="4" flow="480.00" occupancy="3.37" speed="19.80" harmonicMeanSpeed="19.79" length="5.00" nVehEntered="5"/>
    <interval begin="2610.00" end="2640.00" id="D6_2_1" nVehContrib="4" flow="480.00" occupancy="3.38" speed="19.75" harmonicMeanSpeed="19.74" length="5.00" nVehEntered="5"/>
    <interval begin="2640.00" end="2670.00" id="D6_2_1" nVehContrib="5" flow="600.00" occupancy="4.18" speed="19.98" harmonicMeanSpeed="19.96" length="5.00" nVehEntered="7"/>
    <interval begin="2670.00" end="2700.00" id="D6_2_1" nVehContrib="5" flow="600.00" occupancy="4.14" speed="20.15" harmonicMeanSpeed="20.13" length="5.00" nVehEntered="5"/>
    <interval begin="2700.00" end="2730.00" id="D6_2_1" nVehContrib="5" flow="600.00" occupancy="4.20" speed="19.88" harmonicMeanSpeed="19.86" length="5.00" nVehEntered="7"/>
    <interval begin="2730.00" end="2760.00" id="D6_2_1" nVehContrib="5" flow="600.00" occupancy="4.00" speed="20.82" harmonicMeanSpeed="20.82" length="5.00" nVehEntered="5"/>
    <interval begin="2760.00" end="2790.00" id="D6_2_1" nVehContrib="4" flow="480.00" occupancy="3.34" speed="19.97" harmonicMeanSpeed="19.95" length="5.00" nVehEntered="4"/>
    <interval begin="2790.00" end="2820.00" id="D6_2_1" nVehContrib="5" flow="600.00" occupancy="4.29" speed="19.49" harmonicMeanSpeed="19.43" length="5.00" nVehEntered="5"/>
    <interval begin="2820.00" end="2850.00" id="D6_2_1" nVehContrib="5" flow="600.00" occupancy="4.24" speed="19.68" harmonicMeanSpeed="19.64" length="5.00" nVehEntered="7"/>
    <interval begin="2850.00" end="2880.00" id="D6_2_1" nVehContrib="4" flow="480.00" occupancy="3.41" speed="19.56" harmonicMeanSpeed="19.53" length="5.00" nVehEntered="5"/>
    <interval begin="2880.00" end="2910.00" id="D6_2_1" nVehContrib="7" flow="840.00" occupancy="5.70" speed="20.50" harmonicMeanSpeed="20.48" length="5.00" nVehEntered="7"/>
    <interval begin="2910.00" end="2940.00" id="D6_2_1" nVehContrib="5" flow="600.00" occupancy="4.14" speed="20.12" harmonicMeanSpeed="20.11" length="5.00" nVehEntered="6"/>
    <interval begin="2940.00" end="2970.00" id="D6_2_1" nVehContrib="5" flow="600.00" occupancy="4.09" speed="20.41" harmonicMeanSpeed="20.37" length="5.00" nVehEntered="5"/>
    <interval begin="2970.00" end="3000.00" id="D6_2_1" nVehContrib="4" flow="480.00" occupancy="3.26" speed="20.50" harmonicMeanSpeed="20.47" length="5.00" nVehEntered="6"/>
    <interval begin="3000.00" end="3030.00" id="D6_2_1" nVehContrib="4" flow="480.00" occupancy="3.29" speed="20.30" harmonicMeanSpeed="20.27" length="5.00" nVehEntered="5"/>
    <interval begin="3030.00" end="3060.00" id="D6_2_1" nVehContrib="4" flow="480.00" occupancy="3.40" speed="19.65" harmonicMeanSpeed="19.63" length="5.00" nVehEntered="5"/>
    <interval begin="3060.00" end="3090.00" id="D6_2_1" nVehContrib="8" flow="960.00" occupancy="6.72" speed="19.86" harmonicMeanSpeed="19.84" length="5.00" nVehEntered="8"/>
    <interval begin="3090.00" end="3120.00" id="D6_2_1" nVehContrib="4" flow="480.00" occupancy="3.26" speed="20.48" harmonicMeanSpeed="20.44" length="5.00" nVehEntered="4"/>
    <interval begin="3120.00" end="3150.00" id="D6_2_1" nVehContrib="5" flow="600.00" occupancy="4.47" speed="18.70" harmonicMeanSpeed="18.65" length="5.00" nVehEntered="5"/>
    <interval begin="3150.00" end="3180.00" id="D6_2_1" nVehContrib="7" flow="840.00" occupancy="5.67" speed="20.59" harmonicMeanSpeed="20.58" length="5.00" nVehEntered="8"/>
    <interval begin="3180.00" end="3210.00" id="D6_2_1" nVehContrib="6" flow="720.00" occupancy="5.23" speed="19.15" harmonicMeanSpeed="19.12" length="5.00" nVehEntered="6"/>
    <interval begin="3210.00" end="3240.00" id="D6_2_1" nVehContrib="4" flow="480.00" occupancy="3.45" speed="19.38" harmonicMeanSpeed="19.30" length="5.00" nVehEntered="5"/>
    <interval begin="3240.00" end="3270.00" id="D6_2_1" nVehContrib="6" flow="720.00" occupancy="5.02" speed="19.94" harmonicMeanSpeed="19.93" length="5.00" nVehEntered="6"/>
    <interval begin="3270.00" end="3300.00" id="D6_2_1" nVehContrib="4" flow="480.00" occupancy="3.34" speed="19.95" harmonicMeanSpeed="19.93" length="5.00" nVehEntered="5"/>
    <interval begin="3300.00" end="3330.00" id="D6_2_1" nVehContrib="6" flow="720.00" occupancy="5.04" speed="19.92" harmonicMeanSpeed="19.84" length="5.00" nVehEntered="7"/>
    <interval begin="3330.00" end="3360.00" id="D6_2_1" nVehContrib="8" flow="960.00" occupancy="6.65" speed="20.07" harmonicMeanSpeed="20.04" length="5.00" nVehEntered="9"/>
    <interval begin="3360.00" end="3390.00" id="D6_2_1" nVehContrib="4" flow="480.00" occupancy="3.40" speed="19.64" harmonicMeanSpeed="19.61" length="5.00" nVehEntered="5"/>
    <interval begin="3390.00" end="3420.00" id="D6_2_1" nVehContrib="4" flow="480.00" occupancy="3.32" speed="20.13" harmonicMeanSpeed="20.09" length="5.00" nVehEntered="4"/>
    <interval begin="3420.00" end="3450.00" id="D6_2_1" nVehContrib="6" flow="720.00" occupancy="4.88" speed="20.51" harmonicMeanSpeed="20.47" length="5.00" nVehEntered="6"/>
    <interval begin="3450.00" end="3480.00" id="D6_2_1" nVehContrib="4" flow="480.00" occupancy="3.38" speed="19.77" harmonicMeanSpeed="19.70" length="5.00" nVehEntered="4"/>
    <interval begin="3480.00" end="3510.00" id="D6_2_1" nVehContrib="6" flow="720.00" occupancy="4.99" speed="20.07" harmonicMeanSpeed="20.03" length="5.00" nVehEntered="8"/>
    <interval begin="3510.00" end="3540.00" id="D6_2_1" nVehContrib="7" flow="840.00" occupancy="5.84" speed="20.00" harmonicMeanSpeed="19.98" length="5.00" nVehEntered="8"/>
    <interval begin="3540.00" end="3570.00" id="D6_2_1" nVehContrib="6" flow="720.00" occupancy="5.06" speed="19.80" harmonicMeanSpeed="19.76" length="5.00" nVehEntered="6"/>
    <interval begin="3570.00" end="3600.00" id="D6_2_1" nVehContrib="5" flow="600.00" occupancy="4.10" speed="20.37" harmonicMeanSpeed="20.32" length="5.00" nVehEntered="6"/>
    <interval begin="3600.00" end="3630.00" id="D6_2_1" nVehContrib="6" flow="720.00" occupancy="5.06" speed="19.78" harmonicMeanSpeed="19.76" length="5.00" nVehEntered="6"/>
    <interval begin="3630.00" end="3640.00" id="D6_2_1" nVehContrib="2" flow="720.00" occupancy="5.09" speed="19.66" harmonicMeanSpeed="19.63" length="5.00" nVehEntered="2"/>
</detector>
