<?xml version="1.0" encoding="UTF-8"?>

<!-- generated on 01/24/20 13:57:31 by Eclipse SUMO GUI Version 1.3.1
<configuration xmlns:xsi="http://www.w3.org/2001/XMLSchema-instance" xsi:noNamespaceSchemaLocation="http://sumo.dlr.de/xsd/sumoConfiguration.xsd">

    <input>
        <net-file value="gnet.net.xml"/>
        <route-files value="grou.rou.xml"/>
        <additional-files value="gadd.additional.xml"/>
    </input>

    <output>
        <queue-output value="Queue.xml"/>
        <summary-output value="Summary.xml"/>
    </output>

    <time>
        <begin value="0"/>
        <end value="3600"/>
    </time>

    <processing>
        <time-to-teleport value="3600"/>
    </processing>

    <traci_server>
        <remote-port value="13929"/>
    </traci_server>

    <gui_only>
        <gui-settings-file value="gview.view.xml"/>
        <quit-on-end value="true"/>
        <start value="true"/>
    </gui_only>

</configuration>
-->

<detector xmlns:xsi="http://www.w3.org/2001/XMLSchema-instance" xsi:noNamespaceSchemaLocation="http://sumo.dlr.de/xsd/det_e1_file.xsd">
    <interval begin="0.00" end="30.00" id="D6_3_1" nVehContrib="8" flow="960.00" occupancy="13.35" speed="11.64" harmonicMeanSpeed="9.98" length="5.00" nVehEntered="8"/>
    <interval begin="30.00" end="60.00" id="D6_3_1" nVehContrib="9" flow="1080.00" occupancy="15.18" speed="11.41" harmonicMeanSpeed="9.88" length="5.00" nVehEntered="9"/>
    <interval begin="60.00" end="90.00" id="D6_3_1" nVehContrib="9" flow="1080.00" occupancy="12.13" speed="12.38" harmonicMeanSpeed="12.37" length="5.00" nVehEntered="9"/>
    <interval begin="90.00" end="120.00" id="D6_3_1" nVehContrib="9" flow="1080.00" occupancy="12.20" speed="12.32" harmonicMeanSpeed="12.29" length="5.00" nVehEntered="9"/>
    <interval begin="120.00" end="150.00" id="D6_3_1" nVehContrib="9" flow="1080.00" occupancy="12.38" speed="12.16" harmonicMeanSpeed="12.12" length="5.00" nVehEntered="9"/>
    <interval begin="150.00" end="180.00" id="D6_3_1" nVehContrib="9" flow="1080.00" occupancy="12.74" speed="11.82" harmonicMeanSpeed="11.80" length="5.00" nVehEntered="10"/>
    <interval begin="180.00" end="210.00" id="D6_3_1" nVehContrib="10" flow="1200.00" occupancy="13.30" speed="12.53" harmonicMeanSpeed="12.51" length="5.00" nVehEntered="9"/>
    <interval begin="210.00" end="240.00" id="D6_3_1" nVehContrib="9" flow="1080.00" occupancy="12.24" speed="12.28" harmonicMeanSpeed="12.26" length="5.00" nVehEntered="9"/>
    <interval begin="240.00" end="270.00" id="D6_3_1" nVehContrib="9" flow="1080.00" occupancy="12.63" speed="11.92" harmonicMeanSpeed="11.88" length="5.00" nVehEntered="9"/>
    <interval begin="270.00" end="300.00" id="D6_3_1" nVehContrib="9" flow="1080.00" occupancy="11.98" speed="12.54" harmonicMeanSpeed="12.52" length="5.00" nVehEntered="9"/>
    <interval begin="300.00" end="330.00" id="D6_3_1" nVehContrib="9" flow="1080.00" occupancy="15.16" speed="11.22" harmonicMeanSpeed="9.89" length="5.00" nVehEntered="9"/>
    <interval begin="330.00" end="360.00" id="D6_3_1" nVehContrib="9" flow="1080.00" occupancy="12.57" speed="11.96" harmonicMeanSpeed="11.93" length="5.00" nVehEntered="9"/>
    <interval begin="360.00" end="390.00" id="D6_3_1" nVehContrib="9" flow="1080.00" occupancy="12.44" speed="12.09" harmonicMeanSpeed="12.06" length="5.00" nVehEntered="10"/>
    <interval begin="390.00" end="420.00" id="D6_3_1" nVehContrib="9" flow="1080.00" occupancy="12.41" speed="12.12" harmonicMeanSpeed="12.09" length="5.00" nVehEntered="9"/>
    <interval begin="420.00" end="450.00" id="D6_3_1" nVehContrib="10" flow="1200.00" occupancy="13.31" speed="12.55" harmonicMeanSpeed="12.52" length="5.00" nVehEntered="10"/>
    <interval begin="450.00" end="480.00" id="D6_3_1" nVehContrib="9" flow="1080.00" occupancy="12.26" speed="12.25" harmonicMeanSpeed="12.24" length="5.00" nVehEntered="9"/>
    <interval begin="480.00" end="510.00" id="D6_3_1" nVehContrib="9" flow="1080.00" occupancy="12.13" speed="12.38" harmonicMeanSpeed="12.37" length="5.00" nVehEntered="9"/>
    <interval begin="510.00" end="540.00" id="D6_3_1" nVehContrib="9" flow="1080.00" occupancy="12.45" speed="12.12" harmonicMeanSpeed="12.05" length="5.00" nVehEntered="9"/>
    <interval begin="540.00" end="570.00" id="D6_3_1" nVehContrib="9" flow="1080.00" occupancy="12.18" speed="12.37" harmonicMeanSpeed="12.31" length="5.00" nVehEntered="9"/>
    <interval begin="570.00" end="600.00" id="D6_3_1" nVehContrib="9" flow="1080.00" occupancy="12.28" speed="12.24" harmonicMeanSpeed="12.22" length="5.00" nVehEntered="9"/>
    <interval begin="600.00" end="630.00" id="D6_3_1" nVehContrib="9" flow="1080.00" occupancy="12.41" speed="12.11" harmonicMeanSpeed="12.08" length="5.00" nVehEntered="9"/>
    <interval begin="630.00" end="660.00" id="D6_3_1" nVehContrib="9" flow="1080.00" occupancy="15.53" speed="11.33" harmonicMeanSpeed="9.66" length="5.00" nVehEntered="9"/>
    <interval begin="660.00" end="690.00" id="D6_3_1" nVehContrib="9" flow="1080.00" occupancy="12.21" speed="12.30" harmonicMeanSpeed="12.29" length="5.00" nVehEntered="9"/>
    <interval begin="690.00" end="720.00" id="D6_3_1" nVehContrib="11" flow="1320.00" occupancy="15.59" speed="11.79" harmonicMeanSpeed="11.76" length="5.00" nVehEntered="11"/>
    <interval begin="720.00" end="750.00" id="D6_3_1" nVehContrib="9" flow="1080.00" occupancy="11.82" speed="12.71" harmonicMeanSpeed="12.69" length="5.00" nVehEntered="9"/>
    <interval begin="750.00" end="780.00" id="D6_3_1" nVehContrib="9" flow="1080.00" occupancy="12.27" speed="12.24" harmonicMeanSpeed="12.23" length="5.00" nVehEntered="9"/>
    <interval begin="780.00" end="810.00" id="D6_3_1" nVehContrib="9" flow="1080.00" occupancy="12.20" speed="12.33" harmonicMeanSpeed="12.30" length="5.00" nVehEntered="9"/>
    <interval begin="810.00" end="840.00" id="D6_3_1" nVehContrib="9" flow="1080.00" occupancy="12.48" speed="12.05" harmonicMeanSpeed="12.02" length="5.00" nVehEntered="9"/>
    <interval begin="840.00" end="870.00" id="D6_3_1" nVehContrib="9" flow="1080.00" occupancy="12.31" speed="12.24" harmonicMeanSpeed="12.18" length="5.00" nVehEntered="9"/>
    <interval begin="870.00" end="900.00" id="D6_3_1" nVehContrib="9" flow="1080.00" occupancy="12.43" speed="12.08" harmonicMeanSpeed="12.07" length="5.00" nVehEntered="9"/>
    <interval begin="900.00" end="930.00" id="D6_3_1" nVehContrib="9" flow="1080.00" occupancy="12.25" speed="12.27" harmonicMeanSpeed="12.24" length="5.00" nVehEntered="9"/>
    <interval begin="930.00" end="960.00" id="D6_3_1" nVehContrib="9" flow="1080.00" occupancy="12.17" speed="12.36" harmonicMeanSpeed="12.32" length="5.00" nVehEntered="9"/>
    <interval begin="960.00" end="990.00" id="D6_3_1" nVehContrib="10" flow="1200.00" occupancy="13.50" speed="12.37" harmonicMeanSpeed="12.34" length="5.00" nVehEntered="10"/>
    <interval begin="990.00" end="1020.00" id="D6_3_1" nVehContrib="10" flow="1200.00" occupancy="13.48" speed="12.40" harmonicMeanSpeed="12.36" length="5.00" nVehEntered="10"/>
    <interval begin="1020.00" end="1050.00" id="D6_3_1" nVehContrib="9" flow="1080.00" occupancy="12.24" speed="12.28" harmonicMeanSpeed="12.26" length="5.00" nVehEntered="9"/>
    <interval begin="1050.00" end="1080.00" id="D6_3_1" nVehContrib="8" flow="960.00" occupancy="14.40" speed="12.08" harmonicMeanSpeed="12.05" length="5.00" nVehEntered="9"/>
    <interval begin="1080.00" end="1110.00" id="D6_3_1" nVehContrib="10" flow="1200.00" occupancy="13.84" speed="11.17" harmonicMeanSpeed="9.70" length="5.00" nVehEntered="9"/>
    <interval begin="1110.00" end="1140.00" id="D6_3_1" nVehContrib="9" flow="1080.00" occupancy="12.41" speed="12.11" harmonicMeanSpeed="12.08" length="5.00" nVehEntered="9"/>
    <interval begin="1140.00" end="1170.00" id="D6_3_1" nVehContrib="9" flow="1080.00" occupancy="12.38" speed="12.15" harmonicMeanSpeed="12.12" length="5.00" nVehEntered="9"/>
    <interval begin="1170.00" end="1200.00" id="D6_3_1" nVehContrib="9" flow="1080.00" occupancy="12.09" speed="12.44" harmonicMeanSpeed="12.41" length="5.00" nVehEntered="9"/>
    <interval begin="1200.00" end="1230.00" id="D6_3_1" nVehContrib="9" flow="1080.00" occupancy="12.20" speed="12.31" harmonicMeanSpeed="12.30" length="5.00" nVehEntered="9"/>
    <interval begin="1230.00" end="1260.00" id="D6_3_1" nVehContrib="10" flow="1200.00" occupancy="16.09" speed="11.33" harmonicMeanSpeed="10.36" length="5.00" nVehEntered="10"/>
    <interval begin="1260.00" end="1290.00" id="D6_3_1" nVehContrib="9" flow="1080.00" occupancy="11.81" speed="12.74" harmonicMeanSpeed="12.71" length="5.00" nVehEntered="9"/>
    <interval begin="1290.00" end="1320.00" id="D6_3_1" nVehContrib="9" flow="1080.00" occupancy="12.47" speed="12.06" harmonicMeanSpeed="12.03" length="5.00" nVehEntered="9"/>
    <interval begin="1320.00" end="1350.00" id="D6_3_1" nVehContrib="9" flow="1080.00" occupancy="12.35" speed="12.17" harmonicMeanSpeed="12.15" length="5.00" nVehEntered="10"/>
    <interval begin="1350.00" end="1380.00" id="D6_3_1" nVehContrib="9" flow="1080.00" occupancy="13.54" speed="12.26" harmonicMeanSpeed="12.24" length="5.00" nVehEntered="10"/>
    <interval begin="1380.00" end="1410.00" id="D6_3_1" nVehContrib="10" flow="1200.00" occupancy="12.20" speed="12.39" harmonicMeanSpeed="12.36" length="5.00" nVehEntered="9"/>
    <interval begin="1410.00" end="1440.00" id="D6_3_1" nVehContrib="8" flow="960.00" occupancy="11.04" speed="12.09" harmonicMeanSpeed="12.08" length="5.00" nVehEntered="8"/>
    <interval begin="1440.00" end="1470.00" id="D6_3_1" nVehContrib="10" flow="1200.00" occupancy="13.66" speed="12.22" harmonicMeanSpeed="12.20" length="5.00" nVehEntered="10"/>
    <interval begin="1470.00" end="1500.00" id="D6_3_1" nVehContrib="9" flow="1080.00" occupancy="12.48" speed="12.03" harmonicMeanSpeed="12.02" length="5.00" nVehEntered="9"/>
    <interval begin="1500.00" end="1530.00" id="D6_3_1" nVehContrib="10" flow="1200.00" occupancy="13.37" speed="12.50" harmonicMeanSpeed="12.46" length="5.00" nVehEntered="10"/>
    <interval begin="1530.00" end="1560.00" id="D6_3_1" nVehContrib="8" flow="960.00" occupancy="11.63" speed="12.09" harmonicMeanSpeed="12.04" length="5.00" nVehEntered="9"/>
    <interval begin="1560.00" end="1590.00" id="D6_3_1" nVehContrib="10" flow="1200.00" occupancy="13.00" speed="12.32" harmonicMeanSpeed="12.28" length="5.00" nVehEntered="9"/>
    <interval begin="1590.00" end="1620.00" id="D6_3_1" nVehContrib="8" flow="960.00" occupancy="11.91" speed="12.32" harmonicMeanSpeed="12.30" length="5.00" nVehEntered="10"/>
    <interval begin="1620.00" end="1650.00" id="D6_3_1" nVehContrib="9" flow="1080.00" occupancy="12.74" speed="12.03" harmonicMeanSpeed="12.01" length="5.00" nVehEntered="9"/>
    <interval begin="1650.00" end="1680.00" id="D6_3_1" nVehContrib="10" flow="1200.00" occupancy="12.46" speed="12.12" harmonicMeanSpeed="12.10" length="5.00" nVehEntered="9"/>
    <interval begin="1680.00" end="1710.00" id="D6_3_1" nVehContrib="9" flow="1080.00" occupancy="11.93" speed="12.62" harmonicMeanSpeed="12.57" length="5.00" nVehEntered="9"/>
    <interval begin="1710.00" end="1740.00" id="D6_3_1" nVehContrib="9" flow="1080.00" occupancy="12.25" speed="12.29" harmonicMeanSpeed="12.25" length="5.00" nVehEntered="9"/>
    <interval begin="1740.00" end="1770.00" id="D6_3_1" nVehContrib="9" flow="1080.00" occupancy="12.39" speed="12.14" harmonicMeanSpeed="12.10" length="5.00" nVehEntered="9"/>
    <interval begin="1770.00" end="1800.00" id="D6_3_1" nVehContrib="10" flow="1200.00" occupancy="13.79" speed="12.10" harmonicMeanSpeed="12.09" length="5.00" nVehEntered="10"/>
    <interval begin="1800.00" end="1830.00" id="D6_3_1" nVehContrib="9" flow="1080.00" occupancy="12.62" speed="11.92" harmonicMeanSpeed="11.88" length="5.00" nVehEntered="9"/>
    <interval begin="1830.00" end="1860.00" id="D6_3_1" nVehContrib="9" flow="1080.00" occupancy="12.56" speed="11.97" harmonicMeanSpeed="11.94" length="5.00" nVehEntered="9"/>
    <interval begin="1860.00" end="1890.00" id="D6_3_1" nVehContrib="10" flow="1200.00" occupancy="13.89" speed="12.03" harmonicMeanSpeed="12.00" length="5.00" nVehEntered="10"/>
    <interval begin="1890.00" end="1920.00" id="D6_3_1" nVehContrib="9" flow="1080.00" occupancy="12.22" speed="12.29" harmonicMeanSpeed="12.27" length="5.00" nVehEntered="9"/>
    <interval begin="1920.00" end="1950.00" id="D6_3_1" nVehContrib="9" flow="1080.00" occupancy="12.31" speed="12.20" harmonicMeanSpeed="12.19" length="5.00" nVehEntered="9"/>
    <interval begin="1950.00" end="1980.00" id="D6_3_1" nVehContrib="9" flow="1080.00" occupancy="12.51" speed="12.02" harmonicMeanSpeed="11.99" length="5.00" nVehEntered="9"/>
    <interval begin="1980.00" end="2010.00" id="D6_3_1" nVehContrib="9" flow="1080.00" occupancy="12.36" speed="12.17" harmonicMeanSpeed="12.13" length="5.00" nVehEntered="9"/>
    <interval begin="2010.00" end="2040.00" id="D6_3_1" nVehContrib="9" flow="1080.00" occupancy="12.58" speed="11.96" harmonicMeanSpeed="11.92" length="5.00" nVehEntered="9"/>
    <interval begin="2040.00" end="2070.00" id="D6_3_1" nVehContrib="10" flow="1200.00" occupancy="13.60" speed="12.28" harmonicMeanSpeed="12.25" length="5.00" nVehEntered="10"/>
    <interval begin="2070.00" end="2100.00" id="D6_3_1" nVehContrib="9" flow="1080.00" occupancy="12.17" speed="12.36" harmonicMeanSpeed="12.33" length="5.00" nVehEntered="9"/>
    <interval begin="2100.00" end="2130.00" id="D6_3_1" nVehContrib="9" flow="1080.00" occupancy="12.55" speed="12.07" harmonicMeanSpeed="12.04" length="5.00" nVehEntered="10"/>
    <interval begin="2130.00" end="2160.00" id="D6_3_1" nVehContrib="9" flow="1080.00" occupancy="12.07" speed="12.38" harmonicMeanSpeed="12.33" length="5.00" nVehEntered="8"/>
    <interval begin="2160.00" end="2190.00" id="D6_3_1" nVehContrib="10" flow="1200.00" occupancy="13.38" speed="12.48" harmonicMeanSpeed="12.45" length="5.00" nVehEntered="10"/>
    <interval begin="2190.00" end="2220.00" id="D6_3_1" nVehContrib="8" flow="960.00" occupancy="10.75" speed="12.43" harmonicMeanSpeed="12.40" length="5.00" nVehEntered="8"/>
    <interval begin="2220.00" end="2250.00" id="D6_3_1" nVehContrib="9" flow="1080.00" occupancy="12.19" speed="12.32" harmonicMeanSpeed="12.30" length="5.00" nVehEntered="9"/>
    <interval begin="2250.00" end="2280.00" id="D6_3_1" nVehContrib="9" flow="1080.00" occupancy="12.67" speed="12.25" harmonicMeanSpeed="12.23" length="5.00" nVehEntered="10"/>
    <interval begin="2280.00" end="2310.00" id="D6_3_1" nVehContrib="10" flow="1200.00" occupancy="13.34" speed="12.16" harmonicMeanSpeed="12.13" length="5.00" nVehEntered="9"/>
    <interval begin="2310.00" end="2340.00" id="D6_3_1" nVehContrib="10" flow="1200.00" occupancy="13.50" speed="12.37" harmonicMeanSpeed="12.34" length="5.00" nVehEntered="10"/>
    <interval begin="2340.00" end="2370.00" id="D6_3_1" nVehContrib="9" flow="1080.00" occupancy="12.64" speed="11.89" harmonicMeanSpeed="11.87" length="5.00" nVehEntered="9"/>
    <interval begin="2370.00" end="2400.00" id="D6_3_1" nVehContrib="9" flow="1080.00" occupancy="12.71" speed="11.82" harmonicMeanSpeed="11.80" length="5.00" nVehEntered="9"/>
    <interval begin="2400.00" end="2430.00" id="D6_3_1" nVehContrib="9" flow="1080.00" occupancy="12.29" speed="12.22" harmonicMeanSpeed="12.20" length="5.00" nVehEntered="9"/>
    <interval begin="2430.00" end="2460.00" id="D6_3_1" nVehContrib="9" flow="1080.00" occupancy="12.49" speed="12.04" harmonicMeanSpeed="12.01" length="5.00" nVehEntered="9"/>
    <interval begin="2460.00" end="2490.00" id="D6_3_1" nVehContrib="9" flow="1080.00" occupancy="18.21" speed="10.30" harmonicMeanSpeed="8.24" length="5.00" nVehEntered="10"/>
    <interval begin="2490.00" end="2520.00" id="D6_3_1" nVehContrib="9" flow="1080.00" occupancy="12.58" speed="11.93" harmonicMeanSpeed="11.92" length="5.00" nVehEntered="9"/>
    <interval begin="2520.00" end="2550.00" id="D6_3_1" nVehContrib="9" flow="1080.00" occupancy="12.65" speed="11.87" harmonicMeanSpeed="11.86" length="5.00" nVehEntered="9"/>
    <interval begin="2550.00" end="2580.00" id="D6_3_1" nVehContrib="10" flow="1200.00" occupancy="16.38" speed="11.65" harmonicMeanSpeed="10.18" length="5.00" nVehEntered="10"/>
    <interval begin="2580.00" end="2610.00" id="D6_3_1" nVehContrib="9" flow="1080.00" occupancy="12.26" speed="12.27" harmonicMeanSpeed="12.24" length="5.00" nVehEntered="9"/>
    <interval begin="2610.00" end="2640.00" id="D6_3_1" nVehContrib="9" flow="1080.00" occupancy="12.37" speed="12.14" harmonicMeanSpeed="12.13" length="5.00" nVehEntered="9"/>
    <interval begin="2640.00" end="2670.00" id="D6_3_1" nVehContrib="9" flow="1080.00" occupancy="12.59" speed="11.99" harmonicMeanSpeed="11.92" length="5.00" nVehEntered="9"/>
    <interval begin="2670.00" end="2700.00" id="D6_3_1" nVehContrib="9" flow="1080.00" occupancy="12.18" speed="12.34" harmonicMeanSpeed="12.32" length="5.00" nVehEntered="9"/>
    <interval begin="2700.00" end="2730.00" id="D6_3_1" nVehContrib="9" flow="1080.00" occupancy="15.09" speed="11.26" harmonicMeanSpeed="9.94" length="5.00" nVehEntered="9"/>
    <interval begin="2730.00" end="2760.00" id="D6_3_1" nVehContrib="8" flow="960.00" occupancy="11.72" speed="12.55" harmonicMeanSpeed="12.52" length="5.00" nVehEntered="9"/>
    <interval begin="2760.00" end="2790.00" id="D6_3_1" nVehContrib="10" flow="1200.00" occupancy="12.32" speed="12.48" harmonicMeanSpeed="12.45" length="5.00" nVehEntered="9"/>
    <interval begin="2790.00" end="2820.00" id="D6_3_1" nVehContrib="9" flow="1080.00" occupancy="12.20" speed="12.31" harmonicMeanSpeed="12.29" length="5.00" nVehEntered="9"/>
    <interval begin="2820.00" end="2850.00" id="D6_3_1" nVehContrib="10" flow="1200.00" occupancy="13.66" speed="12.24" harmonicMeanSpeed="12.20" length="5.00" nVehEntered="10"/>
    <interval begin="2850.00" end="2880.00" id="D6_3_1" nVehContrib="8" flow="960.00" occupancy="12.09" speed="12.21" harmonicMeanSpeed="12.12" length="5.00" nVehEntered="9"/>
    <interval begin="2880.00" end="2910.00" id="D6_3_1" nVehContrib="9" flow="1080.00" occupancy="11.07" speed="12.38" harmonicMeanSpeed="12.34" length="5.00" nVehEntered="8"/>
    <interval begin="2910.00" end="2940.00" id="D6_3_1" nVehContrib="9" flow="1080.00" occupancy="15.53" speed="11.20" harmonicMeanSpeed="9.66" length="5.00" nVehEntered="9"/>
    <interval begin="2940.00" end="2970.00" id="D6_3_1" nVehContrib="9" flow="1080.00" occupancy="12.46" speed="12.05" harmonicMeanSpeed="12.04" length="5.00" nVehEntered="9"/>
    <interval begin="2970.00" end="3000.00" id="D6_3_1" nVehContrib="9" flow="1080.00" occupancy="15.37" speed="11.51" harmonicMeanSpeed="9.76" length="5.00" nVehEntered="9"/>
    <interval begin="3000.00" end="3030.00" id="D6_3_1" nVehContrib="10" flow="1200.00" occupancy="13.33" speed="12.54" harmonicMeanSpeed="12.50" length="5.00" nVehEntered="10"/>
    <interval begin="3030.00" end="3060.00" id="D6_3_1" nVehContrib="9" flow="1080.00" occupancy="12.58" speed="11.94" harmonicMeanSpeed="11.92" length="5.00" nVehEntered="9"/>
    <interval begin="3060.00" end="3090.00" id="D6_3_1" nVehContrib="10" flow="1200.00" occupancy="13.76" speed="12.12" harmonicMeanSpeed="12.11" length="5.00" nVehEntered="10"/>
    <interval begin="3090.00" end="3120.00" id="D6_3_1" nVehContrib="9" flow="1080.00" occupancy="12.23" speed="12.28" harmonicMeanSpeed="12.26" length="5.00" nVehEntered="9"/>
    <interval begin="3120.00" end="3150.00" id="D6_3_1" nVehContrib="9" flow="1080.00" occupancy="12.40" speed="12.14" harmonicMeanSpeed="12.10" length="5.00" nVehEntered="9"/>
    <interval begin="3150.00" end="3180.00" id="D6_3_1" nVehContrib="8" flow="960.00" occupancy="10.94" speed="12.23" harmonicMeanSpeed="12.18" length="5.00" nVehEntered="8"/>
    <interval begin="3180.00" end="3210.00" id="D6_3_1" nVehContrib="9" flow="1080.00" occupancy="12.69" speed="11.84" harmonicMeanSpeed="11.82" length="5.00" nVehEntered="9"/>
    <interval begin="3210.00" end="3240.00" id="D6_3_1" nVehContrib="9" flow="1080.00" occupancy="12.28" speed="12.24" harmonicMeanSpeed="12.22" length="5.00" nVehEntered="9"/>
    <interval begin="3240.00" end="3270.00" id="D6_3_1" nVehContrib="10" flow="1200.00" occupancy="14.01" speed="11.91" harmonicMeanSpeed="11.90" length="5.00" nVehEntered="10"/>
    <interval begin="3270.00" end="3300.00" id="D6_3_1" nVehContrib="9" flow="1080.00" occupancy="12.21" speed="12.31" harmonicMeanSpeed="12.29" length="5.00" nVehEntered="9"/>
    <interval begin="3300.00" end="3330.00" id="D6_3_1" nVehContrib="9" flow="1080.00" occupancy="12.09" speed="12.47" harmonicMeanSpeed="12.40" length="5.00" nVehEntered="9"/>
    <interval begin="3330.00" end="3360.00" id="D6_3_1" nVehContrib="10" flow="1200.00" occupancy="13.69" speed="12.19" harmonicMeanSpeed="12.18" length="5.00" nVehEntered="10"/>
    <interval begin="3360.00" end="3390.00" id="D6_3_1" nVehContrib="9" flow="1080.00" occupancy="12.39" speed="12.15" harmonicMeanSpeed="12.13" length="5.00" nVehEntered="10"/>
    <interval begin="3390.00" end="3420.00" id="D6_3_1" nVehContrib="9" flow="1080.00" occupancy="12.00" speed="12.51" harmonicMeanSpeed="12.48" length="5.00" nVehEntered="8"/>
    <interval begin="3420.00" end="3450.00" id="D6_3_1" nVehContrib="9" flow="1080.00" occupancy="12.34" speed="12.18" harmonicMeanSpeed="12.16" length="5.00" nVehEntered="9"/>
    <interval begin="3450.00" end="3480.00" id="D6_3_1" nVehContrib="9" flow="1080.00" occupancy="12.24" speed="12.27" harmonicMeanSpeed="12.26" length="5.00" nVehEntered="9"/>
    <interval begin="3480.00" end="3510.00" id="D6_3_1" nVehContrib="9" flow="1080.00" occupancy="12.24" speed="12.28" harmonicMeanSpeed="12.26" length="5.00" nVehEntered="9"/>
    <interval begin="3510.00" end="3540.00" id="D6_3_1" nVehContrib="9" flow="1080.00" occupancy="12.63" speed="11.89" harmonicMeanSpeed="11.87" length="5.00" nVehEntered="9"/>
    <interval begin="3540.00" end="3570.00" id="D6_3_1" nVehContrib="9" flow="1080.00" occupancy="12.34" speed="12.18" harmonicMeanSpeed="12.15" length="5.00" nVehEntered="9"/>
    <interval begin="3570.00" end="3600.00" id="D6_3_1" nVehContrib="10" flow="1200.00" occupancy="13.77" speed="12.13" harmonicMeanSpeed="12.10" length="5.00" nVehEntered="10"/>
    <interval begin="3600.00" end="3630.00" id="D6_3_1" nVehContrib="9" flow="1080.00" occupancy="12.47" speed="12.05" harmonicMeanSpeed="12.03" length="5.00" nVehEntered="9"/>
    <interval begin="3630.00" end="3640.00" id="D6_3_1" nVehContrib="2" flow="720.00" occupancy="11.94" speed="11.76" harmonicMeanSpeed="11.75" length="5.00" nVehEntered="3"/>
</detector>
