<?xml version="1.0" encoding="UTF-8"?>

<!-- generated on 01/24/20 13:57:31 by Eclipse SUMO GUI Version 1.3.1
<configuration xmlns:xsi="http://www.w3.org/2001/XMLSchema-instance" xsi:noNamespaceSchemaLocation="http://sumo.dlr.de/xsd/sumoConfiguration.xsd">

    <input>
        <net-file value="gnet.net.xml"/>
        <route-files value="grou.rou.xml"/>
        <additional-files value="gadd.additional.xml"/>
    </input>

    <output>
        <queue-output value="Queue.xml"/>
        <summary-output value="Summary.xml"/>
    </output>

    <time>
        <begin value="0"/>
        <end value="3600"/>
    </time>

    <processing>
        <time-to-teleport value="3600"/>
    </processing>

    <traci_server>
        <remote-port value="13929"/>
    </traci_server>

    <gui_only>
        <gui-settings-file value="gview.view.xml"/>
        <quit-on-end value="true"/>
        <start value="true"/>
    </gui_only>

</configuration>
-->

<detector xmlns:xsi="http://www.w3.org/2001/XMLSchema-instance" xsi:noNamespaceSchemaLocation="http://sumo.dlr.de/xsd/det_e1_file.xsd">
    <interval begin="0.00" end="30.00" id="D6_3_2" nVehContrib="0" flow="0.00" occupancy="0.00" speed="-1.00" harmonicMeanSpeed="-1.00" length="-1.00" nVehEntered="0"/>
    <interval begin="30.00" end="60.00" id="D6_3_2" nVehContrib="1" flow="120.00" occupancy="1.32" speed="12.60" harmonicMeanSpeed="12.60" length="5.00" nVehEntered="1"/>
    <interval begin="60.00" end="90.00" id="D6_3_2" nVehContrib="1" flow="120.00" occupancy="1.37" speed="12.19" harmonicMeanSpeed="12.19" length="5.00" nVehEntered="1"/>
    <interval begin="90.00" end="120.00" id="D6_3_2" nVehContrib="1" flow="120.00" occupancy="1.40" speed="11.90" harmonicMeanSpeed="11.90" length="5.00" nVehEntered="1"/>
    <interval begin="120.00" end="150.00" id="D6_3_2" nVehContrib="1" flow="120.00" occupancy="1.36" speed="12.30" harmonicMeanSpeed="12.30" length="5.00" nVehEntered="1"/>
    <interval begin="150.00" end="180.00" id="D6_3_2" nVehContrib="1" flow="120.00" occupancy="1.46" speed="11.42" harmonicMeanSpeed="11.42" length="5.00" nVehEntered="1"/>
    <interval begin="180.00" end="210.00" id="D6_3_2" nVehContrib="0" flow="0.00" occupancy="0.00" speed="-1.00" harmonicMeanSpeed="-1.00" length="-1.00" nVehEntered="0"/>
    <interval begin="210.00" end="240.00" id="D6_3_2" nVehContrib="1" flow="120.00" occupancy="1.39" speed="12.03" harmonicMeanSpeed="12.03" length="5.00" nVehEntered="1"/>
    <interval begin="240.00" end="270.00" id="D6_3_2" nVehContrib="1" flow="120.00" occupancy="1.37" speed="12.14" harmonicMeanSpeed="12.14" length="5.00" nVehEntered="1"/>
    <interval begin="270.00" end="300.00" id="D6_3_2" nVehContrib="1" flow="120.00" occupancy="1.37" speed="12.16" harmonicMeanSpeed="12.16" length="5.00" nVehEntered="1"/>
    <interval begin="300.00" end="330.00" id="D6_3_2" nVehContrib="1" flow="120.00" occupancy="1.46" speed="11.39" harmonicMeanSpeed="11.39" length="5.00" nVehEntered="1"/>
    <interval begin="330.00" end="360.00" id="D6_3_2" nVehContrib="1" flow="120.00" occupancy="1.42" speed="11.77" harmonicMeanSpeed="11.77" length="5.00" nVehEntered="1"/>
    <interval begin="360.00" end="390.00" id="D6_3_2" nVehContrib="1" flow="120.00" occupancy="4.08" speed="4.09" harmonicMeanSpeed="4.09" length="5.00" nVehEntered="1"/>
    <interval begin="390.00" end="420.00" id="D6_3_2" nVehContrib="1" flow="120.00" occupancy="1.23" speed="13.50" harmonicMeanSpeed="13.50" length="5.00" nVehEntered="1"/>
    <interval begin="420.00" end="450.00" id="D6_3_2" nVehContrib="0" flow="0.00" occupancy="0.00" speed="-1.00" harmonicMeanSpeed="-1.00" length="-1.00" nVehEntered="0"/>
    <interval begin="450.00" end="480.00" id="D6_3_2" nVehContrib="1" flow="120.00" occupancy="1.45" speed="11.47" harmonicMeanSpeed="11.47" length="5.00" nVehEntered="1"/>
    <interval begin="480.00" end="510.00" id="D6_3_2" nVehContrib="1" flow="120.00" occupancy="1.34" speed="12.41" harmonicMeanSpeed="12.41" length="5.00" nVehEntered="1"/>
    <interval begin="510.00" end="540.00" id="D6_3_2" nVehContrib="1" flow="120.00" occupancy="1.30" speed="12.81" harmonicMeanSpeed="12.81" length="5.00" nVehEntered="1"/>
    <interval begin="540.00" end="570.00" id="D6_3_2" nVehContrib="1" flow="120.00" occupancy="1.22" speed="13.64" harmonicMeanSpeed="13.64" length="5.00" nVehEntered="1"/>
    <interval begin="570.00" end="600.00" id="D6_3_2" nVehContrib="1" flow="120.00" occupancy="1.42" speed="11.74" harmonicMeanSpeed="11.74" length="5.00" nVehEntered="1"/>
    <interval begin="600.00" end="630.00" id="D6_3_2" nVehContrib="1" flow="120.00" occupancy="1.32" speed="12.63" harmonicMeanSpeed="12.63" length="5.00" nVehEntered="1"/>
    <interval begin="630.00" end="660.00" id="D6_3_2" nVehContrib="1" flow="120.00" occupancy="1.23" speed="13.57" harmonicMeanSpeed="13.57" length="5.00" nVehEntered="1"/>
    <interval begin="660.00" end="690.00" id="D6_3_2" nVehContrib="1" flow="120.00" occupancy="1.28" speed="13.00" harmonicMeanSpeed="13.00" length="5.00" nVehEntered="1"/>
    <interval begin="690.00" end="720.00" id="D6_3_2" nVehContrib="0" flow="0.00" occupancy="0.00" speed="-1.00" harmonicMeanSpeed="-1.00" length="-1.00" nVehEntered="0"/>
    <interval begin="720.00" end="750.00" id="D6_3_2" nVehContrib="1" flow="120.00" occupancy="1.33" speed="12.50" harmonicMeanSpeed="12.50" length="5.00" nVehEntered="1"/>
    <interval begin="750.00" end="780.00" id="D6_3_2" nVehContrib="1" flow="120.00" occupancy="1.48" speed="11.29" harmonicMeanSpeed="11.29" length="5.00" nVehEntered="1"/>
    <interval begin="780.00" end="810.00" id="D6_3_2" nVehContrib="1" flow="120.00" occupancy="1.41" speed="11.79" harmonicMeanSpeed="11.79" length="5.00" nVehEntered="1"/>
    <interval begin="810.00" end="840.00" id="D6_3_2" nVehContrib="1" flow="120.00" occupancy="1.34" speed="12.47" harmonicMeanSpeed="12.47" length="5.00" nVehEntered="1"/>
    <interval begin="840.00" end="870.00" id="D6_3_2" nVehContrib="1" flow="120.00" occupancy="1.36" speed="12.27" harmonicMeanSpeed="12.27" length="5.00" nVehEntered="1"/>
    <interval begin="870.00" end="900.00" id="D6_3_2" nVehContrib="1" flow="120.00" occupancy="1.55" speed="10.77" harmonicMeanSpeed="10.77" length="5.00" nVehEntered="1"/>
    <interval begin="900.00" end="930.00" id="D6_3_2" nVehContrib="1" flow="120.00" occupancy="1.44" speed="11.61" harmonicMeanSpeed="11.61" length="5.00" nVehEntered="1"/>
    <interval begin="930.00" end="960.00" id="D6_3_2" nVehContrib="1" flow="120.00" occupancy="1.42" speed="11.75" harmonicMeanSpeed="11.75" length="5.00" nVehEntered="1"/>
    <interval begin="960.00" end="990.00" id="D6_3_2" nVehContrib="0" flow="0.00" occupancy="0.00" speed="-1.00" harmonicMeanSpeed="-1.00" length="-1.00" nVehEntered="0"/>
    <interval begin="990.00" end="1020.00" id="D6_3_2" nVehContrib="1" flow="120.00" occupancy="1.49" speed="11.19" harmonicMeanSpeed="11.19" length="5.00" nVehEntered="1"/>
    <interval begin="1020.00" end="1050.00" id="D6_3_2" nVehContrib="1" flow="120.00" occupancy="1.32" speed="12.59" harmonicMeanSpeed="12.59" length="5.00" nVehEntered="1"/>
    <interval begin="1050.00" end="1080.00" id="D6_3_2" nVehContrib="1" flow="120.00" occupancy="1.38" speed="12.05" harmonicMeanSpeed="12.05" length="5.00" nVehEntered="1"/>
    <interval begin="1080.00" end="1110.00" id="D6_3_2" nVehContrib="1" flow="120.00" occupancy="1.37" speed="12.19" harmonicMeanSpeed="12.19" length="5.00" nVehEntered="1"/>
    <interval begin="1110.00" end="1140.00" id="D6_3_2" nVehContrib="1" flow="120.00" occupancy="1.44" speed="11.60" harmonicMeanSpeed="11.60" length="5.00" nVehEntered="1"/>
    <interval begin="1140.00" end="1170.00" id="D6_3_2" nVehContrib="1" flow="120.00" occupancy="1.34" speed="12.46" harmonicMeanSpeed="12.46" length="5.00" nVehEntered="1"/>
    <interval begin="1170.00" end="1200.00" id="D6_3_2" nVehContrib="1" flow="120.00" occupancy="1.37" speed="12.18" harmonicMeanSpeed="12.18" length="5.00" nVehEntered="1"/>
    <interval begin="1200.00" end="1230.00" id="D6_3_2" nVehContrib="1" flow="120.00" occupancy="1.42" speed="11.71" harmonicMeanSpeed="11.71" length="5.00" nVehEntered="1"/>
    <interval begin="1230.00" end="1260.00" id="D6_3_2" nVehContrib="0" flow="0.00" occupancy="0.00" speed="-1.00" harmonicMeanSpeed="-1.00" length="-1.00" nVehEntered="0"/>
    <interval begin="1260.00" end="1290.00" id="D6_3_2" nVehContrib="1" flow="120.00" occupancy="1.31" speed="12.74" harmonicMeanSpeed="12.74" length="5.00" nVehEntered="1"/>
    <interval begin="1290.00" end="1320.00" id="D6_3_2" nVehContrib="1" flow="120.00" occupancy="1.40" speed="11.90" harmonicMeanSpeed="11.90" length="5.00" nVehEntered="1"/>
    <interval begin="1320.00" end="1350.00" id="D6_3_2" nVehContrib="1" flow="120.00" occupancy="4.18" speed="3.99" harmonicMeanSpeed="3.99" length="5.00" nVehEntered="1"/>
    <interval begin="1350.00" end="1380.00" id="D6_3_2" nVehContrib="1" flow="120.00" occupancy="1.33" speed="12.57" harmonicMeanSpeed="12.57" length="5.00" nVehEntered="1"/>
    <interval begin="1380.00" end="1410.00" id="D6_3_2" nVehContrib="1" flow="120.00" occupancy="1.28" speed="13.03" harmonicMeanSpeed="13.03" length="5.00" nVehEntered="1"/>
    <interval begin="1410.00" end="1440.00" id="D6_3_2" nVehContrib="1" flow="120.00" occupancy="1.41" speed="11.83" harmonicMeanSpeed="11.83" length="5.00" nVehEntered="1"/>
    <interval begin="1440.00" end="1470.00" id="D6_3_2" nVehContrib="1" flow="120.00" occupancy="1.37" speed="12.18" harmonicMeanSpeed="12.18" length="5.00" nVehEntered="1"/>
    <interval begin="1470.00" end="1500.00" id="D6_3_2" nVehContrib="1" flow="120.00" occupancy="1.40" speed="11.89" harmonicMeanSpeed="11.89" length="5.00" nVehEntered="1"/>
    <interval begin="1500.00" end="1530.00" id="D6_3_2" nVehContrib="0" flow="0.00" occupancy="0.00" speed="-1.00" harmonicMeanSpeed="-1.00" length="-1.00" nVehEntered="0"/>
    <interval begin="1530.00" end="1560.00" id="D6_3_2" nVehContrib="1" flow="120.00" occupancy="1.48" speed="11.28" harmonicMeanSpeed="11.28" length="5.00" nVehEntered="1"/>
    <interval begin="1560.00" end="1590.00" id="D6_3_2" nVehContrib="1" flow="120.00" occupancy="1.30" speed="12.83" harmonicMeanSpeed="12.83" length="5.00" nVehEntered="1"/>
    <interval begin="1590.00" end="1620.00" id="D6_3_2" nVehContrib="1" flow="120.00" occupancy="4.27" speed="3.90" harmonicMeanSpeed="3.90" length="5.00" nVehEntered="1"/>
    <interval begin="1620.00" end="1650.00" id="D6_3_2" nVehContrib="1" flow="120.00" occupancy="1.41" speed="11.84" harmonicMeanSpeed="11.84" length="5.00" nVehEntered="1"/>
    <interval begin="1650.00" end="1680.00" id="D6_3_2" nVehContrib="1" flow="120.00" occupancy="1.37" speed="12.21" harmonicMeanSpeed="12.21" length="5.00" nVehEntered="1"/>
    <interval begin="1680.00" end="1710.00" id="D6_3_2" nVehContrib="1" flow="120.00" occupancy="1.30" speed="12.86" harmonicMeanSpeed="12.86" length="5.00" nVehEntered="1"/>
    <interval begin="1710.00" end="1740.00" id="D6_3_2" nVehContrib="1" flow="120.00" occupancy="1.44" speed="11.60" harmonicMeanSpeed="11.60" length="5.00" nVehEntered="1"/>
    <interval begin="1740.00" end="1770.00" id="D6_3_2" nVehContrib="1" flow="120.00" occupancy="1.43" speed="11.64" harmonicMeanSpeed="11.64" length="5.00" nVehEntered="1"/>
    <interval begin="1770.00" end="1800.00" id="D6_3_2" nVehContrib="0" flow="0.00" occupancy="0.00" speed="-1.00" harmonicMeanSpeed="-1.00" length="-1.00" nVehEntered="0"/>
    <interval begin="1800.00" end="1830.00" id="D6_3_2" nVehContrib="1" flow="120.00" occupancy="1.37" speed="12.12" harmonicMeanSpeed="12.12" length="5.00" nVehEntered="1"/>
    <interval begin="1830.00" end="1860.00" id="D6_3_2" nVehContrib="1" flow="120.00" occupancy="1.52" speed="10.99" harmonicMeanSpeed="10.99" length="5.00" nVehEntered="1"/>
    <interval begin="1860.00" end="1890.00" id="D6_3_2" nVehContrib="1" flow="120.00" occupancy="1.25" speed="13.33" harmonicMeanSpeed="13.33" length="5.00" nVehEntered="1"/>
    <interval begin="1890.00" end="1920.00" id="D6_3_2" nVehContrib="1" flow="120.00" occupancy="1.45" speed="11.46" harmonicMeanSpeed="11.46" length="5.00" nVehEntered="1"/>
    <interval begin="1920.00" end="1950.00" id="D6_3_2" nVehContrib="1" flow="120.00" occupancy="1.49" speed="11.19" harmonicMeanSpeed="11.19" length="5.00" nVehEntered="1"/>
    <interval begin="1950.00" end="1980.00" id="D6_3_2" nVehContrib="1" flow="120.00" occupancy="1.45" speed="11.49" harmonicMeanSpeed="11.49" length="5.00" nVehEntered="1"/>
    <interval begin="1980.00" end="2010.00" id="D6_3_2" nVehContrib="1" flow="120.00" occupancy="1.39" speed="11.97" harmonicMeanSpeed="11.97" length="5.00" nVehEntered="1"/>
    <interval begin="2010.00" end="2040.00" id="D6_3_2" nVehContrib="1" flow="120.00" occupancy="1.41" speed="11.82" harmonicMeanSpeed="11.82" length="5.00" nVehEntered="1"/>
    <interval begin="2040.00" end="2070.00" id="D6_3_2" nVehContrib="0" flow="0.00" occupancy="0.00" speed="-1.00" harmonicMeanSpeed="-1.00" length="-1.00" nVehEntered="0"/>
    <interval begin="2070.00" end="2100.00" id="D6_3_2" nVehContrib="1" flow="120.00" occupancy="1.38" speed="12.08" harmonicMeanSpeed="12.08" length="5.00" nVehEntered="1"/>
    <interval begin="2100.00" end="2130.00" id="D6_3_2" nVehContrib="1" flow="120.00" occupancy="1.34" speed="12.47" harmonicMeanSpeed="12.47" length="5.00" nVehEntered="1"/>
    <interval begin="2130.00" end="2160.00" id="D6_3_2" nVehContrib="1" flow="120.00" occupancy="1.29" speed="12.89" harmonicMeanSpeed="12.89" length="5.00" nVehEntered="1"/>
    <interval begin="2160.00" end="2190.00" id="D6_3_2" nVehContrib="1" flow="120.00" occupancy="1.24" speed="13.42" harmonicMeanSpeed="13.42" length="5.00" nVehEntered="1"/>
    <interval begin="2190.00" end="2220.00" id="D6_3_2" nVehContrib="1" flow="120.00" occupancy="1.42" speed="11.71" harmonicMeanSpeed="11.71" length="5.00" nVehEntered="1"/>
    <interval begin="2220.00" end="2250.00" id="D6_3_2" nVehContrib="1" flow="120.00" occupancy="1.32" speed="12.67" harmonicMeanSpeed="12.67" length="5.00" nVehEntered="1"/>
    <interval begin="2250.00" end="2280.00" id="D6_3_2" nVehContrib="1" flow="120.00" occupancy="1.40" speed="11.94" harmonicMeanSpeed="11.94" length="5.00" nVehEntered="1"/>
    <interval begin="2280.00" end="2310.00" id="D6_3_2" nVehContrib="1" flow="120.00" occupancy="1.43" speed="11.64" harmonicMeanSpeed="11.64" length="5.00" nVehEntered="1"/>
    <interval begin="2310.00" end="2340.00" id="D6_3_2" nVehContrib="0" flow="0.00" occupancy="0.00" speed="-1.00" harmonicMeanSpeed="-1.00" length="-1.00" nVehEntered="0"/>
    <interval begin="2340.00" end="2370.00" id="D6_3_2" nVehContrib="1" flow="120.00" occupancy="1.37" speed="12.18" harmonicMeanSpeed="12.18" length="5.00" nVehEntered="1"/>
    <interval begin="2370.00" end="2400.00" id="D6_3_2" nVehContrib="1" flow="120.00" occupancy="1.40" speed="11.92" harmonicMeanSpeed="11.92" length="5.00" nVehEntered="1"/>
    <interval begin="2400.00" end="2430.00" id="D6_3_2" nVehContrib="1" flow="120.00" occupancy="1.34" speed="12.46" harmonicMeanSpeed="12.46" length="5.00" nVehEntered="1"/>
    <interval begin="2430.00" end="2460.00" id="D6_3_2" nVehContrib="1" flow="120.00" occupancy="1.23" speed="13.54" harmonicMeanSpeed="13.54" length="5.00" nVehEntered="1"/>
    <interval begin="2460.00" end="2490.00" id="D6_3_2" nVehContrib="1" flow="120.00" occupancy="3.74" speed="4.46" harmonicMeanSpeed="4.46" length="5.00" nVehEntered="1"/>
    <interval begin="2490.00" end="2520.00" id="D6_3_2" nVehContrib="1" flow="120.00" occupancy="1.38" speed="12.09" harmonicMeanSpeed="12.09" length="5.00" nVehEntered="1"/>
    <interval begin="2520.00" end="2550.00" id="D6_3_2" nVehContrib="1" flow="120.00" occupancy="1.40" speed="11.94" harmonicMeanSpeed="11.94" length="5.00" nVehEntered="1"/>
    <interval begin="2550.00" end="2580.00" id="D6_3_2" nVehContrib="0" flow="0.00" occupancy="0.00" speed="-1.00" harmonicMeanSpeed="-1.00" length="-1.00" nVehEntered="0"/>
    <interval begin="2580.00" end="2610.00" id="D6_3_2" nVehContrib="1" flow="120.00" occupancy="1.33" speed="12.50" harmonicMeanSpeed="12.50" length="5.00" nVehEntered="1"/>
    <interval begin="2610.00" end="2640.00" id="D6_3_2" nVehContrib="1" flow="120.00" occupancy="1.37" speed="12.20" harmonicMeanSpeed="12.20" length="5.00" nVehEntered="1"/>
    <interval begin="2640.00" end="2670.00" id="D6_3_2" nVehContrib="1" flow="120.00" occupancy="1.39" speed="12.01" harmonicMeanSpeed="12.01" length="5.00" nVehEntered="1"/>
    <interval begin="2670.00" end="2700.00" id="D6_3_2" nVehContrib="1" flow="120.00" occupancy="1.32" speed="12.60" harmonicMeanSpeed="12.60" length="5.00" nVehEntered="1"/>
    <interval begin="2700.00" end="2730.00" id="D6_3_2" nVehContrib="1" flow="120.00" occupancy="1.24" speed="13.40" harmonicMeanSpeed="13.40" length="5.00" nVehEntered="1"/>
    <interval begin="2730.00" end="2760.00" id="D6_3_2" nVehContrib="1" flow="120.00" occupancy="1.48" speed="11.26" harmonicMeanSpeed="11.26" length="5.00" nVehEntered="1"/>
    <interval begin="2760.00" end="2790.00" id="D6_3_2" nVehContrib="1" flow="120.00" occupancy="1.37" speed="12.21" harmonicMeanSpeed="12.21" length="5.00" nVehEntered="1"/>
    <interval begin="2790.00" end="2820.00" id="D6_3_2" nVehContrib="1" flow="120.00" occupancy="1.42" speed="11.73" harmonicMeanSpeed="11.73" length="5.00" nVehEntered="1"/>
    <interval begin="2820.00" end="2850.00" id="D6_3_2" nVehContrib="0" flow="0.00" occupancy="0.00" speed="-1.00" harmonicMeanSpeed="-1.00" length="-1.00" nVehEntered="0"/>
    <interval begin="2850.00" end="2880.00" id="D6_3_2" nVehContrib="1" flow="120.00" occupancy="1.40" speed="11.87" harmonicMeanSpeed="11.87" length="5.00" nVehEntered="1"/>
    <interval begin="2880.00" end="2910.00" id="D6_3_2" nVehContrib="1" flow="120.00" occupancy="1.29" speed="12.91" harmonicMeanSpeed="12.91" length="5.00" nVehEntered="1"/>
    <interval begin="2910.00" end="2940.00" id="D6_3_2" nVehContrib="1" flow="120.00" occupancy="1.38" speed="12.10" harmonicMeanSpeed="12.10" length="5.00" nVehEntered="1"/>
    <interval begin="2940.00" end="2970.00" id="D6_3_2" nVehContrib="1" flow="120.00" occupancy="1.39" speed="11.99" harmonicMeanSpeed="11.99" length="5.00" nVehEntered="1"/>
    <interval begin="2970.00" end="3000.00" id="D6_3_2" nVehContrib="1" flow="120.00" occupancy="1.44" speed="11.55" harmonicMeanSpeed="11.55" length="5.00" nVehEntered="1"/>
    <interval begin="3000.00" end="3030.00" id="D6_3_2" nVehContrib="1" flow="120.00" occupancy="1.37" speed="12.18" harmonicMeanSpeed="12.18" length="5.00" nVehEntered="1"/>
    <interval begin="3030.00" end="3060.00" id="D6_3_2" nVehContrib="1" flow="120.00" occupancy="1.34" speed="12.43" harmonicMeanSpeed="12.43" length="5.00" nVehEntered="1"/>
    <interval begin="3060.00" end="3090.00" id="D6_3_2" nVehContrib="0" flow="0.00" occupancy="0.00" speed="-1.00" harmonicMeanSpeed="-1.00" length="-1.00" nVehEntered="0"/>
    <interval begin="3090.00" end="3120.00" id="D6_3_2" nVehContrib="1" flow="120.00" occupancy="1.24" speed="13.49" harmonicMeanSpeed="13.49" length="5.00" nVehEntered="1"/>
    <interval begin="3120.00" end="3150.00" id="D6_3_2" nVehContrib="1" flow="120.00" occupancy="1.36" speed="12.25" harmonicMeanSpeed="12.25" length="5.00" nVehEntered="1"/>
    <interval begin="3150.00" end="3180.00" id="D6_3_2" nVehContrib="1" flow="120.00" occupancy="1.36" speed="12.27" harmonicMeanSpeed="12.27" length="5.00" nVehEntered="1"/>
    <interval begin="3180.00" end="3210.00" id="D6_3_2" nVehContrib="1" flow="120.00" occupancy="1.33" speed="12.52" harmonicMeanSpeed="12.52" length="5.00" nVehEntered="1"/>
    <interval begin="3210.00" end="3240.00" id="D6_3_2" nVehContrib="1" flow="120.00" occupancy="1.49" speed="11.16" harmonicMeanSpeed="11.16" length="5.00" nVehEntered="1"/>
    <interval begin="3240.00" end="3270.00" id="D6_3_2" nVehContrib="1" flow="120.00" occupancy="1.21" speed="13.74" harmonicMeanSpeed="13.74" length="5.00" nVehEntered="1"/>
    <interval begin="3270.00" end="3300.00" id="D6_3_2" nVehContrib="1" flow="120.00" occupancy="1.38" speed="12.05" harmonicMeanSpeed="12.05" length="5.00" nVehEntered="1"/>
    <interval begin="3300.00" end="3330.00" id="D6_3_2" nVehContrib="1" flow="120.00" occupancy="1.44" speed="11.57" harmonicMeanSpeed="11.57" length="5.00" nVehEntered="1"/>
    <interval begin="3330.00" end="3360.00" id="D6_3_2" nVehContrib="0" flow="0.00" occupancy="0.00" speed="-1.00" harmonicMeanSpeed="-1.00" length="-1.00" nVehEntered="0"/>
    <interval begin="3360.00" end="3390.00" id="D6_3_2" nVehContrib="1" flow="120.00" occupancy="1.30" speed="12.85" harmonicMeanSpeed="12.85" length="5.00" nVehEntered="1"/>
    <interval begin="3390.00" end="3420.00" id="D6_3_2" nVehContrib="1" flow="120.00" occupancy="1.34" speed="12.39" harmonicMeanSpeed="12.39" length="5.00" nVehEntered="1"/>
    <interval begin="3420.00" end="3450.00" id="D6_3_2" nVehContrib="1" flow="120.00" occupancy="1.38" speed="12.11" harmonicMeanSpeed="12.11" length="5.00" nVehEntered="1"/>
    <interval begin="3450.00" end="3480.00" id="D6_3_2" nVehContrib="1" flow="120.00" occupancy="1.48" speed="11.27" harmonicMeanSpeed="11.27" length="5.00" nVehEntered="1"/>
    <interval begin="3480.00" end="3510.00" id="D6_3_2" nVehContrib="1" flow="120.00" occupancy="1.29" speed="12.92" harmonicMeanSpeed="12.92" length="5.00" nVehEntered="1"/>
    <interval begin="3510.00" end="3540.00" id="D6_3_2" nVehContrib="1" flow="120.00" occupancy="1.50" speed="11.14" harmonicMeanSpeed="11.14" length="5.00" nVehEntered="1"/>
    <interval begin="3540.00" end="3570.00" id="D6_3_2" nVehContrib="1" flow="120.00" occupancy="1.29" speed="12.94" harmonicMeanSpeed="12.94" length="5.00" nVehEntered="1"/>
    <interval begin="3570.00" end="3600.00" id="D6_3_2" nVehContrib="0" flow="0.00" occupancy="0.00" speed="-1.00" harmonicMeanSpeed="-1.00" length="-1.00" nVehEntered="0"/>
    <interval begin="3600.00" end="3630.00" id="D6_3_2" nVehContrib="1" flow="120.00" occupancy="1.41" speed="11.79" harmonicMeanSpeed="11.79" length="5.00" nVehEntered="1"/>
    <interval begin="3630.00" end="3640.00" id="D6_3_2" nVehContrib="1" flow="360.00" occupancy="3.97" speed="12.60" harmonicMeanSpeed="12.60" length="5.00" nVehEntered="1"/>
</detector>
