<?xml version="1.0" encoding="UTF-8"?>

<!-- generated on 01/24/20 13:57:31 by Eclipse SUMO GUI Version 1.3.1
<configuration xmlns:xsi="http://www.w3.org/2001/XMLSchema-instance" xsi:noNamespaceSchemaLocation="http://sumo.dlr.de/xsd/sumoConfiguration.xsd">

    <input>
        <net-file value="gnet.net.xml"/>
        <route-files value="grou.rou.xml"/>
        <additional-files value="gadd.additional.xml"/>
    </input>

    <output>
        <queue-output value="Queue.xml"/>
        <summary-output value="Summary.xml"/>
    </output>

    <time>
        <begin value="0"/>
        <end value="3600"/>
    </time>

    <processing>
        <time-to-teleport value="3600"/>
    </processing>

    <traci_server>
        <remote-port value="13929"/>
    </traci_server>

    <gui_only>
        <gui-settings-file value="gview.view.xml"/>
        <quit-on-end value="true"/>
        <start value="true"/>
    </gui_only>

</configuration>
-->

<detector xmlns:xsi="http://www.w3.org/2001/XMLSchema-instance" xsi:noNamespaceSchemaLocation="http://sumo.dlr.de/xsd/det_e1_file.xsd">
    <interval begin="0.00" end="30.00" id="D7_1_0" nVehContrib="1" flow="120.00" occupancy="0.73" speed="22.68" harmonicMeanSpeed="22.68" length="5.00" nVehEntered="1"/>
    <interval begin="30.00" end="60.00" id="D7_1_0" nVehContrib="1" flow="120.00" occupancy="0.78" speed="21.25" harmonicMeanSpeed="21.25" length="5.00" nVehEntered="1"/>
    <interval begin="60.00" end="90.00" id="D7_1_0" nVehContrib="2" flow="240.00" occupancy="1.84" speed="18.14" harmonicMeanSpeed="18.08" length="5.00" nVehEntered="2"/>
    <interval begin="90.00" end="120.00" id="D7_1_0" nVehContrib="11" flow="1320.00" occupancy="8.73" speed="21.08" harmonicMeanSpeed="21.01" length="5.00" nVehEntered="11"/>
    <interval begin="120.00" end="150.00" id="D7_1_0" nVehContrib="2" flow="240.00" occupancy="1.54" speed="21.62" harmonicMeanSpeed="21.62" length="5.00" nVehEntered="2"/>
    <interval begin="150.00" end="180.00" id="D7_1_0" nVehContrib="3" flow="360.00" occupancy="2.59" speed="19.32" harmonicMeanSpeed="19.31" length="5.00" nVehEntered="3"/>
    <interval begin="180.00" end="210.00" id="D7_1_0" nVehContrib="11" flow="1320.00" occupancy="8.72" speed="21.08" harmonicMeanSpeed="21.03" length="5.00" nVehEntered="11"/>
    <interval begin="210.00" end="240.00" id="D7_1_0" nVehContrib="0" flow="0.00" occupancy="0.00" speed="-1.00" harmonicMeanSpeed="-1.00" length="-1.00" nVehEntered="0"/>
    <interval begin="240.00" end="270.00" id="D7_1_0" nVehContrib="6" flow="720.00" occupancy="5.09" speed="19.68" harmonicMeanSpeed="19.65" length="5.00" nVehEntered="6"/>
    <interval begin="270.00" end="300.00" id="D7_1_0" nVehContrib="9" flow="1080.00" occupancy="7.14" speed="21.06" harmonicMeanSpeed="21.01" length="5.00" nVehEntered="9"/>
    <interval begin="300.00" end="330.00" id="D7_1_0" nVehContrib="0" flow="0.00" occupancy="0.00" speed="-1.00" harmonicMeanSpeed="-1.00" length="-1.00" nVehEntered="0"/>
    <interval begin="330.00" end="360.00" id="D7_1_0" nVehContrib="8" flow="960.00" occupancy="6.93" speed="19.27" harmonicMeanSpeed="19.23" length="5.00" nVehEntered="8"/>
    <interval begin="360.00" end="390.00" id="D7_1_0" nVehContrib="6" flow="720.00" occupancy="4.67" speed="21.54" harmonicMeanSpeed="21.42" length="5.00" nVehEntered="6"/>
    <interval begin="390.00" end="420.00" id="D7_1_0" nVehContrib="2" flow="240.00" occupancy="1.73" speed="19.23" harmonicMeanSpeed="19.22" length="5.00" nVehEntered="2"/>
    <interval begin="420.00" end="450.00" id="D7_1_0" nVehContrib="8" flow="960.00" occupancy="6.47" speed="20.70" harmonicMeanSpeed="20.59" length="5.00" nVehEntered="8"/>
    <interval begin="450.00" end="480.00" id="D7_1_0" nVehContrib="4" flow="480.00" occupancy="3.02" speed="22.07" harmonicMeanSpeed="22.06" length="5.00" nVehEntered="4"/>
    <interval begin="480.00" end="510.00" id="D7_1_0" nVehContrib="2" flow="240.00" occupancy="1.85" speed="18.04" harmonicMeanSpeed="18.04" length="5.00" nVehEntered="2"/>
    <interval begin="510.00" end="540.00" id="D7_1_0" nVehContrib="11" flow="1320.00" occupancy="9.44" speed="20.17" harmonicMeanSpeed="20.08" length="5.00" nVehEntered="12"/>
    <interval begin="540.00" end="570.00" id="D7_1_0" nVehContrib="3" flow="360.00" occupancy="1.97" speed="21.90" harmonicMeanSpeed="21.88" length="5.00" nVehEntered="2"/>
    <interval begin="570.00" end="600.00" id="D7_1_0" nVehContrib="2" flow="240.00" occupancy="1.84" speed="18.14" harmonicMeanSpeed="18.13" length="5.00" nVehEntered="2"/>
    <interval begin="600.00" end="630.00" id="D7_1_0" nVehContrib="12" flow="1440.00" occupancy="9.52" speed="21.04" harmonicMeanSpeed="21.00" length="5.00" nVehEntered="12"/>
    <interval begin="630.00" end="660.00" id="D7_1_0" nVehContrib="1" flow="120.00" occupancy="0.74" speed="22.61" harmonicMeanSpeed="22.61" length="5.00" nVehEntered="1"/>
    <interval begin="660.00" end="690.00" id="D7_1_0" nVehContrib="2" flow="240.00" occupancy="1.75" speed="19.05" harmonicMeanSpeed="19.03" length="5.00" nVehEntered="2"/>
    <interval begin="690.00" end="720.00" id="D7_1_0" nVehContrib="13" flow="1560.00" occupancy="10.55" speed="20.60" harmonicMeanSpeed="20.55" length="5.00" nVehEntered="13"/>
    <interval begin="720.00" end="750.00" id="D7_1_0" nVehContrib="0" flow="0.00" occupancy="0.00" speed="-1.00" harmonicMeanSpeed="-1.00" length="-1.00" nVehEntered="0"/>
    <interval begin="750.00" end="780.00" id="D7_1_0" nVehContrib="3" flow="360.00" occupancy="2.69" speed="18.58" harmonicMeanSpeed="18.58" length="5.00" nVehEntered="3"/>
    <interval begin="780.00" end="810.00" id="D7_1_0" nVehContrib="13" flow="1560.00" occupancy="10.39" speed="20.90" harmonicMeanSpeed="20.86" length="5.00" nVehEntered="13"/>
    <interval begin="810.00" end="840.00" id="D7_1_0" nVehContrib="0" flow="0.00" occupancy="0.00" speed="-1.00" harmonicMeanSpeed="-1.00" length="-1.00" nVehEntered="0"/>
    <interval begin="840.00" end="870.00" id="D7_1_0" nVehContrib="5" flow="600.00" occupancy="4.44" speed="18.82" harmonicMeanSpeed="18.75" length="5.00" nVehEntered="5"/>
    <interval begin="870.00" end="900.00" id="D7_1_0" nVehContrib="11" flow="1320.00" occupancy="8.95" speed="20.56" harmonicMeanSpeed="20.48" length="5.00" nVehEntered="11"/>
    <interval begin="900.00" end="930.00" id="D7_1_0" nVehContrib="0" flow="0.00" occupancy="0.00" speed="-1.00" harmonicMeanSpeed="-1.00" length="-1.00" nVehEntered="0"/>
    <interval begin="930.00" end="960.00" id="D7_1_0" nVehContrib="7" flow="840.00" occupancy="6.01" speed="19.47" harmonicMeanSpeed="19.41" length="5.00" nVehEntered="7"/>
    <interval begin="960.00" end="990.00" id="D7_1_0" nVehContrib="8" flow="960.00" occupancy="6.19" speed="21.60" harmonicMeanSpeed="21.54" length="5.00" nVehEntered="8"/>
    <interval begin="990.00" end="1020.00" id="D7_1_0" nVehContrib="1" flow="120.00" occupancy="0.93" speed="17.91" harmonicMeanSpeed="17.91" length="5.00" nVehEntered="1"/>
    <interval begin="1020.00" end="1050.00" id="D7_1_0" nVehContrib="7" flow="840.00" occupancy="6.08" speed="19.29" harmonicMeanSpeed="19.18" length="5.00" nVehEntered="7"/>
    <interval begin="1050.00" end="1080.00" id="D7_1_0" nVehContrib="8" flow="960.00" occupancy="6.22" speed="21.48" harmonicMeanSpeed="21.45" length="5.00" nVehEntered="8"/>
    <interval begin="1080.00" end="1110.00" id="D7_1_0" nVehContrib="2" flow="240.00" occupancy="1.77" speed="18.84" harmonicMeanSpeed="18.83" length="5.00" nVehEntered="2"/>
    <interval begin="1110.00" end="1140.00" id="D7_1_0" nVehContrib="8" flow="960.00" occupancy="6.45" speed="20.71" harmonicMeanSpeed="20.68" length="5.00" nVehEntered="8"/>
    <interval begin="1140.00" end="1170.00" id="D7_1_0" nVehContrib="5" flow="600.00" occupancy="3.99" speed="20.92" harmonicMeanSpeed="20.89" length="5.00" nVehEntered="5"/>
    <interval begin="1170.00" end="1200.00" id="D7_1_0" nVehContrib="2" flow="240.00" occupancy="1.80" speed="18.56" harmonicMeanSpeed="18.56" length="5.00" nVehEntered="2"/>
    <interval begin="1200.00" end="1230.00" id="D7_1_0" nVehContrib="9" flow="1080.00" occupancy="7.50" speed="20.12" harmonicMeanSpeed="20.00" length="5.00" nVehEntered="9"/>
    <interval begin="1230.00" end="1260.00" id="D7_1_0" nVehContrib="4" flow="480.00" occupancy="3.09" speed="21.56" harmonicMeanSpeed="21.56" length="5.00" nVehEntered="4"/>
    <interval begin="1260.00" end="1290.00" id="D7_1_0" nVehContrib="2" flow="240.00" occupancy="1.73" speed="19.25" harmonicMeanSpeed="19.22" length="5.00" nVehEntered="2"/>
    <interval begin="1290.00" end="1320.00" id="D7_1_0" nVehContrib="10" flow="1200.00" occupancy="8.43" speed="19.84" harmonicMeanSpeed="19.76" length="5.00" nVehEntered="10"/>
    <interval begin="1320.00" end="1350.00" id="D7_1_0" nVehContrib="3" flow="360.00" occupancy="2.39" speed="20.97" harmonicMeanSpeed="20.94" length="5.00" nVehEntered="3"/>
    <interval begin="1350.00" end="1380.00" id="D7_1_0" nVehContrib="2" flow="240.00" occupancy="1.80" speed="18.52" harmonicMeanSpeed="18.50" length="5.00" nVehEntered="2"/>
    <interval begin="1380.00" end="1410.00" id="D7_1_0" nVehContrib="10" flow="1200.00" occupancy="8.12" speed="20.67" harmonicMeanSpeed="20.63" length="5.00" nVehEntered="11"/>
    <interval begin="1410.00" end="1440.00" id="D7_1_0" nVehContrib="2" flow="240.00" occupancy="1.50" speed="21.64" harmonicMeanSpeed="21.56" length="5.00" nVehEntered="1"/>
    <interval begin="1440.00" end="1470.00" id="D7_1_0" nVehContrib="2" flow="240.00" occupancy="1.76" speed="18.91" harmonicMeanSpeed="18.89" length="5.00" nVehEntered="2"/>
    <interval begin="1470.00" end="1500.00" id="D7_1_0" nVehContrib="12" flow="1440.00" occupancy="9.57" speed="20.93" harmonicMeanSpeed="20.91" length="5.00" nVehEntered="12"/>
    <interval begin="1500.00" end="1530.00" id="D7_1_0" nVehContrib="0" flow="0.00" occupancy="0.00" speed="-1.00" harmonicMeanSpeed="-1.00" length="-1.00" nVehEntered="0"/>
    <interval begin="1530.00" end="1560.00" id="D7_1_0" nVehContrib="2" flow="240.00" occupancy="1.82" speed="18.37" harmonicMeanSpeed="18.36" length="5.00" nVehEntered="2"/>
    <interval begin="1560.00" end="1590.00" id="D7_1_0" nVehContrib="12" flow="1440.00" occupancy="9.92" speed="20.28" harmonicMeanSpeed="20.16" length="5.00" nVehEntered="12"/>
    <interval begin="1590.00" end="1620.00" id="D7_1_0" nVehContrib="1" flow="120.00" occupancy="0.80" speed="20.89" harmonicMeanSpeed="20.89" length="5.00" nVehEntered="1"/>
    <interval begin="1620.00" end="1650.00" id="D7_1_0" nVehContrib="3" flow="360.00" occupancy="2.57" speed="19.48" harmonicMeanSpeed="19.44" length="5.00" nVehEntered="3"/>
    <interval begin="1650.00" end="1680.00" id="D7_1_0" nVehContrib="11" flow="1320.00" occupancy="8.71" speed="21.10" harmonicMeanSpeed="21.05" length="5.00" nVehEntered="11"/>
    <interval begin="1680.00" end="1710.00" id="D7_1_0" nVehContrib="0" flow="0.00" occupancy="0.00" speed="-1.00" harmonicMeanSpeed="-1.00" length="-1.00" nVehEntered="0"/>
    <interval begin="1710.00" end="1740.00" id="D7_1_0" nVehContrib="5" flow="600.00" occupancy="4.28" speed="19.52" harmonicMeanSpeed="19.46" length="5.00" nVehEntered="5"/>
    <interval begin="1740.00" end="1770.00" id="D7_1_0" nVehContrib="11" flow="1320.00" occupancy="8.42" speed="21.79" harmonicMeanSpeed="21.77" length="5.00" nVehEntered="11"/>
    <interval begin="1770.00" end="1800.00" id="D7_1_0" nVehContrib="0" flow="0.00" occupancy="0.00" speed="-1.00" harmonicMeanSpeed="-1.00" length="-1.00" nVehEntered="0"/>
    <interval begin="1800.00" end="1830.00" id="D7_1_0" nVehContrib="7" flow="840.00" occupancy="5.90" speed="19.87" harmonicMeanSpeed="19.79" length="5.00" nVehEntered="7"/>
    <interval begin="1830.00" end="1860.00" id="D7_1_0" nVehContrib="9" flow="1080.00" occupancy="7.06" speed="21.27" harmonicMeanSpeed="21.25" length="5.00" nVehEntered="9"/>
    <interval begin="1860.00" end="1890.00" id="D7_1_0" nVehContrib="1" flow="120.00" occupancy="0.90" speed="18.56" harmonicMeanSpeed="18.56" length="5.00" nVehEntered="1"/>
    <interval begin="1890.00" end="1920.00" id="D7_1_0" nVehContrib="7" flow="840.00" occupancy="5.83" speed="20.13" harmonicMeanSpeed="20.01" length="5.00" nVehEntered="7"/>
    <interval begin="1920.00" end="1950.00" id="D7_1_0" nVehContrib="7" flow="840.00" occupancy="5.46" speed="21.44" harmonicMeanSpeed="21.38" length="5.00" nVehEntered="7"/>
    <interval begin="1950.00" end="1980.00" id="D7_1_0" nVehContrib="2" flow="240.00" occupancy="1.68" speed="19.88" harmonicMeanSpeed="19.88" length="5.00" nVehEntered="2"/>
    <interval begin="1980.00" end="2010.00" id="D7_1_0" nVehContrib="7" flow="840.00" occupancy="5.94" speed="20.32" harmonicMeanSpeed="20.28" length="5.00" nVehEntered="8"/>
    <interval begin="2010.00" end="2040.00" id="D7_1_0" nVehContrib="6" flow="720.00" occupancy="4.36" speed="22.01" harmonicMeanSpeed="21.98" length="5.00" nVehEntered="5"/>
    <interval begin="2040.00" end="2070.00" id="D7_1_0" nVehContrib="2" flow="240.00" occupancy="1.79" speed="18.67" harmonicMeanSpeed="18.64" length="5.00" nVehEntered="2"/>
    <interval begin="2070.00" end="2100.00" id="D7_1_0" nVehContrib="8" flow="960.00" occupancy="6.54" speed="20.42" harmonicMeanSpeed="20.37" length="5.00" nVehEntered="8"/>
    <interval begin="2100.00" end="2130.00" id="D7_1_0" nVehContrib="5" flow="600.00" occupancy="4.00" speed="20.83" harmonicMeanSpeed="20.81" length="5.00" nVehEntered="5"/>
    <interval begin="2130.00" end="2160.00" id="D7_1_0" nVehContrib="2" flow="240.00" occupancy="1.69" speed="19.78" harmonicMeanSpeed="19.77" length="5.00" nVehEntered="2"/>
    <interval begin="2160.00" end="2190.00" id="D7_1_0" nVehContrib="10" flow="1200.00" occupancy="8.64" speed="20.89" harmonicMeanSpeed="20.78" length="5.00" nVehEntered="11"/>
    <interval begin="2190.00" end="2220.00" id="D7_1_0" nVehContrib="4" flow="480.00" occupancy="2.51" speed="21.35" harmonicMeanSpeed="21.33" length="5.00" nVehEntered="3"/>
    <interval begin="2220.00" end="2250.00" id="D7_1_0" nVehContrib="2" flow="240.00" occupancy="1.70" speed="19.61" harmonicMeanSpeed="19.61" length="5.00" nVehEntered="2"/>
    <interval begin="2250.00" end="2280.00" id="D7_1_0" nVehContrib="11" flow="1320.00" occupancy="9.02" speed="20.39" harmonicMeanSpeed="20.31" length="5.00" nVehEntered="11"/>
    <interval begin="2280.00" end="2310.00" id="D7_1_0" nVehContrib="3" flow="360.00" occupancy="2.32" speed="21.60" harmonicMeanSpeed="21.59" length="5.00" nVehEntered="3"/>
    <interval begin="2310.00" end="2340.00" id="D7_1_0" nVehContrib="2" flow="240.00" occupancy="1.83" speed="18.27" harmonicMeanSpeed="18.26" length="5.00" nVehEntered="2"/>
    <interval begin="2340.00" end="2370.00" id="D7_1_0" nVehContrib="13" flow="1560.00" occupancy="10.46" speed="20.77" harmonicMeanSpeed="20.71" length="5.00" nVehEntered="13"/>
    <interval begin="2370.00" end="2400.00" id="D7_1_0" nVehContrib="1" flow="120.00" occupancy="0.78" speed="21.40" harmonicMeanSpeed="21.40" length="5.00" nVehEntered="1"/>
    <interval begin="2400.00" end="2430.00" id="D7_1_0" nVehContrib="2" flow="240.00" occupancy="1.67" speed="19.97" harmonicMeanSpeed="19.95" length="5.00" nVehEntered="2"/>
    <interval begin="2430.00" end="2460.00" id="D7_1_0" nVehContrib="13" flow="1560.00" occupancy="10.58" speed="20.56" harmonicMeanSpeed="20.49" length="5.00" nVehEntered="13"/>
    <interval begin="2460.00" end="2490.00" id="D7_1_0" nVehContrib="1" flow="120.00" occupancy="0.89" speed="18.78" harmonicMeanSpeed="18.78" length="5.00" nVehEntered="1"/>
    <interval begin="2490.00" end="2520.00" id="D7_1_0" nVehContrib="3" flow="360.00" occupancy="2.61" speed="19.22" harmonicMeanSpeed="19.17" length="5.00" nVehEntered="3"/>
    <interval begin="2520.00" end="2550.00" id="D7_1_0" nVehContrib="12" flow="1440.00" occupancy="9.43" speed="21.26" harmonicMeanSpeed="21.21" length="5.00" nVehEntered="12"/>
    <interval begin="2550.00" end="2580.00" id="D7_1_0" nVehContrib="0" flow="0.00" occupancy="0.00" speed="-1.00" harmonicMeanSpeed="-1.00" length="-1.00" nVehEntered="0"/>
    <interval begin="2580.00" end="2610.00" id="D7_1_0" nVehContrib="5" flow="600.00" occupancy="4.21" speed="19.87" harmonicMeanSpeed="19.82" length="5.00" nVehEntered="5"/>
    <interval begin="2610.00" end="2640.00" id="D7_1_0" nVehContrib="11" flow="1320.00" occupancy="8.65" speed="21.25" harmonicMeanSpeed="21.20" length="5.00" nVehEntered="11"/>
    <interval begin="2640.00" end="2670.00" id="D7_1_0" nVehContrib="0" flow="0.00" occupancy="0.00" speed="-1.00" harmonicMeanSpeed="-1.00" length="-1.00" nVehEntered="0"/>
    <interval begin="2670.00" end="2700.00" id="D7_1_0" nVehContrib="6" flow="720.00" occupancy="5.14" speed="19.47" harmonicMeanSpeed="19.46" length="5.00" nVehEntered="6"/>
    <interval begin="2700.00" end="2730.00" id="D7_1_0" nVehContrib="9" flow="1080.00" occupancy="6.99" speed="21.50" harmonicMeanSpeed="21.45" length="5.00" nVehEntered="9"/>
    <interval begin="2730.00" end="2760.00" id="D7_1_0" nVehContrib="0" flow="0.00" occupancy="0.00" speed="-1.00" harmonicMeanSpeed="-1.00" length="-1.00" nVehEntered="0"/>
    <interval begin="2760.00" end="2790.00" id="D7_1_0" nVehContrib="8" flow="960.00" occupancy="6.52" speed="20.51" harmonicMeanSpeed="20.46" length="5.00" nVehEntered="8"/>
    <interval begin="2790.00" end="2820.00" id="D7_1_0" nVehContrib="6" flow="720.00" occupancy="4.64" speed="21.58" harmonicMeanSpeed="21.57" length="5.00" nVehEntered="6"/>
    <interval begin="2820.00" end="2850.00" id="D7_1_0" nVehContrib="0" flow="0.00" occupancy="0.00" speed="-1.00" harmonicMeanSpeed="-1.00" length="-1.00" nVehEntered="0"/>
    <interval begin="2850.00" end="2880.00" id="D7_1_0" nVehContrib="9" flow="1080.00" occupancy="7.59" speed="19.86" harmonicMeanSpeed="19.75" length="5.00" nVehEntered="9"/>
    <interval begin="2880.00" end="2910.00" id="D7_1_0" nVehContrib="7" flow="840.00" occupancy="5.56" speed="21.02" harmonicMeanSpeed="20.98" length="5.00" nVehEntered="7"/>
    <interval begin="2910.00" end="2940.00" id="D7_1_0" nVehContrib="0" flow="0.00" occupancy="0.00" speed="-1.00" harmonicMeanSpeed="-1.00" length="-1.00" nVehEntered="0"/>
    <interval begin="2940.00" end="2970.00" id="D7_1_0" nVehContrib="10" flow="1200.00" occupancy="8.38" speed="20.00" harmonicMeanSpeed="19.89" length="5.00" nVehEntered="10"/>
    <interval begin="2970.00" end="3000.00" id="D7_1_0" nVehContrib="5" flow="600.00" occupancy="3.87" speed="21.58" harmonicMeanSpeed="21.56" length="5.00" nVehEntered="5"/>
    <interval begin="3000.00" end="3030.00" id="D7_1_0" nVehContrib="1" flow="120.00" occupancy="0.80" speed="20.84" harmonicMeanSpeed="20.84" length="5.00" nVehEntered="1"/>
    <interval begin="3030.00" end="3060.00" id="D7_1_0" nVehContrib="11" flow="1320.00" occupancy="8.98" speed="20.47" harmonicMeanSpeed="20.42" length="5.00" nVehEntered="11"/>
    <interval begin="3060.00" end="3090.00" id="D7_1_0" nVehContrib="3" flow="360.00" occupancy="2.47" speed="20.25" harmonicMeanSpeed="20.24" length="5.00" nVehEntered="3"/>
    <interval begin="3090.00" end="3120.00" id="D7_1_0" nVehContrib="1" flow="120.00" occupancy="0.79" speed="21.00" harmonicMeanSpeed="21.00" length="5.00" nVehEntered="1"/>
    <interval begin="3120.00" end="3150.00" id="D7_1_0" nVehContrib="12" flow="1440.00" occupancy="9.73" speed="20.60" harmonicMeanSpeed="20.55" length="5.00" nVehEntered="12"/>
    <interval begin="3150.00" end="3180.00" id="D7_1_0" nVehContrib="1" flow="120.00" occupancy="0.73" speed="22.76" harmonicMeanSpeed="22.76" length="5.00" nVehEntered="1"/>
    <interval begin="3180.00" end="3210.00" id="D7_1_0" nVehContrib="2" flow="240.00" occupancy="1.69" speed="19.75" harmonicMeanSpeed="19.75" length="5.00" nVehEntered="2"/>
    <interval begin="3210.00" end="3240.00" id="D7_1_0" nVehContrib="13" flow="1560.00" occupancy="10.36" speed="21.01" harmonicMeanSpeed="20.91" length="5.00" nVehEntered="13"/>
    <interval begin="3240.00" end="3270.00" id="D7_1_0" nVehContrib="1" flow="120.00" occupancy="0.78" speed="21.23" harmonicMeanSpeed="21.23" length="5.00" nVehEntered="1"/>
    <interval begin="3270.00" end="3300.00" id="D7_1_0" nVehContrib="2" flow="240.00" occupancy="1.78" speed="18.78" harmonicMeanSpeed="18.70" length="5.00" nVehEntered="2"/>
    <interval begin="3300.00" end="3330.00" id="D7_1_0" nVehContrib="12" flow="1440.00" occupancy="9.76" speed="20.52" harmonicMeanSpeed="20.49" length="5.00" nVehEntered="12"/>
    <interval begin="3330.00" end="3360.00" id="D7_1_0" nVehContrib="2" flow="240.00" occupancy="1.57" speed="21.30" harmonicMeanSpeed="21.29" length="5.00" nVehEntered="2"/>
    <interval begin="3360.00" end="3390.00" id="D7_1_0" nVehContrib="2" flow="240.00" occupancy="1.80" speed="19.06" harmonicMeanSpeed="19.00" length="5.00" nVehEntered="3"/>
    <interval begin="3390.00" end="3420.00" id="D7_1_0" nVehContrib="12" flow="1440.00" occupancy="9.35" speed="21.36" harmonicMeanSpeed="21.29" length="5.00" nVehEntered="11"/>
    <interval begin="3420.00" end="3450.00" id="D7_1_0" nVehContrib="1" flow="120.00" occupancy="0.88" speed="18.88" harmonicMeanSpeed="18.88" length="5.00" nVehEntered="1"/>
    <interval begin="3450.00" end="3480.00" id="D7_1_0" nVehContrib="4" flow="480.00" occupancy="3.38" speed="19.76" harmonicMeanSpeed="19.72" length="5.00" nVehEntered="4"/>
    <interval begin="3480.00" end="3510.00" id="D7_1_0" nVehContrib="11" flow="1320.00" occupancy="8.57" speed="21.44" harmonicMeanSpeed="21.39" length="5.00" nVehEntered="11"/>
    <interval begin="3510.00" end="3540.00" id="D7_1_0" nVehContrib="1" flow="120.00" occupancy="0.83" speed="20.12" harmonicMeanSpeed="20.12" length="5.00" nVehEntered="1"/>
    <interval begin="3540.00" end="3570.00" id="D7_1_0" nVehContrib="7" flow="840.00" occupancy="5.89" speed="19.87" harmonicMeanSpeed="19.80" length="5.00" nVehEntered="7"/>
    <interval begin="3570.00" end="3600.00" id="D7_1_0" nVehContrib="9" flow="1080.00" occupancy="7.11" speed="21.14" harmonicMeanSpeed="21.11" length="5.00" nVehEntered="9"/>
    <interval begin="3600.00" end="3630.00" id="D7_1_0" nVehContrib="0" flow="0.00" occupancy="0.00" speed="-1.00" harmonicMeanSpeed="-1.00" length="-1.00" nVehEntered="0"/>
    <interval begin="3630.00" end="3640.00" id="D7_1_0" nVehContrib="0" flow="0.00" occupancy="0.00" speed="-1.00" harmonicMeanSpeed="-1.00" length="-1.00" nVehEntered="0"/>
</detector>
