<?xml version="1.0" encoding="UTF-8"?>

<!-- generated on 01/24/20 13:57:31 by Eclipse SUMO GUI Version 1.3.1
<configuration xmlns:xsi="http://www.w3.org/2001/XMLSchema-instance" xsi:noNamespaceSchemaLocation="http://sumo.dlr.de/xsd/sumoConfiguration.xsd">

    <input>
        <net-file value="gnet.net.xml"/>
        <route-files value="grou.rou.xml"/>
        <additional-files value="gadd.additional.xml"/>
    </input>

    <output>
        <queue-output value="Queue.xml"/>
        <summary-output value="Summary.xml"/>
    </output>

    <time>
        <begin value="0"/>
        <end value="3600"/>
    </time>

    <processing>
        <time-to-teleport value="3600"/>
    </processing>

    <traci_server>
        <remote-port value="13929"/>
    </traci_server>

    <gui_only>
        <gui-settings-file value="gview.view.xml"/>
        <quit-on-end value="true"/>
        <start value="true"/>
    </gui_only>

</configuration>
-->

<detector xmlns:xsi="http://www.w3.org/2001/XMLSchema-instance" xsi:noNamespaceSchemaLocation="http://sumo.dlr.de/xsd/det_e1_file.xsd">
    <interval begin="0.00" end="30.00" id="D7_1_1" nVehContrib="0" flow="0.00" occupancy="0.00" speed="-1.00" harmonicMeanSpeed="-1.00" length="-1.00" nVehEntered="0"/>
    <interval begin="30.00" end="60.00" id="D7_1_1" nVehContrib="3" flow="360.00" occupancy="2.16" speed="23.12" harmonicMeanSpeed="23.11" length="5.00" nVehEntered="3"/>
    <interval begin="60.00" end="90.00" id="D7_1_1" nVehContrib="0" flow="0.00" occupancy="0.00" speed="-1.00" harmonicMeanSpeed="-1.00" length="-1.00" nVehEntered="0"/>
    <interval begin="90.00" end="120.00" id="D7_1_1" nVehContrib="12" flow="1440.00" occupancy="9.33" speed="21.45" harmonicMeanSpeed="21.43" length="5.00" nVehEntered="12"/>
    <interval begin="120.00" end="150.00" id="D7_1_1" nVehContrib="1" flow="120.00" occupancy="0.77" speed="21.67" harmonicMeanSpeed="21.67" length="5.00" nVehEntered="1"/>
    <interval begin="150.00" end="180.00" id="D7_1_1" nVehContrib="0" flow="0.00" occupancy="0.73" speed="-1.00" harmonicMeanSpeed="-1.00" length="-1.00" nVehEntered="1"/>
    <interval begin="180.00" end="210.00" id="D7_1_1" nVehContrib="13" flow="1560.00" occupancy="9.32" speed="21.60" harmonicMeanSpeed="21.55" length="5.00" nVehEntered="12"/>
    <interval begin="210.00" end="240.00" id="D7_1_1" nVehContrib="0" flow="0.00" occupancy="0.00" speed="-1.00" harmonicMeanSpeed="-1.00" length="-1.00" nVehEntered="0"/>
    <interval begin="240.00" end="270.00" id="D7_1_1" nVehContrib="4" flow="480.00" occupancy="3.21" speed="20.75" harmonicMeanSpeed="20.75" length="5.00" nVehEntered="4"/>
    <interval begin="270.00" end="300.00" id="D7_1_1" nVehContrib="9" flow="1080.00" occupancy="6.79" speed="22.12" harmonicMeanSpeed="22.09" length="5.00" nVehEntered="9"/>
    <interval begin="300.00" end="330.00" id="D7_1_1" nVehContrib="0" flow="0.00" occupancy="0.00" speed="-1.00" harmonicMeanSpeed="-1.00" length="-1.00" nVehEntered="0"/>
    <interval begin="330.00" end="360.00" id="D7_1_1" nVehContrib="5" flow="600.00" occupancy="4.08" speed="20.47" harmonicMeanSpeed="20.42" length="5.00" nVehEntered="5"/>
    <interval begin="360.00" end="390.00" id="D7_1_1" nVehContrib="8" flow="960.00" occupancy="6.14" speed="21.78" harmonicMeanSpeed="21.71" length="5.00" nVehEntered="8"/>
    <interval begin="390.00" end="420.00" id="D7_1_1" nVehContrib="0" flow="0.00" occupancy="0.00" speed="-1.00" harmonicMeanSpeed="-1.00" length="-1.00" nVehEntered="0"/>
    <interval begin="420.00" end="450.00" id="D7_1_1" nVehContrib="8" flow="960.00" occupancy="6.38" speed="20.96" harmonicMeanSpeed="20.91" length="5.00" nVehEntered="8"/>
    <interval begin="450.00" end="480.00" id="D7_1_1" nVehContrib="7" flow="840.00" occupancy="5.27" speed="22.14" harmonicMeanSpeed="22.13" length="5.00" nVehEntered="7"/>
    <interval begin="480.00" end="510.00" id="D7_1_1" nVehContrib="0" flow="0.00" occupancy="0.00" speed="-1.00" harmonicMeanSpeed="-1.00" length="-1.00" nVehEntered="0"/>
    <interval begin="510.00" end="540.00" id="D7_1_1" nVehContrib="8" flow="960.00" occupancy="6.53" speed="22.09" harmonicMeanSpeed="22.06" length="5.00" nVehEntered="9"/>
    <interval begin="540.00" end="570.00" id="D7_1_1" nVehContrib="3" flow="360.00" occupancy="1.78" speed="21.99" harmonicMeanSpeed="21.99" length="5.00" nVehEntered="2"/>
    <interval begin="570.00" end="600.00" id="D7_1_1" nVehContrib="0" flow="0.00" occupancy="0.00" speed="-1.00" harmonicMeanSpeed="-1.00" length="-1.00" nVehEntered="0"/>
    <interval begin="600.00" end="630.00" id="D7_1_1" nVehContrib="13" flow="1560.00" occupancy="10.17" speed="21.35" harmonicMeanSpeed="21.31" length="5.00" nVehEntered="13"/>
    <interval begin="630.00" end="660.00" id="D7_1_1" nVehContrib="0" flow="0.00" occupancy="0.00" speed="-1.00" harmonicMeanSpeed="-1.00" length="-1.00" nVehEntered="0"/>
    <interval begin="660.00" end="690.00" id="D7_1_1" nVehContrib="0" flow="0.00" occupancy="0.00" speed="-1.00" harmonicMeanSpeed="-1.00" length="-1.00" nVehEntered="0"/>
    <interval begin="690.00" end="720.00" id="D7_1_1" nVehContrib="12" flow="1440.00" occupancy="9.54" speed="21.06" harmonicMeanSpeed="20.96" length="5.00" nVehEntered="12"/>
    <interval begin="720.00" end="750.00" id="D7_1_1" nVehContrib="1" flow="120.00" occupancy="0.86" speed="19.46" harmonicMeanSpeed="19.46" length="5.00" nVehEntered="1"/>
    <interval begin="750.00" end="780.00" id="D7_1_1" nVehContrib="1" flow="120.00" occupancy="0.81" speed="20.62" harmonicMeanSpeed="20.62" length="5.00" nVehEntered="1"/>
    <interval begin="780.00" end="810.00" id="D7_1_1" nVehContrib="12" flow="1440.00" occupancy="9.20" speed="21.77" harmonicMeanSpeed="21.74" length="5.00" nVehEntered="12"/>
    <interval begin="810.00" end="840.00" id="D7_1_1" nVehContrib="0" flow="0.00" occupancy="0.00" speed="-1.00" harmonicMeanSpeed="-1.00" length="-1.00" nVehEntered="0"/>
    <interval begin="840.00" end="870.00" id="D7_1_1" nVehContrib="2" flow="240.00" occupancy="2.24" speed="20.36" harmonicMeanSpeed="20.31" length="5.00" nVehEntered="3"/>
    <interval begin="870.00" end="900.00" id="D7_1_1" nVehContrib="11" flow="1320.00" occupancy="7.82" speed="21.84" harmonicMeanSpeed="21.78" length="5.00" nVehEntered="10"/>
    <interval begin="900.00" end="930.00" id="D7_1_1" nVehContrib="0" flow="0.00" occupancy="0.00" speed="-1.00" harmonicMeanSpeed="-1.00" length="-1.00" nVehEntered="0"/>
    <interval begin="930.00" end="960.00" id="D7_1_1" nVehContrib="4" flow="480.00" occupancy="3.30" speed="20.21" harmonicMeanSpeed="20.19" length="5.00" nVehEntered="4"/>
    <interval begin="960.00" end="990.00" id="D7_1_1" nVehContrib="10" flow="1200.00" occupancy="7.81" speed="21.36" harmonicMeanSpeed="21.34" length="5.00" nVehEntered="10"/>
    <interval begin="990.00" end="1020.00" id="D7_1_1" nVehContrib="0" flow="0.00" occupancy="0.00" speed="-1.00" harmonicMeanSpeed="-1.00" length="-1.00" nVehEntered="0"/>
    <interval begin="1020.00" end="1050.00" id="D7_1_1" nVehContrib="5" flow="600.00" occupancy="3.89" speed="21.43" harmonicMeanSpeed="21.41" length="5.00" nVehEntered="5"/>
    <interval begin="1050.00" end="1080.00" id="D7_1_1" nVehContrib="8" flow="960.00" occupancy="6.27" speed="21.30" harmonicMeanSpeed="21.26" length="5.00" nVehEntered="8"/>
    <interval begin="1080.00" end="1110.00" id="D7_1_1" nVehContrib="0" flow="0.00" occupancy="0.00" speed="-1.00" harmonicMeanSpeed="-1.00" length="-1.00" nVehEntered="0"/>
    <interval begin="1110.00" end="1140.00" id="D7_1_1" nVehContrib="7" flow="840.00" occupancy="5.57" speed="21.01" harmonicMeanSpeed="20.94" length="5.00" nVehEntered="7"/>
    <interval begin="1140.00" end="1170.00" id="D7_1_1" nVehContrib="6" flow="720.00" occupancy="4.64" speed="21.58" harmonicMeanSpeed="21.54" length="5.00" nVehEntered="6"/>
    <interval begin="1170.00" end="1200.00" id="D7_1_1" nVehContrib="0" flow="0.00" occupancy="0.00" speed="-1.00" harmonicMeanSpeed="-1.00" length="-1.00" nVehEntered="0"/>
    <interval begin="1200.00" end="1230.00" id="D7_1_1" nVehContrib="8" flow="960.00" occupancy="7.09" speed="20.63" harmonicMeanSpeed="20.60" length="5.00" nVehEntered="9"/>
    <interval begin="1230.00" end="1260.00" id="D7_1_1" nVehContrib="6" flow="720.00" occupancy="3.95" speed="21.94" harmonicMeanSpeed="21.90" length="5.00" nVehEntered="5"/>
    <interval begin="1260.00" end="1290.00" id="D7_1_1" nVehContrib="0" flow="0.00" occupancy="0.00" speed="-1.00" harmonicMeanSpeed="-1.00" length="-1.00" nVehEntered="0"/>
    <interval begin="1290.00" end="1320.00" id="D7_1_1" nVehContrib="9" flow="1080.00" occupancy="7.43" speed="20.22" harmonicMeanSpeed="20.19" length="5.00" nVehEntered="9"/>
    <interval begin="1320.00" end="1350.00" id="D7_1_1" nVehContrib="4" flow="480.00" occupancy="3.07" speed="21.75" harmonicMeanSpeed="21.74" length="5.00" nVehEntered="4"/>
    <interval begin="1350.00" end="1380.00" id="D7_1_1" nVehContrib="0" flow="0.00" occupancy="0.00" speed="-1.00" harmonicMeanSpeed="-1.00" length="-1.00" nVehEntered="0"/>
    <interval begin="1380.00" end="1410.00" id="D7_1_1" nVehContrib="12" flow="1440.00" occupancy="9.34" speed="21.47" harmonicMeanSpeed="21.42" length="5.00" nVehEntered="12"/>
    <interval begin="1410.00" end="1440.00" id="D7_1_1" nVehContrib="3" flow="360.00" occupancy="2.37" speed="21.10" harmonicMeanSpeed="21.06" length="5.00" nVehEntered="3"/>
    <interval begin="1440.00" end="1470.00" id="D7_1_1" nVehContrib="0" flow="0.00" occupancy="0.00" speed="-1.00" harmonicMeanSpeed="-1.00" length="-1.00" nVehEntered="0"/>
    <interval begin="1470.00" end="1500.00" id="D7_1_1" nVehContrib="12" flow="1440.00" occupancy="9.33" speed="21.48" harmonicMeanSpeed="21.44" length="5.00" nVehEntered="12"/>
    <interval begin="1500.00" end="1530.00" id="D7_1_1" nVehContrib="2" flow="240.00" occupancy="1.60" speed="20.87" harmonicMeanSpeed="20.86" length="5.00" nVehEntered="2"/>
    <interval begin="1530.00" end="1560.00" id="D7_1_1" nVehContrib="0" flow="0.00" occupancy="0.00" speed="-1.00" harmonicMeanSpeed="-1.00" length="-1.00" nVehEntered="0"/>
    <interval begin="1560.00" end="1590.00" id="D7_1_1" nVehContrib="13" flow="1560.00" occupancy="10.22" speed="21.27" harmonicMeanSpeed="21.20" length="5.00" nVehEntered="13"/>
    <interval begin="1590.00" end="1620.00" id="D7_1_1" nVehContrib="1" flow="120.00" occupancy="0.76" speed="22.07" harmonicMeanSpeed="22.07" length="5.00" nVehEntered="1"/>
    <interval begin="1620.00" end="1650.00" id="D7_1_1" nVehContrib="1" flow="120.00" occupancy="0.83" speed="20.19" harmonicMeanSpeed="20.19" length="5.00" nVehEntered="1"/>
    <interval begin="1650.00" end="1680.00" id="D7_1_1" nVehContrib="14" flow="1680.00" occupancy="10.82" speed="21.62" harmonicMeanSpeed="21.57" length="5.00" nVehEntered="14"/>
    <interval begin="1680.00" end="1710.00" id="D7_1_1" nVehContrib="0" flow="0.00" occupancy="0.00" speed="-1.00" harmonicMeanSpeed="-1.00" length="-1.00" nVehEntered="0"/>
    <interval begin="1710.00" end="1740.00" id="D7_1_1" nVehContrib="3" flow="360.00" occupancy="2.44" speed="20.47" harmonicMeanSpeed="20.46" length="5.00" nVehEntered="3"/>
    <interval begin="1740.00" end="1770.00" id="D7_1_1" nVehContrib="9" flow="1080.00" occupancy="7.02" speed="21.38" harmonicMeanSpeed="21.36" length="5.00" nVehEntered="9"/>
    <interval begin="1770.00" end="1800.00" id="D7_1_1" nVehContrib="0" flow="0.00" occupancy="0.00" speed="-1.00" harmonicMeanSpeed="-1.00" length="-1.00" nVehEntered="0"/>
    <interval begin="1800.00" end="1830.00" id="D7_1_1" nVehContrib="4" flow="480.00" occupancy="3.22" speed="20.80" harmonicMeanSpeed="20.71" length="5.00" nVehEntered="4"/>
    <interval begin="1830.00" end="1860.00" id="D7_1_1" nVehContrib="9" flow="1080.00" occupancy="6.83" speed="22.03" harmonicMeanSpeed="21.97" length="5.00" nVehEntered="9"/>
    <interval begin="1860.00" end="1890.00" id="D7_1_1" nVehContrib="0" flow="0.00" occupancy="0.00" speed="-1.00" harmonicMeanSpeed="-1.00" length="-1.00" nVehEntered="0"/>
    <interval begin="1890.00" end="1920.00" id="D7_1_1" nVehContrib="6" flow="720.00" occupancy="4.77" speed="20.98" harmonicMeanSpeed="20.95" length="5.00" nVehEntered="6"/>
    <interval begin="1920.00" end="1950.00" id="D7_1_1" nVehContrib="8" flow="960.00" occupancy="6.29" speed="21.26" harmonicMeanSpeed="21.21" length="5.00" nVehEntered="8"/>
    <interval begin="1950.00" end="1980.00" id="D7_1_1" nVehContrib="0" flow="0.00" occupancy="0.00" speed="-1.00" harmonicMeanSpeed="-1.00" length="-1.00" nVehEntered="0"/>
    <interval begin="1980.00" end="2010.00" id="D7_1_1" nVehContrib="7" flow="840.00" occupancy="5.53" speed="21.16" harmonicMeanSpeed="21.11" length="5.00" nVehEntered="7"/>
    <interval begin="2010.00" end="2040.00" id="D7_1_1" nVehContrib="6" flow="720.00" occupancy="4.56" speed="21.95" harmonicMeanSpeed="21.91" length="5.00" nVehEntered="6"/>
    <interval begin="2040.00" end="2070.00" id="D7_1_1" nVehContrib="0" flow="0.00" occupancy="0.00" speed="-1.00" harmonicMeanSpeed="-1.00" length="-1.00" nVehEntered="0"/>
    <interval begin="2070.00" end="2100.00" id="D7_1_1" nVehContrib="9" flow="1080.00" occupancy="7.35" speed="20.45" harmonicMeanSpeed="20.40" length="5.00" nVehEntered="9"/>
    <interval begin="2100.00" end="2130.00" id="D7_1_1" nVehContrib="5" flow="600.00" occupancy="3.81" speed="21.87" harmonicMeanSpeed="21.86" length="5.00" nVehEntered="5"/>
    <interval begin="2130.00" end="2160.00" id="D7_1_1" nVehContrib="0" flow="0.00" occupancy="0.00" speed="-1.00" harmonicMeanSpeed="-1.00" length="-1.00" nVehEntered="0"/>
    <interval begin="2160.00" end="2190.00" id="D7_1_1" nVehContrib="9" flow="1080.00" occupancy="7.12" speed="21.13" harmonicMeanSpeed="21.08" length="5.00" nVehEntered="9"/>
    <interval begin="2190.00" end="2220.00" id="D7_1_1" nVehContrib="4" flow="480.00" occupancy="3.16" speed="21.14" harmonicMeanSpeed="21.13" length="5.00" nVehEntered="4"/>
    <interval begin="2220.00" end="2250.00" id="D7_1_1" nVehContrib="0" flow="0.00" occupancy="0.00" speed="-1.00" harmonicMeanSpeed="-1.00" length="-1.00" nVehEntered="0"/>
    <interval begin="2250.00" end="2280.00" id="D7_1_1" nVehContrib="11" flow="1320.00" occupancy="8.78" speed="20.95" harmonicMeanSpeed="20.88" length="5.00" nVehEntered="11"/>
    <interval begin="2280.00" end="2310.00" id="D7_1_1" nVehContrib="2" flow="240.00" occupancy="1.49" speed="22.46" harmonicMeanSpeed="22.44" length="5.00" nVehEntered="2"/>
    <interval begin="2310.00" end="2340.00" id="D7_1_1" nVehContrib="0" flow="0.00" occupancy="0.00" speed="-1.00" harmonicMeanSpeed="-1.00" length="-1.00" nVehEntered="0"/>
    <interval begin="2340.00" end="2370.00" id="D7_1_1" nVehContrib="10" flow="1200.00" occupancy="7.75" speed="21.55" harmonicMeanSpeed="21.51" length="5.00" nVehEntered="10"/>
    <interval begin="2370.00" end="2400.00" id="D7_1_1" nVehContrib="3" flow="360.00" occupancy="2.24" speed="22.35" harmonicMeanSpeed="22.31" length="5.00" nVehEntered="3"/>
    <interval begin="2400.00" end="2430.00" id="D7_1_1" nVehContrib="0" flow="0.00" occupancy="0.00" speed="-1.00" harmonicMeanSpeed="-1.00" length="-1.00" nVehEntered="0"/>
    <interval begin="2430.00" end="2460.00" id="D7_1_1" nVehContrib="13" flow="1560.00" occupancy="10.22" speed="21.25" harmonicMeanSpeed="21.20" length="5.00" nVehEntered="13"/>
    <interval begin="2460.00" end="2490.00" id="D7_1_1" nVehContrib="1" flow="120.00" occupancy="0.72" speed="23.18" harmonicMeanSpeed="23.18" length="5.00" nVehEntered="1"/>
    <interval begin="2490.00" end="2520.00" id="D7_1_1" nVehContrib="1" flow="120.00" occupancy="0.82" speed="20.40" harmonicMeanSpeed="20.40" length="5.00" nVehEntered="1"/>
    <interval begin="2520.00" end="2550.00" id="D7_1_1" nVehContrib="12" flow="1440.00" occupancy="9.33" speed="21.47" harmonicMeanSpeed="21.43" length="5.00" nVehEntered="12"/>
    <interval begin="2550.00" end="2580.00" id="D7_1_1" nVehContrib="0" flow="0.00" occupancy="0.00" speed="-1.00" harmonicMeanSpeed="-1.00" length="-1.00" nVehEntered="0"/>
    <interval begin="2580.00" end="2610.00" id="D7_1_1" nVehContrib="2" flow="240.00" occupancy="1.63" speed="20.46" harmonicMeanSpeed="20.45" length="5.00" nVehEntered="2"/>
    <interval begin="2610.00" end="2640.00" id="D7_1_1" nVehContrib="10" flow="1200.00" occupancy="7.64" speed="21.87" harmonicMeanSpeed="21.82" length="5.00" nVehEntered="10"/>
    <interval begin="2640.00" end="2670.00" id="D7_1_1" nVehContrib="0" flow="0.00" occupancy="0.00" speed="-1.00" harmonicMeanSpeed="-1.00" length="-1.00" nVehEntered="0"/>
    <interval begin="2670.00" end="2700.00" id="D7_1_1" nVehContrib="5" flow="600.00" occupancy="4.07" speed="20.52" harmonicMeanSpeed="20.49" length="5.00" nVehEntered="5"/>
    <interval begin="2700.00" end="2730.00" id="D7_1_1" nVehContrib="9" flow="1080.00" occupancy="6.91" speed="21.76" harmonicMeanSpeed="21.72" length="5.00" nVehEntered="9"/>
    <interval begin="2730.00" end="2760.00" id="D7_1_1" nVehContrib="0" flow="0.00" occupancy="0.00" speed="-1.00" harmonicMeanSpeed="-1.00" length="-1.00" nVehEntered="0"/>
    <interval begin="2760.00" end="2790.00" id="D7_1_1" nVehContrib="6" flow="720.00" occupancy="4.77" speed="20.98" harmonicMeanSpeed="20.97" length="5.00" nVehEntered="6"/>
    <interval begin="2790.00" end="2820.00" id="D7_1_1" nVehContrib="8" flow="960.00" occupancy="6.14" speed="21.80" harmonicMeanSpeed="21.73" length="5.00" nVehEntered="8"/>
    <interval begin="2820.00" end="2850.00" id="D7_1_1" nVehContrib="0" flow="0.00" occupancy="0.00" speed="-1.00" harmonicMeanSpeed="-1.00" length="-1.00" nVehEntered="0"/>
    <interval begin="2850.00" end="2880.00" id="D7_1_1" nVehContrib="8" flow="960.00" occupancy="6.44" speed="20.73" harmonicMeanSpeed="20.70" length="5.00" nVehEntered="8"/>
    <interval begin="2880.00" end="2910.00" id="D7_1_1" nVehContrib="5" flow="600.00" occupancy="3.90" speed="21.37" harmonicMeanSpeed="21.35" length="5.00" nVehEntered="5"/>
    <interval begin="2910.00" end="2940.00" id="D7_1_1" nVehContrib="0" flow="0.00" occupancy="0.00" speed="-1.00" harmonicMeanSpeed="-1.00" length="-1.00" nVehEntered="0"/>
    <interval begin="2940.00" end="2970.00" id="D7_1_1" nVehContrib="8" flow="960.00" occupancy="6.47" speed="20.68" harmonicMeanSpeed="20.60" length="5.00" nVehEntered="8"/>
    <interval begin="2970.00" end="3000.00" id="D7_1_1" nVehContrib="4" flow="480.00" occupancy="3.07" speed="21.77" harmonicMeanSpeed="21.71" length="5.00" nVehEntered="4"/>
    <interval begin="3000.00" end="3030.00" id="D7_1_1" nVehContrib="0" flow="0.00" occupancy="0.00" speed="-1.00" harmonicMeanSpeed="-1.00" length="-1.00" nVehEntered="0"/>
    <interval begin="3030.00" end="3060.00" id="D7_1_1" nVehContrib="10" flow="1200.00" occupancy="7.96" speed="21.00" harmonicMeanSpeed="20.95" length="5.00" nVehEntered="10"/>
    <interval begin="3060.00" end="3090.00" id="D7_1_1" nVehContrib="4" flow="480.00" occupancy="3.10" speed="21.55" harmonicMeanSpeed="21.53" length="5.00" nVehEntered="4"/>
    <interval begin="3090.00" end="3120.00" id="D7_1_1" nVehContrib="0" flow="0.00" occupancy="0.00" speed="-1.00" harmonicMeanSpeed="-1.00" length="-1.00" nVehEntered="0"/>
    <interval begin="3120.00" end="3150.00" id="D7_1_1" nVehContrib="11" flow="1320.00" occupancy="8.44" speed="21.73" harmonicMeanSpeed="21.72" length="5.00" nVehEntered="11"/>
    <interval begin="3150.00" end="3180.00" id="D7_1_1" nVehContrib="3" flow="360.00" occupancy="2.30" speed="21.74" harmonicMeanSpeed="21.73" length="5.00" nVehEntered="3"/>
    <interval begin="3180.00" end="3210.00" id="D7_1_1" nVehContrib="0" flow="0.00" occupancy="0.00" speed="-1.00" harmonicMeanSpeed="-1.00" length="-1.00" nVehEntered="0"/>
    <interval begin="3210.00" end="3240.00" id="D7_1_1" nVehContrib="12" flow="1440.00" occupancy="9.37" speed="21.39" harmonicMeanSpeed="21.34" length="5.00" nVehEntered="12"/>
    <interval begin="3240.00" end="3270.00" id="D7_1_1" nVehContrib="2" flow="240.00" occupancy="1.46" speed="22.88" harmonicMeanSpeed="22.88" length="5.00" nVehEntered="2"/>
    <interval begin="3270.00" end="3300.00" id="D7_1_1" nVehContrib="0" flow="0.00" occupancy="0.00" speed="-1.00" harmonicMeanSpeed="-1.00" length="-1.00" nVehEntered="0"/>
    <interval begin="3300.00" end="3330.00" id="D7_1_1" nVehContrib="11" flow="1320.00" occupancy="8.68" speed="21.78" harmonicMeanSpeed="21.71" length="5.00" nVehEntered="12"/>
    <interval begin="3330.00" end="3360.00" id="D7_1_1" nVehContrib="1" flow="120.00" occupancy="0.55" speed="21.40" harmonicMeanSpeed="21.40" length="5.00" nVehEntered="0"/>
    <interval begin="3360.00" end="3390.00" id="D7_1_1" nVehContrib="1" flow="120.00" occupancy="1.00" speed="20.76" harmonicMeanSpeed="20.76" length="5.00" nVehEntered="2"/>
    <interval begin="3390.00" end="3420.00" id="D7_1_1" nVehContrib="12" flow="1440.00" occupancy="9.04" speed="21.68" harmonicMeanSpeed="21.66" length="5.00" nVehEntered="11"/>
    <interval begin="3420.00" end="3450.00" id="D7_1_1" nVehContrib="0" flow="0.00" occupancy="0.00" speed="-1.00" harmonicMeanSpeed="-1.00" length="-1.00" nVehEntered="0"/>
    <interval begin="3450.00" end="3480.00" id="D7_1_1" nVehContrib="3" flow="360.00" occupancy="2.26" speed="22.13" harmonicMeanSpeed="22.10" length="5.00" nVehEntered="3"/>
    <interval begin="3480.00" end="3510.00" id="D7_1_1" nVehContrib="10" flow="1200.00" occupancy="7.52" speed="22.21" harmonicMeanSpeed="22.16" length="5.00" nVehEntered="10"/>
    <interval begin="3510.00" end="3540.00" id="D7_1_1" nVehContrib="0" flow="0.00" occupancy="0.00" speed="-1.00" harmonicMeanSpeed="-1.00" length="-1.00" nVehEntered="0"/>
    <interval begin="3540.00" end="3570.00" id="D7_1_1" nVehContrib="4" flow="480.00" occupancy="3.29" speed="20.28" harmonicMeanSpeed="20.26" length="5.00" nVehEntered="4"/>
    <interval begin="3570.00" end="3600.00" id="D7_1_1" nVehContrib="8" flow="960.00" occupancy="6.14" speed="21.76" harmonicMeanSpeed="21.71" length="5.00" nVehEntered="8"/>
    <interval begin="3600.00" end="3630.00" id="D7_1_1" nVehContrib="0" flow="0.00" occupancy="0.00" speed="-1.00" harmonicMeanSpeed="-1.00" length="-1.00" nVehEntered="0"/>
    <interval begin="3630.00" end="3640.00" id="D7_1_1" nVehContrib="0" flow="0.00" occupancy="0.00" speed="-1.00" harmonicMeanSpeed="-1.00" length="-1.00" nVehEntered="0"/>
</detector>
