<?xml version="1.0" encoding="UTF-8"?>

<!-- generated on 01/24/20 13:57:31 by Eclipse SUMO GUI Version 1.3.1
<configuration xmlns:xsi="http://www.w3.org/2001/XMLSchema-instance" xsi:noNamespaceSchemaLocation="http://sumo.dlr.de/xsd/sumoConfiguration.xsd">

    <input>
        <net-file value="gnet.net.xml"/>
        <route-files value="grou.rou.xml"/>
        <additional-files value="gadd.additional.xml"/>
    </input>

    <output>
        <queue-output value="Queue.xml"/>
        <summary-output value="Summary.xml"/>
    </output>

    <time>
        <begin value="0"/>
        <end value="3600"/>
    </time>

    <processing>
        <time-to-teleport value="3600"/>
    </processing>

    <traci_server>
        <remote-port value="13929"/>
    </traci_server>

    <gui_only>
        <gui-settings-file value="gview.view.xml"/>
        <quit-on-end value="true"/>
        <start value="true"/>
    </gui_only>

</configuration>
-->

<detector xmlns:xsi="http://www.w3.org/2001/XMLSchema-instance" xsi:noNamespaceSchemaLocation="http://sumo.dlr.de/xsd/det_e1_file.xsd">
    <interval begin="0.00" end="30.00" id="D8_1_2" nVehContrib="0" flow="0.00" occupancy="0.00" speed="-1.00" harmonicMeanSpeed="-1.00" length="-1.00" nVehEntered="0"/>
    <interval begin="30.00" end="60.00" id="D8_1_2" nVehContrib="1" flow="120.00" occupancy="4.62" speed="3.61" harmonicMeanSpeed="3.61" length="5.00" nVehEntered="1"/>
    <interval begin="60.00" end="90.00" id="D8_1_2" nVehContrib="0" flow="0.00" occupancy="0.00" speed="-1.00" harmonicMeanSpeed="-1.00" length="-1.00" nVehEntered="0"/>
    <interval begin="90.00" end="120.00" id="D8_1_2" nVehContrib="0" flow="0.00" occupancy="0.00" speed="-1.00" harmonicMeanSpeed="-1.00" length="-1.00" nVehEntered="0"/>
    <interval begin="120.00" end="150.00" id="D8_1_2" nVehContrib="3" flow="360.00" occupancy="9.42" speed="6.04" harmonicMeanSpeed="5.31" length="5.00" nVehEntered="3"/>
    <interval begin="150.00" end="180.00" id="D8_1_2" nVehContrib="0" flow="0.00" occupancy="0.00" speed="-1.00" harmonicMeanSpeed="-1.00" length="-1.00" nVehEntered="0"/>
    <interval begin="180.00" end="210.00" id="D8_1_2" nVehContrib="1" flow="120.00" occupancy="4.87" speed="3.42" harmonicMeanSpeed="3.42" length="5.00" nVehEntered="1"/>
    <interval begin="210.00" end="240.00" id="D8_1_2" nVehContrib="1" flow="120.00" occupancy="2.54" speed="6.57" harmonicMeanSpeed="6.57" length="5.00" nVehEntered="1"/>
    <interval begin="240.00" end="270.00" id="D8_1_2" nVehContrib="0" flow="0.00" occupancy="0.00" speed="-1.00" harmonicMeanSpeed="-1.00" length="-1.00" nVehEntered="0"/>
    <interval begin="270.00" end="300.00" id="D8_1_2" nVehContrib="3" flow="360.00" occupancy="9.52" speed="6.36" harmonicMeanSpeed="5.25" length="5.00" nVehEntered="3"/>
    <interval begin="300.00" end="330.00" id="D8_1_2" nVehContrib="0" flow="0.00" occupancy="0.00" speed="-1.00" harmonicMeanSpeed="-1.00" length="-1.00" nVehEntered="0"/>
    <interval begin="330.00" end="360.00" id="D8_1_2" nVehContrib="0" flow="0.00" occupancy="0.00" speed="-1.00" harmonicMeanSpeed="-1.00" length="-1.00" nVehEntered="0"/>
    <interval begin="360.00" end="390.00" id="D8_1_2" nVehContrib="2" flow="240.00" occupancy="7.90" speed="4.71" harmonicMeanSpeed="4.22" length="5.00" nVehEntered="2"/>
    <interval begin="390.00" end="420.00" id="D8_1_2" nVehContrib="0" flow="0.00" occupancy="0.00" speed="-1.00" harmonicMeanSpeed="-1.00" length="-1.00" nVehEntered="0"/>
    <interval begin="420.00" end="450.00" id="D8_1_2" nVehContrib="0" flow="0.00" occupancy="0.00" speed="-1.00" harmonicMeanSpeed="-1.00" length="-1.00" nVehEntered="0"/>
    <interval begin="450.00" end="480.00" id="D8_1_2" nVehContrib="3" flow="360.00" occupancy="9.85" speed="5.97" harmonicMeanSpeed="5.08" length="5.00" nVehEntered="3"/>
    <interval begin="480.00" end="510.00" id="D8_1_2" nVehContrib="0" flow="0.00" occupancy="0.00" speed="-1.00" harmonicMeanSpeed="-1.00" length="-1.00" nVehEntered="0"/>
    <interval begin="510.00" end="540.00" id="D8_1_2" nVehContrib="0" flow="0.00" occupancy="0.00" speed="-1.00" harmonicMeanSpeed="-1.00" length="-1.00" nVehEntered="0"/>
    <interval begin="540.00" end="570.00" id="D8_1_2" nVehContrib="2" flow="240.00" occupancy="7.67" speed="4.80" harmonicMeanSpeed="4.35" length="5.00" nVehEntered="2"/>
    <interval begin="570.00" end="600.00" id="D8_1_2" nVehContrib="0" flow="0.00" occupancy="0.00" speed="-1.00" harmonicMeanSpeed="-1.00" length="-1.00" nVehEntered="0"/>
    <interval begin="600.00" end="630.00" id="D8_1_2" nVehContrib="0" flow="0.00" occupancy="0.00" speed="-1.00" harmonicMeanSpeed="-1.00" length="-1.00" nVehEntered="0"/>
    <interval begin="630.00" end="660.00" id="D8_1_2" nVehContrib="3" flow="360.00" occupancy="9.69" speed="6.34" harmonicMeanSpeed="5.16" length="5.00" nVehEntered="3"/>
    <interval begin="660.00" end="690.00" id="D8_1_2" nVehContrib="0" flow="0.00" occupancy="0.00" speed="-1.00" harmonicMeanSpeed="-1.00" length="-1.00" nVehEntered="0"/>
    <interval begin="690.00" end="720.00" id="D8_1_2" nVehContrib="0" flow="0.00" occupancy="1.60" speed="-1.00" harmonicMeanSpeed="-1.00" length="-1.00" nVehEntered="1"/>
    <interval begin="720.00" end="750.00" id="D8_1_2" nVehContrib="2" flow="240.00" occupancy="5.57" speed="5.10" harmonicMeanSpeed="4.65" length="5.00" nVehEntered="1"/>
    <interval begin="750.00" end="780.00" id="D8_1_2" nVehContrib="0" flow="0.00" occupancy="0.00" speed="-1.00" harmonicMeanSpeed="-1.00" length="-1.00" nVehEntered="0"/>
    <interval begin="780.00" end="810.00" id="D8_1_2" nVehContrib="1" flow="120.00" occupancy="5.58" speed="3.60" harmonicMeanSpeed="3.60" length="5.00" nVehEntered="2"/>
    <interval begin="810.00" end="840.00" id="D8_1_2" nVehContrib="2" flow="240.00" occupancy="3.30" speed="7.95" harmonicMeanSpeed="7.82" length="5.00" nVehEntered="1"/>
    <interval begin="840.00" end="870.00" id="D8_1_2" nVehContrib="0" flow="0.00" occupancy="0.00" speed="-1.00" harmonicMeanSpeed="-1.00" length="-1.00" nVehEntered="0"/>
    <interval begin="870.00" end="900.00" id="D8_1_2" nVehContrib="2" flow="240.00" occupancy="7.76" speed="4.94" harmonicMeanSpeed="4.29" length="5.00" nVehEntered="2"/>
    <interval begin="900.00" end="930.00" id="D8_1_2" nVehContrib="0" flow="0.00" occupancy="0.00" speed="-1.00" harmonicMeanSpeed="-1.00" length="-1.00" nVehEntered="0"/>
    <interval begin="930.00" end="960.00" id="D8_1_2" nVehContrib="0" flow="0.00" occupancy="0.00" speed="-1.00" harmonicMeanSpeed="-1.00" length="-1.00" nVehEntered="0"/>
    <interval begin="960.00" end="990.00" id="D8_1_2" nVehContrib="3" flow="360.00" occupancy="9.97" speed="5.92" harmonicMeanSpeed="5.01" length="5.00" nVehEntered="3"/>
    <interval begin="990.00" end="1020.00" id="D8_1_2" nVehContrib="0" flow="0.00" occupancy="0.00" speed="-1.00" harmonicMeanSpeed="-1.00" length="-1.00" nVehEntered="0"/>
    <interval begin="1020.00" end="1050.00" id="D8_1_2" nVehContrib="0" flow="0.00" occupancy="0.00" speed="-1.00" harmonicMeanSpeed="-1.00" length="-1.00" nVehEntered="0"/>
    <interval begin="1050.00" end="1080.00" id="D8_1_2" nVehContrib="2" flow="240.00" occupancy="6.99" speed="5.11" harmonicMeanSpeed="4.77" length="5.00" nVehEntered="2"/>
    <interval begin="1080.00" end="1110.00" id="D8_1_2" nVehContrib="0" flow="0.00" occupancy="0.00" speed="-1.00" harmonicMeanSpeed="-1.00" length="-1.00" nVehEntered="0"/>
    <interval begin="1110.00" end="1140.00" id="D8_1_2" nVehContrib="0" flow="0.00" occupancy="0.00" speed="-1.00" harmonicMeanSpeed="-1.00" length="-1.00" nVehEntered="0"/>
    <interval begin="1140.00" end="1170.00" id="D8_1_2" nVehContrib="3" flow="360.00" occupancy="9.62" speed="6.41" harmonicMeanSpeed="5.20" length="5.00" nVehEntered="3"/>
    <interval begin="1170.00" end="1200.00" id="D8_1_2" nVehContrib="0" flow="0.00" occupancy="0.00" speed="-1.00" harmonicMeanSpeed="-1.00" length="-1.00" nVehEntered="0"/>
    <interval begin="1200.00" end="1230.00" id="D8_1_2" nVehContrib="0" flow="0.00" occupancy="0.00" speed="-1.00" harmonicMeanSpeed="-1.00" length="-1.00" nVehEntered="0"/>
    <interval begin="1230.00" end="1260.00" id="D8_1_2" nVehContrib="2" flow="240.00" occupancy="8.54" speed="4.29" harmonicMeanSpeed="3.90" length="5.00" nVehEntered="2"/>
    <interval begin="1260.00" end="1290.00" id="D8_1_2" nVehContrib="0" flow="0.00" occupancy="0.00" speed="-1.00" harmonicMeanSpeed="-1.00" length="-1.00" nVehEntered="0"/>
    <interval begin="1290.00" end="1320.00" id="D8_1_2" nVehContrib="0" flow="0.00" occupancy="0.00" speed="-1.00" harmonicMeanSpeed="-1.00" length="-1.00" nVehEntered="0"/>
    <interval begin="1320.00" end="1350.00" id="D8_1_2" nVehContrib="3" flow="360.00" occupancy="9.97" speed="5.81" harmonicMeanSpeed="5.01" length="5.00" nVehEntered="3"/>
    <interval begin="1350.00" end="1380.00" id="D8_1_2" nVehContrib="0" flow="0.00" occupancy="0.00" speed="-1.00" harmonicMeanSpeed="-1.00" length="-1.00" nVehEntered="0"/>
    <interval begin="1380.00" end="1410.00" id="D8_1_2" nVehContrib="0" flow="0.00" occupancy="0.00" speed="-1.00" harmonicMeanSpeed="-1.00" length="-1.00" nVehEntered="0"/>
    <interval begin="1410.00" end="1440.00" id="D8_1_2" nVehContrib="2" flow="240.00" occupancy="7.50" speed="4.78" harmonicMeanSpeed="4.45" length="5.00" nVehEntered="2"/>
    <interval begin="1440.00" end="1470.00" id="D8_1_2" nVehContrib="0" flow="0.00" occupancy="0.00" speed="-1.00" harmonicMeanSpeed="-1.00" length="-1.00" nVehEntered="0"/>
    <interval begin="1470.00" end="1500.00" id="D8_1_2" nVehContrib="0" flow="0.00" occupancy="0.00" speed="-1.00" harmonicMeanSpeed="-1.00" length="-1.00" nVehEntered="0"/>
    <interval begin="1500.00" end="1530.00" id="D8_1_2" nVehContrib="3" flow="360.00" occupancy="9.43" speed="6.05" harmonicMeanSpeed="5.30" length="5.00" nVehEntered="3"/>
    <interval begin="1530.00" end="1560.00" id="D8_1_2" nVehContrib="0" flow="0.00" occupancy="0.00" speed="-1.00" harmonicMeanSpeed="-1.00" length="-1.00" nVehEntered="0"/>
    <interval begin="1560.00" end="1590.00" id="D8_1_2" nVehContrib="0" flow="0.00" occupancy="1.41" speed="-1.00" harmonicMeanSpeed="-1.00" length="-1.00" nVehEntered="1"/>
    <interval begin="1590.00" end="1620.00" id="D8_1_2" nVehContrib="2" flow="240.00" occupancy="49.91" speed="4.50" harmonicMeanSpeed="4.17" length="5.00" nVehEntered="3"/>
    <interval begin="1620.00" end="1650.00" id="D8_1_2" nVehContrib="0" flow="0.00" occupancy="100.00" speed="-1.00" harmonicMeanSpeed="-1.00" length="-1.00" nVehEntered="0"/>
    <interval begin="1650.00" end="1680.00" id="D8_1_2" nVehContrib="1" flow="120.00" occupancy="93.49" speed="0.07" harmonicMeanSpeed="0.07" length="5.00" nVehEntered="1"/>
    <interval begin="1680.00" end="1710.00" id="D8_1_2" nVehContrib="2" flow="240.00" occupancy="3.01" speed="7.16" harmonicMeanSpeed="7.01" length="5.00" nVehEntered="1"/>
    <interval begin="1710.00" end="1740.00" id="D8_1_2" nVehContrib="0" flow="0.00" occupancy="0.00" speed="-1.00" harmonicMeanSpeed="-1.00" length="-1.00" nVehEntered="0"/>
    <interval begin="1740.00" end="1770.00" id="D8_1_2" nVehContrib="2" flow="240.00" occupancy="7.17" speed="5.11" harmonicMeanSpeed="4.65" length="5.00" nVehEntered="2"/>
    <interval begin="1770.00" end="1800.00" id="D8_1_2" nVehContrib="1" flow="120.00" occupancy="1.63" speed="10.21" harmonicMeanSpeed="10.21" length="5.00" nVehEntered="1"/>
    <interval begin="1800.00" end="1830.00" id="D8_1_2" nVehContrib="0" flow="0.00" occupancy="0.00" speed="-1.00" harmonicMeanSpeed="-1.00" length="-1.00" nVehEntered="0"/>
    <interval begin="1830.00" end="1860.00" id="D8_1_2" nVehContrib="2" flow="240.00" occupancy="7.54" speed="4.87" harmonicMeanSpeed="4.42" length="5.00" nVehEntered="2"/>
    <interval begin="1860.00" end="1890.00" id="D8_1_2" nVehContrib="0" flow="0.00" occupancy="0.00" speed="-1.00" harmonicMeanSpeed="-1.00" length="-1.00" nVehEntered="0"/>
    <interval begin="1890.00" end="1920.00" id="D8_1_2" nVehContrib="0" flow="0.00" occupancy="0.00" speed="-1.00" harmonicMeanSpeed="-1.00" length="-1.00" nVehEntered="0"/>
    <interval begin="1920.00" end="1950.00" id="D8_1_2" nVehContrib="2" flow="240.00" occupancy="7.66" speed="4.65" harmonicMeanSpeed="4.35" length="5.00" nVehEntered="2"/>
    <interval begin="1950.00" end="1980.00" id="D8_1_2" nVehContrib="1" flow="120.00" occupancy="1.96" speed="8.52" harmonicMeanSpeed="8.52" length="5.00" nVehEntered="1"/>
    <interval begin="1980.00" end="2010.00" id="D8_1_2" nVehContrib="0" flow="0.00" occupancy="0.00" speed="-1.00" harmonicMeanSpeed="-1.00" length="-1.00" nVehEntered="0"/>
    <interval begin="2010.00" end="2040.00" id="D8_1_2" nVehContrib="2" flow="240.00" occupancy="7.71" speed="4.94" harmonicMeanSpeed="4.32" length="5.00" nVehEntered="2"/>
    <interval begin="2040.00" end="2070.00" id="D8_1_2" nVehContrib="0" flow="0.00" occupancy="0.00" speed="-1.00" harmonicMeanSpeed="-1.00" length="-1.00" nVehEntered="0"/>
    <interval begin="2070.00" end="2100.00" id="D8_1_2" nVehContrib="0" flow="0.00" occupancy="0.00" speed="-1.00" harmonicMeanSpeed="-1.00" length="-1.00" nVehEntered="0"/>
    <interval begin="2100.00" end="2130.00" id="D8_1_2" nVehContrib="3" flow="360.00" occupancy="8.92" speed="7.00" harmonicMeanSpeed="5.61" length="5.00" nVehEntered="3"/>
    <interval begin="2130.00" end="2160.00" id="D8_1_2" nVehContrib="0" flow="0.00" occupancy="0.00" speed="-1.00" harmonicMeanSpeed="-1.00" length="-1.00" nVehEntered="0"/>
    <interval begin="2160.00" end="2190.00" id="D8_1_2" nVehContrib="0" flow="0.00" occupancy="0.00" speed="-1.00" harmonicMeanSpeed="-1.00" length="-1.00" nVehEntered="0"/>
    <interval begin="2190.00" end="2220.00" id="D8_1_2" nVehContrib="2" flow="240.00" occupancy="7.58" speed="5.13" harmonicMeanSpeed="4.40" length="5.00" nVehEntered="2"/>
    <interval begin="2220.00" end="2250.00" id="D8_1_2" nVehContrib="0" flow="0.00" occupancy="0.00" speed="-1.00" harmonicMeanSpeed="-1.00" length="-1.00" nVehEntered="0"/>
    <interval begin="2250.00" end="2280.00" id="D8_1_2" nVehContrib="0" flow="0.00" occupancy="0.00" speed="-1.00" harmonicMeanSpeed="-1.00" length="-1.00" nVehEntered="0"/>
    <interval begin="2280.00" end="2310.00" id="D8_1_2" nVehContrib="3" flow="360.00" occupancy="8.84" speed="6.89" harmonicMeanSpeed="5.65" length="5.00" nVehEntered="3"/>
    <interval begin="2310.00" end="2340.00" id="D8_1_2" nVehContrib="0" flow="0.00" occupancy="0.00" speed="-1.00" harmonicMeanSpeed="-1.00" length="-1.00" nVehEntered="0"/>
    <interval begin="2340.00" end="2370.00" id="D8_1_2" nVehContrib="0" flow="0.00" occupancy="0.00" speed="-1.00" harmonicMeanSpeed="-1.00" length="-1.00" nVehEntered="0"/>
    <interval begin="2370.00" end="2400.00" id="D8_1_2" nVehContrib="2" flow="240.00" occupancy="7.80" speed="4.81" harmonicMeanSpeed="4.28" length="5.00" nVehEntered="2"/>
    <interval begin="2400.00" end="2430.00" id="D8_1_2" nVehContrib="0" flow="0.00" occupancy="0.00" speed="-1.00" harmonicMeanSpeed="-1.00" length="-1.00" nVehEntered="0"/>
    <interval begin="2430.00" end="2460.00" id="D8_1_2" nVehContrib="0" flow="0.00" occupancy="1.62" speed="-1.00" harmonicMeanSpeed="-1.00" length="-1.00" nVehEntered="1"/>
    <interval begin="2460.00" end="2490.00" id="D8_1_2" nVehContrib="3" flow="360.00" occupancy="7.37" speed="6.41" harmonicMeanSpeed="5.56" length="5.00" nVehEntered="2"/>
    <interval begin="2490.00" end="2520.00" id="D8_1_2" nVehContrib="0" flow="0.00" occupancy="0.00" speed="-1.00" harmonicMeanSpeed="-1.00" length="-1.00" nVehEntered="0"/>
    <interval begin="2520.00" end="2550.00" id="D8_1_2" nVehContrib="1" flow="120.00" occupancy="5.45" speed="3.10" harmonicMeanSpeed="3.10" length="5.00" nVehEntered="2"/>
    <interval begin="2550.00" end="2580.00" id="D8_1_2" nVehContrib="1" flow="120.00" occupancy="2.62" speed="6.16" harmonicMeanSpeed="6.16" length="5.00" nVehEntered="0"/>
    <interval begin="2580.00" end="2610.00" id="D8_1_2" nVehContrib="0" flow="0.00" occupancy="0.00" speed="-1.00" harmonicMeanSpeed="-1.00" length="-1.00" nVehEntered="0"/>
    <interval begin="2610.00" end="2640.00" id="D8_1_2" nVehContrib="2" flow="240.00" occupancy="7.80" speed="4.83" harmonicMeanSpeed="4.28" length="5.00" nVehEntered="2"/>
    <interval begin="2640.00" end="2670.00" id="D8_1_2" nVehContrib="1" flow="120.00" occupancy="1.70" speed="9.83" harmonicMeanSpeed="9.83" length="5.00" nVehEntered="1"/>
    <interval begin="2670.00" end="2700.00" id="D8_1_2" nVehContrib="0" flow="0.00" occupancy="0.00" speed="-1.00" harmonicMeanSpeed="-1.00" length="-1.00" nVehEntered="0"/>
    <interval begin="2700.00" end="2730.00" id="D8_1_2" nVehContrib="2" flow="240.00" occupancy="7.04" speed="5.40" harmonicMeanSpeed="4.73" length="5.00" nVehEntered="2"/>
    <interval begin="2730.00" end="2760.00" id="D8_1_2" nVehContrib="0" flow="0.00" occupancy="0.00" speed="-1.00" harmonicMeanSpeed="-1.00" length="-1.00" nVehEntered="0"/>
    <interval begin="2760.00" end="2790.00" id="D8_1_2" nVehContrib="0" flow="0.00" occupancy="0.00" speed="-1.00" harmonicMeanSpeed="-1.00" length="-1.00" nVehEntered="0"/>
    <interval begin="2790.00" end="2820.00" id="D8_1_2" nVehContrib="3" flow="360.00" occupancy="9.25" speed="6.20" harmonicMeanSpeed="5.40" length="5.00" nVehEntered="3"/>
    <interval begin="2820.00" end="2850.00" id="D8_1_2" nVehContrib="0" flow="0.00" occupancy="0.00" speed="-1.00" harmonicMeanSpeed="-1.00" length="-1.00" nVehEntered="0"/>
    <interval begin="2850.00" end="2880.00" id="D8_1_2" nVehContrib="0" flow="0.00" occupancy="0.00" speed="-1.00" harmonicMeanSpeed="-1.00" length="-1.00" nVehEntered="0"/>
    <interval begin="2880.00" end="2910.00" id="D8_1_2" nVehContrib="2" flow="240.00" occupancy="7.90" speed="4.75" harmonicMeanSpeed="4.22" length="5.00" nVehEntered="2"/>
    <interval begin="2910.00" end="2940.00" id="D8_1_2" nVehContrib="0" flow="0.00" occupancy="93.33" speed="-1.00" harmonicMeanSpeed="-1.00" length="-1.00" nVehEntered="2"/>
    <interval begin="2940.00" end="2970.00" id="D8_1_2" nVehContrib="0" flow="0.00" occupancy="100.00" speed="-1.00" harmonicMeanSpeed="-1.00" length="-1.00" nVehEntered="0"/>
    <interval begin="2970.00" end="3000.00" id="D8_1_2" nVehContrib="3" flow="360.00" occupancy="47.51" speed="4.43" harmonicMeanSpeed="0.21" length="5.00" nVehEntered="2"/>
    <interval begin="3000.00" end="3030.00" id="D8_1_2" nVehContrib="0" flow="0.00" occupancy="0.00" speed="-1.00" harmonicMeanSpeed="-1.00" length="-1.00" nVehEntered="0"/>
    <interval begin="3030.00" end="3060.00" id="D8_1_2" nVehContrib="0" flow="0.00" occupancy="0.00" speed="-1.00" harmonicMeanSpeed="-1.00" length="-1.00" nVehEntered="0"/>
    <interval begin="3060.00" end="3090.00" id="D8_1_2" nVehContrib="3" flow="360.00" occupancy="8.75" speed="6.86" harmonicMeanSpeed="5.72" length="5.00" nVehEntered="3"/>
    <interval begin="3090.00" end="3120.00" id="D8_1_2" nVehContrib="0" flow="0.00" occupancy="0.00" speed="-1.00" harmonicMeanSpeed="-1.00" length="-1.00" nVehEntered="0"/>
    <interval begin="3120.00" end="3150.00" id="D8_1_2" nVehContrib="0" flow="0.00" occupancy="0.00" speed="-1.00" harmonicMeanSpeed="-1.00" length="-1.00" nVehEntered="0"/>
    <interval begin="3150.00" end="3180.00" id="D8_1_2" nVehContrib="2" flow="240.00" occupancy="7.48" speed="5.11" harmonicMeanSpeed="4.46" length="5.00" nVehEntered="2"/>
    <interval begin="3180.00" end="3210.00" id="D8_1_2" nVehContrib="0" flow="0.00" occupancy="0.00" speed="-1.00" harmonicMeanSpeed="-1.00" length="-1.00" nVehEntered="0"/>
    <interval begin="3210.00" end="3240.00" id="D8_1_2" nVehContrib="0" flow="0.00" occupancy="0.00" speed="-1.00" harmonicMeanSpeed="-1.00" length="-1.00" nVehEntered="0"/>
    <interval begin="3240.00" end="3270.00" id="D8_1_2" nVehContrib="3" flow="360.00" occupancy="9.21" speed="6.27" harmonicMeanSpeed="5.43" length="5.00" nVehEntered="3"/>
    <interval begin="3270.00" end="3300.00" id="D8_1_2" nVehContrib="0" flow="0.00" occupancy="0.00" speed="-1.00" harmonicMeanSpeed="-1.00" length="-1.00" nVehEntered="0"/>
    <interval begin="3300.00" end="3330.00" id="D8_1_2" nVehContrib="0" flow="0.00" occupancy="1.23" speed="-1.00" harmonicMeanSpeed="-1.00" length="-1.00" nVehEntered="1"/>
    <interval begin="3330.00" end="3360.00" id="D8_1_2" nVehContrib="2" flow="240.00" occupancy="7.39" speed="4.30" harmonicMeanSpeed="3.87" length="5.00" nVehEntered="1"/>
    <interval begin="3360.00" end="3390.00" id="D8_1_2" nVehContrib="0" flow="0.00" occupancy="0.00" speed="-1.00" harmonicMeanSpeed="-1.00" length="-1.00" nVehEntered="0"/>
    <interval begin="3390.00" end="3420.00" id="D8_1_2" nVehContrib="1" flow="120.00" occupancy="5.36" speed="3.42" harmonicMeanSpeed="3.42" length="5.00" nVehEntered="2"/>
    <interval begin="3420.00" end="3450.00" id="D8_1_2" nVehContrib="2" flow="240.00" occupancy="3.62" speed="8.36" harmonicMeanSpeed="8.13" length="5.00" nVehEntered="1"/>
    <interval begin="3450.00" end="3480.00" id="D8_1_2" nVehContrib="0" flow="0.00" occupancy="0.00" speed="-1.00" harmonicMeanSpeed="-1.00" length="-1.00" nVehEntered="0"/>
    <interval begin="3480.00" end="3510.00" id="D8_1_2" nVehContrib="2" flow="240.00" occupancy="7.41" speed="4.91" harmonicMeanSpeed="4.50" length="5.00" nVehEntered="2"/>
    <interval begin="3510.00" end="3540.00" id="D8_1_2" nVehContrib="0" flow="0.00" occupancy="0.00" speed="-1.00" harmonicMeanSpeed="-1.00" length="-1.00" nVehEntered="0"/>
    <interval begin="3540.00" end="3570.00" id="D8_1_2" nVehContrib="0" flow="0.00" occupancy="0.00" speed="-1.00" harmonicMeanSpeed="-1.00" length="-1.00" nVehEntered="0"/>
    <interval begin="3570.00" end="3600.00" id="D8_1_2" nVehContrib="2" flow="240.00" occupancy="7.62" speed="4.85" harmonicMeanSpeed="4.37" length="5.00" nVehEntered="2"/>
    <interval begin="3600.00" end="3630.00" id="D8_1_2" nVehContrib="1" flow="120.00" occupancy="1.56" speed="10.68" harmonicMeanSpeed="10.68" length="5.00" nVehEntered="1"/>
    <interval begin="3630.00" end="3640.00" id="D8_1_2" nVehContrib="0" flow="0.00" occupancy="0.00" speed="-1.00" harmonicMeanSpeed="-1.00" length="-1.00" nVehEntered="0"/>
</detector>
