<?xml version="1.0" encoding="UTF-8"?>

<!-- generated on 01/24/20 13:57:31 by Eclipse SUMO GUI Version 1.3.1
<configuration xmlns:xsi="http://www.w3.org/2001/XMLSchema-instance" xsi:noNamespaceSchemaLocation="http://sumo.dlr.de/xsd/sumoConfiguration.xsd">

    <input>
        <net-file value="gnet.net.xml"/>
        <route-files value="grou.rou.xml"/>
        <additional-files value="gadd.additional.xml"/>
    </input>

    <output>
        <queue-output value="Queue.xml"/>
        <summary-output value="Summary.xml"/>
    </output>

    <time>
        <begin value="0"/>
        <end value="3600"/>
    </time>

    <processing>
        <time-to-teleport value="3600"/>
    </processing>

    <traci_server>
        <remote-port value="13929"/>
    </traci_server>

    <gui_only>
        <gui-settings-file value="gview.view.xml"/>
        <quit-on-end value="true"/>
        <start value="true"/>
    </gui_only>

</configuration>
-->

<detector xmlns:xsi="http://www.w3.org/2001/XMLSchema-instance" xsi:noNamespaceSchemaLocation="http://sumo.dlr.de/xsd/det_e1_file.xsd">
    <interval begin="0.00" end="30.00" id="D8_1_1" nVehContrib="0" flow="0.00" occupancy="0.00" speed="-1.00" harmonicMeanSpeed="-1.00" length="-1.00" nVehEntered="0"/>
    <interval begin="30.00" end="60.00" id="D8_1_1" nVehContrib="0" flow="0.00" occupancy="0.00" speed="-1.00" harmonicMeanSpeed="-1.00" length="-1.00" nVehEntered="0"/>
    <interval begin="60.00" end="90.00" id="D8_1_1" nVehContrib="2" flow="240.00" occupancy="7.30" speed="5.02" harmonicMeanSpeed="4.57" length="5.00" nVehEntered="2"/>
    <interval begin="90.00" end="120.00" id="D8_1_1" nVehContrib="13" flow="1560.00" occupancy="15.53" speed="14.57" harmonicMeanSpeed="13.95" length="5.00" nVehEntered="13"/>
    <interval begin="120.00" end="150.00" id="D8_1_1" nVehContrib="0" flow="0.00" occupancy="0.00" speed="-1.00" harmonicMeanSpeed="-1.00" length="-1.00" nVehEntered="0"/>
    <interval begin="150.00" end="180.00" id="D8_1_1" nVehContrib="4" flow="480.00" occupancy="11.07" speed="7.07" harmonicMeanSpeed="6.02" length="5.00" nVehEntered="4"/>
    <interval begin="180.00" end="210.00" id="D8_1_1" nVehContrib="11" flow="1320.00" occupancy="12.82" speed="14.61" harmonicMeanSpeed="14.30" length="5.00" nVehEntered="11"/>
    <interval begin="210.00" end="240.00" id="D8_1_1" nVehContrib="0" flow="0.00" occupancy="0.00" speed="-1.00" harmonicMeanSpeed="-1.00" length="-1.00" nVehEntered="0"/>
    <interval begin="240.00" end="270.00" id="D8_1_1" nVehContrib="7" flow="840.00" occupancy="16.06" speed="9.05" harmonicMeanSpeed="7.26" length="5.00" nVehEntered="7"/>
    <interval begin="270.00" end="300.00" id="D8_1_1" nVehContrib="6" flow="720.00" occupancy="6.39" speed="15.73" harmonicMeanSpeed="15.66" length="5.00" nVehEntered="6"/>
    <interval begin="300.00" end="330.00" id="D8_1_1" nVehContrib="0" flow="0.00" occupancy="0.00" speed="-1.00" harmonicMeanSpeed="-1.00" length="-1.00" nVehEntered="0"/>
    <interval begin="330.00" end="360.00" id="D8_1_1" nVehContrib="9" flow="1080.00" occupancy="18.10" speed="10.22" harmonicMeanSpeed="8.29" length="5.00" nVehEntered="9"/>
    <interval begin="360.00" end="390.00" id="D8_1_1" nVehContrib="4" flow="480.00" occupancy="4.12" speed="16.48" harmonicMeanSpeed="16.18" length="5.00" nVehEntered="4"/>
    <interval begin="390.00" end="420.00" id="D8_1_1" nVehContrib="0" flow="0.00" occupancy="0.00" speed="-1.00" harmonicMeanSpeed="-1.00" length="-1.00" nVehEntered="0"/>
    <interval begin="420.00" end="450.00" id="D8_1_1" nVehContrib="12" flow="1440.00" occupancy="21.45" speed="11.51" harmonicMeanSpeed="9.32" length="5.00" nVehEntered="12"/>
    <interval begin="450.00" end="480.00" id="D8_1_1" nVehContrib="1" flow="120.00" occupancy="0.95" speed="17.52" harmonicMeanSpeed="17.52" length="5.00" nVehEntered="1"/>
    <interval begin="480.00" end="510.00" id="D8_1_1" nVehContrib="0" flow="0.00" occupancy="0.00" speed="-1.00" harmonicMeanSpeed="-1.00" length="-1.00" nVehEntered="0"/>
    <interval begin="510.00" end="540.00" id="D8_1_1" nVehContrib="12" flow="1440.00" occupancy="20.14" speed="12.22" harmonicMeanSpeed="9.93" length="5.00" nVehEntered="12"/>
    <interval begin="540.00" end="570.00" id="D8_1_1" nVehContrib="1" flow="120.00" occupancy="0.80" speed="20.86" harmonicMeanSpeed="20.86" length="5.00" nVehEntered="1"/>
    <interval begin="570.00" end="600.00" id="D8_1_1" nVehContrib="2" flow="240.00" occupancy="7.20" speed="4.88" harmonicMeanSpeed="4.63" length="5.00" nVehEntered="2"/>
    <interval begin="600.00" end="630.00" id="D8_1_1" nVehContrib="12" flow="1440.00" occupancy="15.79" speed="13.55" harmonicMeanSpeed="12.67" length="5.00" nVehEntered="12"/>
    <interval begin="630.00" end="660.00" id="D8_1_1" nVehContrib="0" flow="0.00" occupancy="0.00" speed="-1.00" harmonicMeanSpeed="-1.00" length="-1.00" nVehEntered="0"/>
    <interval begin="660.00" end="690.00" id="D8_1_1" nVehContrib="3" flow="360.00" occupancy="10.12" speed="5.62" harmonicMeanSpeed="4.94" length="5.00" nVehEntered="3"/>
    <interval begin="690.00" end="720.00" id="D8_1_1" nVehContrib="9" flow="1080.00" occupancy="11.76" speed="13.37" harmonicMeanSpeed="12.76" length="5.00" nVehEntered="9"/>
    <interval begin="720.00" end="750.00" id="D8_1_1" nVehContrib="0" flow="0.00" occupancy="0.00" speed="-1.00" harmonicMeanSpeed="-1.00" length="-1.00" nVehEntered="0"/>
    <interval begin="750.00" end="780.00" id="D8_1_1" nVehContrib="5" flow="600.00" occupancy="13.39" speed="7.18" harmonicMeanSpeed="6.22" length="5.00" nVehEntered="5"/>
    <interval begin="780.00" end="810.00" id="D8_1_1" nVehContrib="8" flow="960.00" occupancy="9.20" speed="14.88" harmonicMeanSpeed="14.50" length="5.00" nVehEntered="8"/>
    <interval begin="810.00" end="840.00" id="D8_1_1" nVehContrib="0" flow="0.00" occupancy="0.00" speed="-1.00" harmonicMeanSpeed="-1.00" length="-1.00" nVehEntered="0"/>
    <interval begin="840.00" end="870.00" id="D8_1_1" nVehContrib="6" flow="720.00" occupancy="14.24" speed="8.50" harmonicMeanSpeed="7.02" length="5.00" nVehEntered="6"/>
    <interval begin="870.00" end="900.00" id="D8_1_1" nVehContrib="9" flow="1080.00" occupancy="10.04" speed="15.20" harmonicMeanSpeed="14.94" length="5.00" nVehEntered="9"/>
    <interval begin="900.00" end="930.00" id="D8_1_1" nVehContrib="0" flow="0.00" occupancy="0.00" speed="-1.00" harmonicMeanSpeed="-1.00" length="-1.00" nVehEntered="0"/>
    <interval begin="930.00" end="960.00" id="D8_1_1" nVehContrib="8" flow="960.00" occupancy="16.74" speed="9.89" harmonicMeanSpeed="7.97" length="5.00" nVehEntered="8"/>
    <interval begin="960.00" end="990.00" id="D8_1_1" nVehContrib="7" flow="840.00" occupancy="7.10" speed="16.65" harmonicMeanSpeed="16.43" length="5.00" nVehEntered="7"/>
    <interval begin="990.00" end="1020.00" id="D8_1_1" nVehContrib="0" flow="0.00" occupancy="0.00" speed="-1.00" harmonicMeanSpeed="-1.00" length="-1.00" nVehEntered="0"/>
    <interval begin="1020.00" end="1050.00" id="D8_1_1" nVehContrib="9" flow="1080.00" occupancy="19.00" speed="9.59" harmonicMeanSpeed="7.90" length="5.00" nVehEntered="9"/>
    <interval begin="1050.00" end="1080.00" id="D8_1_1" nVehContrib="5" flow="600.00" occupancy="5.23" speed="16.19" harmonicMeanSpeed="15.93" length="5.00" nVehEntered="5"/>
    <interval begin="1080.00" end="1110.00" id="D8_1_1" nVehContrib="0" flow="0.00" occupancy="0.00" speed="-1.00" harmonicMeanSpeed="-1.00" length="-1.00" nVehEntered="0"/>
    <interval begin="1110.00" end="1140.00" id="D8_1_1" nVehContrib="11" flow="1320.00" occupancy="19.06" speed="11.63" harmonicMeanSpeed="9.62" length="5.00" nVehEntered="11"/>
    <interval begin="1140.00" end="1170.00" id="D8_1_1" nVehContrib="5" flow="600.00" occupancy="5.24" speed="16.03" harmonicMeanSpeed="15.89" length="5.00" nVehEntered="5"/>
    <interval begin="1170.00" end="1200.00" id="D8_1_1" nVehContrib="0" flow="0.00" occupancy="0.00" speed="-1.00" harmonicMeanSpeed="-1.00" length="-1.00" nVehEntered="0"/>
    <interval begin="1200.00" end="1230.00" id="D8_1_1" nVehContrib="13" flow="1560.00" occupancy="21.20" speed="12.25" harmonicMeanSpeed="10.22" length="5.00" nVehEntered="13"/>
    <interval begin="1230.00" end="1260.00" id="D8_1_1" nVehContrib="3" flow="360.00" occupancy="2.74" speed="18.24" harmonicMeanSpeed="18.23" length="5.00" nVehEntered="3"/>
    <interval begin="1260.00" end="1290.00" id="D8_1_1" nVehContrib="0" flow="0.00" occupancy="0.00" speed="-1.00" harmonicMeanSpeed="-1.00" length="-1.00" nVehEntered="0"/>
    <interval begin="1290.00" end="1320.00" id="D8_1_1" nVehContrib="14" flow="1680.00" occupancy="23.48" speed="12.11" harmonicMeanSpeed="9.94" length="5.00" nVehEntered="14"/>
    <interval begin="1320.00" end="1350.00" id="D8_1_1" nVehContrib="0" flow="0.00" occupancy="0.00" speed="-1.00" harmonicMeanSpeed="-1.00" length="-1.00" nVehEntered="0"/>
    <interval begin="1350.00" end="1380.00" id="D8_1_1" nVehContrib="1" flow="120.00" occupancy="4.77" speed="3.50" harmonicMeanSpeed="3.50" length="5.00" nVehEntered="1"/>
    <interval begin="1380.00" end="1410.00" id="D8_1_1" nVehContrib="12" flow="1440.00" occupancy="17.12" speed="12.75" harmonicMeanSpeed="11.68" length="5.00" nVehEntered="12"/>
    <interval begin="1410.00" end="1440.00" id="D8_1_1" nVehContrib="0" flow="0.00" occupancy="0.00" speed="-1.00" harmonicMeanSpeed="-1.00" length="-1.00" nVehEntered="0"/>
    <interval begin="1440.00" end="1470.00" id="D8_1_1" nVehContrib="2" flow="240.00" occupancy="7.61" speed="4.76" harmonicMeanSpeed="4.38" length="5.00" nVehEntered="2"/>
    <interval begin="1470.00" end="1500.00" id="D8_1_1" nVehContrib="12" flow="1440.00" occupancy="15.86" speed="13.57" harmonicMeanSpeed="12.61" length="5.00" nVehEntered="12"/>
    <interval begin="1500.00" end="1530.00" id="D8_1_1" nVehContrib="0" flow="0.00" occupancy="0.00" speed="-1.00" harmonicMeanSpeed="-1.00" length="-1.00" nVehEntered="0"/>
    <interval begin="1530.00" end="1560.00" id="D8_1_1" nVehContrib="3" flow="360.00" occupancy="9.95" speed="5.77" harmonicMeanSpeed="5.03" length="5.00" nVehEntered="3"/>
    <interval begin="1560.00" end="1590.00" id="D8_1_1" nVehContrib="9" flow="1080.00" occupancy="11.69" speed="13.33" harmonicMeanSpeed="12.83" length="5.00" nVehEntered="9"/>
    <interval begin="1590.00" end="1620.00" id="D8_1_1" nVehContrib="0" flow="0.00" occupancy="0.00" speed="-1.00" harmonicMeanSpeed="-1.00" length="-1.00" nVehEntered="0"/>
    <interval begin="1620.00" end="1650.00" id="D8_1_1" nVehContrib="4" flow="480.00" occupancy="13.41" speed="6.45" harmonicMeanSpeed="5.34" length="5.00" nVehEntered="5"/>
    <interval begin="1650.00" end="1680.00" id="D8_1_1" nVehContrib="12" flow="1440.00" occupancy="12.56" speed="15.19" harmonicMeanSpeed="14.82" length="5.00" nVehEntered="11"/>
    <interval begin="1680.00" end="1710.00" id="D8_1_1" nVehContrib="0" flow="0.00" occupancy="0.00" speed="-1.00" harmonicMeanSpeed="-1.00" length="-1.00" nVehEntered="0"/>
    <interval begin="1710.00" end="1740.00" id="D8_1_1" nVehContrib="6" flow="720.00" occupancy="15.79" speed="7.78" harmonicMeanSpeed="6.33" length="5.00" nVehEntered="6"/>
    <interval begin="1740.00" end="1770.00" id="D8_1_1" nVehContrib="7" flow="840.00" occupancy="7.65" speed="15.38" harmonicMeanSpeed="15.25" length="5.00" nVehEntered="7"/>
    <interval begin="1770.00" end="1800.00" id="D8_1_1" nVehContrib="0" flow="0.00" occupancy="0.00" speed="-1.00" harmonicMeanSpeed="-1.00" length="-1.00" nVehEntered="0"/>
    <interval begin="1800.00" end="1830.00" id="D8_1_1" nVehContrib="7" flow="840.00" occupancy="16.11" speed="9.04" harmonicMeanSpeed="7.24" length="5.00" nVehEntered="7"/>
    <interval begin="1830.00" end="1860.00" id="D8_1_1" nVehContrib="8" flow="960.00" occupancy="8.51" speed="15.87" harmonicMeanSpeed="15.67" length="5.00" nVehEntered="8"/>
    <interval begin="1860.00" end="1890.00" id="D8_1_1" nVehContrib="0" flow="0.00" occupancy="0.00" speed="-1.00" harmonicMeanSpeed="-1.00" length="-1.00" nVehEntered="0"/>
    <interval begin="1890.00" end="1920.00" id="D8_1_1" nVehContrib="10" flow="1200.00" occupancy="18.40" speed="11.08" harmonicMeanSpeed="9.06" length="5.00" nVehEntered="10"/>
    <interval begin="1920.00" end="1950.00" id="D8_1_1" nVehContrib="4" flow="480.00" occupancy="4.49" speed="14.97" harmonicMeanSpeed="14.83" length="5.00" nVehEntered="4"/>
    <interval begin="1950.00" end="1980.00" id="D8_1_1" nVehContrib="0" flow="0.00" occupancy="0.00" speed="-1.00" harmonicMeanSpeed="-1.00" length="-1.00" nVehEntered="0"/>
    <interval begin="1980.00" end="2010.00" id="D8_1_1" nVehContrib="12" flow="1440.00" occupancy="20.54" speed="12.13" harmonicMeanSpeed="9.74" length="5.00" nVehEntered="12"/>
    <interval begin="2010.00" end="2040.00" id="D8_1_1" nVehContrib="3" flow="360.00" occupancy="3.19" speed="16.02" harmonicMeanSpeed="15.69" length="5.00" nVehEntered="3"/>
    <interval begin="2040.00" end="2070.00" id="D8_1_1" nVehContrib="0" flow="0.00" occupancy="0.00" speed="-1.00" harmonicMeanSpeed="-1.00" length="-1.00" nVehEntered="0"/>
    <interval begin="2070.00" end="2100.00" id="D8_1_1" nVehContrib="12" flow="1440.00" occupancy="20.25" speed="12.24" harmonicMeanSpeed="9.88" length="5.00" nVehEntered="12"/>
    <interval begin="2100.00" end="2130.00" id="D8_1_1" nVehContrib="2" flow="240.00" occupancy="2.05" speed="16.46" harmonicMeanSpeed="16.27" length="5.00" nVehEntered="2"/>
    <interval begin="2130.00" end="2160.00" id="D8_1_1" nVehContrib="0" flow="0.00" occupancy="0.00" speed="-1.00" harmonicMeanSpeed="-1.00" length="-1.00" nVehEntered="0"/>
    <interval begin="2160.00" end="2190.00" id="D8_1_1" nVehContrib="14" flow="1680.00" occupancy="23.13" speed="12.05" harmonicMeanSpeed="10.09" length="5.00" nVehEntered="14"/>
    <interval begin="2190.00" end="2220.00" id="D8_1_1" nVehContrib="0" flow="0.00" occupancy="0.00" speed="-1.00" harmonicMeanSpeed="-1.00" length="-1.00" nVehEntered="0"/>
    <interval begin="2220.00" end="2250.00" id="D8_1_1" nVehContrib="0" flow="0.00" occupancy="4.73" speed="-1.00" harmonicMeanSpeed="-1.00" length="-1.00" nVehEntered="1"/>
    <interval begin="2250.00" end="2280.00" id="D8_1_1" nVehContrib="15" flow="1800.00" occupancy="19.69" speed="12.35" harmonicMeanSpeed="10.24" length="5.00" nVehEntered="14"/>
    <interval begin="2280.00" end="2310.00" id="D8_1_1" nVehContrib="0" flow="0.00" occupancy="0.00" speed="-1.00" harmonicMeanSpeed="-1.00" length="-1.00" nVehEntered="0"/>
    <interval begin="2310.00" end="2340.00" id="D8_1_1" nVehContrib="1" flow="120.00" occupancy="5.35" speed="3.11" harmonicMeanSpeed="3.11" length="5.00" nVehEntered="1"/>
    <interval begin="2340.00" end="2370.00" id="D8_1_1" nVehContrib="14" flow="1680.00" occupancy="19.24" speed="13.11" harmonicMeanSpeed="12.12" length="5.00" nVehEntered="14"/>
    <interval begin="2370.00" end="2400.00" id="D8_1_1" nVehContrib="1" flow="120.00" occupancy="1.21" speed="13.79" harmonicMeanSpeed="13.79" length="5.00" nVehEntered="1"/>
    <interval begin="2400.00" end="2430.00" id="D8_1_1" nVehContrib="3" flow="360.00" occupancy="9.41" speed="6.08" harmonicMeanSpeed="5.31" length="5.00" nVehEntered="3"/>
    <interval begin="2430.00" end="2460.00" id="D8_1_1" nVehContrib="10" flow="1200.00" occupancy="12.56" speed="13.69" harmonicMeanSpeed="13.27" length="5.00" nVehEntered="10"/>
    <interval begin="2460.00" end="2490.00" id="D8_1_1" nVehContrib="0" flow="0.00" occupancy="0.00" speed="-1.00" harmonicMeanSpeed="-1.00" length="-1.00" nVehEntered="0"/>
    <interval begin="2490.00" end="2520.00" id="D8_1_1" nVehContrib="5" flow="600.00" occupancy="12.26" speed="7.97" harmonicMeanSpeed="6.80" length="5.00" nVehEntered="5"/>
    <interval begin="2520.00" end="2550.00" id="D8_1_1" nVehContrib="9" flow="1080.00" occupancy="9.97" speed="15.30" harmonicMeanSpeed="15.05" length="5.00" nVehEntered="9"/>
    <interval begin="2550.00" end="2580.00" id="D8_1_1" nVehContrib="0" flow="0.00" occupancy="0.00" speed="-1.00" harmonicMeanSpeed="-1.00" length="-1.00" nVehEntered="0"/>
    <interval begin="2580.00" end="2610.00" id="D8_1_1" nVehContrib="6" flow="720.00" occupancy="14.36" speed="8.24" harmonicMeanSpeed="7.02" length="5.00" nVehEntered="7"/>
    <interval begin="2610.00" end="2640.00" id="D8_1_1" nVehContrib="10" flow="1200.00" occupancy="10.60" speed="15.71" harmonicMeanSpeed="15.56" length="5.00" nVehEntered="9"/>
    <interval begin="2640.00" end="2670.00" id="D8_1_1" nVehContrib="0" flow="0.00" occupancy="0.00" speed="-1.00" harmonicMeanSpeed="-1.00" length="-1.00" nVehEntered="0"/>
    <interval begin="2670.00" end="2700.00" id="D8_1_1" nVehContrib="8" flow="960.00" occupancy="17.66" speed="9.22" harmonicMeanSpeed="7.55" length="5.00" nVehEntered="8"/>
    <interval begin="2700.00" end="2730.00" id="D8_1_1" nVehContrib="7" flow="840.00" occupancy="7.53" speed="15.58" harmonicMeanSpeed="15.49" length="5.00" nVehEntered="7"/>
    <interval begin="2730.00" end="2760.00" id="D8_1_1" nVehContrib="0" flow="0.00" occupancy="0.00" speed="-1.00" harmonicMeanSpeed="-1.00" length="-1.00" nVehEntered="0"/>
    <interval begin="2760.00" end="2790.00" id="D8_1_1" nVehContrib="10" flow="1200.00" occupancy="18.88" speed="10.46" harmonicMeanSpeed="8.83" length="5.00" nVehEntered="10"/>
    <interval begin="2790.00" end="2820.00" id="D8_1_1" nVehContrib="4" flow="480.00" occupancy="4.11" speed="16.26" harmonicMeanSpeed="16.22" length="5.00" nVehEntered="4"/>
    <interval begin="2820.00" end="2850.00" id="D8_1_1" nVehContrib="0" flow="0.00" occupancy="0.00" speed="-1.00" harmonicMeanSpeed="-1.00" length="-1.00" nVehEntered="0"/>
    <interval begin="2850.00" end="2880.00" id="D8_1_1" nVehContrib="11" flow="1320.00" occupancy="20.84" speed="11.05" harmonicMeanSpeed="8.80" length="5.00" nVehEntered="11"/>
    <interval begin="2880.00" end="2910.00" id="D8_1_1" nVehContrib="4" flow="480.00" occupancy="4.08" speed="16.42" harmonicMeanSpeed="16.36" length="5.00" nVehEntered="4"/>
    <interval begin="2910.00" end="2940.00" id="D8_1_1" nVehContrib="0" flow="0.00" occupancy="0.00" speed="-1.00" harmonicMeanSpeed="-1.00" length="-1.00" nVehEntered="0"/>
    <interval begin="2940.00" end="2970.00" id="D8_1_1" nVehContrib="12" flow="1440.00" occupancy="21.67" speed="11.72" harmonicMeanSpeed="9.54" length="5.00" nVehEntered="13"/>
    <interval begin="2970.00" end="3000.00" id="D8_1_1" nVehContrib="2" flow="240.00" occupancy="1.15" speed="17.86" harmonicMeanSpeed="17.84" length="5.00" nVehEntered="1"/>
    <interval begin="3000.00" end="3030.00" id="D8_1_1" nVehContrib="0" flow="0.00" occupancy="0.00" speed="-1.00" harmonicMeanSpeed="-1.00" length="-1.00" nVehEntered="0"/>
    <interval begin="3030.00" end="3060.00" id="D8_1_1" nVehContrib="12" flow="1440.00" occupancy="20.66" speed="11.59" harmonicMeanSpeed="9.68" length="5.00" nVehEntered="12"/>
    <interval begin="3060.00" end="3090.00" id="D8_1_1" nVehContrib="2" flow="240.00" occupancy="2.14" speed="15.72" harmonicMeanSpeed="15.57" length="5.00" nVehEntered="2"/>
    <interval begin="3090.00" end="3120.00" id="D8_1_1" nVehContrib="1" flow="120.00" occupancy="4.82" speed="3.46" harmonicMeanSpeed="3.46" length="5.00" nVehEntered="1"/>
    <interval begin="3120.00" end="3150.00" id="D8_1_1" nVehContrib="14" flow="1680.00" occupancy="18.90" speed="13.33" harmonicMeanSpeed="12.34" length="5.00" nVehEntered="14"/>
    <interval begin="3150.00" end="3180.00" id="D8_1_1" nVehContrib="0" flow="0.00" occupancy="0.00" speed="-1.00" harmonicMeanSpeed="-1.00" length="-1.00" nVehEntered="0"/>
    <interval begin="3180.00" end="3210.00" id="D8_1_1" nVehContrib="2" flow="240.00" occupancy="7.61" speed="4.93" harmonicMeanSpeed="4.38" length="5.00" nVehEntered="2"/>
    <interval begin="3210.00" end="3240.00" id="D8_1_1" nVehContrib="13" flow="1560.00" occupancy="16.15" speed="14.12" harmonicMeanSpeed="13.42" length="5.00" nVehEntered="13"/>
    <interval begin="3240.00" end="3270.00" id="D8_1_1" nVehContrib="0" flow="0.00" occupancy="0.00" speed="-1.00" harmonicMeanSpeed="-1.00" length="-1.00" nVehEntered="0"/>
    <interval begin="3270.00" end="3300.00" id="D8_1_1" nVehContrib="3" flow="360.00" occupancy="10.02" speed="5.63" harmonicMeanSpeed="4.99" length="5.00" nVehEntered="3"/>
    <interval begin="3300.00" end="3330.00" id="D8_1_1" nVehContrib="12" flow="1440.00" occupancy="13.96" speed="14.98" harmonicMeanSpeed="14.33" length="5.00" nVehEntered="12"/>
    <interval begin="3330.00" end="3360.00" id="D8_1_1" nVehContrib="0" flow="0.00" occupancy="0.00" speed="-1.00" harmonicMeanSpeed="-1.00" length="-1.00" nVehEntered="0"/>
    <interval begin="3360.00" end="3390.00" id="D8_1_1" nVehContrib="4" flow="480.00" occupancy="12.98" speed="6.94" harmonicMeanSpeed="5.71" length="5.00" nVehEntered="5"/>
    <interval begin="3390.00" end="3420.00" id="D8_1_1" nVehContrib="10" flow="1200.00" occupancy="10.31" speed="14.68" harmonicMeanSpeed="14.33" length="5.00" nVehEntered="9"/>
    <interval begin="3420.00" end="3450.00" id="D8_1_1" nVehContrib="0" flow="0.00" occupancy="0.00" speed="-1.00" harmonicMeanSpeed="-1.00" length="-1.00" nVehEntered="0"/>
    <interval begin="3450.00" end="3480.00" id="D8_1_1" nVehContrib="6" flow="720.00" occupancy="14.36" speed="8.35" harmonicMeanSpeed="6.96" length="5.00" nVehEntered="6"/>
    <interval begin="3480.00" end="3510.00" id="D8_1_1" nVehContrib="8" flow="960.00" occupancy="8.79" speed="15.45" harmonicMeanSpeed="15.17" length="5.00" nVehEntered="8"/>
    <interval begin="3510.00" end="3540.00" id="D8_1_1" nVehContrib="0" flow="0.00" occupancy="0.00" speed="-1.00" harmonicMeanSpeed="-1.00" length="-1.00" nVehEntered="0"/>
    <interval begin="3540.00" end="3570.00" id="D8_1_1" nVehContrib="8" flow="960.00" occupancy="16.57" speed="9.21" harmonicMeanSpeed="8.05" length="5.00" nVehEntered="8"/>
    <interval begin="3570.00" end="3600.00" id="D8_1_1" nVehContrib="7" flow="840.00" occupancy="7.00" speed="16.80" harmonicMeanSpeed="16.66" length="5.00" nVehEntered="7"/>
    <interval begin="3600.00" end="3630.00" id="D8_1_1" nVehContrib="0" flow="0.00" occupancy="0.00" speed="-1.00" harmonicMeanSpeed="-1.00" length="-1.00" nVehEntered="0"/>
    <interval begin="3630.00" end="3640.00" id="D8_1_1" nVehContrib="0" flow="0.00" occupancy="0.00" speed="-1.00" harmonicMeanSpeed="-1.00" length="-1.00" nVehEntered="0"/>
</detector>
