<?xml version="1.0" encoding="UTF-8"?>

<!-- generated on 01/24/20 13:57:31 by Eclipse SUMO GUI Version 1.3.1
<configuration xmlns:xsi="http://www.w3.org/2001/XMLSchema-instance" xsi:noNamespaceSchemaLocation="http://sumo.dlr.de/xsd/sumoConfiguration.xsd">

    <input>
        <net-file value="gnet.net.xml"/>
        <route-files value="grou.rou.xml"/>
        <additional-files value="gadd.additional.xml"/>
    </input>

    <output>
        <queue-output value="Queue.xml"/>
        <summary-output value="Summary.xml"/>
    </output>

    <time>
        <begin value="0"/>
        <end value="3600"/>
    </time>

    <processing>
        <time-to-teleport value="3600"/>
    </processing>

    <traci_server>
        <remote-port value="13929"/>
    </traci_server>

    <gui_only>
        <gui-settings-file value="gview.view.xml"/>
        <quit-on-end value="true"/>
        <start value="true"/>
    </gui_only>

</configuration>
-->

<detector xmlns:xsi="http://www.w3.org/2001/XMLSchema-instance" xsi:noNamespaceSchemaLocation="http://sumo.dlr.de/xsd/det_e1_file.xsd">
    <interval begin="0.00" end="30.00" id="D8_1_0" nVehContrib="3" flow="360.00" occupancy="1.46" speed="34.33" harmonicMeanSpeed="34.32" length="5.00" nVehEntered="3"/>
    <interval begin="30.00" end="60.00" id="D8_1_0" nVehContrib="2" flow="240.00" occupancy="0.92" speed="36.21" harmonicMeanSpeed="36.21" length="5.00" nVehEntered="2"/>
    <interval begin="60.00" end="90.00" id="D8_1_0" nVehContrib="2" flow="240.00" occupancy="7.71" speed="5.13" harmonicMeanSpeed="4.32" length="5.00" nVehEntered="2"/>
    <interval begin="90.00" end="120.00" id="D8_1_0" nVehContrib="8" flow="960.00" occupancy="10.43" speed="13.78" harmonicMeanSpeed="12.86" length="5.00" nVehEntered="9"/>
    <interval begin="120.00" end="150.00" id="D8_1_0" nVehContrib="1" flow="120.00" occupancy="0.65" speed="23.38" harmonicMeanSpeed="23.38" length="5.00" nVehEntered="0"/>
    <interval begin="150.00" end="180.00" id="D8_1_0" nVehContrib="4" flow="480.00" occupancy="11.40" speed="7.05" harmonicMeanSpeed="5.85" length="5.00" nVehEntered="4"/>
    <interval begin="180.00" end="210.00" id="D8_1_0" nVehContrib="5" flow="600.00" occupancy="6.34" speed="13.28" harmonicMeanSpeed="13.14" length="5.00" nVehEntered="5"/>
    <interval begin="210.00" end="240.00" id="D8_1_0" nVehContrib="0" flow="0.00" occupancy="0.00" speed="-1.00" harmonicMeanSpeed="-1.00" length="-1.00" nVehEntered="0"/>
    <interval begin="240.00" end="270.00" id="D8_1_0" nVehContrib="6" flow="720.00" occupancy="17.46" speed="7.90" harmonicMeanSpeed="6.00" length="5.00" nVehEntered="7"/>
    <interval begin="270.00" end="300.00" id="D8_1_0" nVehContrib="9" flow="1080.00" occupancy="7.75" speed="19.25" harmonicMeanSpeed="17.54" length="5.00" nVehEntered="8"/>
    <interval begin="300.00" end="330.00" id="D8_1_0" nVehContrib="0" flow="0.00" occupancy="0.00" speed="-1.00" harmonicMeanSpeed="-1.00" length="-1.00" nVehEntered="0"/>
    <interval begin="330.00" end="360.00" id="D8_1_0" nVehContrib="10" flow="1200.00" occupancy="18.06" speed="11.19" harmonicMeanSpeed="9.23" length="5.00" nVehEntered="10"/>
    <interval begin="360.00" end="390.00" id="D8_1_0" nVehContrib="1" flow="120.00" occupancy="0.86" speed="19.30" harmonicMeanSpeed="19.30" length="5.00" nVehEntered="1"/>
    <interval begin="390.00" end="420.00" id="D8_1_0" nVehContrib="0" flow="0.00" occupancy="0.00" speed="-1.00" harmonicMeanSpeed="-1.00" length="-1.00" nVehEntered="0"/>
    <interval begin="420.00" end="450.00" id="D8_1_0" nVehContrib="10" flow="1200.00" occupancy="24.45" speed="9.93" harmonicMeanSpeed="6.82" length="5.00" nVehEntered="10"/>
    <interval begin="450.00" end="480.00" id="D8_1_0" nVehContrib="4" flow="480.00" occupancy="2.49" speed="27.21" harmonicMeanSpeed="26.78" length="5.00" nVehEntered="4"/>
    <interval begin="480.00" end="510.00" id="D8_1_0" nVehContrib="0" flow="0.00" occupancy="0.00" speed="-1.00" harmonicMeanSpeed="-1.00" length="-1.00" nVehEntered="0"/>
    <interval begin="510.00" end="540.00" id="D8_1_0" nVehContrib="11" flow="1320.00" occupancy="25.22" speed="10.50" harmonicMeanSpeed="7.27" length="5.00" nVehEntered="11"/>
    <interval begin="540.00" end="570.00" id="D8_1_0" nVehContrib="1" flow="120.00" occupancy="0.64" speed="26.09" harmonicMeanSpeed="26.09" length="5.00" nVehEntered="1"/>
    <interval begin="570.00" end="600.00" id="D8_1_0" nVehContrib="1" flow="120.00" occupancy="10.20" speed="1.63" harmonicMeanSpeed="1.63" length="5.00" nVehEntered="1"/>
    <interval begin="600.00" end="630.00" id="D8_1_0" nVehContrib="11" flow="1320.00" occupancy="16.97" speed="13.53" harmonicMeanSpeed="10.81" length="5.00" nVehEntered="11"/>
    <interval begin="630.00" end="660.00" id="D8_1_0" nVehContrib="1" flow="120.00" occupancy="0.50" speed="33.45" harmonicMeanSpeed="33.45" length="5.00" nVehEntered="1"/>
    <interval begin="660.00" end="690.00" id="D8_1_0" nVehContrib="3" flow="360.00" occupancy="9.67" speed="6.13" harmonicMeanSpeed="5.17" length="5.00" nVehEntered="3"/>
    <interval begin="690.00" end="720.00" id="D8_1_0" nVehContrib="10" flow="1200.00" occupancy="10.59" speed="19.04" harmonicMeanSpeed="15.74" length="5.00" nVehEntered="10"/>
    <interval begin="720.00" end="750.00" id="D8_1_0" nVehContrib="0" flow="0.00" occupancy="0.00" speed="-1.00" harmonicMeanSpeed="-1.00" length="-1.00" nVehEntered="0"/>
    <interval begin="750.00" end="780.00" id="D8_1_0" nVehContrib="5" flow="600.00" occupancy="12.97" speed="7.52" harmonicMeanSpeed="6.42" length="5.00" nVehEntered="5"/>
    <interval begin="780.00" end="810.00" id="D8_1_0" nVehContrib="9" flow="1080.00" occupancy="9.27" speed="18.05" harmonicMeanSpeed="16.18" length="5.00" nVehEntered="9"/>
    <interval begin="810.00" end="840.00" id="D8_1_0" nVehContrib="0" flow="0.00" occupancy="0.00" speed="-1.00" harmonicMeanSpeed="-1.00" length="-1.00" nVehEntered="0"/>
    <interval begin="840.00" end="870.00" id="D8_1_0" nVehContrib="6" flow="720.00" occupancy="14.10" speed="8.47" harmonicMeanSpeed="7.09" length="5.00" nVehEntered="6"/>
    <interval begin="870.00" end="900.00" id="D8_1_0" nVehContrib="5" flow="600.00" occupancy="4.79" speed="19.28" harmonicMeanSpeed="17.41" length="5.00" nVehEntered="5"/>
    <interval begin="900.00" end="930.00" id="D8_1_0" nVehContrib="0" flow="0.00" occupancy="0.00" speed="-1.00" harmonicMeanSpeed="-1.00" length="-1.00" nVehEntered="0"/>
    <interval begin="930.00" end="960.00" id="D8_1_0" nVehContrib="8" flow="960.00" occupancy="17.10" speed="9.43" harmonicMeanSpeed="7.80" length="5.00" nVehEntered="8"/>
    <interval begin="960.00" end="990.00" id="D8_1_0" nVehContrib="2" flow="240.00" occupancy="2.07" speed="16.10" harmonicMeanSpeed="16.10" length="5.00" nVehEntered="2"/>
    <interval begin="990.00" end="1020.00" id="D8_1_0" nVehContrib="0" flow="0.00" occupancy="0.00" speed="-1.00" harmonicMeanSpeed="-1.00" length="-1.00" nVehEntered="0"/>
    <interval begin="1020.00" end="1050.00" id="D8_1_0" nVehContrib="8" flow="960.00" occupancy="19.82" speed="8.43" harmonicMeanSpeed="6.73" length="5.00" nVehEntered="8"/>
    <interval begin="1050.00" end="1080.00" id="D8_1_0" nVehContrib="5" flow="600.00" occupancy="4.35" speed="19.38" harmonicMeanSpeed="19.18" length="5.00" nVehEntered="5"/>
    <interval begin="1080.00" end="1110.00" id="D8_1_0" nVehContrib="0" flow="0.00" occupancy="0.00" speed="-1.00" harmonicMeanSpeed="-1.00" length="-1.00" nVehEntered="0"/>
    <interval begin="1110.00" end="1140.00" id="D8_1_0" nVehContrib="10" flow="1200.00" occupancy="18.64" speed="11.14" harmonicMeanSpeed="8.94" length="5.00" nVehEntered="10"/>
    <interval begin="1140.00" end="1170.00" id="D8_1_0" nVehContrib="1" flow="120.00" occupancy="0.84" speed="19.86" harmonicMeanSpeed="19.86" length="5.00" nVehEntered="1"/>
    <interval begin="1170.00" end="1200.00" id="D8_1_0" nVehContrib="0" flow="0.00" occupancy="0.00" speed="-1.00" harmonicMeanSpeed="-1.00" length="-1.00" nVehEntered="0"/>
    <interval begin="1200.00" end="1230.00" id="D8_1_0" nVehContrib="9" flow="1080.00" occupancy="17.89" speed="10.51" harmonicMeanSpeed="8.38" length="5.00" nVehEntered="9"/>
    <interval begin="1230.00" end="1260.00" id="D8_1_0" nVehContrib="0" flow="0.00" occupancy="0.00" speed="-1.00" harmonicMeanSpeed="-1.00" length="-1.00" nVehEntered="0"/>
    <interval begin="1260.00" end="1290.00" id="D8_1_0" nVehContrib="0" flow="0.00" occupancy="0.00" speed="-1.00" harmonicMeanSpeed="-1.00" length="-1.00" nVehEntered="0"/>
    <interval begin="1290.00" end="1320.00" id="D8_1_0" nVehContrib="11" flow="1320.00" occupancy="20.05" speed="11.36" harmonicMeanSpeed="9.14" length="5.00" nVehEntered="11"/>
    <interval begin="1320.00" end="1350.00" id="D8_1_0" nVehContrib="3" flow="360.00" occupancy="1.96" speed="26.12" harmonicMeanSpeed="25.49" length="5.00" nVehEntered="3"/>
    <interval begin="1350.00" end="1380.00" id="D8_1_0" nVehContrib="1" flow="120.00" occupancy="4.54" speed="3.67" harmonicMeanSpeed="3.67" length="5.00" nVehEntered="1"/>
    <interval begin="1380.00" end="1410.00" id="D8_1_0" nVehContrib="10" flow="1200.00" occupancy="15.28" speed="12.51" harmonicMeanSpeed="10.91" length="5.00" nVehEntered="10"/>
    <interval begin="1410.00" end="1440.00" id="D8_1_0" nVehContrib="2" flow="240.00" occupancy="1.21" speed="27.57" harmonicMeanSpeed="27.54" length="5.00" nVehEntered="2"/>
    <interval begin="1440.00" end="1470.00" id="D8_1_0" nVehContrib="2" flow="240.00" occupancy="7.19" speed="4.97" harmonicMeanSpeed="4.63" length="5.00" nVehEntered="2"/>
    <interval begin="1470.00" end="1500.00" id="D8_1_0" nVehContrib="10" flow="1200.00" occupancy="13.28" speed="14.06" harmonicMeanSpeed="12.55" length="5.00" nVehEntered="10"/>
    <interval begin="1500.00" end="1530.00" id="D8_1_0" nVehContrib="1" flow="120.00" occupancy="0.62" speed="26.70" harmonicMeanSpeed="26.70" length="5.00" nVehEntered="1"/>
    <interval begin="1530.00" end="1560.00" id="D8_1_0" nVehContrib="3" flow="360.00" occupancy="9.42" speed="5.91" harmonicMeanSpeed="5.31" length="5.00" nVehEntered="3"/>
    <interval begin="1560.00" end="1590.00" id="D8_1_0" nVehContrib="11" flow="1320.00" occupancy="12.13" speed="18.30" harmonicMeanSpeed="15.12" length="5.00" nVehEntered="11"/>
    <interval begin="1590.00" end="1620.00" id="D8_1_0" nVehContrib="0" flow="0.00" occupancy="0.00" speed="-1.00" harmonicMeanSpeed="-1.00" length="-1.00" nVehEntered="0"/>
    <interval begin="1620.00" end="1650.00" id="D8_1_0" nVehContrib="4" flow="480.00" occupancy="12.16" speed="7.22" harmonicMeanSpeed="5.99" length="5.00" nVehEntered="5"/>
    <interval begin="1650.00" end="1680.00" id="D8_1_0" nVehContrib="6" flow="720.00" occupancy="6.66" speed="13.38" harmonicMeanSpeed="13.02" length="5.00" nVehEntered="5"/>
    <interval begin="1680.00" end="1710.00" id="D8_1_0" nVehContrib="0" flow="0.00" occupancy="0.00" speed="-1.00" harmonicMeanSpeed="-1.00" length="-1.00" nVehEntered="0"/>
    <interval begin="1710.00" end="1740.00" id="D8_1_0" nVehContrib="6" flow="720.00" occupancy="15.32" speed="7.98" harmonicMeanSpeed="6.53" length="5.00" nVehEntered="6"/>
    <interval begin="1740.00" end="1770.00" id="D8_1_0" nVehContrib="9" flow="1080.00" occupancy="8.34" speed="20.27" harmonicMeanSpeed="17.98" length="5.00" nVehEntered="9"/>
    <interval begin="1770.00" end="1800.00" id="D8_1_0" nVehContrib="0" flow="0.00" occupancy="0.00" speed="-1.00" harmonicMeanSpeed="-1.00" length="-1.00" nVehEntered="0"/>
    <interval begin="1800.00" end="1830.00" id="D8_1_0" nVehContrib="8" flow="960.00" occupancy="17.10" speed="9.70" harmonicMeanSpeed="7.80" length="5.00" nVehEntered="8"/>
    <interval begin="1830.00" end="1860.00" id="D8_1_0" nVehContrib="1" flow="120.00" occupancy="0.87" speed="19.22" harmonicMeanSpeed="19.22" length="5.00" nVehEntered="1"/>
    <interval begin="1860.00" end="1890.00" id="D8_1_0" nVehContrib="0" flow="0.00" occupancy="0.00" speed="-1.00" harmonicMeanSpeed="-1.00" length="-1.00" nVehEntered="0"/>
    <interval begin="1890.00" end="1920.00" id="D8_1_0" nVehContrib="9" flow="1080.00" occupancy="19.99" speed="9.53" harmonicMeanSpeed="7.78" length="5.00" nVehEntered="10"/>
    <interval begin="1920.00" end="1950.00" id="D8_1_0" nVehContrib="4" flow="480.00" occupancy="2.76" speed="20.24" harmonicMeanSpeed="19.18" length="5.00" nVehEntered="3"/>
    <interval begin="1950.00" end="1980.00" id="D8_1_0" nVehContrib="0" flow="0.00" occupancy="0.00" speed="-1.00" harmonicMeanSpeed="-1.00" length="-1.00" nVehEntered="0"/>
    <interval begin="1980.00" end="2010.00" id="D8_1_0" nVehContrib="9" flow="1080.00" occupancy="18.64" speed="10.32" harmonicMeanSpeed="8.05" length="5.00" nVehEntered="9"/>
    <interval begin="2010.00" end="2040.00" id="D8_1_0" nVehContrib="2" flow="240.00" occupancy="1.37" speed="26.64" harmonicMeanSpeed="24.34" length="5.00" nVehEntered="2"/>
    <interval begin="2040.00" end="2070.00" id="D8_1_0" nVehContrib="0" flow="0.00" occupancy="0.00" speed="-1.00" harmonicMeanSpeed="-1.00" length="-1.00" nVehEntered="0"/>
    <interval begin="2070.00" end="2100.00" id="D8_1_0" nVehContrib="10" flow="1200.00" occupancy="19.43" speed="10.54" harmonicMeanSpeed="8.58" length="5.00" nVehEntered="10"/>
    <interval begin="2100.00" end="2130.00" id="D8_1_0" nVehContrib="3" flow="360.00" occupancy="1.78" speed="28.29" harmonicMeanSpeed="28.03" length="5.00" nVehEntered="3"/>
    <interval begin="2130.00" end="2160.00" id="D8_1_0" nVehContrib="0" flow="0.00" occupancy="0.00" speed="-1.00" harmonicMeanSpeed="-1.00" length="-1.00" nVehEntered="0"/>
    <interval begin="2160.00" end="2190.00" id="D8_1_0" nVehContrib="10" flow="1200.00" occupancy="18.90" speed="10.77" harmonicMeanSpeed="8.82" length="5.00" nVehEntered="10"/>
    <interval begin="2190.00" end="2220.00" id="D8_1_0" nVehContrib="0" flow="0.00" occupancy="0.00" speed="-1.00" harmonicMeanSpeed="-1.00" length="-1.00" nVehEntered="0"/>
    <interval begin="2220.00" end="2250.00" id="D8_1_0" nVehContrib="1" flow="120.00" occupancy="5.06" speed="3.29" harmonicMeanSpeed="3.29" length="5.00" nVehEntered="1"/>
    <interval begin="2250.00" end="2280.00" id="D8_1_0" nVehContrib="11" flow="1320.00" occupancy="16.36" speed="12.12" harmonicMeanSpeed="11.20" length="5.00" nVehEntered="11"/>
    <interval begin="2280.00" end="2310.00" id="D8_1_0" nVehContrib="1" flow="120.00" occupancy="0.92" speed="18.19" harmonicMeanSpeed="18.19" length="5.00" nVehEntered="1"/>
    <interval begin="2310.00" end="2340.00" id="D8_1_0" nVehContrib="1" flow="120.00" occupancy="5.28" speed="3.16" harmonicMeanSpeed="3.16" length="5.00" nVehEntered="1"/>
    <interval begin="2340.00" end="2370.00" id="D8_1_0" nVehContrib="9" flow="1080.00" occupancy="14.84" speed="11.16" harmonicMeanSpeed="10.11" length="5.00" nVehEntered="9"/>
    <interval begin="2370.00" end="2400.00" id="D8_1_0" nVehContrib="0" flow="0.00" occupancy="0.00" speed="-1.00" harmonicMeanSpeed="-1.00" length="-1.00" nVehEntered="0"/>
    <interval begin="2400.00" end="2430.00" id="D8_1_0" nVehContrib="3" flow="360.00" occupancy="9.11" speed="6.45" harmonicMeanSpeed="5.49" length="5.00" nVehEntered="3"/>
    <interval begin="2430.00" end="2460.00" id="D8_1_0" nVehContrib="12" flow="1440.00" occupancy="12.69" speed="17.55" harmonicMeanSpeed="15.76" length="5.00" nVehEntered="12"/>
    <interval begin="2460.00" end="2490.00" id="D8_1_0" nVehContrib="0" flow="0.00" occupancy="0.00" speed="-1.00" harmonicMeanSpeed="-1.00" length="-1.00" nVehEntered="0"/>
    <interval begin="2490.00" end="2520.00" id="D8_1_0" nVehContrib="4" flow="480.00" occupancy="12.70" speed="6.77" harmonicMeanSpeed="5.64" length="5.00" nVehEntered="5"/>
    <interval begin="2520.00" end="2550.00" id="D8_1_0" nVehContrib="7" flow="840.00" occupancy="7.32" speed="15.02" harmonicMeanSpeed="14.22" length="5.00" nVehEntered="6"/>
    <interval begin="2550.00" end="2580.00" id="D8_1_0" nVehContrib="0" flow="0.00" occupancy="0.00" speed="-1.00" harmonicMeanSpeed="-1.00" length="-1.00" nVehEntered="0"/>
    <interval begin="2580.00" end="2610.00" id="D8_1_0" nVehContrib="6" flow="720.00" occupancy="14.28" speed="8.34" harmonicMeanSpeed="7.00" length="5.00" nVehEntered="6"/>
    <interval begin="2610.00" end="2640.00" id="D8_1_0" nVehContrib="5" flow="600.00" occupancy="5.63" speed="15.67" harmonicMeanSpeed="14.81" length="5.00" nVehEntered="5"/>
    <interval begin="2640.00" end="2670.00" id="D8_1_0" nVehContrib="0" flow="0.00" occupancy="0.00" speed="-1.00" harmonicMeanSpeed="-1.00" length="-1.00" nVehEntered="0"/>
    <interval begin="2670.00" end="2700.00" id="D8_1_0" nVehContrib="8" flow="960.00" occupancy="17.27" speed="9.53" harmonicMeanSpeed="7.72" length="5.00" nVehEntered="8"/>
    <interval begin="2700.00" end="2730.00" id="D8_1_0" nVehContrib="3" flow="360.00" occupancy="2.86" speed="18.01" harmonicMeanSpeed="17.46" length="5.00" nVehEntered="3"/>
    <interval begin="2730.00" end="2760.00" id="D8_1_0" nVehContrib="0" flow="0.00" occupancy="0.00" speed="-1.00" harmonicMeanSpeed="-1.00" length="-1.00" nVehEntered="0"/>
    <interval begin="2760.00" end="2790.00" id="D8_1_0" nVehContrib="10" flow="1200.00" occupancy="18.44" speed="10.80" harmonicMeanSpeed="9.04" length="5.00" nVehEntered="10"/>
    <interval begin="2790.00" end="2820.00" id="D8_1_0" nVehContrib="4" flow="480.00" occupancy="2.80" speed="24.53" harmonicMeanSpeed="23.81" length="5.00" nVehEntered="4"/>
    <interval begin="2820.00" end="2850.00" id="D8_1_0" nVehContrib="0" flow="0.00" occupancy="0.00" speed="-1.00" harmonicMeanSpeed="-1.00" length="-1.00" nVehEntered="0"/>
    <interval begin="2850.00" end="2880.00" id="D8_1_0" nVehContrib="9" flow="1080.00" occupancy="18.39" speed="10.03" harmonicMeanSpeed="8.16" length="5.00" nVehEntered="9"/>
    <interval begin="2880.00" end="2910.00" id="D8_1_0" nVehContrib="2" flow="240.00" occupancy="1.41" speed="24.04" harmonicMeanSpeed="23.72" length="5.00" nVehEntered="2"/>
    <interval begin="2910.00" end="2940.00" id="D8_1_0" nVehContrib="0" flow="0.00" occupancy="0.00" speed="-1.00" harmonicMeanSpeed="-1.00" length="-1.00" nVehEntered="0"/>
    <interval begin="2940.00" end="2970.00" id="D8_1_0" nVehContrib="10" flow="1200.00" occupancy="18.97" speed="11.11" harmonicMeanSpeed="8.79" length="5.00" nVehEntered="10"/>
    <interval begin="2970.00" end="3000.00" id="D8_1_0" nVehContrib="2" flow="240.00" occupancy="1.33" speed="25.32" harmonicMeanSpeed="25.07" length="5.00" nVehEntered="2"/>
    <interval begin="3000.00" end="3030.00" id="D8_1_0" nVehContrib="0" flow="0.00" occupancy="0.00" speed="-1.00" harmonicMeanSpeed="-1.00" length="-1.00" nVehEntered="0"/>
    <interval begin="3030.00" end="3060.00" id="D8_1_0" nVehContrib="11" flow="1320.00" occupancy="18.97" speed="12.19" harmonicMeanSpeed="9.66" length="5.00" nVehEntered="11"/>
    <interval begin="3060.00" end="3090.00" id="D8_1_0" nVehContrib="0" flow="0.00" occupancy="0.00" speed="-1.00" harmonicMeanSpeed="-1.00" length="-1.00" nVehEntered="0"/>
    <interval begin="3090.00" end="3120.00" id="D8_1_0" nVehContrib="1" flow="120.00" occupancy="4.61" speed="3.62" harmonicMeanSpeed="3.62" length="5.00" nVehEntered="1"/>
    <interval begin="3120.00" end="3150.00" id="D8_1_0" nVehContrib="11" flow="1320.00" occupancy="16.39" speed="12.23" harmonicMeanSpeed="11.18" length="5.00" nVehEntered="11"/>
    <interval begin="3150.00" end="3180.00" id="D8_1_0" nVehContrib="0" flow="0.00" occupancy="0.00" speed="-1.00" harmonicMeanSpeed="-1.00" length="-1.00" nVehEntered="0"/>
    <interval begin="3180.00" end="3210.00" id="D8_1_0" nVehContrib="2" flow="240.00" occupancy="7.97" speed="4.61" harmonicMeanSpeed="4.18" length="5.00" nVehEntered="2"/>
    <interval begin="3210.00" end="3240.00" id="D8_1_0" nVehContrib="10" flow="1200.00" occupancy="13.55" speed="13.46" harmonicMeanSpeed="12.30" length="5.00" nVehEntered="10"/>
    <interval begin="3240.00" end="3270.00" id="D8_1_0" nVehContrib="1" flow="120.00" occupancy="0.71" speed="23.57" harmonicMeanSpeed="23.57" length="5.00" nVehEntered="1"/>
    <interval begin="3270.00" end="3300.00" id="D8_1_0" nVehContrib="3" flow="360.00" occupancy="9.35" speed="6.18" harmonicMeanSpeed="5.35" length="5.00" nVehEntered="3"/>
    <interval begin="3300.00" end="3330.00" id="D8_1_0" nVehContrib="7" flow="840.00" occupancy="9.07" speed="13.46" harmonicMeanSpeed="12.86" length="5.00" nVehEntered="7"/>
    <interval begin="3330.00" end="3360.00" id="D8_1_0" nVehContrib="0" flow="0.00" occupancy="0.00" speed="-1.00" harmonicMeanSpeed="-1.00" length="-1.00" nVehEntered="0"/>
    <interval begin="3360.00" end="3390.00" id="D8_1_0" nVehContrib="5" flow="600.00" occupancy="12.43" speed="7.72" harmonicMeanSpeed="6.70" length="5.00" nVehEntered="5"/>
    <interval begin="3390.00" end="3420.00" id="D8_1_0" nVehContrib="9" flow="1080.00" occupancy="8.85" speed="18.86" harmonicMeanSpeed="16.95" length="5.00" nVehEntered="9"/>
    <interval begin="3420.00" end="3450.00" id="D8_1_0" nVehContrib="0" flow="0.00" occupancy="0.00" speed="-1.00" harmonicMeanSpeed="-1.00" length="-1.00" nVehEntered="0"/>
    <interval begin="3450.00" end="3480.00" id="D8_1_0" nVehContrib="6" flow="720.00" occupancy="14.22" speed="8.45" harmonicMeanSpeed="7.03" length="5.00" nVehEntered="6"/>
    <interval begin="3480.00" end="3510.00" id="D8_1_0" nVehContrib="5" flow="600.00" occupancy="5.17" speed="16.25" harmonicMeanSpeed="16.10" length="5.00" nVehEntered="5"/>
    <interval begin="3510.00" end="3540.00" id="D8_1_0" nVehContrib="0" flow="0.00" occupancy="0.00" speed="-1.00" harmonicMeanSpeed="-1.00" length="-1.00" nVehEntered="0"/>
    <interval begin="3540.00" end="3570.00" id="D8_1_0" nVehContrib="8" flow="960.00" occupancy="16.73" speed="9.85" harmonicMeanSpeed="7.97" length="5.00" nVehEntered="8"/>
    <interval begin="3570.00" end="3600.00" id="D8_1_0" nVehContrib="4" flow="480.00" occupancy="3.45" speed="20.79" harmonicMeanSpeed="19.33" length="5.00" nVehEntered="4"/>
    <interval begin="3600.00" end="3630.00" id="D8_1_0" nVehContrib="0" flow="0.00" occupancy="0.00" speed="-1.00" harmonicMeanSpeed="-1.00" length="-1.00" nVehEntered="0"/>
    <interval begin="3630.00" end="3640.00" id="D8_1_0" nVehContrib="0" flow="0.00" occupancy="0.00" speed="-1.00" harmonicMeanSpeed="-1.00" length="-1.00" nVehEntered="0"/>
</detector>
