<?xml version="1.0" encoding="UTF-8"?>

<!-- generated on 01/24/20 13:57:31 by Eclipse SUMO GUI Version 1.3.1
<configuration xmlns:xsi="http://www.w3.org/2001/XMLSchema-instance" xsi:noNamespaceSchemaLocation="http://sumo.dlr.de/xsd/sumoConfiguration.xsd">

    <input>
        <net-file value="gnet.net.xml"/>
        <route-files value="grou.rou.xml"/>
        <additional-files value="gadd.additional.xml"/>
    </input>

    <output>
        <queue-output value="Queue.xml"/>
        <summary-output value="Summary.xml"/>
    </output>

    <time>
        <begin value="0"/>
        <end value="3600"/>
    </time>

    <processing>
        <time-to-teleport value="3600"/>
    </processing>

    <traci_server>
        <remote-port value="13929"/>
    </traci_server>

    <gui_only>
        <gui-settings-file value="gview.view.xml"/>
        <quit-on-end value="true"/>
        <start value="true"/>
    </gui_only>

</configuration>
-->

<detector xmlns:xsi="http://www.w3.org/2001/XMLSchema-instance" xsi:noNamespaceSchemaLocation="http://sumo.dlr.de/xsd/det_e1_file.xsd">
    <interval begin="0.00" end="30.00" id="D8_2_1" nVehContrib="0" flow="0.00" occupancy="0.00" speed="-1.00" harmonicMeanSpeed="-1.00" length="-1.00" nVehEntered="0"/>
    <interval begin="30.00" end="60.00" id="D8_2_1" nVehContrib="2" flow="240.00" occupancy="1.48" speed="22.62" harmonicMeanSpeed="22.47" length="5.00" nVehEntered="2"/>
    <interval begin="60.00" end="90.00" id="D8_2_1" nVehContrib="5" flow="600.00" occupancy="6.38" speed="14.23" harmonicMeanSpeed="13.07" length="5.00" nVehEntered="5"/>
    <interval begin="90.00" end="120.00" id="D8_2_1" nVehContrib="8" flow="960.00" occupancy="15.59" speed="12.99" harmonicMeanSpeed="8.55" length="5.00" nVehEntered="8"/>
    <interval begin="120.00" end="150.00" id="D8_2_1" nVehContrib="4" flow="480.00" occupancy="3.15" speed="21.24" harmonicMeanSpeed="21.15" length="5.00" nVehEntered="4"/>
    <interval begin="150.00" end="180.00" id="D8_2_1" nVehContrib="4" flow="480.00" occupancy="7.13" speed="14.04" harmonicMeanSpeed="13.54" length="5.00" nVehEntered="5"/>
    <interval begin="180.00" end="210.00" id="D8_2_1" nVehContrib="8" flow="960.00" occupancy="7.73" speed="16.14" harmonicMeanSpeed="13.42" length="5.00" nVehEntered="7"/>
    <interval begin="210.00" end="240.00" id="D8_2_1" nVehContrib="5" flow="600.00" occupancy="4.55" speed="18.67" harmonicMeanSpeed="18.30" length="5.00" nVehEntered="5"/>
    <interval begin="240.00" end="270.00" id="D8_2_1" nVehContrib="4" flow="480.00" occupancy="8.01" speed="9.35" harmonicMeanSpeed="8.32" length="5.00" nVehEntered="4"/>
    <interval begin="270.00" end="300.00" id="D8_2_1" nVehContrib="2" flow="240.00" occupancy="1.59" speed="21.01" harmonicMeanSpeed="20.95" length="5.00" nVehEntered="2"/>
    <interval begin="300.00" end="330.00" id="D8_2_1" nVehContrib="4" flow="480.00" occupancy="3.04" speed="22.11" harmonicMeanSpeed="21.93" length="5.00" nVehEntered="4"/>
    <interval begin="330.00" end="360.00" id="D8_2_1" nVehContrib="5" flow="600.00" occupancy="6.36" speed="13.75" harmonicMeanSpeed="13.10" length="5.00" nVehEntered="5"/>
    <interval begin="360.00" end="390.00" id="D8_2_1" nVehContrib="5" flow="600.00" occupancy="3.61" speed="23.18" harmonicMeanSpeed="23.11" length="5.00" nVehEntered="5"/>
    <interval begin="390.00" end="420.00" id="D8_2_1" nVehContrib="4" flow="480.00" occupancy="4.26" speed="15.91" harmonicMeanSpeed="15.64" length="5.00" nVehEntered="4"/>
    <interval begin="420.00" end="450.00" id="D8_2_1" nVehContrib="6" flow="720.00" occupancy="13.73" speed="9.61" harmonicMeanSpeed="7.29" length="5.00" nVehEntered="6"/>
    <interval begin="450.00" end="480.00" id="D8_2_1" nVehContrib="2" flow="240.00" occupancy="1.49" speed="22.39" harmonicMeanSpeed="22.39" length="5.00" nVehEntered="2"/>
    <interval begin="480.00" end="510.00" id="D8_2_1" nVehContrib="3" flow="360.00" occupancy="2.78" speed="18.30" harmonicMeanSpeed="17.96" length="5.00" nVehEntered="3"/>
    <interval begin="510.00" end="540.00" id="D8_2_1" nVehContrib="6" flow="720.00" occupancy="6.01" speed="18.17" harmonicMeanSpeed="16.65" length="5.00" nVehEntered="6"/>
    <interval begin="540.00" end="570.00" id="D8_2_1" nVehContrib="3" flow="360.00" occupancy="2.26" speed="22.24" harmonicMeanSpeed="22.10" length="5.00" nVehEntered="3"/>
    <interval begin="570.00" end="600.00" id="D8_2_1" nVehContrib="5" flow="600.00" occupancy="6.18" speed="14.11" harmonicMeanSpeed="13.49" length="5.00" nVehEntered="5"/>
    <interval begin="600.00" end="630.00" id="D8_2_1" nVehContrib="5" flow="600.00" occupancy="14.25" speed="10.54" harmonicMeanSpeed="5.85" length="5.00" nVehEntered="5"/>
    <interval begin="630.00" end="660.00" id="D8_2_1" nVehContrib="2" flow="240.00" occupancy="1.41" speed="23.63" harmonicMeanSpeed="23.63" length="5.00" nVehEntered="2"/>
    <interval begin="660.00" end="690.00" id="D8_2_1" nVehContrib="6" flow="720.00" occupancy="6.69" speed="15.71" harmonicMeanSpeed="14.95" length="5.00" nVehEntered="6"/>
    <interval begin="690.00" end="720.00" id="D8_2_1" nVehContrib="2" flow="240.00" occupancy="2.62" speed="12.80" harmonicMeanSpeed="12.71" length="5.00" nVehEntered="2"/>
    <interval begin="720.00" end="750.00" id="D8_2_1" nVehContrib="4" flow="480.00" occupancy="3.53" speed="19.08" harmonicMeanSpeed="18.87" length="5.00" nVehEntered="4"/>
    <interval begin="750.00" end="780.00" id="D8_2_1" nVehContrib="5" flow="600.00" occupancy="10.08" speed="9.60" harmonicMeanSpeed="8.26" length="5.00" nVehEntered="5"/>
    <interval begin="780.00" end="810.00" id="D8_2_1" nVehContrib="3" flow="360.00" occupancy="3.30" speed="16.84" harmonicMeanSpeed="15.16" length="5.00" nVehEntered="3"/>
    <interval begin="810.00" end="840.00" id="D8_2_1" nVehContrib="4" flow="480.00" occupancy="3.28" speed="20.39" harmonicMeanSpeed="20.32" length="5.00" nVehEntered="4"/>
    <interval begin="840.00" end="870.00" id="D8_2_1" nVehContrib="5" flow="600.00" occupancy="13.37" speed="11.60" harmonicMeanSpeed="8.83" length="5.00" nVehEntered="6"/>
    <interval begin="870.00" end="900.00" id="D8_2_1" nVehContrib="4" flow="480.00" occupancy="4.32" speed="12.66" harmonicMeanSpeed="8.07" length="5.00" nVehEntered="3"/>
    <interval begin="900.00" end="930.00" id="D8_2_1" nVehContrib="4" flow="480.00" occupancy="3.12" speed="21.44" harmonicMeanSpeed="21.34" length="5.00" nVehEntered="4"/>
    <interval begin="930.00" end="960.00" id="D8_2_1" nVehContrib="5" flow="600.00" occupancy="6.92" speed="12.71" harmonicMeanSpeed="12.04" length="5.00" nVehEntered="5"/>
    <interval begin="960.00" end="990.00" id="D8_2_1" nVehContrib="6" flow="720.00" occupancy="4.58" speed="22.06" harmonicMeanSpeed="21.82" length="5.00" nVehEntered="6"/>
    <interval begin="990.00" end="1020.00" id="D8_2_1" nVehContrib="6" flow="720.00" occupancy="5.97" speed="17.26" harmonicMeanSpeed="16.74" length="5.00" nVehEntered="6"/>
    <interval begin="1020.00" end="1050.00" id="D8_2_1" nVehContrib="5" flow="600.00" occupancy="16.87" speed="7.73" harmonicMeanSpeed="4.94" length="5.00" nVehEntered="6"/>
    <interval begin="1050.00" end="1080.00" id="D8_2_1" nVehContrib="4" flow="480.00" occupancy="3.86" speed="19.12" harmonicMeanSpeed="17.26" length="5.00" nVehEntered="4"/>
    <interval begin="1080.00" end="1110.00" id="D8_2_1" nVehContrib="4" flow="480.00" occupancy="3.68" speed="18.49" harmonicMeanSpeed="18.11" length="5.00" nVehEntered="4"/>
    <interval begin="1110.00" end="1140.00" id="D8_2_1" nVehContrib="6" flow="720.00" occupancy="11.57" speed="10.87" harmonicMeanSpeed="8.64" length="5.00" nVehEntered="6"/>
    <interval begin="1140.00" end="1170.00" id="D8_2_1" nVehContrib="2" flow="240.00" occupancy="1.45" speed="23.05" harmonicMeanSpeed="22.99" length="5.00" nVehEntered="2"/>
    <interval begin="1170.00" end="1200.00" id="D8_2_1" nVehContrib="6" flow="720.00" occupancy="5.85" speed="17.77" harmonicMeanSpeed="17.10" length="5.00" nVehEntered="6"/>
    <interval begin="1200.00" end="1230.00" id="D8_2_1" nVehContrib="6" flow="720.00" occupancy="14.27" speed="10.30" harmonicMeanSpeed="7.01" length="5.00" nVehEntered="6"/>
    <interval begin="1230.00" end="1260.00" id="D8_2_1" nVehContrib="5" flow="600.00" occupancy="3.88" speed="21.71" harmonicMeanSpeed="21.50" length="5.00" nVehEntered="5"/>
    <interval begin="1260.00" end="1290.00" id="D8_2_1" nVehContrib="5" flow="600.00" occupancy="6.65" speed="13.58" harmonicMeanSpeed="12.54" length="5.00" nVehEntered="5"/>
    <interval begin="1290.00" end="1320.00" id="D8_2_1" nVehContrib="6" flow="720.00" occupancy="15.82" speed="9.00" harmonicMeanSpeed="6.32" length="5.00" nVehEntered="6"/>
    <interval begin="1320.00" end="1350.00" id="D8_2_1" nVehContrib="2" flow="240.00" occupancy="1.52" speed="21.93" harmonicMeanSpeed="21.91" length="5.00" nVehEntered="2"/>
    <interval begin="1350.00" end="1380.00" id="D8_2_1" nVehContrib="5" flow="600.00" occupancy="5.13" speed="16.53" harmonicMeanSpeed="16.24" length="5.00" nVehEntered="5"/>
    <interval begin="1380.00" end="1410.00" id="D8_2_1" nVehContrib="4" flow="480.00" occupancy="4.88" speed="14.75" harmonicMeanSpeed="13.67" length="5.00" nVehEntered="4"/>
    <interval begin="1410.00" end="1440.00" id="D8_2_1" nVehContrib="2" flow="240.00" occupancy="1.58" speed="21.20" harmonicMeanSpeed="21.15" length="5.00" nVehEntered="2"/>
    <interval begin="1440.00" end="1470.00" id="D8_2_1" nVehContrib="5" flow="600.00" occupancy="7.14" speed="14.19" harmonicMeanSpeed="13.71" length="5.00" nVehEntered="6"/>
    <interval begin="1470.00" end="1500.00" id="D8_2_1" nVehContrib="5" flow="600.00" occupancy="5.85" speed="14.90" harmonicMeanSpeed="12.06" length="5.00" nVehEntered="4"/>
    <interval begin="1500.00" end="1530.00" id="D8_2_1" nVehContrib="2" flow="240.00" occupancy="1.60" speed="21.16" harmonicMeanSpeed="20.80" length="5.00" nVehEntered="2"/>
    <interval begin="1530.00" end="1560.00" id="D8_2_1" nVehContrib="5" flow="600.00" occupancy="8.37" speed="14.17" harmonicMeanSpeed="13.22" length="5.00" nVehEntered="6"/>
    <interval begin="1560.00" end="1590.00" id="D8_2_1" nVehContrib="3" flow="360.00" occupancy="4.18" speed="11.34" harmonicMeanSpeed="8.01" length="5.00" nVehEntered="2"/>
    <interval begin="1590.00" end="1620.00" id="D8_2_1" nVehContrib="3" flow="360.00" occupancy="2.26" speed="22.11" harmonicMeanSpeed="22.11" length="5.00" nVehEntered="3"/>
    <interval begin="1620.00" end="1650.00" id="D8_2_1" nVehContrib="6" flow="720.00" occupancy="9.55" speed="12.83" harmonicMeanSpeed="10.47" length="5.00" nVehEntered="6"/>
    <interval begin="1650.00" end="1680.00" id="D8_2_1" nVehContrib="8" flow="960.00" occupancy="9.87" speed="16.90" harmonicMeanSpeed="13.51" length="5.00" nVehEntered="8"/>
    <interval begin="1680.00" end="1710.00" id="D8_2_1" nVehContrib="4" flow="480.00" occupancy="3.32" speed="20.25" harmonicMeanSpeed="20.07" length="5.00" nVehEntered="4"/>
    <interval begin="1710.00" end="1740.00" id="D8_2_1" nVehContrib="5" flow="600.00" occupancy="10.84" speed="10.01" harmonicMeanSpeed="8.40" length="5.00" nVehEntered="6"/>
    <interval begin="1740.00" end="1770.00" id="D8_2_1" nVehContrib="2" flow="240.00" occupancy="3.30" speed="10.42" harmonicMeanSpeed="7.90" length="5.00" nVehEntered="1"/>
    <interval begin="1770.00" end="1800.00" id="D8_2_1" nVehContrib="4" flow="480.00" occupancy="3.12" speed="21.55" harmonicMeanSpeed="21.37" length="5.00" nVehEntered="4"/>
    <interval begin="1800.00" end="1830.00" id="D8_2_1" nVehContrib="6" flow="720.00" occupancy="16.58" speed="10.34" harmonicMeanSpeed="6.03" length="5.00" nVehEntered="6"/>
    <interval begin="1830.00" end="1860.00" id="D8_2_1" nVehContrib="6" flow="720.00" occupancy="6.71" speed="17.85" harmonicMeanSpeed="14.91" length="5.00" nVehEntered="6"/>
    <interval begin="1860.00" end="1890.00" id="D8_2_1" nVehContrib="5" flow="600.00" occupancy="4.95" speed="17.43" harmonicMeanSpeed="16.85" length="5.00" nVehEntered="5"/>
    <interval begin="1890.00" end="1920.00" id="D8_2_1" nVehContrib="5" flow="600.00" occupancy="16.03" speed="6.80" harmonicMeanSpeed="5.44" length="5.00" nVehEntered="7"/>
    <interval begin="1920.00" end="1950.00" id="D8_2_1" nVehContrib="3" flow="360.00" occupancy="2.20" speed="18.42" harmonicMeanSpeed="17.20" length="5.00" nVehEntered="2"/>
    <interval begin="1950.00" end="1980.00" id="D8_2_1" nVehContrib="5" flow="600.00" occupancy="4.96" speed="17.34" harmonicMeanSpeed="16.80" length="5.00" nVehEntered="5"/>
    <interval begin="1980.00" end="2010.00" id="D8_2_1" nVehContrib="6" flow="720.00" occupancy="12.87" speed="9.49" harmonicMeanSpeed="7.77" length="5.00" nVehEntered="6"/>
    <interval begin="2010.00" end="2040.00" id="D8_2_1" nVehContrib="2" flow="240.00" occupancy="1.44" speed="23.15" harmonicMeanSpeed="23.15" length="5.00" nVehEntered="2"/>
    <interval begin="2040.00" end="2070.00" id="D8_2_1" nVehContrib="3" flow="360.00" occupancy="2.98" speed="17.44" harmonicMeanSpeed="16.78" length="5.00" nVehEntered="3"/>
    <interval begin="2070.00" end="2100.00" id="D8_2_1" nVehContrib="6" flow="720.00" occupancy="8.95" speed="13.91" harmonicMeanSpeed="11.17" length="5.00" nVehEntered="6"/>
    <interval begin="2100.00" end="2130.00" id="D8_2_1" nVehContrib="3" flow="360.00" occupancy="2.20" speed="22.74" harmonicMeanSpeed="22.72" length="5.00" nVehEntered="3"/>
    <interval begin="2130.00" end="2160.00" id="D8_2_1" nVehContrib="4" flow="480.00" occupancy="4.22" speed="16.49" harmonicMeanSpeed="15.80" length="5.00" nVehEntered="4"/>
    <interval begin="2160.00" end="2190.00" id="D8_2_1" nVehContrib="5" flow="600.00" occupancy="9.96" speed="10.52" harmonicMeanSpeed="8.37" length="5.00" nVehEntered="5"/>
    <interval begin="2190.00" end="2220.00" id="D8_2_1" nVehContrib="4" flow="480.00" occupancy="2.97" speed="22.48" harmonicMeanSpeed="22.47" length="5.00" nVehEntered="4"/>
    <interval begin="2220.00" end="2250.00" id="D8_2_1" nVehContrib="5" flow="600.00" occupancy="6.05" speed="14.64" harmonicMeanSpeed="13.76" length="5.00" nVehEntered="5"/>
    <interval begin="2250.00" end="2280.00" id="D8_2_1" nVehContrib="5" flow="600.00" occupancy="16.68" speed="9.43" harmonicMeanSpeed="5.00" length="5.00" nVehEntered="5"/>
    <interval begin="2280.00" end="2310.00" id="D8_2_1" nVehContrib="4" flow="480.00" occupancy="3.14" speed="21.38" harmonicMeanSpeed="21.25" length="5.00" nVehEntered="4"/>
    <interval begin="2310.00" end="2340.00" id="D8_2_1" nVehContrib="5" flow="600.00" occupancy="7.68" speed="12.73" harmonicMeanSpeed="12.46" length="5.00" nVehEntered="6"/>
    <interval begin="2340.00" end="2370.00" id="D8_2_1" nVehContrib="7" flow="840.00" occupancy="19.86" speed="11.23" harmonicMeanSpeed="5.59" length="5.00" nVehEntered="6"/>
    <interval begin="2370.00" end="2400.00" id="D8_2_1" nVehContrib="4" flow="480.00" occupancy="3.22" speed="20.84" harmonicMeanSpeed="20.67" length="5.00" nVehEntered="4"/>
    <interval begin="2400.00" end="2430.00" id="D8_2_1" nVehContrib="5" flow="600.00" occupancy="9.42" speed="10.94" harmonicMeanSpeed="8.85" length="5.00" nVehEntered="5"/>
    <interval begin="2430.00" end="2460.00" id="D8_2_1" nVehContrib="4" flow="480.00" occupancy="6.02" speed="13.89" harmonicMeanSpeed="11.08" length="5.00" nVehEntered="4"/>
    <interval begin="2460.00" end="2490.00" id="D8_2_1" nVehContrib="3" flow="360.00" occupancy="2.30" speed="21.85" harmonicMeanSpeed="21.78" length="5.00" nVehEntered="3"/>
    <interval begin="2490.00" end="2520.00" id="D8_2_1" nVehContrib="5" flow="600.00" occupancy="8.32" speed="12.50" harmonicMeanSpeed="10.01" length="5.00" nVehEntered="5"/>
    <interval begin="2520.00" end="2550.00" id="D8_2_1" nVehContrib="5" flow="600.00" occupancy="8.47" speed="15.44" harmonicMeanSpeed="9.84" length="5.00" nVehEntered="5"/>
    <interval begin="2550.00" end="2580.00" id="D8_2_1" nVehContrib="5" flow="600.00" occupancy="4.01" speed="21.15" harmonicMeanSpeed="20.79" length="5.00" nVehEntered="5"/>
    <interval begin="2580.00" end="2610.00" id="D8_2_1" nVehContrib="5" flow="600.00" occupancy="14.59" speed="8.47" harmonicMeanSpeed="5.71" length="5.00" nVehEntered="5"/>
    <interval begin="2610.00" end="2640.00" id="D8_2_1" nVehContrib="6" flow="720.00" occupancy="6.72" speed="17.22" harmonicMeanSpeed="14.88" length="5.00" nVehEntered="6"/>
    <interval begin="2640.00" end="2670.00" id="D8_2_1" nVehContrib="4" flow="480.00" occupancy="3.32" speed="20.32" harmonicMeanSpeed="20.06" length="5.00" nVehEntered="4"/>
    <interval begin="2670.00" end="2700.00" id="D8_2_1" nVehContrib="5" flow="600.00" occupancy="11.63" speed="9.23" harmonicMeanSpeed="7.17" length="5.00" nVehEntered="5"/>
    <interval begin="2700.00" end="2730.00" id="D8_2_1" nVehContrib="5" flow="600.00" occupancy="4.69" speed="19.44" harmonicMeanSpeed="17.78" length="5.00" nVehEntered="5"/>
    <interval begin="2730.00" end="2760.00" id="D8_2_1" nVehContrib="4" flow="480.00" occupancy="3.90" speed="17.66" harmonicMeanSpeed="17.09" length="5.00" nVehEntered="4"/>
    <interval begin="2760.00" end="2790.00" id="D8_2_1" nVehContrib="5" flow="600.00" occupancy="10.89" speed="8.90" harmonicMeanSpeed="8.09" length="5.00" nVehEntered="6"/>
    <interval begin="2790.00" end="2820.00" id="D8_2_1" nVehContrib="3" flow="360.00" occupancy="1.96" speed="20.45" harmonicMeanSpeed="19.65" length="5.00" nVehEntered="2"/>
    <interval begin="2820.00" end="2850.00" id="D8_2_1" nVehContrib="4" flow="480.00" occupancy="3.74" speed="18.59" harmonicMeanSpeed="17.81" length="5.00" nVehEntered="4"/>
    <interval begin="2850.00" end="2880.00" id="D8_2_1" nVehContrib="6" flow="720.00" occupancy="14.41" speed="9.81" harmonicMeanSpeed="6.94" length="5.00" nVehEntered="6"/>
    <interval begin="2880.00" end="2910.00" id="D8_2_1" nVehContrib="2" flow="240.00" occupancy="1.50" speed="22.32" harmonicMeanSpeed="22.26" length="5.00" nVehEntered="2"/>
    <interval begin="2910.00" end="2940.00" id="D8_2_1" nVehContrib="5" flow="600.00" occupancy="4.60" speed="18.52" harmonicMeanSpeed="18.11" length="5.00" nVehEntered="5"/>
    <interval begin="2940.00" end="2970.00" id="D8_2_1" nVehContrib="7" flow="840.00" occupancy="11.90" speed="12.56" harmonicMeanSpeed="9.81" length="5.00" nVehEntered="7"/>
    <interval begin="2970.00" end="3000.00" id="D8_2_1" nVehContrib="2" flow="240.00" occupancy="1.52" speed="21.97" harmonicMeanSpeed="21.96" length="5.00" nVehEntered="2"/>
    <interval begin="3000.00" end="3030.00" id="D8_2_1" nVehContrib="4" flow="480.00" occupancy="3.78" speed="18.04" harmonicMeanSpeed="17.65" length="5.00" nVehEntered="4"/>
    <interval begin="3030.00" end="3060.00" id="D8_2_1" nVehContrib="7" flow="840.00" occupancy="11.85" speed="13.46" harmonicMeanSpeed="9.85" length="5.00" nVehEntered="7"/>
    <interval begin="3060.00" end="3090.00" id="D8_2_1" nVehContrib="4" flow="480.00" occupancy="3.25" speed="20.68" harmonicMeanSpeed="20.49" length="5.00" nVehEntered="4"/>
    <interval begin="3090.00" end="3120.00" id="D8_2_1" nVehContrib="5" flow="600.00" occupancy="8.11" speed="12.27" harmonicMeanSpeed="11.55" length="5.00" nVehEntered="6"/>
    <interval begin="3120.00" end="3150.00" id="D8_2_1" nVehContrib="6" flow="720.00" occupancy="13.54" speed="10.86" harmonicMeanSpeed="6.93" length="5.00" nVehEntered="5"/>
    <interval begin="3150.00" end="3180.00" id="D8_2_1" nVehContrib="5" flow="600.00" occupancy="3.97" speed="21.02" harmonicMeanSpeed="20.99" length="5.00" nVehEntered="5"/>
    <interval begin="3180.00" end="3210.00" id="D8_2_1" nVehContrib="6" flow="720.00" occupancy="9.35" speed="12.28" harmonicMeanSpeed="10.69" length="5.00" nVehEntered="6"/>
    <interval begin="3210.00" end="3240.00" id="D8_2_1" nVehContrib="5" flow="600.00" occupancy="15.64" speed="10.26" harmonicMeanSpeed="5.33" length="5.00" nVehEntered="5"/>
    <interval begin="3240.00" end="3270.00" id="D8_2_1" nVehContrib="3" flow="360.00" occupancy="2.21" speed="22.78" harmonicMeanSpeed="22.67" length="5.00" nVehEntered="3"/>
    <interval begin="3270.00" end="3300.00" id="D8_2_1" nVehContrib="4" flow="480.00" occupancy="5.88" speed="13.14" harmonicMeanSpeed="12.05" length="5.00" nVehEntered="5"/>
    <interval begin="3300.00" end="3330.00" id="D8_2_1" nVehContrib="6" flow="720.00" occupancy="10.36" speed="13.06" harmonicMeanSpeed="9.34" length="5.00" nVehEntered="5"/>
    <interval begin="3330.00" end="3360.00" id="D8_2_1" nVehContrib="5" flow="600.00" occupancy="4.19" speed="20.28" harmonicMeanSpeed="19.87" length="5.00" nVehEntered="5"/>
    <interval begin="3360.00" end="3390.00" id="D8_2_1" nVehContrib="4" flow="480.00" occupancy="7.28" speed="10.75" harmonicMeanSpeed="9.16" length="5.00" nVehEntered="4"/>
    <interval begin="3390.00" end="3420.00" id="D8_2_1" nVehContrib="4" flow="480.00" occupancy="11.13" speed="10.43" harmonicMeanSpeed="5.99" length="5.00" nVehEntered="4"/>
    <interval begin="3420.00" end="3450.00" id="D8_2_1" nVehContrib="4" flow="480.00" occupancy="3.13" speed="21.65" harmonicMeanSpeed="21.30" length="5.00" nVehEntered="4"/>
    <interval begin="3450.00" end="3480.00" id="D8_2_1" nVehContrib="5" flow="600.00" occupancy="7.17" speed="12.75" harmonicMeanSpeed="11.62" length="5.00" nVehEntered="5"/>
    <interval begin="3480.00" end="3510.00" id="D8_2_1" nVehContrib="5" flow="600.00" occupancy="3.91" speed="21.68" harmonicMeanSpeed="21.34" length="5.00" nVehEntered="5"/>
    <interval begin="3510.00" end="3540.00" id="D8_2_1" nVehContrib="5" flow="600.00" occupancy="4.52" speed="18.79" harmonicMeanSpeed="18.43" length="5.00" nVehEntered="5"/>
    <interval begin="3540.00" end="3570.00" id="D8_2_1" nVehContrib="7" flow="840.00" occupancy="21.03" speed="7.25" harmonicMeanSpeed="5.55" length="5.00" nVehEntered="7"/>
    <interval begin="3570.00" end="3600.00" id="D8_2_1" nVehContrib="2" flow="240.00" occupancy="1.58" speed="21.04" harmonicMeanSpeed="21.03" length="5.00" nVehEntered="2"/>
    <interval begin="3600.00" end="3630.00" id="D8_2_1" nVehContrib="6" flow="720.00" occupancy="5.45" speed="18.76" harmonicMeanSpeed="18.36" length="5.00" nVehEntered="6"/>
    <interval begin="3630.00" end="3640.00" id="D8_2_1" nVehContrib="2" flow="720.00" occupancy="8.66" speed="11.70" harmonicMeanSpeed="11.54" length="5.00" nVehEntered="2"/>
</detector>
