<?xml version="1.0" encoding="UTF-8"?>

<!-- generated on 01/24/20 13:57:31 by Eclipse SUMO GUI Version 1.3.1
<configuration xmlns:xsi="http://www.w3.org/2001/XMLSchema-instance" xsi:noNamespaceSchemaLocation="http://sumo.dlr.de/xsd/sumoConfiguration.xsd">

    <input>
        <net-file value="gnet.net.xml"/>
        <route-files value="grou.rou.xml"/>
        <additional-files value="gadd.additional.xml"/>
    </input>

    <output>
        <queue-output value="Queue.xml"/>
        <summary-output value="Summary.xml"/>
    </output>

    <time>
        <begin value="0"/>
        <end value="3600"/>
    </time>

    <processing>
        <time-to-teleport value="3600"/>
    </processing>

    <traci_server>
        <remote-port value="13929"/>
    </traci_server>

    <gui_only>
        <gui-settings-file value="gview.view.xml"/>
        <quit-on-end value="true"/>
        <start value="true"/>
    </gui_only>

</configuration>
-->

<detector xmlns:xsi="http://www.w3.org/2001/XMLSchema-instance" xsi:noNamespaceSchemaLocation="http://sumo.dlr.de/xsd/det_e1_file.xsd">
    <interval begin="0.00" end="30.00" id="D8_2_2" nVehContrib="1" flow="120.00" occupancy="0.66" speed="25.29" harmonicMeanSpeed="25.29" length="5.00" nVehEntered="1"/>
    <interval begin="30.00" end="60.00" id="D8_2_2" nVehContrib="1" flow="120.00" occupancy="0.65" speed="25.67" harmonicMeanSpeed="25.67" length="5.00" nVehEntered="1"/>
    <interval begin="60.00" end="90.00" id="D8_2_2" nVehContrib="1" flow="120.00" occupancy="0.70" speed="23.90" harmonicMeanSpeed="23.90" length="5.00" nVehEntered="1"/>
    <interval begin="90.00" end="120.00" id="D8_2_2" nVehContrib="0" flow="0.00" occupancy="0.00" speed="-1.00" harmonicMeanSpeed="-1.00" length="-1.00" nVehEntered="0"/>
    <interval begin="120.00" end="150.00" id="D8_2_2" nVehContrib="1" flow="120.00" occupancy="0.80" speed="20.93" harmonicMeanSpeed="20.93" length="5.00" nVehEntered="1"/>
    <interval begin="150.00" end="180.00" id="D8_2_2" nVehContrib="1" flow="120.00" occupancy="0.71" speed="23.34" harmonicMeanSpeed="23.34" length="5.00" nVehEntered="1"/>
    <interval begin="180.00" end="210.00" id="D8_2_2" nVehContrib="1" flow="120.00" occupancy="0.65" speed="25.55" harmonicMeanSpeed="25.55" length="5.00" nVehEntered="1"/>
    <interval begin="210.00" end="240.00" id="D8_2_2" nVehContrib="1" flow="120.00" occupancy="0.65" speed="25.71" harmonicMeanSpeed="25.71" length="5.00" nVehEntered="1"/>
    <interval begin="240.00" end="270.00" id="D8_2_2" nVehContrib="1" flow="120.00" occupancy="0.72" speed="23.17" harmonicMeanSpeed="23.17" length="5.00" nVehEntered="1"/>
    <interval begin="270.00" end="300.00" id="D8_2_2" nVehContrib="1" flow="120.00" occupancy="0.75" speed="22.29" harmonicMeanSpeed="22.29" length="5.00" nVehEntered="1"/>
    <interval begin="300.00" end="330.00" id="D8_2_2" nVehContrib="1" flow="120.00" occupancy="0.68" speed="24.41" harmonicMeanSpeed="24.41" length="5.00" nVehEntered="1"/>
    <interval begin="330.00" end="360.00" id="D8_2_2" nVehContrib="0" flow="0.00" occupancy="0.00" speed="-1.00" harmonicMeanSpeed="-1.00" length="-1.00" nVehEntered="0"/>
    <interval begin="360.00" end="390.00" id="D8_2_2" nVehContrib="1" flow="120.00" occupancy="0.75" speed="22.25" harmonicMeanSpeed="22.25" length="5.00" nVehEntered="1"/>
    <interval begin="390.00" end="420.00" id="D8_2_2" nVehContrib="1" flow="120.00" occupancy="0.74" speed="22.55" harmonicMeanSpeed="22.55" length="5.00" nVehEntered="1"/>
    <interval begin="420.00" end="450.00" id="D8_2_2" nVehContrib="1" flow="120.00" occupancy="0.72" speed="23.25" harmonicMeanSpeed="23.25" length="5.00" nVehEntered="1"/>
    <interval begin="450.00" end="480.00" id="D8_2_2" nVehContrib="1" flow="120.00" occupancy="0.70" speed="23.70" harmonicMeanSpeed="23.70" length="5.00" nVehEntered="1"/>
    <interval begin="480.00" end="510.00" id="D8_2_2" nVehContrib="1" flow="120.00" occupancy="0.69" speed="24.26" harmonicMeanSpeed="24.26" length="5.00" nVehEntered="1"/>
    <interval begin="510.00" end="540.00" id="D8_2_2" nVehContrib="1" flow="120.00" occupancy="0.73" speed="22.91" harmonicMeanSpeed="22.91" length="5.00" nVehEntered="1"/>
    <interval begin="540.00" end="570.00" id="D8_2_2" nVehContrib="1" flow="120.00" occupancy="0.69" speed="24.21" harmonicMeanSpeed="24.21" length="5.00" nVehEntered="1"/>
    <interval begin="570.00" end="600.00" id="D8_2_2" nVehContrib="0" flow="0.00" occupancy="0.00" speed="-1.00" harmonicMeanSpeed="-1.00" length="-1.00" nVehEntered="0"/>
    <interval begin="600.00" end="630.00" id="D8_2_2" nVehContrib="1" flow="120.00" occupancy="0.70" speed="23.76" harmonicMeanSpeed="23.76" length="5.00" nVehEntered="1"/>
    <interval begin="630.00" end="660.00" id="D8_2_2" nVehContrib="1" flow="120.00" occupancy="0.64" speed="25.86" harmonicMeanSpeed="25.86" length="5.00" nVehEntered="1"/>
    <interval begin="660.00" end="690.00" id="D8_2_2" nVehContrib="1" flow="120.00" occupancy="0.65" speed="25.82" harmonicMeanSpeed="25.82" length="5.00" nVehEntered="1"/>
    <interval begin="690.00" end="720.00" id="D8_2_2" nVehContrib="1" flow="120.00" occupancy="0.69" speed="23.99" harmonicMeanSpeed="23.99" length="5.00" nVehEntered="1"/>
    <interval begin="720.00" end="750.00" id="D8_2_2" nVehContrib="1" flow="120.00" occupancy="0.63" speed="26.44" harmonicMeanSpeed="26.44" length="5.00" nVehEntered="1"/>
    <interval begin="750.00" end="780.00" id="D8_2_2" nVehContrib="1" flow="120.00" occupancy="0.70" speed="23.73" harmonicMeanSpeed="23.73" length="5.00" nVehEntered="1"/>
    <interval begin="780.00" end="810.00" id="D8_2_2" nVehContrib="0" flow="0.00" occupancy="0.00" speed="-1.00" harmonicMeanSpeed="-1.00" length="-1.00" nVehEntered="0"/>
    <interval begin="810.00" end="840.00" id="D8_2_2" nVehContrib="1" flow="120.00" occupancy="0.64" speed="26.11" harmonicMeanSpeed="26.11" length="5.00" nVehEntered="1"/>
    <interval begin="840.00" end="870.00" id="D8_2_2" nVehContrib="1" flow="120.00" occupancy="0.69" speed="24.24" harmonicMeanSpeed="24.24" length="5.00" nVehEntered="1"/>
    <interval begin="870.00" end="900.00" id="D8_2_2" nVehContrib="1" flow="120.00" occupancy="0.72" speed="23.22" harmonicMeanSpeed="23.22" length="5.00" nVehEntered="1"/>
    <interval begin="900.00" end="930.00" id="D8_2_2" nVehContrib="1" flow="120.00" occupancy="0.68" speed="24.63" harmonicMeanSpeed="24.63" length="5.00" nVehEntered="1"/>
    <interval begin="930.00" end="960.00" id="D8_2_2" nVehContrib="1" flow="120.00" occupancy="0.73" speed="22.79" harmonicMeanSpeed="22.79" length="5.00" nVehEntered="1"/>
    <interval begin="960.00" end="990.00" id="D8_2_2" nVehContrib="1" flow="120.00" occupancy="0.72" speed="23.22" harmonicMeanSpeed="23.22" length="5.00" nVehEntered="1"/>
    <interval begin="990.00" end="1020.00" id="D8_2_2" nVehContrib="0" flow="0.00" occupancy="0.00" speed="-1.00" harmonicMeanSpeed="-1.00" length="-1.00" nVehEntered="0"/>
    <interval begin="1020.00" end="1050.00" id="D8_2_2" nVehContrib="1" flow="120.00" occupancy="0.67" speed="24.97" harmonicMeanSpeed="24.97" length="5.00" nVehEntered="1"/>
    <interval begin="1050.00" end="1080.00" id="D8_2_2" nVehContrib="1" flow="120.00" occupancy="0.67" speed="24.88" harmonicMeanSpeed="24.88" length="5.00" nVehEntered="1"/>
    <interval begin="1080.00" end="1110.00" id="D8_2_2" nVehContrib="1" flow="120.00" occupancy="0.66" speed="25.16" harmonicMeanSpeed="25.16" length="5.00" nVehEntered="1"/>
    <interval begin="1110.00" end="1140.00" id="D8_2_2" nVehContrib="1" flow="120.00" occupancy="0.72" speed="23.31" harmonicMeanSpeed="23.31" length="5.00" nVehEntered="1"/>
    <interval begin="1140.00" end="1170.00" id="D8_2_2" nVehContrib="1" flow="120.00" occupancy="0.68" speed="24.52" harmonicMeanSpeed="24.52" length="5.00" nVehEntered="1"/>
    <interval begin="1170.00" end="1200.00" id="D8_2_2" nVehContrib="1" flow="120.00" occupancy="0.68" speed="24.55" harmonicMeanSpeed="24.55" length="5.00" nVehEntered="1"/>
    <interval begin="1200.00" end="1230.00" id="D8_2_2" nVehContrib="1" flow="120.00" occupancy="0.75" speed="22.27" harmonicMeanSpeed="22.27" length="5.00" nVehEntered="1"/>
    <interval begin="1230.00" end="1260.00" id="D8_2_2" nVehContrib="0" flow="0.00" occupancy="0.00" speed="-1.00" harmonicMeanSpeed="-1.00" length="-1.00" nVehEntered="0"/>
    <interval begin="1260.00" end="1290.00" id="D8_2_2" nVehContrib="1" flow="120.00" occupancy="0.68" speed="24.49" harmonicMeanSpeed="24.49" length="5.00" nVehEntered="1"/>
    <interval begin="1290.00" end="1320.00" id="D8_2_2" nVehContrib="1" flow="120.00" occupancy="0.69" speed="23.99" harmonicMeanSpeed="23.99" length="5.00" nVehEntered="1"/>
    <interval begin="1320.00" end="1350.00" id="D8_2_2" nVehContrib="1" flow="120.00" occupancy="0.75" speed="22.30" harmonicMeanSpeed="22.30" length="5.00" nVehEntered="1"/>
    <interval begin="1350.00" end="1380.00" id="D8_2_2" nVehContrib="1" flow="120.00" occupancy="0.68" speed="24.64" harmonicMeanSpeed="24.64" length="5.00" nVehEntered="1"/>
    <interval begin="1380.00" end="1410.00" id="D8_2_2" nVehContrib="1" flow="120.00" occupancy="0.71" speed="23.42" harmonicMeanSpeed="23.42" length="5.00" nVehEntered="1"/>
    <interval begin="1410.00" end="1440.00" id="D8_2_2" nVehContrib="1" flow="120.00" occupancy="0.69" speed="24.32" harmonicMeanSpeed="24.32" length="5.00" nVehEntered="1"/>
    <interval begin="1440.00" end="1470.00" id="D8_2_2" nVehContrib="1" flow="120.00" occupancy="0.71" speed="23.57" harmonicMeanSpeed="23.57" length="5.00" nVehEntered="1"/>
    <interval begin="1470.00" end="1500.00" id="D8_2_2" nVehContrib="0" flow="0.00" occupancy="0.00" speed="-1.00" harmonicMeanSpeed="-1.00" length="-1.00" nVehEntered="0"/>
    <interval begin="1500.00" end="1530.00" id="D8_2_2" nVehContrib="1" flow="120.00" occupancy="0.79" speed="21.11" harmonicMeanSpeed="21.11" length="5.00" nVehEntered="1"/>
    <interval begin="1530.00" end="1560.00" id="D8_2_2" nVehContrib="1" flow="120.00" occupancy="0.64" speed="26.19" harmonicMeanSpeed="26.19" length="5.00" nVehEntered="1"/>
    <interval begin="1560.00" end="1590.00" id="D8_2_2" nVehContrib="1" flow="120.00" occupancy="0.76" speed="22.02" harmonicMeanSpeed="22.02" length="5.00" nVehEntered="1"/>
    <interval begin="1590.00" end="1620.00" id="D8_2_2" nVehContrib="1" flow="120.00" occupancy="0.64" speed="26.13" harmonicMeanSpeed="26.13" length="5.00" nVehEntered="1"/>
    <interval begin="1620.00" end="1650.00" id="D8_2_2" nVehContrib="1" flow="120.00" occupancy="0.68" speed="24.40" harmonicMeanSpeed="24.40" length="5.00" nVehEntered="1"/>
    <interval begin="1650.00" end="1680.00" id="D8_2_2" nVehContrib="1" flow="120.00" occupancy="0.80" speed="20.89" harmonicMeanSpeed="20.89" length="5.00" nVehEntered="1"/>
    <interval begin="1680.00" end="1710.00" id="D8_2_2" nVehContrib="1" flow="120.00" occupancy="0.65" speed="25.47" harmonicMeanSpeed="25.47" length="5.00" nVehEntered="1"/>
    <interval begin="1710.00" end="1740.00" id="D8_2_2" nVehContrib="0" flow="0.00" occupancy="0.00" speed="-1.00" harmonicMeanSpeed="-1.00" length="-1.00" nVehEntered="0"/>
    <interval begin="1740.00" end="1770.00" id="D8_2_2" nVehContrib="1" flow="120.00" occupancy="0.76" speed="21.90" harmonicMeanSpeed="21.90" length="5.00" nVehEntered="1"/>
    <interval begin="1770.00" end="1800.00" id="D8_2_2" nVehContrib="1" flow="120.00" occupancy="0.60" speed="27.69" harmonicMeanSpeed="27.69" length="5.00" nVehEntered="1"/>
    <interval begin="1800.00" end="1830.00" id="D8_2_2" nVehContrib="1" flow="120.00" occupancy="0.66" speed="25.32" harmonicMeanSpeed="25.32" length="5.00" nVehEntered="1"/>
    <interval begin="1830.00" end="1860.00" id="D8_2_2" nVehContrib="1" flow="120.00" occupancy="0.69" speed="23.99" harmonicMeanSpeed="23.99" length="5.00" nVehEntered="1"/>
    <interval begin="1860.00" end="1890.00" id="D8_2_2" nVehContrib="1" flow="120.00" occupancy="0.71" speed="23.56" harmonicMeanSpeed="23.56" length="5.00" nVehEntered="1"/>
    <interval begin="1890.00" end="1920.00" id="D8_2_2" nVehContrib="1" flow="120.00" occupancy="0.74" speed="22.52" harmonicMeanSpeed="22.52" length="5.00" nVehEntered="1"/>
    <interval begin="1920.00" end="1950.00" id="D8_2_2" nVehContrib="1" flow="120.00" occupancy="0.62" speed="27.09" harmonicMeanSpeed="27.09" length="5.00" nVehEntered="1"/>
    <interval begin="1950.00" end="1980.00" id="D8_2_2" nVehContrib="0" flow="0.00" occupancy="0.00" speed="-1.00" harmonicMeanSpeed="-1.00" length="-1.00" nVehEntered="0"/>
    <interval begin="1980.00" end="2010.00" id="D8_2_2" nVehContrib="1" flow="120.00" occupancy="0.65" speed="25.67" harmonicMeanSpeed="25.67" length="5.00" nVehEntered="1"/>
    <interval begin="2010.00" end="2040.00" id="D8_2_2" nVehContrib="1" flow="120.00" occupancy="0.78" speed="21.36" harmonicMeanSpeed="21.36" length="5.00" nVehEntered="1"/>
    <interval begin="2040.00" end="2070.00" id="D8_2_2" nVehContrib="1" flow="120.00" occupancy="0.71" speed="23.62" harmonicMeanSpeed="23.62" length="5.00" nVehEntered="1"/>
    <interval begin="2070.00" end="2100.00" id="D8_2_2" nVehContrib="1" flow="120.00" occupancy="0.77" speed="21.66" harmonicMeanSpeed="21.66" length="5.00" nVehEntered="1"/>
    <interval begin="2100.00" end="2130.00" id="D8_2_2" nVehContrib="1" flow="120.00" occupancy="0.61" speed="27.31" harmonicMeanSpeed="27.31" length="5.00" nVehEntered="1"/>
    <interval begin="2130.00" end="2160.00" id="D8_2_2" nVehContrib="1" flow="120.00" occupancy="0.64" speed="26.10" harmonicMeanSpeed="26.10" length="5.00" nVehEntered="1"/>
    <interval begin="2160.00" end="2190.00" id="D8_2_2" nVehContrib="1" flow="120.00" occupancy="0.75" speed="22.16" harmonicMeanSpeed="22.16" length="5.00" nVehEntered="1"/>
    <interval begin="2190.00" end="2220.00" id="D8_2_2" nVehContrib="0" flow="0.00" occupancy="0.00" speed="-1.00" harmonicMeanSpeed="-1.00" length="-1.00" nVehEntered="0"/>
    <interval begin="2220.00" end="2250.00" id="D8_2_2" nVehContrib="1" flow="120.00" occupancy="0.64" speed="26.18" harmonicMeanSpeed="26.18" length="5.00" nVehEntered="1"/>
    <interval begin="2250.00" end="2280.00" id="D8_2_2" nVehContrib="1" flow="120.00" occupancy="0.75" speed="22.26" harmonicMeanSpeed="22.26" length="5.00" nVehEntered="1"/>
    <interval begin="2280.00" end="2310.00" id="D8_2_2" nVehContrib="1" flow="120.00" occupancy="0.62" speed="26.99" harmonicMeanSpeed="26.99" length="5.00" nVehEntered="1"/>
    <interval begin="2310.00" end="2340.00" id="D8_2_2" nVehContrib="1" flow="120.00" occupancy="0.64" speed="25.94" harmonicMeanSpeed="25.94" length="5.00" nVehEntered="1"/>
    <interval begin="2340.00" end="2370.00" id="D8_2_2" nVehContrib="1" flow="120.00" occupancy="0.66" speed="25.23" harmonicMeanSpeed="25.23" length="5.00" nVehEntered="1"/>
    <interval begin="2370.00" end="2400.00" id="D8_2_2" nVehContrib="1" flow="120.00" occupancy="0.68" speed="24.56" harmonicMeanSpeed="24.56" length="5.00" nVehEntered="1"/>
    <interval begin="2400.00" end="2430.00" id="D8_2_2" nVehContrib="1" flow="120.00" occupancy="0.76" speed="21.98" harmonicMeanSpeed="21.98" length="5.00" nVehEntered="1"/>
    <interval begin="2430.00" end="2460.00" id="D8_2_2" nVehContrib="0" flow="0.00" occupancy="0.00" speed="-1.00" harmonicMeanSpeed="-1.00" length="-1.00" nVehEntered="0"/>
    <interval begin="2460.00" end="2490.00" id="D8_2_2" nVehContrib="1" flow="120.00" occupancy="0.69" speed="24.15" harmonicMeanSpeed="24.15" length="5.00" nVehEntered="1"/>
    <interval begin="2490.00" end="2520.00" id="D8_2_2" nVehContrib="1" flow="120.00" occupancy="0.69" speed="24.03" harmonicMeanSpeed="24.03" length="5.00" nVehEntered="1"/>
    <interval begin="2520.00" end="2550.00" id="D8_2_2" nVehContrib="1" flow="120.00" occupancy="0.73" speed="22.94" harmonicMeanSpeed="22.94" length="5.00" nVehEntered="1"/>
    <interval begin="2550.00" end="2580.00" id="D8_2_2" nVehContrib="1" flow="120.00" occupancy="0.66" speed="25.16" harmonicMeanSpeed="25.16" length="5.00" nVehEntered="1"/>
    <interval begin="2580.00" end="2610.00" id="D8_2_2" nVehContrib="1" flow="120.00" occupancy="0.67" speed="24.83" harmonicMeanSpeed="24.83" length="5.00" nVehEntered="1"/>
    <interval begin="2610.00" end="2640.00" id="D8_2_2" nVehContrib="1" flow="120.00" occupancy="0.75" speed="22.13" harmonicMeanSpeed="22.13" length="5.00" nVehEntered="1"/>
    <interval begin="2640.00" end="2670.00" id="D8_2_2" nVehContrib="1" flow="120.00" occupancy="0.67" speed="24.94" harmonicMeanSpeed="24.94" length="5.00" nVehEntered="1"/>
    <interval begin="2670.00" end="2700.00" id="D8_2_2" nVehContrib="0" flow="0.00" occupancy="0.00" speed="-1.00" harmonicMeanSpeed="-1.00" length="-1.00" nVehEntered="0"/>
    <interval begin="2700.00" end="2730.00" id="D8_2_2" nVehContrib="1" flow="120.00" occupancy="0.78" speed="21.42" harmonicMeanSpeed="21.42" length="5.00" nVehEntered="1"/>
    <interval begin="2730.00" end="2760.00" id="D8_2_2" nVehContrib="1" flow="120.00" occupancy="0.70" speed="23.89" harmonicMeanSpeed="23.89" length="5.00" nVehEntered="1"/>
    <interval begin="2760.00" end="2790.00" id="D8_2_2" nVehContrib="1" flow="120.00" occupancy="0.74" speed="22.45" harmonicMeanSpeed="22.45" length="5.00" nVehEntered="1"/>
    <interval begin="2790.00" end="2820.00" id="D8_2_2" nVehContrib="1" flow="120.00" occupancy="0.80" speed="20.88" harmonicMeanSpeed="20.88" length="5.00" nVehEntered="1"/>
    <interval begin="2820.00" end="2850.00" id="D8_2_2" nVehContrib="1" flow="120.00" occupancy="0.67" speed="25.01" harmonicMeanSpeed="25.01" length="5.00" nVehEntered="1"/>
    <interval begin="2850.00" end="2880.00" id="D8_2_2" nVehContrib="1" flow="120.00" occupancy="0.73" speed="22.83" harmonicMeanSpeed="22.83" length="5.00" nVehEntered="1"/>
    <interval begin="2880.00" end="2910.00" id="D8_2_2" nVehContrib="1" flow="120.00" occupancy="0.67" speed="24.74" harmonicMeanSpeed="24.74" length="5.00" nVehEntered="1"/>
    <interval begin="2910.00" end="2940.00" id="D8_2_2" nVehContrib="0" flow="0.00" occupancy="0.00" speed="-1.00" harmonicMeanSpeed="-1.00" length="-1.00" nVehEntered="0"/>
    <interval begin="2940.00" end="2970.00" id="D8_2_2" nVehContrib="1" flow="120.00" occupancy="0.75" speed="22.34" harmonicMeanSpeed="22.34" length="5.00" nVehEntered="1"/>
    <interval begin="2970.00" end="3000.00" id="D8_2_2" nVehContrib="1" flow="120.00" occupancy="0.80" speed="20.86" harmonicMeanSpeed="20.86" length="5.00" nVehEntered="1"/>
    <interval begin="3000.00" end="3030.00" id="D8_2_2" nVehContrib="1" flow="120.00" occupancy="0.66" speed="25.15" harmonicMeanSpeed="25.15" length="5.00" nVehEntered="1"/>
    <interval begin="3030.00" end="3060.00" id="D8_2_2" nVehContrib="1" flow="120.00" occupancy="0.74" speed="22.48" harmonicMeanSpeed="22.48" length="5.00" nVehEntered="1"/>
    <interval begin="3060.00" end="3090.00" id="D8_2_2" nVehContrib="1" flow="120.00" occupancy="0.61" speed="27.25" harmonicMeanSpeed="27.25" length="5.00" nVehEntered="1"/>
    <interval begin="3090.00" end="3120.00" id="D8_2_2" nVehContrib="1" flow="120.00" occupancy="0.66" speed="25.24" harmonicMeanSpeed="25.24" length="5.00" nVehEntered="1"/>
    <interval begin="3120.00" end="3150.00" id="D8_2_2" nVehContrib="1" flow="120.00" occupancy="0.69" speed="24.30" harmonicMeanSpeed="24.30" length="5.00" nVehEntered="1"/>
    <interval begin="3150.00" end="3180.00" id="D8_2_2" nVehContrib="0" flow="0.00" occupancy="0.00" speed="-1.00" harmonicMeanSpeed="-1.00" length="-1.00" nVehEntered="0"/>
    <interval begin="3180.00" end="3210.00" id="D8_2_2" nVehContrib="1" flow="120.00" occupancy="0.64" speed="25.89" harmonicMeanSpeed="25.89" length="5.00" nVehEntered="1"/>
    <interval begin="3210.00" end="3240.00" id="D8_2_2" nVehContrib="1" flow="120.00" occupancy="0.71" speed="23.54" harmonicMeanSpeed="23.54" length="5.00" nVehEntered="1"/>
    <interval begin="3240.00" end="3270.00" id="D8_2_2" nVehContrib="1" flow="120.00" occupancy="0.65" speed="25.75" harmonicMeanSpeed="25.75" length="5.00" nVehEntered="1"/>
    <interval begin="3270.00" end="3300.00" id="D8_2_2" nVehContrib="1" flow="120.00" occupancy="0.71" speed="23.55" harmonicMeanSpeed="23.55" length="5.00" nVehEntered="1"/>
    <interval begin="3300.00" end="3330.00" id="D8_2_2" nVehContrib="1" flow="120.00" occupancy="0.75" speed="22.32" harmonicMeanSpeed="22.32" length="5.00" nVehEntered="1"/>
    <interval begin="3330.00" end="3360.00" id="D8_2_2" nVehContrib="1" flow="120.00" occupancy="0.71" speed="23.50" harmonicMeanSpeed="23.50" length="5.00" nVehEntered="1"/>
    <interval begin="3360.00" end="3390.00" id="D8_2_2" nVehContrib="1" flow="120.00" occupancy="0.76" speed="21.88" harmonicMeanSpeed="21.88" length="5.00" nVehEntered="1"/>
    <interval begin="3390.00" end="3420.00" id="D8_2_2" nVehContrib="0" flow="0.00" occupancy="0.00" speed="-1.00" harmonicMeanSpeed="-1.00" length="-1.00" nVehEntered="0"/>
    <interval begin="3420.00" end="3450.00" id="D8_2_2" nVehContrib="1" flow="120.00" occupancy="0.63" speed="26.37" harmonicMeanSpeed="26.37" length="5.00" nVehEntered="1"/>
    <interval begin="3450.00" end="3480.00" id="D8_2_2" nVehContrib="1" flow="120.00" occupancy="0.66" speed="25.44" harmonicMeanSpeed="25.44" length="5.00" nVehEntered="1"/>
    <interval begin="3480.00" end="3510.00" id="D8_2_2" nVehContrib="1" flow="120.00" occupancy="0.75" speed="22.27" harmonicMeanSpeed="22.27" length="5.00" nVehEntered="1"/>
    <interval begin="3510.00" end="3540.00" id="D8_2_2" nVehContrib="1" flow="120.00" occupancy="0.65" speed="25.55" harmonicMeanSpeed="25.55" length="5.00" nVehEntered="1"/>
    <interval begin="3540.00" end="3570.00" id="D8_2_2" nVehContrib="1" flow="120.00" occupancy="0.68" speed="24.45" harmonicMeanSpeed="24.45" length="5.00" nVehEntered="1"/>
    <interval begin="3570.00" end="3600.00" id="D8_2_2" nVehContrib="1" flow="120.00" occupancy="0.61" speed="27.20" harmonicMeanSpeed="27.20" length="5.00" nVehEntered="1"/>
    <interval begin="3600.00" end="3630.00" id="D8_2_2" nVehContrib="1" flow="120.00" occupancy="0.64" speed="26.16" harmonicMeanSpeed="26.16" length="5.00" nVehEntered="1"/>
    <interval begin="3630.00" end="3640.00" id="D8_2_2" nVehContrib="0" flow="0.00" occupancy="0.00" speed="-1.00" harmonicMeanSpeed="-1.00" length="-1.00" nVehEntered="0"/>
</detector>
