<?xml version="1.0" encoding="UTF-8"?>

<!-- generated on 01/24/20 13:57:31 by Eclipse SUMO GUI Version 1.3.1
<configuration xmlns:xsi="http://www.w3.org/2001/XMLSchema-instance" xsi:noNamespaceSchemaLocation="http://sumo.dlr.de/xsd/sumoConfiguration.xsd">

    <input>
        <net-file value="gnet.net.xml"/>
        <route-files value="grou.rou.xml"/>
        <additional-files value="gadd.additional.xml"/>
    </input>

    <output>
        <queue-output value="Queue.xml"/>
        <summary-output value="Summary.xml"/>
    </output>

    <time>
        <begin value="0"/>
        <end value="3600"/>
    </time>

    <processing>
        <time-to-teleport value="3600"/>
    </processing>

    <traci_server>
        <remote-port value="13929"/>
    </traci_server>

    <gui_only>
        <gui-settings-file value="gview.view.xml"/>
        <quit-on-end value="true"/>
        <start value="true"/>
    </gui_only>

</configuration>
-->

<detector xmlns:xsi="http://www.w3.org/2001/XMLSchema-instance" xsi:noNamespaceSchemaLocation="http://sumo.dlr.de/xsd/det_e1_file.xsd">
    <interval begin="0.00" end="30.00" id="D8_2_0" nVehContrib="4" flow="480.00" occupancy="2.20" speed="30.40" harmonicMeanSpeed="30.36" length="5.00" nVehEntered="4"/>
    <interval begin="30.00" end="60.00" id="D8_2_0" nVehContrib="7" flow="840.00" occupancy="5.09" speed="23.58" harmonicMeanSpeed="22.90" length="5.00" nVehEntered="7"/>
    <interval begin="60.00" end="90.00" id="D8_2_0" nVehContrib="3" flow="360.00" occupancy="3.15" speed="15.91" harmonicMeanSpeed="15.90" length="5.00" nVehEntered="3"/>
    <interval begin="90.00" end="120.00" id="D8_2_0" nVehContrib="3" flow="360.00" occupancy="2.71" speed="18.97" harmonicMeanSpeed="18.42" length="5.00" nVehEntered="3"/>
    <interval begin="120.00" end="150.00" id="D8_2_0" nVehContrib="4" flow="480.00" occupancy="3.55" speed="18.94" harmonicMeanSpeed="18.77" length="5.00" nVehEntered="4"/>
    <interval begin="150.00" end="180.00" id="D8_2_0" nVehContrib="4" flow="480.00" occupancy="4.63" speed="14.46" harmonicMeanSpeed="14.39" length="5.00" nVehEntered="4"/>
    <interval begin="180.00" end="210.00" id="D8_2_0" nVehContrib="3" flow="360.00" occupancy="2.77" speed="19.14" harmonicMeanSpeed="18.07" length="5.00" nVehEntered="3"/>
    <interval begin="210.00" end="240.00" id="D8_2_0" nVehContrib="3" flow="360.00" occupancy="2.68" speed="18.92" harmonicMeanSpeed="18.68" length="5.00" nVehEntered="3"/>
    <interval begin="240.00" end="270.00" id="D8_2_0" nVehContrib="5" flow="600.00" occupancy="9.61" speed="11.63" harmonicMeanSpeed="8.67" length="5.00" nVehEntered="5"/>
    <interval begin="270.00" end="300.00" id="D8_2_0" nVehContrib="7" flow="840.00" occupancy="5.31" speed="23.08" harmonicMeanSpeed="21.96" length="5.00" nVehEntered="7"/>
    <interval begin="300.00" end="330.00" id="D8_2_0" nVehContrib="5" flow="600.00" occupancy="4.20" speed="20.09" harmonicMeanSpeed="19.86" length="5.00" nVehEntered="5"/>
    <interval begin="330.00" end="360.00" id="D8_2_0" nVehContrib="5" flow="600.00" occupancy="6.98" speed="12.90" harmonicMeanSpeed="11.94" length="5.00" nVehEntered="5"/>
    <interval begin="360.00" end="390.00" id="D8_2_0" nVehContrib="4" flow="480.00" occupancy="2.91" speed="22.94" harmonicMeanSpeed="22.90" length="5.00" nVehEntered="4"/>
    <interval begin="390.00" end="420.00" id="D8_2_0" nVehContrib="4" flow="480.00" occupancy="4.25" speed="16.16" harmonicMeanSpeed="15.67" length="5.00" nVehEntered="4"/>
    <interval begin="420.00" end="450.00" id="D8_2_0" nVehContrib="4" flow="480.00" occupancy="4.36" speed="16.07" harmonicMeanSpeed="15.30" length="5.00" nVehEntered="4"/>
    <interval begin="450.00" end="480.00" id="D8_2_0" nVehContrib="7" flow="840.00" occupancy="4.80" speed="24.72" harmonicMeanSpeed="24.30" length="5.00" nVehEntered="7"/>
    <interval begin="480.00" end="510.00" id="D8_2_0" nVehContrib="5" flow="600.00" occupancy="5.10" speed="16.78" harmonicMeanSpeed="16.35" length="5.00" nVehEntered="5"/>
    <interval begin="510.00" end="540.00" id="D8_2_0" nVehContrib="4" flow="480.00" occupancy="5.95" speed="12.63" harmonicMeanSpeed="11.20" length="5.00" nVehEntered="4"/>
    <interval begin="540.00" end="570.00" id="D8_2_0" nVehContrib="6" flow="720.00" occupancy="4.52" speed="22.15" harmonicMeanSpeed="22.11" length="5.00" nVehEntered="6"/>
    <interval begin="570.00" end="600.00" id="D8_2_0" nVehContrib="4" flow="480.00" occupancy="4.86" speed="13.89" harmonicMeanSpeed="13.72" length="5.00" nVehEntered="4"/>
    <interval begin="600.00" end="630.00" id="D8_2_0" nVehContrib="5" flow="600.00" occupancy="4.03" speed="22.06" harmonicMeanSpeed="20.70" length="5.00" nVehEntered="5"/>
    <interval begin="630.00" end="660.00" id="D8_2_0" nVehContrib="6" flow="720.00" occupancy="4.60" speed="21.97" harmonicMeanSpeed="21.74" length="5.00" nVehEntered="6"/>
    <interval begin="660.00" end="690.00" id="D8_2_0" nVehContrib="3" flow="360.00" occupancy="3.73" speed="13.70" harmonicMeanSpeed="13.40" length="5.00" nVehEntered="3"/>
    <interval begin="690.00" end="720.00" id="D8_2_0" nVehContrib="7" flow="840.00" occupancy="5.49" speed="23.55" harmonicMeanSpeed="21.24" length="5.00" nVehEntered="7"/>
    <interval begin="720.00" end="750.00" id="D8_2_0" nVehContrib="5" flow="600.00" occupancy="3.99" speed="21.22" harmonicMeanSpeed="20.88" length="5.00" nVehEntered="5"/>
    <interval begin="750.00" end="780.00" id="D8_2_0" nVehContrib="4" flow="480.00" occupancy="5.06" speed="13.78" harmonicMeanSpeed="13.17" length="5.00" nVehEntered="4"/>
    <interval begin="780.00" end="810.00" id="D8_2_0" nVehContrib="7" flow="840.00" occupancy="5.42" speed="22.60" harmonicMeanSpeed="21.53" length="5.00" nVehEntered="7"/>
    <interval begin="810.00" end="840.00" id="D8_2_0" nVehContrib="5" flow="600.00" occupancy="4.54" speed="18.74" harmonicMeanSpeed="18.36" length="5.00" nVehEntered="5"/>
    <interval begin="840.00" end="870.00" id="D8_2_0" nVehContrib="2" flow="240.00" occupancy="2.70" speed="12.44" harmonicMeanSpeed="12.33" length="5.00" nVehEntered="2"/>
    <interval begin="870.00" end="900.00" id="D8_2_0" nVehContrib="7" flow="840.00" occupancy="5.16" speed="22.97" harmonicMeanSpeed="22.62" length="5.00" nVehEntered="7"/>
    <interval begin="900.00" end="930.00" id="D8_2_0" nVehContrib="4" flow="480.00" occupancy="3.53" speed="19.12" harmonicMeanSpeed="18.88" length="5.00" nVehEntered="4"/>
    <interval begin="930.00" end="960.00" id="D8_2_0" nVehContrib="4" flow="480.00" occupancy="5.25" speed="13.01" harmonicMeanSpeed="12.71" length="5.00" nVehEntered="4"/>
    <interval begin="960.00" end="990.00" id="D8_2_0" nVehContrib="3" flow="360.00" occupancy="2.32" speed="21.65" harmonicMeanSpeed="21.60" length="5.00" nVehEntered="4"/>
    <interval begin="990.00" end="1020.00" id="D8_2_0" nVehContrib="4" flow="480.00" occupancy="3.59" speed="18.62" harmonicMeanSpeed="18.55" length="5.00" nVehEntered="3"/>
    <interval begin="1020.00" end="1050.00" id="D8_2_0" nVehContrib="3" flow="360.00" occupancy="8.02" speed="11.10" harmonicMeanSpeed="6.23" length="5.00" nVehEntered="3"/>
    <interval begin="1050.00" end="1080.00" id="D8_2_0" nVehContrib="6" flow="720.00" occupancy="4.69" speed="22.15" harmonicMeanSpeed="21.30" length="5.00" nVehEntered="6"/>
    <interval begin="1080.00" end="1110.00" id="D8_2_0" nVehContrib="5" flow="600.00" occupancy="4.94" speed="17.27" harmonicMeanSpeed="16.86" length="5.00" nVehEntered="5"/>
    <interval begin="1110.00" end="1140.00" id="D8_2_0" nVehContrib="3" flow="360.00" occupancy="4.88" speed="11.35" harmonicMeanSpeed="10.24" length="5.00" nVehEntered="3"/>
    <interval begin="1140.00" end="1170.00" id="D8_2_0" nVehContrib="7" flow="840.00" occupancy="5.32" speed="22.07" harmonicMeanSpeed="21.93" length="5.00" nVehEntered="7"/>
    <interval begin="1170.00" end="1200.00" id="D8_2_0" nVehContrib="3" flow="360.00" occupancy="2.72" speed="18.50" harmonicMeanSpeed="18.36" length="5.00" nVehEntered="3"/>
    <interval begin="1200.00" end="1230.00" id="D8_2_0" nVehContrib="3" flow="360.00" occupancy="3.81" speed="13.25" harmonicMeanSpeed="13.13" length="5.00" nVehEntered="3"/>
    <interval begin="1230.00" end="1260.00" id="D8_2_0" nVehContrib="5" flow="600.00" occupancy="3.79" speed="22.05" harmonicMeanSpeed="21.97" length="5.00" nVehEntered="5"/>
    <interval begin="1260.00" end="1290.00" id="D8_2_0" nVehContrib="3" flow="360.00" occupancy="4.45" speed="14.71" harmonicMeanSpeed="14.65" length="5.00" nVehEntered="4"/>
    <interval begin="1290.00" end="1320.00" id="D8_2_0" nVehContrib="4" flow="480.00" occupancy="2.94" speed="17.75" harmonicMeanSpeed="16.74" length="5.00" nVehEntered="3"/>
    <interval begin="1320.00" end="1350.00" id="D8_2_0" nVehContrib="7" flow="840.00" occupancy="5.10" speed="23.50" harmonicMeanSpeed="22.89" length="5.00" nVehEntered="7"/>
    <interval begin="1350.00" end="1380.00" id="D8_2_0" nVehContrib="4" flow="480.00" occupancy="4.51" speed="14.95" harmonicMeanSpeed="14.79" length="5.00" nVehEntered="4"/>
    <interval begin="1380.00" end="1410.00" id="D8_2_0" nVehContrib="5" flow="600.00" occupancy="6.30" speed="16.32" harmonicMeanSpeed="13.22" length="5.00" nVehEntered="5"/>
    <interval begin="1410.00" end="1440.00" id="D8_2_0" nVehContrib="7" flow="840.00" occupancy="5.24" speed="22.67" harmonicMeanSpeed="22.26" length="5.00" nVehEntered="7"/>
    <interval begin="1440.00" end="1470.00" id="D8_2_0" nVehContrib="3" flow="360.00" occupancy="3.25" speed="15.54" harmonicMeanSpeed="15.37" length="5.00" nVehEntered="3"/>
    <interval begin="1470.00" end="1500.00" id="D8_2_0" nVehContrib="6" flow="720.00" occupancy="6.10" speed="18.54" harmonicMeanSpeed="16.40" length="5.00" nVehEntered="6"/>
    <interval begin="1500.00" end="1530.00" id="D8_2_0" nVehContrib="7" flow="840.00" occupancy="5.57" speed="21.26" harmonicMeanSpeed="20.95" length="5.00" nVehEntered="7"/>
    <interval begin="1530.00" end="1560.00" id="D8_2_0" nVehContrib="3" flow="360.00" occupancy="3.39" speed="14.79" harmonicMeanSpeed="14.74" length="5.00" nVehEntered="3"/>
    <interval begin="1560.00" end="1590.00" id="D8_2_0" nVehContrib="7" flow="840.00" occupancy="5.93" speed="22.90" harmonicMeanSpeed="19.69" length="5.00" nVehEntered="7"/>
    <interval begin="1590.00" end="1620.00" id="D8_2_0" nVehContrib="6" flow="720.00" occupancy="5.00" speed="20.27" harmonicMeanSpeed="19.98" length="5.00" nVehEntered="6"/>
    <interval begin="1620.00" end="1650.00" id="D8_2_0" nVehContrib="3" flow="360.00" occupancy="4.04" speed="12.74" harmonicMeanSpeed="12.36" length="5.00" nVehEntered="3"/>
    <interval begin="1650.00" end="1680.00" id="D8_2_0" nVehContrib="1" flow="120.00" occupancy="1.12" speed="14.86" harmonicMeanSpeed="14.86" length="5.00" nVehEntered="1"/>
    <interval begin="1680.00" end="1710.00" id="D8_2_0" nVehContrib="5" flow="600.00" occupancy="4.30" speed="19.50" harmonicMeanSpeed="19.40" length="5.00" nVehEntered="5"/>
    <interval begin="1710.00" end="1740.00" id="D8_2_0" nVehContrib="4" flow="480.00" occupancy="7.43" speed="10.40" harmonicMeanSpeed="8.97" length="5.00" nVehEntered="4"/>
    <interval begin="1740.00" end="1770.00" id="D8_2_0" nVehContrib="8" flow="960.00" occupancy="5.74" speed="25.61" harmonicMeanSpeed="25.25" length="5.00" nVehEntered="9"/>
    <interval begin="1770.00" end="1800.00" id="D8_2_0" nVehContrib="5" flow="600.00" occupancy="3.83" speed="19.65" harmonicMeanSpeed="19.43" length="5.00" nVehEntered="4"/>
    <interval begin="1800.00" end="1830.00" id="D8_2_0" nVehContrib="2" flow="240.00" occupancy="2.39" speed="13.94" harmonicMeanSpeed="13.94" length="5.00" nVehEntered="2"/>
    <interval begin="1830.00" end="1860.00" id="D8_2_0" nVehContrib="4" flow="480.00" occupancy="3.26" speed="20.74" harmonicMeanSpeed="20.47" length="5.00" nVehEntered="4"/>
    <interval begin="1860.00" end="1890.00" id="D8_2_0" nVehContrib="4" flow="480.00" occupancy="3.87" speed="17.47" harmonicMeanSpeed="17.23" length="5.00" nVehEntered="4"/>
    <interval begin="1890.00" end="1920.00" id="D8_2_0" nVehContrib="3" flow="360.00" occupancy="7.45" speed="9.36" harmonicMeanSpeed="6.71" length="5.00" nVehEntered="3"/>
    <interval begin="1920.00" end="1950.00" id="D8_2_0" nVehContrib="7" flow="840.00" occupancy="5.26" speed="22.57" harmonicMeanSpeed="22.17" length="5.00" nVehEntered="7"/>
    <interval begin="1950.00" end="1980.00" id="D8_2_0" nVehContrib="4" flow="480.00" occupancy="3.76" speed="17.91" harmonicMeanSpeed="17.74" length="5.00" nVehEntered="4"/>
    <interval begin="1980.00" end="2010.00" id="D8_2_0" nVehContrib="3" flow="360.00" occupancy="4.34" speed="11.57" harmonicMeanSpeed="11.52" length="5.00" nVehEntered="3"/>
    <interval begin="2010.00" end="2040.00" id="D8_2_0" nVehContrib="7" flow="840.00" occupancy="5.07" speed="23.27" harmonicMeanSpeed="23.00" length="5.00" nVehEntered="7"/>
    <interval begin="2040.00" end="2070.00" id="D8_2_0" nVehContrib="6" flow="720.00" occupancy="6.31" speed="16.15" harmonicMeanSpeed="15.84" length="5.00" nVehEntered="6"/>
    <interval begin="2070.00" end="2100.00" id="D8_2_0" nVehContrib="3" flow="360.00" occupancy="5.58" speed="11.17" harmonicMeanSpeed="8.95" length="5.00" nVehEntered="3"/>
    <interval begin="2100.00" end="2130.00" id="D8_2_0" nVehContrib="6" flow="720.00" occupancy="4.09" speed="24.76" harmonicMeanSpeed="24.43" length="5.00" nVehEntered="6"/>
    <interval begin="2130.00" end="2160.00" id="D8_2_0" nVehContrib="5" flow="600.00" occupancy="5.15" speed="16.44" harmonicMeanSpeed="16.19" length="5.00" nVehEntered="5"/>
    <interval begin="2160.00" end="2190.00" id="D8_2_0" nVehContrib="4" flow="480.00" occupancy="4.77" speed="14.91" harmonicMeanSpeed="13.97" length="5.00" nVehEntered="4"/>
    <interval begin="2190.00" end="2220.00" id="D8_2_0" nVehContrib="6" flow="720.00" occupancy="5.09" speed="19.77" harmonicMeanSpeed="19.64" length="5.00" nVehEntered="6"/>
    <interval begin="2220.00" end="2250.00" id="D8_2_0" nVehContrib="3" flow="360.00" occupancy="4.39" speed="12.00" harmonicMeanSpeed="11.38" length="5.00" nVehEntered="3"/>
    <interval begin="2250.00" end="2280.00" id="D8_2_0" nVehContrib="5" flow="600.00" occupancy="6.82" speed="15.96" harmonicMeanSpeed="12.22" length="5.00" nVehEntered="5"/>
    <interval begin="2280.00" end="2310.00" id="D8_2_0" nVehContrib="5" flow="600.00" occupancy="3.73" speed="22.57" harmonicMeanSpeed="22.32" length="5.00" nVehEntered="5"/>
    <interval begin="2310.00" end="2340.00" id="D8_2_0" nVehContrib="3" flow="360.00" occupancy="3.47" speed="14.65" harmonicMeanSpeed="14.41" length="5.00" nVehEntered="3"/>
    <interval begin="2340.00" end="2370.00" id="D8_2_0" nVehContrib="3" flow="360.00" occupancy="4.16" speed="15.71" harmonicMeanSpeed="12.03" length="5.00" nVehEntered="3"/>
    <interval begin="2370.00" end="2400.00" id="D8_2_0" nVehContrib="5" flow="600.00" occupancy="4.14" speed="20.24" harmonicMeanSpeed="20.14" length="5.00" nVehEntered="5"/>
    <interval begin="2400.00" end="2430.00" id="D8_2_0" nVehContrib="3" flow="360.00" occupancy="3.66" speed="14.17" harmonicMeanSpeed="13.68" length="5.00" nVehEntered="3"/>
    <interval begin="2430.00" end="2460.00" id="D8_2_0" nVehContrib="7" flow="840.00" occupancy="9.04" speed="20.53" harmonicMeanSpeed="12.91" length="5.00" nVehEntered="7"/>
    <interval begin="2460.00" end="2490.00" id="D8_2_0" nVehContrib="6" flow="720.00" occupancy="5.21" speed="19.62" harmonicMeanSpeed="19.19" length="5.00" nVehEntered="6"/>
    <interval begin="2490.00" end="2520.00" id="D8_2_0" nVehContrib="3" flow="360.00" occupancy="3.54" speed="14.28" harmonicMeanSpeed="14.14" length="5.00" nVehEntered="3"/>
    <interval begin="2520.00" end="2550.00" id="D8_2_0" nVehContrib="5" flow="600.00" occupancy="4.27" speed="19.87" harmonicMeanSpeed="19.51" length="5.00" nVehEntered="5"/>
    <interval begin="2550.00" end="2580.00" id="D8_2_0" nVehContrib="3" flow="360.00" occupancy="3.08" speed="18.36" harmonicMeanSpeed="18.14" length="5.00" nVehEntered="4"/>
    <interval begin="2580.00" end="2610.00" id="D8_2_0" nVehContrib="4" flow="480.00" occupancy="4.67" speed="13.41" harmonicMeanSpeed="13.35" length="5.00" nVehEntered="3"/>
    <interval begin="2610.00" end="2640.00" id="D8_2_0" nVehContrib="4" flow="480.00" occupancy="3.36" speed="20.80" harmonicMeanSpeed="19.83" length="5.00" nVehEntered="4"/>
    <interval begin="2640.00" end="2670.00" id="D8_2_0" nVehContrib="5" flow="600.00" occupancy="4.33" speed="19.52" harmonicMeanSpeed="19.23" length="5.00" nVehEntered="5"/>
    <interval begin="2670.00" end="2700.00" id="D8_2_0" nVehContrib="4" flow="480.00" occupancy="5.98" speed="11.71" harmonicMeanSpeed="11.15" length="5.00" nVehEntered="4"/>
    <interval begin="2700.00" end="2730.00" id="D8_2_0" nVehContrib="5" flow="600.00" occupancy="3.67" speed="22.77" harmonicMeanSpeed="22.68" length="5.00" nVehEntered="5"/>
    <interval begin="2730.00" end="2760.00" id="D8_2_0" nVehContrib="5" flow="600.00" occupancy="4.65" speed="18.12" harmonicMeanSpeed="17.93" length="5.00" nVehEntered="5"/>
    <interval begin="2760.00" end="2790.00" id="D8_2_0" nVehContrib="3" flow="360.00" occupancy="6.01" speed="8.98" harmonicMeanSpeed="8.31" length="5.00" nVehEntered="3"/>
    <interval begin="2790.00" end="2820.00" id="D8_2_0" nVehContrib="7" flow="840.00" occupancy="5.04" speed="23.88" harmonicMeanSpeed="23.16" length="5.00" nVehEntered="7"/>
    <interval begin="2820.00" end="2850.00" id="D8_2_0" nVehContrib="5" flow="600.00" occupancy="4.67" speed="18.49" harmonicMeanSpeed="17.85" length="5.00" nVehEntered="5"/>
    <interval begin="2850.00" end="2880.00" id="D8_2_0" nVehContrib="3" flow="360.00" occupancy="3.41" speed="14.98" harmonicMeanSpeed="14.65" length="5.00" nVehEntered="3"/>
    <interval begin="2880.00" end="2910.00" id="D8_2_0" nVehContrib="7" flow="840.00" occupancy="5.14" speed="22.82" harmonicMeanSpeed="22.70" length="5.00" nVehEntered="7"/>
    <interval begin="2910.00" end="2940.00" id="D8_2_0" nVehContrib="5" flow="600.00" occupancy="5.19" speed="16.74" harmonicMeanSpeed="16.05" length="5.00" nVehEntered="5"/>
    <interval begin="2940.00" end="2970.00" id="D8_2_0" nVehContrib="2" flow="240.00" occupancy="2.64" speed="12.86" harmonicMeanSpeed="12.60" length="5.00" nVehEntered="2"/>
    <interval begin="2970.00" end="3000.00" id="D8_2_0" nVehContrib="7" flow="840.00" occupancy="5.14" speed="22.90" harmonicMeanSpeed="22.68" length="5.00" nVehEntered="7"/>
    <interval begin="3000.00" end="3030.00" id="D8_2_0" nVehContrib="5" flow="600.00" occupancy="6.15" speed="14.67" harmonicMeanSpeed="13.55" length="5.00" nVehEntered="5"/>
    <interval begin="3030.00" end="3060.00" id="D8_2_0" nVehContrib="2" flow="240.00" occupancy="4.16" speed="11.69" harmonicMeanSpeed="8.01" length="5.00" nVehEntered="2"/>
    <interval begin="3060.00" end="3090.00" id="D8_2_0" nVehContrib="5" flow="600.00" occupancy="4.06" speed="20.60" harmonicMeanSpeed="20.54" length="5.00" nVehEntered="5"/>
    <interval begin="3090.00" end="3120.00" id="D8_2_0" nVehContrib="3" flow="360.00" occupancy="3.44" speed="14.59" harmonicMeanSpeed="14.52" length="5.00" nVehEntered="3"/>
    <interval begin="3120.00" end="3150.00" id="D8_2_0" nVehContrib="4" flow="480.00" occupancy="5.56" speed="14.04" harmonicMeanSpeed="11.98" length="5.00" nVehEntered="4"/>
    <interval begin="3150.00" end="3180.00" id="D8_2_0" nVehContrib="5" flow="600.00" occupancy="4.22" speed="19.96" harmonicMeanSpeed="19.74" length="5.00" nVehEntered="5"/>
    <interval begin="3180.00" end="3210.00" id="D8_2_0" nVehContrib="3" flow="360.00" occupancy="4.09" speed="13.00" harmonicMeanSpeed="12.21" length="5.00" nVehEntered="3"/>
    <interval begin="3210.00" end="3240.00" id="D8_2_0" nVehContrib="4" flow="480.00" occupancy="3.34" speed="20.33" harmonicMeanSpeed="19.94" length="5.00" nVehEntered="4"/>
    <interval begin="3240.00" end="3270.00" id="D8_2_0" nVehContrib="6" flow="720.00" occupancy="4.56" speed="22.11" harmonicMeanSpeed="21.95" length="5.00" nVehEntered="6"/>
    <interval begin="3270.00" end="3300.00" id="D8_2_0" nVehContrib="4" flow="480.00" occupancy="4.56" speed="14.99" harmonicMeanSpeed="14.62" length="5.00" nVehEntered="4"/>
    <interval begin="3300.00" end="3330.00" id="D8_2_0" nVehContrib="4" flow="480.00" occupancy="3.95" speed="17.53" harmonicMeanSpeed="16.87" length="5.00" nVehEntered="4"/>
    <interval begin="3330.00" end="3360.00" id="D8_2_0" nVehContrib="4" flow="480.00" occupancy="3.24" speed="20.78" harmonicMeanSpeed="20.60" length="5.00" nVehEntered="4"/>
    <interval begin="3360.00" end="3390.00" id="D8_2_0" nVehContrib="4" flow="480.00" occupancy="5.40" speed="13.02" harmonicMeanSpeed="12.36" length="5.00" nVehEntered="4"/>
    <interval begin="3390.00" end="3420.00" id="D8_2_0" nVehContrib="7" flow="840.00" occupancy="5.19" speed="23.27" harmonicMeanSpeed="22.47" length="5.00" nVehEntered="7"/>
    <interval begin="3420.00" end="3450.00" id="D8_2_0" nVehContrib="5" flow="600.00" occupancy="4.28" speed="19.67" harmonicMeanSpeed="19.48" length="5.00" nVehEntered="5"/>
    <interval begin="3450.00" end="3480.00" id="D8_2_0" nVehContrib="3" flow="360.00" occupancy="4.43" speed="11.72" harmonicMeanSpeed="11.29" length="5.00" nVehEntered="3"/>
    <interval begin="3480.00" end="3510.00" id="D8_2_0" nVehContrib="5" flow="600.00" occupancy="4.47" speed="19.36" harmonicMeanSpeed="18.66" length="5.00" nVehEntered="5"/>
    <interval begin="3510.00" end="3540.00" id="D8_2_0" nVehContrib="3" flow="360.00" occupancy="2.89" speed="17.38" harmonicMeanSpeed="17.31" length="5.00" nVehEntered="3"/>
    <interval begin="3540.00" end="3570.00" id="D8_2_0" nVehContrib="2" flow="240.00" occupancy="2.37" speed="14.10" harmonicMeanSpeed="14.04" length="5.00" nVehEntered="2"/>
    <interval begin="3570.00" end="3600.00" id="D8_2_0" nVehContrib="7" flow="840.00" occupancy="5.17" speed="22.90" harmonicMeanSpeed="22.55" length="5.00" nVehEntered="7"/>
    <interval begin="3600.00" end="3630.00" id="D8_2_0" nVehContrib="4" flow="480.00" occupancy="3.65" speed="18.35" harmonicMeanSpeed="18.24" length="5.00" nVehEntered="4"/>
    <interval begin="3630.00" end="3640.00" id="D8_2_0" nVehContrib="1" flow="360.00" occupancy="3.73" speed="13.40" harmonicMeanSpeed="13.40" length="5.00" nVehEntered="1"/>
</detector>
