<?xml version="1.0" encoding="UTF-8"?>

<!-- generated on 01/24/20 13:57:31 by Eclipse SUMO GUI Version 1.3.1
<configuration xmlns:xsi="http://www.w3.org/2001/XMLSchema-instance" xsi:noNamespaceSchemaLocation="http://sumo.dlr.de/xsd/sumoConfiguration.xsd">

    <input>
        <net-file value="gnet.net.xml"/>
        <route-files value="grou.rou.xml"/>
        <additional-files value="gadd.additional.xml"/>
    </input>

    <output>
        <queue-output value="Queue.xml"/>
        <summary-output value="Summary.xml"/>
    </output>

    <time>
        <begin value="0"/>
        <end value="3600"/>
    </time>

    <processing>
        <time-to-teleport value="3600"/>
    </processing>

    <traci_server>
        <remote-port value="13929"/>
    </traci_server>

    <gui_only>
        <gui-settings-file value="gview.view.xml"/>
        <quit-on-end value="true"/>
        <start value="true"/>
    </gui_only>

</configuration>
-->

<detector xmlns:xsi="http://www.w3.org/2001/XMLSchema-instance" xsi:noNamespaceSchemaLocation="http://sumo.dlr.de/xsd/det_e1_file.xsd">
    <interval begin="0.00" end="30.00" id="D8_3_0" nVehContrib="5" flow="600.00" occupancy="3.35" speed="24.90" harmonicMeanSpeed="24.88" length="5.00" nVehEntered="5"/>
    <interval begin="30.00" end="60.00" id="D8_3_0" nVehContrib="6" flow="720.00" occupancy="4.06" speed="24.67" harmonicMeanSpeed="24.64" length="5.00" nVehEntered="6"/>
    <interval begin="60.00" end="90.00" id="D8_3_0" nVehContrib="3" flow="360.00" occupancy="1.96" speed="25.49" harmonicMeanSpeed="25.49" length="5.00" nVehEntered="3"/>
    <interval begin="90.00" end="120.00" id="D8_3_0" nVehContrib="3" flow="360.00" occupancy="2.11" speed="23.72" harmonicMeanSpeed="23.70" length="5.00" nVehEntered="3"/>
    <interval begin="120.00" end="150.00" id="D8_3_0" nVehContrib="4" flow="480.00" occupancy="2.64" speed="25.26" harmonicMeanSpeed="25.25" length="5.00" nVehEntered="4"/>
    <interval begin="150.00" end="180.00" id="D8_3_0" nVehContrib="5" flow="600.00" occupancy="3.37" speed="24.77" harmonicMeanSpeed="24.71" length="5.00" nVehEntered="5"/>
    <interval begin="180.00" end="210.00" id="D8_3_0" nVehContrib="2" flow="240.00" occupancy="1.33" speed="24.99" harmonicMeanSpeed="24.99" length="5.00" nVehEntered="2"/>
    <interval begin="210.00" end="240.00" id="D8_3_0" nVehContrib="4" flow="480.00" occupancy="2.74" speed="24.31" harmonicMeanSpeed="24.31" length="5.00" nVehEntered="4"/>
    <interval begin="240.00" end="270.00" id="D8_3_0" nVehContrib="4" flow="480.00" occupancy="2.83" speed="23.59" harmonicMeanSpeed="23.59" length="5.00" nVehEntered="4"/>
    <interval begin="270.00" end="300.00" id="D8_3_0" nVehContrib="7" flow="840.00" occupancy="4.65" speed="25.07" harmonicMeanSpeed="25.07" length="5.00" nVehEntered="7"/>
    <interval begin="300.00" end="330.00" id="D8_3_0" nVehContrib="4" flow="480.00" occupancy="2.64" speed="25.32" harmonicMeanSpeed="25.29" length="5.00" nVehEntered="4"/>
    <interval begin="330.00" end="360.00" id="D8_3_0" nVehContrib="5" flow="600.00" occupancy="3.35" speed="24.88" harmonicMeanSpeed="24.87" length="5.00" nVehEntered="5"/>
    <interval begin="360.00" end="390.00" id="D8_3_0" nVehContrib="5" flow="600.00" occupancy="3.36" speed="24.82" harmonicMeanSpeed="24.79" length="5.00" nVehEntered="5"/>
    <interval begin="390.00" end="420.00" id="D8_3_0" nVehContrib="4" flow="480.00" occupancy="2.74" speed="24.33" harmonicMeanSpeed="24.30" length="5.00" nVehEntered="4"/>
    <interval begin="420.00" end="450.00" id="D8_3_0" nVehContrib="4" flow="480.00" occupancy="2.79" speed="23.96" harmonicMeanSpeed="23.85" length="5.00" nVehEntered="4"/>
    <interval begin="450.00" end="480.00" id="D8_3_0" nVehContrib="7" flow="840.00" occupancy="4.74" speed="24.65" harmonicMeanSpeed="24.62" length="5.00" nVehEntered="7"/>
    <interval begin="480.00" end="510.00" id="D8_3_0" nVehContrib="5" flow="600.00" occupancy="3.31" speed="25.20" harmonicMeanSpeed="25.18" length="5.00" nVehEntered="5"/>
    <interval begin="510.00" end="540.00" id="D8_3_0" nVehContrib="4" flow="480.00" occupancy="2.61" speed="25.59" harmonicMeanSpeed="25.58" length="5.00" nVehEntered="4"/>
    <interval begin="540.00" end="570.00" id="D8_3_0" nVehContrib="5" flow="600.00" occupancy="3.27" speed="25.52" harmonicMeanSpeed="25.52" length="5.00" nVehEntered="5"/>
    <interval begin="570.00" end="600.00" id="D8_3_0" nVehContrib="4" flow="480.00" occupancy="2.70" speed="24.75" harmonicMeanSpeed="24.72" length="5.00" nVehEntered="4"/>
    <interval begin="600.00" end="630.00" id="D8_3_0" nVehContrib="6" flow="720.00" occupancy="4.18" speed="24.01" harmonicMeanSpeed="23.90" length="5.00" nVehEntered="6"/>
    <interval begin="630.00" end="660.00" id="D8_3_0" nVehContrib="5" flow="600.00" occupancy="3.65" speed="25.46" harmonicMeanSpeed="25.45" length="5.00" nVehEntered="6"/>
    <interval begin="660.00" end="690.00" id="D8_3_0" nVehContrib="4" flow="480.00" occupancy="2.28" speed="25.05" harmonicMeanSpeed="25.04" length="5.00" nVehEntered="3"/>
    <interval begin="690.00" end="720.00" id="D8_3_0" nVehContrib="7" flow="840.00" occupancy="4.70" speed="24.83" harmonicMeanSpeed="24.81" length="5.00" nVehEntered="7"/>
    <interval begin="720.00" end="750.00" id="D8_3_0" nVehContrib="4" flow="480.00" occupancy="2.62" speed="25.49" harmonicMeanSpeed="25.47" length="5.00" nVehEntered="4"/>
    <interval begin="750.00" end="780.00" id="D8_3_0" nVehContrib="4" flow="480.00" occupancy="2.68" speed="24.87" harmonicMeanSpeed="24.87" length="5.00" nVehEntered="4"/>
    <interval begin="780.00" end="810.00" id="D8_3_0" nVehContrib="7" flow="840.00" occupancy="4.73" speed="24.73" harmonicMeanSpeed="24.69" length="5.00" nVehEntered="7"/>
    <interval begin="810.00" end="840.00" id="D8_3_0" nVehContrib="5" flow="600.00" occupancy="3.27" speed="25.53" harmonicMeanSpeed="25.51" length="5.00" nVehEntered="5"/>
    <interval begin="840.00" end="870.00" id="D8_3_0" nVehContrib="3" flow="360.00" occupancy="2.10" speed="23.80" harmonicMeanSpeed="23.77" length="5.00" nVehEntered="3"/>
    <interval begin="870.00" end="900.00" id="D8_3_0" nVehContrib="7" flow="840.00" occupancy="4.57" speed="25.59" harmonicMeanSpeed="25.54" length="5.00" nVehEntered="7"/>
    <interval begin="900.00" end="930.00" id="D8_3_0" nVehContrib="3" flow="360.00" occupancy="1.99" speed="25.09" harmonicMeanSpeed="25.09" length="5.00" nVehEntered="3"/>
    <interval begin="930.00" end="960.00" id="D8_3_0" nVehContrib="4" flow="480.00" occupancy="2.66" speed="25.08" harmonicMeanSpeed="25.04" length="5.00" nVehEntered="4"/>
    <interval begin="960.00" end="990.00" id="D8_3_0" nVehContrib="4" flow="480.00" occupancy="2.60" speed="25.63" harmonicMeanSpeed="25.61" length="5.00" nVehEntered="4"/>
    <interval begin="990.00" end="1020.00" id="D8_3_0" nVehContrib="3" flow="360.00" occupancy="1.95" speed="25.62" harmonicMeanSpeed="25.62" length="5.00" nVehEntered="3"/>
    <interval begin="1020.00" end="1050.00" id="D8_3_0" nVehContrib="3" flow="360.00" occupancy="2.29" speed="22.14" harmonicMeanSpeed="21.87" length="5.00" nVehEntered="3"/>
    <interval begin="1050.00" end="1080.00" id="D8_3_0" nVehContrib="6" flow="720.00" occupancy="4.05" speed="24.74" harmonicMeanSpeed="24.70" length="5.00" nVehEntered="6"/>
    <interval begin="1080.00" end="1110.00" id="D8_3_0" nVehContrib="4" flow="480.00" occupancy="3.22" speed="25.75" harmonicMeanSpeed="25.74" length="5.00" nVehEntered="5"/>
    <interval begin="1110.00" end="1140.00" id="D8_3_0" nVehContrib="3" flow="360.00" occupancy="1.50" speed="23.53" harmonicMeanSpeed="23.52" length="5.00" nVehEntered="2"/>
    <interval begin="1140.00" end="1170.00" id="D8_3_0" nVehContrib="6" flow="720.00" occupancy="3.98" speed="25.14" harmonicMeanSpeed="25.11" length="5.00" nVehEntered="6"/>
    <interval begin="1170.00" end="1200.00" id="D8_3_0" nVehContrib="4" flow="480.00" occupancy="2.63" speed="25.35" harmonicMeanSpeed="25.33" length="5.00" nVehEntered="4"/>
    <interval begin="1200.00" end="1230.00" id="D8_3_0" nVehContrib="2" flow="240.00" occupancy="1.40" speed="23.92" harmonicMeanSpeed="23.89" length="5.00" nVehEntered="2"/>
    <interval begin="1230.00" end="1260.00" id="D8_3_0" nVehContrib="5" flow="600.00" occupancy="3.37" speed="24.76" harmonicMeanSpeed="24.73" length="5.00" nVehEntered="5"/>
    <interval begin="1260.00" end="1290.00" id="D8_3_0" nVehContrib="4" flow="480.00" occupancy="2.72" speed="24.51" harmonicMeanSpeed="24.47" length="5.00" nVehEntered="4"/>
    <interval begin="1290.00" end="1320.00" id="D8_3_0" nVehContrib="4" flow="480.00" occupancy="2.90" speed="23.10" harmonicMeanSpeed="23.01" length="5.00" nVehEntered="4"/>
    <interval begin="1320.00" end="1350.00" id="D8_3_0" nVehContrib="6" flow="720.00" occupancy="3.93" speed="25.49" harmonicMeanSpeed="25.46" length="5.00" nVehEntered="6"/>
    <interval begin="1350.00" end="1380.00" id="D8_3_0" nVehContrib="5" flow="600.00" occupancy="3.32" speed="25.11" harmonicMeanSpeed="25.10" length="5.00" nVehEntered="5"/>
    <interval begin="1380.00" end="1410.00" id="D8_3_0" nVehContrib="5" flow="600.00" occupancy="3.38" speed="24.68" harmonicMeanSpeed="24.67" length="5.00" nVehEntered="5"/>
    <interval begin="1410.00" end="1440.00" id="D8_3_0" nVehContrib="7" flow="840.00" occupancy="4.61" speed="25.34" harmonicMeanSpeed="25.32" length="5.00" nVehEntered="7"/>
    <interval begin="1440.00" end="1470.00" id="D8_3_0" nVehContrib="3" flow="360.00" occupancy="2.00" speed="25.05" harmonicMeanSpeed="25.04" length="5.00" nVehEntered="3"/>
    <interval begin="1470.00" end="1500.00" id="D8_3_0" nVehContrib="5" flow="600.00" occupancy="3.36" speed="24.87" harmonicMeanSpeed="24.79" length="5.00" nVehEntered="5"/>
    <interval begin="1500.00" end="1530.00" id="D8_3_0" nVehContrib="7" flow="840.00" occupancy="4.58" speed="25.52" harmonicMeanSpeed="25.47" length="5.00" nVehEntered="7"/>
    <interval begin="1530.00" end="1560.00" id="D8_3_0" nVehContrib="4" flow="480.00" occupancy="2.63" speed="25.39" harmonicMeanSpeed="25.38" length="5.00" nVehEntered="4"/>
    <interval begin="1560.00" end="1590.00" id="D8_3_0" nVehContrib="7" flow="840.00" occupancy="4.74" speed="24.65" harmonicMeanSpeed="24.59" length="5.00" nVehEntered="7"/>
    <interval begin="1590.00" end="1620.00" id="D8_3_0" nVehContrib="6" flow="720.00" occupancy="3.92" speed="25.48" harmonicMeanSpeed="25.48" length="5.00" nVehEntered="6"/>
    <interval begin="1620.00" end="1650.00" id="D8_3_0" nVehContrib="2" flow="240.00" occupancy="1.33" speed="25.00" harmonicMeanSpeed="25.00" length="5.00" nVehEntered="2"/>
    <interval begin="1650.00" end="1680.00" id="D8_3_0" nVehContrib="3" flow="360.00" occupancy="2.18" speed="24.28" harmonicMeanSpeed="24.28" length="5.00" nVehEntered="4"/>
    <interval begin="1680.00" end="1710.00" id="D8_3_0" nVehContrib="4" flow="480.00" occupancy="2.51" speed="25.38" harmonicMeanSpeed="25.35" length="5.00" nVehEntered="3"/>
    <interval begin="1710.00" end="1740.00" id="D8_3_0" nVehContrib="4" flow="480.00" occupancy="2.71" speed="24.64" harmonicMeanSpeed="24.61" length="5.00" nVehEntered="4"/>
    <interval begin="1740.00" end="1770.00" id="D8_3_0" nVehContrib="9" flow="1080.00" occupancy="6.00" speed="25.02" harmonicMeanSpeed="25.00" length="5.00" nVehEntered="9"/>
    <interval begin="1770.00" end="1800.00" id="D8_3_0" nVehContrib="5" flow="600.00" occupancy="3.32" speed="25.18" harmonicMeanSpeed="25.12" length="5.00" nVehEntered="5"/>
    <interval begin="1800.00" end="1830.00" id="D8_3_0" nVehContrib="2" flow="240.00" occupancy="1.42" speed="23.56" harmonicMeanSpeed="23.55" length="5.00" nVehEntered="2"/>
    <interval begin="1830.00" end="1860.00" id="D8_3_0" nVehContrib="4" flow="480.00" occupancy="2.79" speed="23.90" harmonicMeanSpeed="23.90" length="5.00" nVehEntered="4"/>
    <interval begin="1860.00" end="1890.00" id="D8_3_0" nVehContrib="5" flow="600.00" occupancy="3.29" speed="25.37" harmonicMeanSpeed="25.34" length="5.00" nVehEntered="5"/>
    <interval begin="1890.00" end="1920.00" id="D8_3_0" nVehContrib="2" flow="240.00" occupancy="1.56" speed="21.54" harmonicMeanSpeed="21.43" length="5.00" nVehEntered="2"/>
    <interval begin="1920.00" end="1950.00" id="D8_3_0" nVehContrib="6" flow="720.00" occupancy="3.97" speed="25.19" harmonicMeanSpeed="25.18" length="5.00" nVehEntered="6"/>
    <interval begin="1950.00" end="1980.00" id="D8_3_0" nVehContrib="4" flow="480.00" occupancy="2.71" speed="24.59" harmonicMeanSpeed="24.57" length="5.00" nVehEntered="4"/>
    <interval begin="1980.00" end="2010.00" id="D8_3_0" nVehContrib="4" flow="480.00" occupancy="2.83" speed="23.62" harmonicMeanSpeed="23.54" length="5.00" nVehEntered="4"/>
    <interval begin="2010.00" end="2040.00" id="D8_3_0" nVehContrib="7" flow="840.00" occupancy="4.67" speed="25.01" harmonicMeanSpeed="25.01" length="5.00" nVehEntered="7"/>
    <interval begin="2040.00" end="2070.00" id="D8_3_0" nVehContrib="5" flow="600.00" occupancy="3.36" speed="24.87" harmonicMeanSpeed="24.83" length="5.00" nVehEntered="5"/>
    <interval begin="2070.00" end="2100.00" id="D8_3_0" nVehContrib="4" flow="480.00" occupancy="2.74" speed="24.34" harmonicMeanSpeed="24.32" length="5.00" nVehEntered="4"/>
    <interval begin="2100.00" end="2130.00" id="D8_3_0" nVehContrib="6" flow="720.00" occupancy="3.97" speed="25.26" harmonicMeanSpeed="25.20" length="5.00" nVehEntered="6"/>
    <interval begin="2130.00" end="2160.00" id="D8_3_0" nVehContrib="5" flow="600.00" occupancy="3.28" speed="25.40" harmonicMeanSpeed="25.38" length="5.00" nVehEntered="5"/>
    <interval begin="2160.00" end="2190.00" id="D8_3_0" nVehContrib="3" flow="360.00" occupancy="2.05" speed="24.42" harmonicMeanSpeed="24.35" length="5.00" nVehEntered="3"/>
    <interval begin="2190.00" end="2220.00" id="D8_3_0" nVehContrib="6" flow="720.00" occupancy="3.95" speed="25.33" harmonicMeanSpeed="25.31" length="5.00" nVehEntered="6"/>
    <interval begin="2220.00" end="2250.00" id="D8_3_0" nVehContrib="5" flow="600.00" occupancy="3.42" speed="24.42" harmonicMeanSpeed="24.39" length="5.00" nVehEntered="5"/>
    <interval begin="2250.00" end="2280.00" id="D8_3_0" nVehContrib="5" flow="600.00" occupancy="3.37" speed="24.78" harmonicMeanSpeed="24.71" length="5.00" nVehEntered="5"/>
    <interval begin="2280.00" end="2310.00" id="D8_3_0" nVehContrib="4" flow="480.00" occupancy="2.72" speed="24.56" harmonicMeanSpeed="24.55" length="5.00" nVehEntered="4"/>
    <interval begin="2310.00" end="2340.00" id="D8_3_0" nVehContrib="3" flow="360.00" occupancy="2.01" speed="24.93" harmonicMeanSpeed="24.89" length="5.00" nVehEntered="3"/>
    <interval begin="2340.00" end="2370.00" id="D8_3_0" nVehContrib="3" flow="360.00" occupancy="2.15" speed="23.56" harmonicMeanSpeed="23.24" length="5.00" nVehEntered="3"/>
    <interval begin="2370.00" end="2400.00" id="D8_3_0" nVehContrib="5" flow="600.00" occupancy="3.34" speed="24.97" harmonicMeanSpeed="24.94" length="5.00" nVehEntered="5"/>
    <interval begin="2400.00" end="2430.00" id="D8_3_0" nVehContrib="2" flow="240.00" occupancy="1.37" speed="24.24" harmonicMeanSpeed="24.24" length="5.00" nVehEntered="2"/>
    <interval begin="2430.00" end="2460.00" id="D8_3_0" nVehContrib="7" flow="840.00" occupancy="4.72" speed="24.82" harmonicMeanSpeed="24.72" length="5.00" nVehEntered="7"/>
    <interval begin="2460.00" end="2490.00" id="D8_3_0" nVehContrib="5" flow="600.00" occupancy="3.34" speed="24.96" harmonicMeanSpeed="24.93" length="5.00" nVehEntered="5"/>
    <interval begin="2490.00" end="2520.00" id="D8_3_0" nVehContrib="3" flow="360.00" occupancy="1.90" speed="26.32" harmonicMeanSpeed="26.32" length="5.00" nVehEntered="3"/>
    <interval begin="2520.00" end="2550.00" id="D8_3_0" nVehContrib="5" flow="600.00" occupancy="3.37" speed="24.75" harmonicMeanSpeed="24.73" length="5.00" nVehEntered="5"/>
    <interval begin="2550.00" end="2580.00" id="D8_3_0" nVehContrib="4" flow="480.00" occupancy="2.66" speed="25.07" harmonicMeanSpeed="25.05" length="5.00" nVehEntered="4"/>
    <interval begin="2580.00" end="2610.00" id="D8_3_0" nVehContrib="3" flow="360.00" occupancy="2.05" speed="24.45" harmonicMeanSpeed="24.41" length="5.00" nVehEntered="3"/>
    <interval begin="2610.00" end="2640.00" id="D8_3_0" nVehContrib="5" flow="600.00" occupancy="3.48" speed="24.00" harmonicMeanSpeed="23.92" length="5.00" nVehEntered="5"/>
    <interval begin="2640.00" end="2670.00" id="D8_3_0" nVehContrib="4" flow="480.00" occupancy="2.75" speed="24.32" harmonicMeanSpeed="24.26" length="5.00" nVehEntered="4"/>
    <interval begin="2670.00" end="2700.00" id="D8_3_0" nVehContrib="4" flow="480.00" occupancy="2.67" speed="24.95" harmonicMeanSpeed="24.94" length="5.00" nVehEntered="4"/>
    <interval begin="2700.00" end="2730.00" id="D8_3_0" nVehContrib="6" flow="720.00" occupancy="4.01" speed="24.97" harmonicMeanSpeed="24.95" length="5.00" nVehEntered="6"/>
    <interval begin="2730.00" end="2760.00" id="D8_3_0" nVehContrib="5" flow="600.00" occupancy="3.29" speed="25.34" harmonicMeanSpeed="25.32" length="5.00" nVehEntered="5"/>
    <interval begin="2760.00" end="2790.00" id="D8_3_0" nVehContrib="3" flow="360.00" occupancy="2.09" speed="23.96" harmonicMeanSpeed="23.92" length="5.00" nVehEntered="3"/>
    <interval begin="2790.00" end="2820.00" id="D8_3_0" nVehContrib="7" flow="840.00" occupancy="4.58" speed="25.51" harmonicMeanSpeed="25.45" length="5.00" nVehEntered="7"/>
    <interval begin="2820.00" end="2850.00" id="D8_3_0" nVehContrib="4" flow="480.00" occupancy="2.64" speed="25.25" harmonicMeanSpeed="25.24" length="5.00" nVehEntered="4"/>
    <interval begin="2850.00" end="2880.00" id="D8_3_0" nVehContrib="4" flow="480.00" occupancy="2.71" speed="24.65" harmonicMeanSpeed="24.59" length="5.00" nVehEntered="4"/>
    <interval begin="2880.00" end="2910.00" id="D8_3_0" nVehContrib="6" flow="720.00" occupancy="3.90" speed="25.66" harmonicMeanSpeed="25.64" length="5.00" nVehEntered="6"/>
    <interval begin="2910.00" end="2940.00" id="D8_3_0" nVehContrib="5" flow="600.00" occupancy="3.34" speed="25.02" harmonicMeanSpeed="24.96" length="5.00" nVehEntered="5"/>
    <interval begin="2940.00" end="2970.00" id="D8_3_0" nVehContrib="3" flow="360.00" occupancy="2.01" speed="24.94" harmonicMeanSpeed="24.90" length="5.00" nVehEntered="3"/>
    <interval begin="2970.00" end="3000.00" id="D8_3_0" nVehContrib="7" flow="840.00" occupancy="4.63" speed="25.22" harmonicMeanSpeed="25.20" length="5.00" nVehEntered="7"/>
    <interval begin="3000.00" end="3030.00" id="D8_3_0" nVehContrib="4" flow="480.00" occupancy="2.68" speed="24.92" harmonicMeanSpeed="24.90" length="5.00" nVehEntered="4"/>
    <interval begin="3030.00" end="3060.00" id="D8_3_0" nVehContrib="2" flow="240.00" occupancy="1.36" speed="24.46" harmonicMeanSpeed="24.46" length="5.00" nVehEntered="2"/>
    <interval begin="3060.00" end="3090.00" id="D8_3_0" nVehContrib="5" flow="600.00" occupancy="3.26" speed="25.56" harmonicMeanSpeed="25.56" length="5.00" nVehEntered="5"/>
    <interval begin="3090.00" end="3120.00" id="D8_3_0" nVehContrib="3" flow="360.00" occupancy="1.94" speed="25.84" harmonicMeanSpeed="25.83" length="5.00" nVehEntered="3"/>
    <interval begin="3120.00" end="3150.00" id="D8_3_0" nVehContrib="4" flow="480.00" occupancy="2.94" speed="22.82" harmonicMeanSpeed="22.66" length="5.00" nVehEntered="4"/>
    <interval begin="3150.00" end="3180.00" id="D8_3_0" nVehContrib="5" flow="600.00" occupancy="3.24" speed="25.76" harmonicMeanSpeed="25.76" length="5.00" nVehEntered="5"/>
    <interval begin="3180.00" end="3210.00" id="D8_3_0" nVehContrib="3" flow="360.00" occupancy="2.00" speed="25.03" harmonicMeanSpeed="25.02" length="5.00" nVehEntered="3"/>
    <interval begin="3210.00" end="3240.00" id="D8_3_0" nVehContrib="5" flow="600.00" occupancy="3.57" speed="23.51" harmonicMeanSpeed="23.37" length="5.00" nVehEntered="5"/>
    <interval begin="3240.00" end="3270.00" id="D8_3_0" nVehContrib="6" flow="720.00" occupancy="4.00" speed="25.04" harmonicMeanSpeed="25.02" length="5.00" nVehEntered="6"/>
    <interval begin="3270.00" end="3300.00" id="D8_3_0" nVehContrib="4" flow="480.00" occupancy="2.71" speed="24.65" harmonicMeanSpeed="24.63" length="5.00" nVehEntered="4"/>
    <interval begin="3300.00" end="3330.00" id="D8_3_0" nVehContrib="4" flow="480.00" occupancy="2.69" speed="24.78" harmonicMeanSpeed="24.74" length="5.00" nVehEntered="4"/>
    <interval begin="3330.00" end="3360.00" id="D8_3_0" nVehContrib="4" flow="480.00" occupancy="2.71" speed="24.59" harmonicMeanSpeed="24.58" length="5.00" nVehEntered="4"/>
    <interval begin="3360.00" end="3390.00" id="D8_3_0" nVehContrib="3" flow="360.00" occupancy="1.99" speed="25.09" harmonicMeanSpeed="25.08" length="5.00" nVehEntered="3"/>
    <interval begin="3390.00" end="3420.00" id="D8_3_0" nVehContrib="8" flow="960.00" occupancy="5.29" speed="25.24" harmonicMeanSpeed="25.19" length="5.00" nVehEntered="8"/>
    <interval begin="3420.00" end="3450.00" id="D8_3_0" nVehContrib="5" flow="600.00" occupancy="3.36" speed="24.84" harmonicMeanSpeed="24.82" length="5.00" nVehEntered="5"/>
    <interval begin="3450.00" end="3480.00" id="D8_3_0" nVehContrib="3" flow="360.00" occupancy="2.01" speed="24.91" harmonicMeanSpeed="24.91" length="5.00" nVehEntered="3"/>
    <interval begin="3480.00" end="3510.00" id="D8_3_0" nVehContrib="4" flow="480.00" occupancy="2.70" speed="24.74" harmonicMeanSpeed="24.73" length="5.00" nVehEntered="4"/>
    <interval begin="3510.00" end="3540.00" id="D8_3_0" nVehContrib="4" flow="480.00" occupancy="2.78" speed="23.98" harmonicMeanSpeed="23.96" length="5.00" nVehEntered="4"/>
    <interval begin="3540.00" end="3570.00" id="D8_3_0" nVehContrib="2" flow="240.00" occupancy="1.51" speed="22.12" harmonicMeanSpeed="22.12" length="5.00" nVehEntered="2"/>
    <interval begin="3570.00" end="3600.00" id="D8_3_0" nVehContrib="6" flow="720.00" occupancy="3.97" speed="25.21" harmonicMeanSpeed="25.18" length="5.00" nVehEntered="6"/>
    <interval begin="3600.00" end="3630.00" id="D8_3_0" nVehContrib="4" flow="480.00" occupancy="2.64" speed="25.26" harmonicMeanSpeed="25.22" length="5.00" nVehEntered="4"/>
    <interval begin="3630.00" end="3640.00" id="D8_3_0" nVehContrib="1" flow="360.00" occupancy="1.91" speed="26.13" harmonicMeanSpeed="26.13" length="5.00" nVehEntered="1"/>
</detector>
