"Country or Area","Year","Unit","Value","Value Footnotes","Value Footnotes"
"Azerbaijan","2015","Thousand pairs","0","",""
"Azerbaijan","2015","Mil. USD","0","",""
"Azerbaijan","2014","Thousand pairs","0","",""
"Azerbaijan","2014","Mil. USD","0","",""
"Azerbaijan","2013","Thousand pairs","0","",""
"Azerbaijan","2013","Mil. USD","0","",""
"Azerbaijan","2012","Thousand pairs","0","",""
"Azerbaijan","2012","Mil. USD","0","",""
"Azerbaijan","2011","Thousand pairs","0","",""
"Azerbaijan","2011","Mil. USD","0","",""
"Azerbaijan","2010","Thousand pairs","0","",""
"Azerbaijan","2010","Mil. USD","0","",""
"Azerbaijan","2009","Thousand pairs","0","",""
"Azerbaijan","2009","Mil. USD","0.0024882327327016","",""
"Azerbaijan","2008","Thousand pairs","0","",""
"Azerbaijan","2008","Mil. USD","0","",""
"Azerbaijan","2007","Thousand pairs","8","",""
"Azerbaijan","2007","Mil. USD","0.01398399611422","",""
"Azerbaijan","2006","Thousand pairs","57","",""
"Azerbaijan","2006","Mil. USD","0.0223852615437996","",""
"Azerbaijan","2005","Thousand pairs","0","",""
"Azerbaijan","2005","Mil. USD","0","",""
"Azerbaijan","2004","Thousand pairs","0.5","",""
"Azerbaijan","2004","Mil. USD","0.00101760921872543","",""
"Azerbaijan","2003","Thousand pairs","0","",""
"Azerbaijan","2003","Mil. USD","0","",""
"Azerbaijan","2002","Thousand pairs","0","",""
"Azerbaijan","2002","Mil. USD","0","",""
"Azerbaijan","2001","Thousand pairs","4.5","",""
"Azerbaijan","2001","Mil. USD","0.0322124590633333","",""
"Azerbaijan","2000","Thousand pairs","8.5","",""
"Azerbaijan","2000","Mil. USD","0.0558764883750363","",""
"Bangladesh","2006","Thousand pairs","3891.864","1,2","1,2"
"Bangladesh","2006","Mil. USD","0.680237930712665","1,2","1,2"
"Bangladesh","2005","Thousand pairs","3610.512","1,2","1,2"
"Bangladesh","2005","Mil. USD","0.619237736286089","1,2","1,2"
"Bangladesh","2004","Thousand pairs","3293.628","1,2","1,2"
"Bangladesh","2004","Mil. USD","0.658078484423272","1,2","1,2"
"Bangladesh","2003","Thousand pairs","3216.576","1,2","1,2"
"Bangladesh","2003","Mil. USD","0.669406246324164","1,2","1,2"
"Bangladesh","2002","Thousand pairs","3441.996","1,2","1,2"
"Bangladesh","2002","Mil. USD","0.529315229408513","1,2","1,2"
"Bangladesh","2001","Thousand pairs","3299.856","1,2","1,2"
"Bangladesh","2001","Mil. USD","0.526388722972165","1,2","1,2"
"Belarus","2016","Thousand pairs","742","",""
"Belarus","2015","Thousand pairs","1169","",""
"Belarus","2014","Thousand pairs","2485","",""
"Belarus","2013","Thousand pairs","2776","",""
"Belarus","2012","Thousand pairs","2869","",""
"Belarus","2011","Thousand pairs","3211","3","3"
"Belarus","2010","Thousand pairs","4488","",""
"Belarus","2009","Thousand pairs","4682","",""
"Belarus","2008","Thousand pairs","5715","",""
"Belarus","2007","Thousand pairs","6695","",""
"Belarus","2006","Thousand pairs","6605","",""
"Belarus","2005","Thousand pairs","6512","",""
"Belarus","2004","Thousand pairs","7946","",""
"Belarus","2003","Thousand pairs","6783","",""
"Belarus","2002","Thousand pairs","5438","",""
"Belarus","2001","Thousand pairs","4479","",""
"Belarus","2000","Thousand pairs","3348","",""
"Belarus","1999","Thousand pairs","4797","",""
"Belarus","1998","Thousand pairs","5036","",""
"Belarus","1997","Thousand pairs","4376","",""
"Belarus","1996","Thousand pairs","3054","",""
"Belarus","1995","Thousand pairs","2180","",""
"Belgium","2016","Thousand pairs","0","4","4"
"Belgium","2016","Mil. USD","0","4","4"
"Bolivia (Plurinational State of)","1999","Mil. USD","0.860228620092934","",""
"Bolivia (Plurinational State of)","1998","Thousand pairs","80","",""
"Bolivia (Plurinational State of)","1998","Mil. USD","0.181483811644001","",""
"Bolivia (Plurinational State of)","1997","Thousand pairs","329","",""
"Bolivia (Plurinational State of)","1997","Mil. USD","0.951609091673263","",""
"Bolivia (Plurinational State of)","1996","Thousand pairs","219","",""
"Bolivia (Plurinational State of)","1996","Mil. USD","0.591178144144011","",""
"Bolivia (Plurinational State of)","1995","Thousand pairs","296","",""
"Bolivia (Plurinational State of)","1995","Mil. USD","0.624955515319222","",""
"Bosnia and Herzegovina","2016","Thousand pairs","7394.828","",""
"Bosnia and Herzegovina","2016","Mil. USD","3.58649739297875","",""
"Bosnia and Herzegovina","2014","Thousand pairs","3710.616","",""
"Bosnia and Herzegovina","2014","Mil. USD","2.82599856023174","",""
"Brazil","2015","Thousand pairs","439015.707","",""
"Brazil","2015","Mil. USD","1339.53912199083","",""
"Brazil","2014","Thousand pairs","486591.65","",""
"Brazil","2014","Mil. USD","1904.22514290828","",""
"Brazil","2013","Thousand pairs","482844.678","",""
"Brazil","2013","Mil. USD","1977.05437923239","",""
"Brazil","2012","Thousand pairs","462919.825","",""
"Brazil","2012","Mil. USD","1975.42822589678","",""
"Brazil","2011","Thousand pairs","403324.149","",""
"Brazil","2011","Mil. USD","1931.50401135199","",""
"Brazil","2010","Thousand pairs","401390.784","",""
"Brazil","2010","Mil. USD","1780.7501984519","",""
"Brazil","2009","Thousand pairs","367645.797","",""
"Brazil","2009","Mil. USD","1338.53355871809","",""
"Brazil","2008","Thousand pairs","349750.781","",""
"Brazil","2008","Mil. USD","1294.64591114827","",""
"Brazil","2007","Thousand pairs","254588.357","",""
"Brazil","2007","Mil. USD","735.539854395735","",""
"Brazil","2006","Thousand pairs","388382.424","",""
"Brazil","2006","Mil. USD","1341.24158670422","",""
"Brazil","2005","Thousand pairs","368997.595","",""
"Brazil","2005","Mil. USD","994.641506480995","",""
"Brazil","2004","Thousand pairs","351958.486","",""
"Brazil","2004","Mil. USD","759.996460099414","",""
"Brazil","2003","Thousand pairs","173052.698","",""
"Brazil","2003","Mil. USD","277.103807119275","",""
"Brazil","2002","Thousand pairs","281998.488","",""
"Brazil","2002","Mil. USD","468.119265001529","",""
"Brazil","2001","Thousand pairs","253052.166","",""
"Brazil","2001","Mil. USD","398.535579111072","",""
"Brazil","2000","Thousand pairs","213891.186","",""
"Brazil","2000","Mil. USD","434.063269783304","",""
"Bulgaria","2016","Thousand pairs","934","",""
"Bulgaria","2016","Mil. USD","2.26239012046994","",""
"Bulgaria","2015","Thousand pairs","1972","",""
"Bulgaria","2015","Mil. USD","4.5341192473362","",""
"Bulgaria","2014","Thousand pairs","2040","",""
"Bulgaria","2014","Mil. USD","6.78343444607661","",""
"Bulgaria","2013","Thousand pairs","1849","",""
"Bulgaria","2013","Mil. USD","6.37908023471869","",""
"Bulgaria","2012","Thousand pairs","1582","",""
"Bulgaria","2012","Mil. USD","5.45317162652127","",""
"Bulgaria","2011","Thousand pairs","1929","",""
"Bulgaria","2011","Mil. USD","7.82106329865807","",""
"Bulgaria","2010","Thousand pairs","1651","",""
"Bulgaria","2010","Mil. USD","5.21188806849909","",""
"Bulgaria","2009","Thousand pairs","898","",""
"Bulgaria","2009","Mil. USD","2.34592987091461","",""
"Bulgaria","2008","Thousand pairs","606","",""
"Bulgaria","2008","Mil. USD","1.49575579293754","",""
"Bulgaria","2007","Thousand pairs","502.5","",""
"Bulgaria","2007","Mil. USD","1.32955459920927","",""
"Bulgaria","2006","Thousand pairs","398","",""
"Bulgaria","2006","Mil. USD","0.641327119586129","",""
"Bulgaria","2005","Thousand pairs","473","",""
"Bulgaria","2005","Mil. USD","0.635270201592412","",""
"Bulgaria","2004","Thousand pairs","275","",""
"Bulgaria","2004","Mil. USD","0.634876731011246","",""
"Bulgaria","2003","Thousand pairs","346","",""
"Bulgaria","2003","Mil. USD","0.577133397651643","",""
"Bulgaria","2002","Thousand pairs","355","",""
"Bulgaria","2002","Mil. USD","0.481469444745363","",""
"Bulgaria","2001","Thousand pairs","107","",""
"Bulgaria","2001","Mil. USD","0.45772700398604","",""
"Chile","2014","Thousand pairs","92.32","",""
"Chile","2014","Mil. USD","0.432998636672689","",""
"Chile","2013","Thousand pairs","504.341","",""
"Chile","2013","Mil. USD","3.23155793984871","",""
"Chile","2012","Thousand pairs","342.843","",""
"Chile","2012","Mil. USD","4.30092164129387","",""
"Chile","2011","Thousand pairs","305.661","",""
"Chile","2011","Mil. USD","2.0055140731324","",""
"Chile","2010","Thousand pairs","141.794","",""
"Chile","2010","Mil. USD","0.881876991469853","",""
"Chile","2009","Thousand pairs","318.881","",""
"Chile","2009","Mil. USD","4.07304216438316","",""
"Chile","2008","Thousand pairs","421.765","",""
"Chile","2008","Mil. USD","4.8192684761342","",""
"Chile","2007","Thousand pairs","142.539","",""
"Chile","2007","Mil. USD","1.04188197914689","",""
"Chile","2006","Thousand pairs","121.271","",""
"Chile","2006","Mil. USD","0.752107617569181","",""
"Chile","2005","Thousand pairs","145.726","",""
"Chile","2005","Mil. USD","0.85189330246933","",""
"Congo","2004","Thousand pairs","0","",""
"Congo","2004","Mil. USD","0","",""
"Congo","2003","Thousand pairs","0","",""
"Congo","2003","Mil. USD","0","",""
"Congo","2002","Thousand pairs","0","",""
"Congo","2002","Mil. USD","0","",""
"Congo","2001","Thousand pairs","0","",""
"Congo","2001","Mil. USD","0","",""
"Congo","2000","Thousand pairs","0","",""
"Congo","2000","Mil. USD","0","",""
"Congo","1999","Thousand pairs","0","",""
"Congo","1999","Mil. USD","0","",""
"Congo","1998","Thousand pairs","0","",""
"Congo","1998","Mil. USD","0","",""
"Congo","1997","Thousand pairs","0","",""
"Congo","1997","Mil. USD","0","",""
"Congo","1996","Thousand pairs","0","",""
"Congo","1996","Mil. USD","0","",""
"Congo","1995","Thousand pairs","0","",""
"Congo","1995","Mil. USD","0","",""
"Croatia","2016","Thousand pairs","60","",""
"Croatia","2016","Mil. USD","0.932016480240677","4","4"
"Croatia","2015","Thousand pairs","94","",""
"Croatia","2014","Thousand pairs","110","",""
"Croatia","2013","Thousand pairs","71","",""
"Croatia","2012","Thousand pairs","52","",""
"Croatia","2011","Thousand pairs","158","",""
"Croatia","2010","Thousand pairs","143","",""
"Croatia","2009","Thousand pairs","156","",""
"Croatia","2008","Thousand pairs","164","",""
"Croatia","2007","Thousand pairs","84","",""
"Croatia","2006","Thousand pairs","106","",""
"Croatia","2005","Thousand pairs","160","",""
"Croatia","2004","Thousand pairs","109","",""
"Czechia","2016","Thousand pairs","0","4","4"
"Czechia","2016","Mil. USD","0","4","4"
"Czechia","2015","Thousand pairs","0","",""
"Czechia","2015","Mil. USD","0","",""
"Czechia","2014","Thousand pairs","0","",""
"Czechia","2014","Mil. USD","0","",""
"Czechia","2013","Thousand pairs","0","",""
"Czechia","2013","Mil. USD","0","",""
"Czechia","2012","Thousand pairs","0","",""
"Czechia","2012","Mil. USD","0","",""
"Czechia","2011","Thousand pairs","0","",""
"Czechia","2011","Mil. USD","0","",""
"Czechia","2010","Thousand pairs","0","",""
"Czechia","2010","Mil. USD","0","",""
"Czechia","2009","Thousand pairs","0","",""
"Czechia","2009","Mil. USD","0","",""
"Czechia","2008","Thousand pairs","0","",""
"Czechia","2008","Mil. USD","0","",""
"Czechia","2007","Thousand pairs","0","",""
"Czechia","2007","Mil. USD","0","",""
"Denmark","2016","Thousand pairs","0","4","4"
"Denmark","2016","Mil. USD","0","4","4"
"Denmark","2015","Thousand pairs","0.033","",""
"Denmark","2015","Mil. USD","0.00089180783127881","",""
"Denmark","2014","Thousand pairs","0.514","",""
"Denmark","2014","Mil. USD","0.0172829534240867","",""
"Denmark","2013","Thousand pairs","0.514","",""
"Denmark","2013","Mil. USD","0.0170930684348062","",""
"Denmark","2012","Thousand pairs","1.155","",""
"Denmark","2012","Mil. USD","0.0186448775249837","",""
"Denmark","2011","Thousand pairs","8.375","",""
"Denmark","2011","Mil. USD","0.220909617937786","",""
"Denmark","2010","Thousand pairs","8.738","",""
"Denmark","2010","Mil. USD","0.1922093855434","",""
"Denmark","2009","Thousand pairs","10.136","",""
"Denmark","2009","Mil. USD","0.228507828336214","",""
"Denmark","2008","Thousand pairs","16.053","",""
"Denmark","2008","Mil. USD","0.377981668771741","",""
"Denmark","2007","Thousand pairs","15.334","",""
"Denmark","2007","Mil. USD","0.30732768960332","",""
"Denmark","2006","Thousand pairs","16","",""
"Denmark","2006","Mil. USD","0.273425358884796","",""
"Denmark","2005","Thousand pairs","45","",""
"Denmark","2005","Mil. USD","0.963829705631734","",""
"Denmark","2004","Thousand pairs","42","",""
"Denmark","2004","Mil. USD","0.894833799491131","",""
"Denmark","2003","Thousand pairs","38","",""
"Denmark","2003","Mil. USD","0.928856014920797","",""
"Denmark","2002","Thousand pairs","14","",""
"Denmark","2002","Mil. USD","0.814975674124575","",""
"Denmark","2001","Thousand pairs","26","",""
"Denmark","2001","Mil. USD","0.667682548608089","",""
"Denmark","2000","Thousand pairs","33","",""
"Denmark","2000","Mil. USD","0.749089695191836","",""
"Denmark","1999","Thousand pairs","27","",""
"Denmark","1999","Mil. USD","0.715571711982386","",""
"Denmark","1998","Thousand pairs","54","",""
"Denmark","1998","Mil. USD","1.53413907139816","",""
"Denmark","1997","Thousand pairs","71","",""
"Denmark","1997","Mil. USD","1.84360288900769","",""
"Denmark","1996","Thousand pairs","86","",""
"Denmark","1996","Mil. USD","2.58628197319904","",""
"Denmark","1995","Thousand pairs","80","",""
"Denmark","1995","Mil. USD","2.44503810889445","",""
"Ecuador","2016","Thousand pairs","31.976","",""
"Ecuador","2016","Mil. USD","0.236019","",""
"Ecuador","2015","Thousand pairs","270.569","",""
"Ecuador","2015","Mil. USD","3.261852","",""
"Ecuador","2014","Thousand pairs","386.691","",""
"Ecuador","2014","Mil. USD","6.167942","",""
"Ecuador","2013","Thousand pairs","420.453","",""
"Ecuador","2013","Mil. USD","6.743471","",""
"Ecuador","2012","Thousand pairs","4563.603","",""
"Ecuador","2012","Mil. USD","26.365733","",""
"Ecuador","2011","Thousand pairs","10644.5150104","",""
"Ecuador","2011","Mil. USD","43.750691334","",""
"Ecuador","2010","Thousand pairs","439.1686665","",""
"Ecuador","2010","Mil. USD","5.396755","",""
"Ecuador","2009","Thousand pairs","51.735","",""
"Ecuador","2009","Mil. USD","1.528769","",""
"Ecuador","2008","Thousand pairs","54.334","",""
"Ecuador","2008","Mil. USD","1.739","",""
"Ecuador","2007","Thousand pairs","451.032","",""
"Ecuador","2007","Mil. USD","5.34468338","",""
"Ecuador","2006","Thousand pairs","0","",""
"Ecuador","2006","Mil. USD","0","",""
"Ecuador","2005","Thousand pairs","724.336","",""
"Ecuador","2005","Mil. USD","6.67332638","",""
"Ecuador","2004","Thousand pairs","250.156","",""
"Ecuador","2004","Mil. USD","2.60768905","",""
"Egypt","2008","Thousand pairs","572","",""
"Egypt","2008","Mil. USD","4.23507748964248","",""
"Estonia","2016","Thousand pairs","0","4","4"
"Estonia","2016","Mil. USD","0","4","4"
"Finland","2016","Thousand pairs","21","",""
"Finland","2016","Mil. USD","1.10615170697217","",""
"Finland","2015","Thousand pairs","21","",""
"Finland","2015","Mil. USD","1.10906677817727","",""
"Finland","2014","Thousand pairs","18","",""
"Finland","2014","Mil. USD","1.32673374046042","",""
"Finland","2013","Thousand pairs","20","",""
"Finland","2013","Mil. USD","1.32774056786312","",""
"Finland","2012","Thousand pairs","23","",""
"Finland","2012","Mil. USD","1.28486214924642","",""
"Finland","2011","Thousand pairs","20","",""
"Finland","2011","Mil. USD","1.3901337815643","",""
"Finland","2010","Thousand pairs","19","",""
"Finland","2010","Mil. USD","1.32442445627193","",""
"Finland","2009","Thousand pairs","38","",""
"Finland","2009","Mil. USD","1.38919111554745","",""
"Finland","2008","Thousand pairs","46","",""
"Finland","2008","Mil. USD","2.92965297684398","",""
"Finland","2007","Thousand pairs","45","",""
"Finland","2007","Mil. USD","1.36866777300645","",""
"Finland","2006","Thousand pairs","106","",""
"Finland","2006","Mil. USD","3.76345041497268","",""
"Finland","2005","Thousand pairs","118","",""
"Finland","2005","Mil. USD","3.73078644978361","",""
"Finland","2004","Thousand pairs","330","",""
"Finland","2004","Mil. USD","11.1750572721685","",""
"Finland","2003","Thousand pairs","288","",""
"Finland","2003","Mil. USD","10.1576218373821","",""
"Finland","2002","Thousand pairs","421","",""
"Finland","2002","Mil. USD","9.4113070580097","",""
"Finland","2001","Thousand pairs","410","",""
"Finland","2001","Mil. USD","10.7381589426493","",""
"Finland","2000","Thousand pairs","433","",""
"Finland","2000","Mil. USD","10.1345048411455","",""
"Finland","1999","Thousand pairs","539","",""
"Finland","1999","Mil. USD","13.8500130293554","",""
"Finland","1998","Thousand pairs","557","",""
"Finland","1998","Mil. USD","13.3510256469832","",""
"Finland","1997","Thousand pairs","486","",""
"Finland","1997","Mil. USD","13.7435526015447","",""
"France","2016","Thousand pairs","1995.052","4","4"
"France","2016","Mil. USD","16.9158603757265","4","4"
"France","2001","Mil. USD","45.1481507995454","",""
"France","2000","Mil. USD","45.5863893599985","",""
"France","1999","Mil. USD","48.2790061260126","",""
"Germany","2016","Thousand pairs","0","",""
"Germany","2016","Mil. USD","0","",""
"Germany","2015","Thousand pairs","0","",""
"Germany","2015","Mil. USD","0","",""
"Germany","2014","Thousand pairs","0","",""
"Germany","2014","Mil. USD","0","",""
"Greece","2016","Thousand pairs","27.08","",""
"Greece","2016","Mil. USD","0.205952174017734","",""
"Greece","2015","Thousand pairs","28.694","",""
"Greece","2015","Mil. USD","0.221454017999324","",""
"Greece","2003","Thousand pairs","225.247","5","5"
"Greece","2003","Mil. USD","3.01507560374365","5","5"
"Greece","2002","Thousand pairs","235.983","5","5"
"Greece","2002","Mil. USD","2.61223156207305","5","5"
"Greece","2001","Thousand pairs","169.65","5","5"
"Greece","2001","Mil. USD","1.14576323726421","5","5"
"Greece","2000","Thousand pairs","408.351","5","5"
"Greece","2000","Mil. USD","3.21115625995909","5","5"
"Greece","1999","Thousand pairs","404.513","5","5"
"Greece","1999","Mil. USD","3.53779635781711","5","5"
"Greece","1998","Thousand pairs","537.787","5","5"
"Greece","1998","Mil. USD","3.33977844923261","5","5"
"Greece","1997","Thousand pairs","630.171","5","5"
"Greece","1997","Mil. USD","4.93487669206512","5","5"
"Greece","1996","Thousand pairs","754.886","5","5"
"Greece","1996","Mil. USD","5.68493107471155","5","5"
"Greece","1995","Thousand pairs","722.836","5","5"
"Greece","1995","Mil. USD","5.45220578293051","5","5"
"Hungary","2015","Thousand pairs","97","",""
"Hungary","2015","Mil. USD","0.80907162610867","",""
"Hungary","2012","Thousand pairs","140","",""
"Hungary","2012","Mil. USD","1.28385004040352","",""
"Hungary","2011","Thousand pairs","141","",""
"Hungary","2011","Mil. USD","1.33794240282203","",""
"Hungary","2004","Thousand pairs","136","",""
"Hungary","2004","Mil. USD","1.07030559608706","",""
"India","2015","Mil. USD","120.668984629558","",""
"India","2014","Mil. USD","100.684055155434","",""
"India","2013","Mil. USD","103.951398832848","",""
"India","2012","Mil. USD","145.521195010083","",""
"India","2011","Mil. USD","159.45445628243","",""
"Iran (Islamic Republic of)","2009","Thousand pairs","689.541","",""
"Iran (Islamic Republic of)","2009","Mil. USD","2.53890461196125","",""
"Iran (Islamic Republic of)","2008","Thousand pairs","1607","",""
"Iran (Islamic Republic of)","2007","Thousand pairs","357","",""
"Iran (Islamic Republic of)","2006","Thousand pairs","1656.66","",""
"Iran (Islamic Republic of)","2005","Thousand pairs","1197.6","",""
"Iran (Islamic Republic of)","2004","Thousand pairs","923.15","",""
"Ireland","2016","Thousand pairs","0","4","4"
"Ireland","2016","Mil. USD","0","4","4"
"Ireland","2004","Thousand pairs","0","",""
"Ireland","2004","Mil. USD","0","",""
"Ireland","2003","Thousand pairs","0","",""
"Ireland","2003","Mil. USD","0","",""
"Ireland","2002","Thousand pairs","0","",""
"Ireland","2002","Mil. USD","0","",""
"Ireland","2001","Thousand pairs","0","",""
"Ireland","2001","Mil. USD","0","",""
"Ireland","2000","Thousand pairs","0","",""
"Ireland","2000","Mil. USD","0","",""
"Ireland","1999","Thousand pairs","0","",""
"Ireland","1999","Mil. USD","0.362172513789555","",""
"Ireland","1998","Thousand pairs","0","",""
"Ireland","1998","Mil. USD","0.349480677730488","",""
"Ireland","1997","Thousand pairs","40","",""
"Ireland","1997","Mil. USD","0.424344597198309","",""
"Ireland","1996","Thousand pairs","35.6","",""
"Italy","2016","Thousand pairs","9435.243","4","4"
"Italy","2016","Mil. USD","104.370944311359","4","4"
"Italy","2003","Thousand pairs","20897.55","",""
"Italy","2003","Mil. USD","107.741894829112","",""
"Japan","2016","Thousand pairs","31582","",""
"Japan","2016","Mil. USD","379.997224083557","",""
"Japan","2015","Thousand pairs","33325","",""
"Japan","2015","Mil. USD","322.989918535071","",""
"Japan","2014","Thousand pairs","30137","",""
"Japan","2014","Mil. USD","396.744413488381","",""
"Japan","2013","Thousand pairs","28244","",""
"Japan","2013","Mil. USD","430.787606138989","",""
"Japan","2012","Thousand pairs","25215","",""
"Japan","2012","Mil. USD","466.509412480715","",""
"Japan","2011","Thousand pairs","27203","",""
"Japan","2011","Mil. USD","441.652865560674","",""
"Japan","2010","Thousand pairs","28673","",""
"Japan","2010","Mil. USD","436.421218417092","",""
"Japan","2009","Thousand pairs","30662","",""
"Japan","2009","Mil. USD","448.230843950393","",""
"Japan","2008","Thousand pairs","35713","",""
"Japan","2008","Mil. USD","482.384327610135","",""
"Japan","2007","Thousand pairs","37488","",""
"Japan","2007","Mil. USD","427.358741229517","",""
"Japan","2006","Thousand pairs","38953","",""
"Japan","2006","Mil. USD","436.511611913093","",""
"Japan","2005","Thousand pairs","39952","",""
"Japan","2005","Mil. USD","439.954516288573","",""
"Japan","2004","Thousand pairs","39743","",""
"Japan","2004","Mil. USD","466.067128162212","",""
"Japan","2003","Thousand pairs","42493","",""
"Japan","2003","Mil. USD","474.858578545162","",""
"Japan","2002","Thousand pairs","49657","",""
"Japan","2002","Mil. USD","528.942082670935","",""
"Japan","2001","Thousand pairs","54811","",""
"Japan","2001","Mil. USD","607.896320339646","",""
"Japan","2000","Thousand pairs","60318","",""
"Japan","2000","Mil. USD","717.159027659736","",""
"Japan","1999","Thousand pairs","69575","",""
"Japan","1999","Mil. USD","799.35522728427","",""
"Japan","1998","Thousand pairs","78733","",""
"Japan","1998","Mil. USD","775.881492061402","",""
"Japan","1997","Mil. USD","985.61162005106","",""
"Jordan","2007","Mil. USD","2.41890065502137","",""
"Jordan","2006","Mil. USD","1.24682651622003","",""
"Jordan","2005","Mil. USD","1.55148095909732","",""
"Jordan","2004","Mil. USD","1.69534555712271","",""
"Kazakhstan","2016","Thousand pairs","16.6","",""
"Kazakhstan","2015","Thousand pairs","255","",""
"Kazakhstan","2012","Thousand pairs","10.1","",""
"Kazakhstan","2011","Thousand pairs","577.4","",""
"Kazakhstan","2010","Thousand pairs","462.7","",""
"Kazakhstan","2009","Thousand pairs","4.8","",""
"Kazakhstan","2008","Thousand pairs","4.7","",""
"Kazakhstan","2007","Thousand pairs","6.4","",""
"Kazakhstan","2006","Thousand pairs","4.4","",""
"Kazakhstan","2005","Thousand pairs","8.3","",""
"Kazakhstan","2004","Thousand pairs","7","",""
"Kazakhstan","2003","Thousand pairs","6.2","",""
"Kazakhstan","2002","Thousand pairs","2.8","",""
"Kazakhstan","2001","Thousand pairs","4.2","",""
"Kazakhstan","2000","Thousand pairs","0.8","",""
"Kazakhstan","1999","Thousand pairs","2.4","",""
"Kyrgyzstan","2016","Thousand pairs","4839.8","",""
"Kyrgyzstan","2014","Thousand pairs","698.8","",""
"Kyrgyzstan","2013","Thousand pairs","1224.6","",""
"Kyrgyzstan","2012","Thousand pairs","1399.4","",""
"Kyrgyzstan","2011","Thousand pairs","1822.9","",""
"Kyrgyzstan","2010","Thousand pairs","1527.5","",""
"Kyrgyzstan","2009","Thousand pairs","4185.9","",""
"Kyrgyzstan","2008","Thousand pairs","3024.357","",""
"Kyrgyzstan","2007","Thousand pairs","866.082","",""
"Kyrgyzstan","2006","Thousand pairs","736.3","",""
"Kyrgyzstan","2005","Thousand pairs","0","",""
"Kyrgyzstan","2004","Thousand pairs","205.4","",""
"Kyrgyzstan","2003","Thousand pairs","190.6","",""
"Kyrgyzstan","2002","Thousand pairs","0","",""
"Kyrgyzstan","2001","Thousand pairs","2.1","",""
"Kyrgyzstan","2000","Thousand pairs","7.8","",""
"Kyrgyzstan","1999","Thousand pairs","2.75","",""
"Kyrgyzstan","1998","Thousand pairs","61.56","",""
"Kyrgyzstan","1997","Thousand pairs","103.55","",""
"Latvia","2016","Thousand pairs","0","4","4"
"Latvia","2016","Mil. USD","0","4","4"
"Latvia","2002","Thousand pairs","79.6","",""
"Latvia","2001","Thousand pairs","74.6","",""
"Latvia","2000","Thousand pairs","41.2","",""
"Latvia","1999","Thousand pairs","153.2","",""
"Lithuania","2016","Thousand pairs","881.257","4","4"
"Lithuania","2016","Mil. USD","3.76091580370536","4","4"
"Lithuania","2015","Thousand pairs","762.032","",""
"Lithuania","2015","Mil. USD","3.14664724735794","",""
"Lithuania","2014","Thousand pairs","899.615","",""
"Lithuania","2014","Mil. USD","4.34615384615385","",""
"Lithuania","2013","Thousand pairs","946.993","",""
"Lithuania","2013","Mil. USD","4.69048862520503","",""
"Lithuania","2012","Thousand pairs","694.061","",""
"Lithuania","2012","Mil. USD","3.57369976579649","",""
"Lithuania","2011","Thousand pairs","707.381","",""
"Lithuania","2011","Mil. USD","4.03893420950469","",""
"Lithuania","2010","Thousand pairs","1200.781","",""
"Lithuania","2010","Mil. USD","4.5059470520527","",""
"Lithuania","2009","Thousand pairs","659.165","",""
"Lithuania","2009","Mil. USD","2.77170193636693","",""
"Lithuania","2008","Thousand pairs","593","",""
"Lithuania","2008","Mil. USD","3.05463339096126","",""
"Lithuania","2007","Thousand pairs","618","",""
"Lithuania","2007","Mil. USD","3.05104557746981","",""
"Lithuania","2006","Thousand pairs","707.9","",""
"Lithuania","2006","Mil. USD","2.61606518362416","",""
"Lithuania","2005","Thousand pairs","677.5","",""
"Lithuania","2005","Mil. USD","2.05477600237921","",""
"Lithuania","2004","Thousand pairs","459.1","",""
"Lithuania","2004","Mil. USD","1.43854275618798","",""
"Lithuania","2003","Thousand pairs","290.4","",""
"Lithuania","2003","Mil. USD","0.784091651601942","",""
"Lithuania","2002","Thousand pairs","199","",""
"Lithuania","2002","Mil. USD","0.543927838906706","",""
"Lithuania","2001","Thousand pairs","177","",""
"Lithuania","2001","Mil. USD","0.375","",""
"Lithuania","2000","Thousand pairs","196.3","",""
"Lithuania","2000","Mil. USD","0.475","",""
"Lithuania","1999","Thousand pairs","475.3","",""
"Lithuania","1999","Mil. USD","1.5","",""
"Lithuania","1998","Thousand pairs","563.5","",""
"Lithuania","1998","Mil. USD","2.1","",""
"Lithuania","1997","Thousand pairs","273.4","",""
"Lithuania","1997","Mil. USD","0.925","",""
"Luxembourg","2016","Thousand pairs","0","4","4"
"Luxembourg","2016","Mil. USD","0","4","4"
"Malta","2016","Thousand pairs","0","4","4"
"Malta","2016","Mil. USD","0","4","4"
"Mexico","2016","Thousand pairs","19454","",""
"Mexico","2016","Mil. USD","70.6116524444017","",""
"Mexico","2015","Thousand pairs","21906","",""
"Mexico","2015","Mil. USD","87.6562736434571","",""
"Mexico","2014","Thousand pairs","21303","",""
"Mexico","2014","Mil. USD","103.833379098661","",""
"Mexico","2013","Thousand pairs","21579","",""
"Mexico","2013","Mil. USD","111.486135975533","",""
"Mexico","2012","Thousand pairs","23081","",""
"Mexico","2012","Mil. USD","111.265016121886","",""
"Mexico","2011","Thousand pairs","20150","",""
"Mexico","2011","Mil. USD","89.0985333619922","",""
"Mexico","2010","Thousand pairs","22086","",""
"Mexico","2010","Mil. USD","71.1221436621931","",""
"Mexico","2009","Thousand pairs","20952","",""
"Mexico","2009","Mil. USD","64.2247830406317","",""
"Mexico","2008","Thousand pairs","18508","",""
"Mexico","2008","Mil. USD","75.3388451038733","",""
"Mexico","2007","Thousand pairs","19805","3","3"
"Mexico","2007","Mil. USD","79.7844718133449","3","3"
"Mexico","2006","Thousand pairs","11549","",""
"Mexico","2006","Mil. USD","23.9741449902095","",""
"Mexico","2005","Thousand pairs","12965","",""
"Mexico","2005","Mil. USD","21.903319220002","",""
"Mexico","2004","Thousand pairs","15135","",""
"Mexico","2004","Mil. USD","26.3335883205987","",""
"Mexico","2003","Thousand pairs","16600","",""
"Mexico","2003","Mil. USD","29.2334266097558","",""
"Mexico","2002","Thousand pairs","20423","",""
"Mexico","2002","Mil. USD","34.8800179509198","",""
"Mexico","2001","Thousand pairs","20075","",""
"Mexico","2001","Mil. USD","36.6503401627537","",""
"Mexico","2000","Thousand pairs","26987","",""
"Mexico","2000","Mil. USD","43.0540414059808","",""
"Mexico","1999","Thousand pairs","30049","",""
"Mexico","1999","Mil. USD","42.3413357028303","",""
"Mexico","1998","Thousand pairs","35602","",""
"Mexico","1998","Mil. USD","44.8662573154288","",""
"Mexico","1997","Thousand pairs","34447","",""
"Mexico","1997","Mil. USD","46.1958512134935","",""
"Mexico","1996","Thousand pairs","39555","",""
"Mexico","1996","Mil. USD","44.3716414023513","",""
"Mexico","1995","Thousand pairs","28699","",""
"Mexico","1995","Mil. USD","31.7785471440199","",""
"Montenegro","2016","Thousand pairs","0","4","4"
"Montenegro","2016","Mil. USD","0","4","4"
"Nepal","2011","Thousand pairs","21619.905","",""
"Nepal","2011","Mil. USD","14.0313772391345","",""
"Nepal","2007","Thousand pairs","10183","",""
"Nepal","2007","Mil. USD","5.26959053054672","",""
"Nepal","2001","Mil. USD","6.05743219578582","",""
"Netherlands","2016","Thousand pairs","0","4","4"
"Netherlands","2016","Mil. USD","0","4","4"
"Nigeria","2005","Thousand pairs","35340","6","6"
"Nigeria","2005","Mil. USD","23.7071095390569","6","6"
"Nigeria","2004","Thousand pairs","35301","6","6"
"Nigeria","2004","Mil. USD","23.4335862843924","6","6"
"Nigeria","2003","Thousand pairs","34993","6","6"
"Nigeria","2003","Mil. USD","24.1907765955347","6","6"
"Nigeria","2002","Thousand pairs","35725","6","6"
"Nigeria","2002","Mil. USD","25.679377117705","6","6"
"Nigeria","2001","Thousand pairs","35187","6","6"
"Nigeria","2001","Mil. USD","28.0475855481261","6","6"
"Norway","2016","Thousand pairs","0","4","4"
"Norway","2016","Mil. USD","0","4","4"
"Peru","2013","Thousand pairs","1156","",""
"Peru","2012","Thousand pairs","1137","",""
"Peru","2011","Thousand pairs","1414","",""
"Peru","2010","Thousand pairs","1507","",""
"Peru","2009","Thousand pairs","1536","",""
"Peru","2008","Thousand pairs","1695","",""
"Peru","2007","Thousand pairs","1664","",""
"Peru","2006","Thousand pairs","2018","",""
"Peru","2005","Thousand pairs","1557","",""
"Peru","2004","Thousand pairs","1223","",""
"Peru","2003","Thousand pairs","1308","",""
"Peru","2002","Thousand pairs","1571","",""
"Peru","2001","Thousand pairs","1702","",""
"Peru","2000","Thousand pairs","2032","",""
"Peru","1999","Thousand pairs","1668","",""
"Peru","1998","Thousand pairs","1737.8","",""
"Peru","1997","Thousand pairs","1702.6","",""
"Peru","1996","Thousand pairs","1199.2","",""
"Peru","1995","Thousand pairs","1249.4","",""
"Poland","2016","Thousand pairs","2722","4","4"
"Poland","2016","Mil. USD","16.5431621499654","4","4"
"Poland","2015","Thousand pairs","2564","",""
"Poland","2015","Mil. USD","15.2274837511606","",""
"Poland","2014","Thousand pairs","2794","",""
"Poland","2014","Mil. USD","20.1931078186009","",""
"Poland","2013","Thousand pairs","2827","",""
"Poland","2013","Mil. USD","21.6729857547132","",""
"Poland","2012","Thousand pairs","2472","",""
"Poland","2012","Mil. USD","18.4858678347038","",""
"Poland","2011","Thousand pairs","3215","",""
"Poland","2011","Mil. USD","28.5198593652381","",""
"Poland","2010","Thousand pairs","3819","",""
"Poland","2010","Mil. USD","31.2738367658276","",""
"Poland","2009","Thousand pairs","2546","",""
"Poland","2009","Mil. USD","21.9861811830125","",""
"Poland","2008","Thousand pairs","2113","",""
"Poland","2008","Mil. USD","19.383986300659","",""
"Poland","2007","Thousand pairs","3112","",""
"Poland","2007","Mil. USD","24.3862786538774","",""
"Poland","2006","Thousand pairs","2934","",""
"Poland","2006","Mil. USD","21.0430770800717","",""
"Poland","2005","Thousand pairs","2826","",""
"Poland","2005","Mil. USD","18.1734825811703","",""
"Poland","2004","Thousand pairs","3038","",""
"Poland","2004","Mil. USD","16.6774128138122","",""
"Poland","2003","Thousand pairs","2922","",""
"Poland","2003","Mil. USD","14.3993108901217","",""
"Poland","2002","Thousand pairs","3139","",""
"Poland","2002","Mil. USD","15.9067327881308","",""
"Poland","2001","Thousand pairs","3095","",""
"Poland","2001","Mil. USD","16.0482669337307","",""
"Poland","2000","Thousand pairs","2609","",""
"Poland","2000","Mil. USD","14.2657455290118","",""
"Portugal","2016","Thousand pairs","3996.048","",""
"Portugal","2016","Mil. USD","29.3740831274424","",""
"Portugal","2015","Thousand pairs","3686.847","",""
"Portugal","2015","Mil. USD","23.4843648124245","",""
"Portugal","2014","Thousand pairs","3718.726","",""
"Portugal","2014","Mil. USD","29.745874619944","",""
"Portugal","2013","Thousand pairs","3513.111","",""
"Portugal","2013","Mil. USD","22.7198889809193","",""
"Portugal","2012","Thousand pairs","2790.048","",""
"Portugal","2012","Mil. USD","19.131889065987","",""
"Portugal","2011","Thousand pairs","3118.471","",""
"Portugal","2011","Mil. USD","21.7525520687672","",""
"Portugal","2010","Thousand pairs","3311.565","",""
"Portugal","2010","Mil. USD","21.3970982223288","",""
"Portugal","2009","Thousand pairs","2436.995","",""
"Portugal","2009","Mil. USD","17.6970973293329","",""
"Portugal","2008","Thousand pairs","2608.453","",""
"Portugal","2008","Mil. USD","19.9370926971654","",""
"Portugal","2007","Thousand pairs","2672.643","",""
"Portugal","2007","Mil. USD","21.0114892816205","",""
"Portugal","2006","Thousand pairs","2165.481","",""
"Portugal","2006","Mil. USD","14.5264255897902","",""
"Portugal","2005","Thousand pairs","2134.277","",""
"Portugal","2005","Mil. USD","13.4877978411182","",""
"Portugal","2004","Thousand pairs","2283","",""
"Portugal","2004","Mil. USD","9.93338424192757","",""
"Portugal","2003","Thousand pairs","2045","",""
"Portugal","2003","Mil. USD","8.4083303785313","",""
"Portugal","2002","Thousand pairs","1748","",""
"Portugal","2002","Mil. USD","6.15103077340551","",""
"Portugal","2001","Thousand pairs","2165.205","",""
"Portugal","2001","Mil. USD","7.61486608620952","",""
"Portugal","2000","Thousand pairs","2047.298","",""
"Portugal","2000","Mil. USD","7.44551114373264","",""
"Portugal","1999","Thousand pairs","1799.361","",""
"Portugal","1999","Mil. USD","7.71379139133992","",""
"Portugal","1998","Thousand pairs","1735.809","",""
"Portugal","1998","Mil. USD","7.0524674153136","",""
"Portugal","1997","Thousand pairs","1558.439","",""
"Portugal","1997","Mil. USD","6.70876536337166","",""
"Republic of Moldova","2013","Thousand pairs","803.4","",""
"Republic of Moldova","2012","Thousand pairs","709.8","",""
"Republic of Moldova","2011","Thousand pairs","641.2","",""
"Republic of Moldova","2010","Thousand pairs","593.2","",""
"Republic of Moldova","2009","Thousand pairs","424.6","",""
"Republic of Moldova","2008","Thousand pairs","402.4","",""
"Republic of Moldova","2007","Thousand pairs","481.7","",""
"Republic of Moldova","2006","Thousand pairs","613.4","",""
"Republic of Moldova","2005","Thousand pairs","492.6","",""
"Republic of Moldova","2004","Thousand pairs","432.1","",""
"Romania","2016","Thousand pairs","1746.737","",""
"Romania","2016","Mil. USD","12.4642306228385","",""
"Romania","2015","Thousand pairs","1551","",""
"Romania","2015","Mil. USD","6.1662644581704","",""
"Romania","2014","Thousand pairs","1489","",""
"Romania","2014","Mil. USD","6.00297088088858","",""
"Romania","2013","Thousand pairs","1247","",""
"Romania","2013","Mil. USD","4.7362964813085","",""
"Romania","2012","Thousand pairs","1117","",""
"Romania","2012","Mil. USD","3.84205066652643","",""
"Romania","2011","Thousand pairs","1153","",""
"Romania","2011","Mil. USD","4.21438201393782","",""
"Romania","2010","Thousand pairs","1800","",""
"Romania","2010","Mil. USD","5.40577110670569","",""
"Romania","2009","Thousand pairs","1479","",""
"Romania","2009","Mil. USD","4.1858444081887","",""
"Romania","2008","Thousand pairs","2100","",""
"Romania","2008","Mil. USD","7.87539328333274","",""
"Romania","2007","Thousand pairs","3607","",""
"Romania","2007","Mil. USD","12.8149287398749","",""
"Romania","2006","Thousand pairs","2754","",""
"Romania","2006","Mil. USD","9.33184604156902","",""
"Romania","2005","Thousand pairs","2469","",""
"Romania","2005","Mil. USD","9.16718582210568","",""
"Romania","2004","Thousand pairs","2500","",""
"Romania","2004","Mil. USD","7.75939422961187","",""
"Romania","2003","Thousand pairs","3107","",""
"Romania","2003","Mil. USD","9.75028040226321","",""
"Romania","2002","Thousand pairs","2816","",""
"Romania","2002","Mil. USD","5.01037197216917","",""
"Russian Federation","2016","Thousand pairs","17755.967","",""
"Russian Federation","2015","Thousand pairs","14758.193","",""
"Russian Federation","2014","Thousand pairs","16479.87","",""
"Russian Federation","2013","Thousand pairs","20766.84","",""
"Russian Federation","2012","Thousand pairs","18745.422","",""
"Russian Federation","2011","Thousand pairs","19891.9","",""
"Russian Federation","2010","Thousand pairs","18632.279","",""
"Russian Federation","2009","Thousand pairs","21483","",""
"Russian Federation","2008","Thousand pairs","21979","",""
"Russian Federation","2007","Thousand pairs","21029","",""
"Russian Federation","2006","Thousand pairs","17371","",""
"Russian Federation","2005","Thousand pairs","16129","",""
"Russian Federation","2004","Thousand pairs","17799","",""
"Russian Federation","2003","Thousand pairs","17563","",""
"Russian Federation","2002","Thousand pairs","14023","",""
"Russian Federation","2001","Thousand pairs","17125","",""
"Russian Federation","2000","Thousand pairs","18526","",""
"Russian Federation","1999","Thousand pairs","20085","",""
"Russian Federation","1998","Thousand pairs","20687","",""
"Russian Federation","1997","Thousand pairs","20447","",""
"Russian Federation","1996","Thousand pairs","20184","",""
"Russian Federation","1995","Thousand pairs","22667","",""
"Saudi Arabia","2016","Thousand pairs","128","",""
"Saudi Arabia","2015","Thousand pairs","126","",""
"Serbia","2006","Thousand pairs","1648","",""
"Sierra Leone","2006","Thousand pairs","1224","",""
"Sierra Leone","2005","Thousand pairs","819","",""
"Sierra Leone","2004","Thousand pairs","1733","",""
"Sierra Leone","2003","Thousand pairs","703","",""
"Sierra Leone","2002","Thousand pairs","1268","",""
"Sierra Leone","2001","Thousand pairs","1420","",""
"Sierra Leone","2000","Thousand pairs","1437","",""
"Sierra Leone","1999","Thousand pairs","299","",""
"Slovenia","2016","Thousand pairs","0","4","4"
"Slovenia","2016","Mil. USD","0","4","4"
"Slovenia","2015","Thousand pairs","0","",""
"Slovenia","2015","Mil. USD","0","",""
"Slovenia","2014","Thousand pairs","0","",""
"Slovenia","2014","Mil. USD","0","",""
"Spain","2016","Thousand pairs","875","",""
"Spain","2016","Mil. USD","7.74306194880516","",""
"Spain","2015","Thousand pairs","1052","",""
"Spain","2015","Mil. USD","8.87253422541815","",""
"Spain","2014","Thousand pairs","1006","",""
"Spain","2014","Mil. USD","9.28713618322295","",""
"Spain","2013","Thousand pairs","797","",""
"Spain","2013","Mil. USD","7.9664434071787","",""
"Spain","2012","Thousand pairs","716","",""
"Spain","2012","Mil. USD","7.70917289547849","",""
"Spain","2011","Thousand pairs","731","",""
"Spain","2011","Mil. USD","8.34080268938579","",""
"Spain","2010","Thousand pairs","620","",""
"Spain","2010","Mil. USD","6.62212228135963","",""
"Spain","2009","Thousand pairs","540","",""
"Spain","2009","Mil. USD","5.55676446218978","",""
"Spain","2008","Thousand pairs","535","",""
"Spain","2008","Mil. USD","5.85930595368797","",""
"Spain","2007","Thousand pairs","802","",""
"Spain","2007","Mil. USD","9.58067441104515","",""
"Spain","2006","Thousand pairs","847","",""
"Spain","2006","Mil. USD","8.78138430160292","",""
"Spain","2005","Thousand pairs","895","",""
"Spain","2005","Mil. USD","8.70516838282843","",""
"Spain","2004","Thousand pairs","996","",""
"Spain","2004","Mil. USD","9.93338424192757","",""
"Sri Lanka","2010","Mil. USD","73.2856130683255","",""
"Sri Lanka","2008","Mil. USD","68.9732006299745","",""
"Sri Lanka","2007","Mil. USD","67.4161030867969","",""
"Sri Lanka","2006","Mil. USD","94.1447545771531","",""
"Sweden","2016","Thousand pairs","0","",""
"Sweden","2016","Mil. USD","0","",""
"Sweden","2015","Thousand pairs","0","",""
"Sweden","2015","Mil. USD","0","",""
"Sweden","2014","Thousand pairs","0","",""
"Sweden","2014","Mil. USD","0","",""
"Sweden","2013","Thousand pairs","0","",""
"Sweden","2013","Mil. USD","0","",""
"Sweden","2012","Thousand pairs","0","",""
"Sweden","2012","Mil. USD","0","",""
"Sweden","2011","Thousand pairs","0","",""
"Sweden","2011","Mil. USD","0","",""
"Sweden","2010","Thousand pairs","0","",""
"Sweden","2010","Mil. USD","0","",""
"Sweden","2009","Thousand pairs","0","",""
"Sweden","2009","Mil. USD","0","",""
"Sweden","2008","Thousand pairs","0","",""
"Sweden","2008","Mil. USD","0","",""
"Sweden","2007","Thousand pairs","0","",""
"Sweden","2007","Mil. USD","0","",""
"Sweden","2006","Thousand pairs","0","",""
"Sweden","2006","Mil. USD","0","",""
"Sweden","2005","Thousand pairs","0","",""
"Sweden","2005","Mil. USD","0","",""
"The former Yugoslav Republic of Macedonia","2016","Thousand pairs","0","4","4"
"The former Yugoslav Republic of Macedonia","2016","Mil. USD","0","4","4"
"Turkey","2016","Thousand pairs","6466","",""
"Turkey","2016","Mil. USD","60.2622118501581","",""
"Turkey","2015","Thousand pairs","4979.81","",""
"Turkey","2015","Mil. USD","45.3347251417147","",""
"Turkey","2014","Thousand pairs","8367.356","",""
"Turkey","2014","Mil. USD","58.5740659836733","",""
"Turkey","2013","Thousand pairs","10372.543","",""
"Turkey","2013","Mil. USD","137.203916546897","",""
"Turkey","2012","Thousand pairs","10353.62","",""
"Turkey","2012","Mil. USD","83.7610444319155","",""
"Turkey","2011","Thousand pairs","8613.276","",""
"Turkey","2011","Mil. USD","64.9486770053876","",""
"Turkey","2010","Thousand pairs","8414.756","",""
"Turkey","2010","Mil. USD","40.313798981107","",""
"Turkey","2009","Thousand pairs","6971","",""
"Turkey","2009","Mil. USD","28.4523512754136","",""
"Turkey","2008","Thousand pairs","6391","",""
"Turkey","2008","Mil. USD","38.3397371645517","",""
"Turkey","2007","Thousand pairs","7629","",""
"Turkey","2007","Mil. USD","35.3817687577555","",""
"Turkey","2006","Thousand pairs","7054","",""
"Turkey","2006","Mil. USD","30.8725504018598","",""
"Turkey","2005","Thousand pairs","3737","",""
"Turkey","2005","Mil. USD","15.8531317250795","",""
"Ukraine","2016","Thousand pairs","1403","",""
"Ukraine","2015","Thousand pairs","1153","",""
"Ukraine","2014","Thousand pairs","1299","",""
"Ukraine","2013","Thousand pairs","1680","",""
"Ukraine","2012","Thousand pairs","1513","",""
"Ukraine","2011","Thousand pairs","1430","",""
"Ukraine","2010","Thousand pairs","2055","",""
"Ukraine","2009","Thousand pairs","994","",""
"Ukraine","2008","Thousand pairs","1211","",""
"Ukraine","2007","Thousand pairs","1172","",""
"Ukraine","2006","Thousand pairs","1228","",""
"Ukraine","2005","Thousand pairs","1213","",""
"Ukraine","2004","Thousand pairs","1020","",""
"Ukraine","2003","Thousand pairs","877","",""
"United Kingdom","2016","Thousand pairs","457.591","4","4"
"United Kingdom","2016","Mil. USD","4.23015691584128","4","4"
"United Kingdom","2014","Thousand pairs","316","",""
"United Kingdom","2014","Mil. USD","3.29093713905773","",""
"United Kingdom","2013","Thousand pairs","373","",""
"United Kingdom","2013","Mil. USD","3.12665821341268","",""
"United Kingdom","2011","Thousand pairs","0","",""
"United Kingdom","2011","Mil. USD","0","",""
"United Kingdom","2010","Mil. USD","8.38407473480714","",""
"United Kingdom","2009","Mil. USD","5.14083341575959","",""
"United Kingdom","2008","Thousand pairs","0","",""
"United Kingdom","2008","Mil. USD","0","",""
"United Kingdom","2004","Thousand pairs","0","",""
"United Kingdom","2004","Mil. USD","0","",""
"United Kingdom","2003","Thousand pairs","259","7","7"
"United Kingdom","2003","Mil. USD","19.1028984974836","",""
"United Kingdom","2002","Thousand pairs","2980","",""
"United Kingdom","2002","Mil. USD","20.8326047750129","",""
"United Kingdom","2001","Thousand pairs","3032","",""
"United Kingdom","2001","Mil. USD","21.4494965126574","",""
"United Kingdom","2000","Thousand pairs","3404","",""
"United Kingdom","2000","Mil. USD","24.3595837688513","",""
"United Kingdom","1999","Thousand pairs","3989","",""
"United Kingdom","1999","Mil. USD","33.8156597877336","",""
"United Kingdom","1998","Thousand pairs","4943","",""
"United Kingdom","1998","Mil. USD","38.5874288866705","",""
"United Kingdom","1997","Thousand pairs","4219","",""
"United Kingdom","1997","Mil. USD","34.5428168221286","",""
"United Kingdom","1996","Thousand pairs","5140","",""
"United Kingdom","1996","Mil. USD","36.3518213834378","",""
"United Kingdom","1995","Thousand pairs","2766","",""
"United Kingdom","1995","Mil. USD","29.826338746535","",""
"Uruguay","2013","Mil. USD","0","",""
"Uruguay","2012","Mil. USD","0","",""
"Uzbekistan","2016","Thousand pairs","21374.07","",""
"Uzbekistan","2016","Mil. USD","24.9631495396923","",""

"fnSeqID","Footnote"
"1","Rubber footwear only."
"2","Twelve months ending 30 June of year stated."
"3","Break in series; data prior to the sign not comparable to following years."
"4","Calculated by the Statistics Division of the United Nations, based on Prodcom data."
"5","Excluding Prodcom 2002 code 19.30.11.20."
"6","Data refer to all plastic footwear."
"7","Excluding Prodcom 2002 code 19.30.11.30."
