"Country or Area","Year","Unit","Value","Value Footnotes","Value Footnotes"
"Azerbaijan","2014","Mil. USD","0","",""
"Azerbaijan","2013","Mil. USD","0","",""
"Azerbaijan","2012","Mil. USD","0","",""
"Azerbaijan","2011","Mil. USD","0","",""
"Azerbaijan","2010","Thousand units","0","",""
"Azerbaijan","2010","Mil. USD","0","",""
"Azerbaijan","2009","Thousand units","0","",""
"Azerbaijan","2009","Mil. USD","0","",""
"Azerbaijan","2008","Thousand units","0","",""
"Azerbaijan","2008","Mil. USD","0","",""
"Azerbaijan","2007","Thousand units","0","",""
"Azerbaijan","2007","Mil. USD","0","",""
"Azerbaijan","2006","Thousand units","0","",""
"Azerbaijan","2006","Mil. USD","0","",""
"Azerbaijan","2005","Thousand units","0.04","",""
"Azerbaijan","2005","Mil. USD","0.000740410885732388","",""
"Belgium","2016","Thousand units","11.92","1","1"
"Belgium","2016","Mil. USD","6.09095247458128","1","1"
"Bosnia and Herzegovina","2016","Thousand units","16.284","",""
"Bosnia and Herzegovina","2016","Mil. USD","0.951848229780375","",""
"Bosnia and Herzegovina","2014","Thousand units","14.88","",""
"Bosnia and Herzegovina","2014","Mil. USD","1.70401065369711","",""
"Brazil","2015","Thousand units","14650.21","",""
"Brazil","2015","Mil. USD","95.1082784524546","",""
"Brazil","2014","Thousand units","24176.993","",""
"Brazil","2014","Mil. USD","171.377913931514","",""
"Brazil","2013","Thousand units","21398.037","",""
"Brazil","2013","Mil. USD","115.705832889282","",""
"Brazil","2012","Thousand units","16607.178","",""
"Brazil","2012","Mil. USD","163.448782513148","",""
"Brazil","2011","Thousand units","12713.501","",""
"Brazil","2011","Mil. USD","152.49169968097","",""
"Brazil","2010","Thousand units","8803.995","",""
"Brazil","2010","Mil. USD","145.503156847001","",""
"Brazil","2009","Thousand units","7530.733","",""
"Brazil","2009","Mil. USD","88.5065892223136","",""
"Brazil","2008","Thousand units","9717.048","",""
"Brazil","2008","Mil. USD","87.135331830658","",""
"Brazil","2007","Thousand units","8565.805","",""
"Brazil","2007","Mil. USD","116.162644502177","",""
"Brazil","2006","Thousand units","7015.226","",""
"Brazil","2006","Mil. USD","67.8199749309681","",""
"Brazil","2005","Thousand units","5633.385","",""
"Brazil","2005","Mil. USD","67.2846608645904","",""
"Brazil","2004","Thousand units","8002.627","",""
"Brazil","2004","Mil. USD","36.0522719909624","",""
"Brazil","2003","Thousand units","6626.19","",""
"Brazil","2003","Mil. USD","22.404532862975","",""
"Brazil","2002","Thousand units","5787.571","",""
"Brazil","2002","Mil. USD","30.3578829204778","",""
"Brazil","2001","Thousand units","2349.755","",""
"Brazil","2001","Mil. USD","16.8096084828135","",""
"Brazil","2000","Thousand units","3898.138","",""
"Brazil","2000","Mil. USD","22.3907857770573","",""
"Bulgaria","2016","Thousand units","97.916","",""
"Bulgaria","2016","Mil. USD","4.89241863551624","",""
"Bulgaria","2015","Thousand units","69.129","",""
"Bulgaria","2015","Mil. USD","4.5341192473362","",""
"Bulgaria","2014","Thousand units","58.61","",""
"Bulgaria","2014","Mil. USD","5.42674755686129","",""
"Bulgaria","2013","Thousand units","58.535","",""
"Bulgaria","2013","Mil. USD","4.75037889819477","",""
"Bulgaria","2012","Thousand units","53.373","",""
"Bulgaria","2012","Mil. USD","3.94205177820815","",""
"Bulgaria","2011","Thousand units","47.372","",""
"Bulgaria","2011","Mil. USD","4.26603452654077","",""
"Bulgaria","2010","Thousand units","42.335","",""
"Bulgaria","2010","Mil. USD","3.38434290162279","",""
"Bulgaria","2009","Thousand units","41.363","",""
"Bulgaria","2009","Mil. USD","3.55443919835547","",""
"Bulgaria","2008","Thousand units","52.682","",""
"Bulgaria","2008","Mil. USD","5.23514527528138","",""
"Bulgaria","2007","Thousand units","33.221","",""
"Bulgaria","2007","Mil. USD","2.79906231412477","",""
"Bulgaria","2006","Thousand units","28.148","",""
"Bulgaria","2006","Mil. USD","2.56530847834452","",""
"Bulgaria","2005","Thousand units","22.546","",""
"Bulgaria","2005","Mil. USD","1.27054040318482","",""
"Bulgaria","2004","Thousand units","21.881","",""
"Bulgaria","2004","Mil. USD","1.0558000036717","",""
"Bulgaria","2003","Thousand units","9.197","",""
"Bulgaria","2003","Mil. USD","0.476135053062606","",""
"Bulgaria","2002","Thousand units","4.104","",""
"Bulgaria","2002","Mil. USD","0.213772433466941","",""
"Bulgaria","2001","Thousand units","13.893","",""
"Bulgaria","2001","Mil. USD","0","",""
"Bulgaria","2000","Thousand units","13.939","",""
"Bulgaria","2000","Mil. USD","0","",""
"Bulgaria","1999","Thousand units","4.429","",""
"Bulgaria","1999","Mil. USD","0","",""
"Bulgaria","1998","Thousand units","94.702","",""
"Bulgaria","1998","Mil. USD","0.568066160772192","",""
"Canada","2003","Mil. USD","224.260109370223","",""
"Canada","2002","Mil. USD","252.020250830775","",""
"Canada","2000","Mil. USD","193.992364201978","",""
"Canada","1999","Mil. USD","78.5471580220294","",""
"Canada","1997","Mil. USD","69.5499356019113","",""
"Canada","1996","Mil. USD","69.6019098353343","",""
"Canada","1995","Mil. USD","58.0717201530851","",""
"Croatia","2016","Thousand units","10.377","",""
"Croatia","2016","Mil. USD","1.98384418265352","1","1"
"Croatia","2015","Thousand units","12.63","",""
"Croatia","2014","Thousand units","51.625","",""
"Croatia","2013","Thousand units","10","",""
"Croatia","2012","Thousand units","6.5","",""
"Croatia","2011","Thousand units","7","",""
"Croatia","2010","Thousand units","8.802","",""
"Croatia","2009","Thousand units","7.711","",""
"Croatia","2008","Thousand units","11.6","",""
"Croatia","2007","Thousand units","8.61","",""
"Croatia","2006","Thousand units","8.137","",""
"Croatia","2005","Thousand units","0","",""
"Croatia","2004","Thousand units","0","",""
"Croatia","2003","Thousand units","0","",""
"Croatia","2002","Thousand units","0","",""
"Croatia","2001","Thousand units","0","",""
"Cyprus","2016","Mil. USD","0.345119332575316","",""
"Cyprus","2015","Mil. USD","0.332720033453181","",""
"Cyprus","2014","Mil. USD","0.398020122138126","",""
"Cyprus","2013","Mil. USD","0.398322170358935","",""
"Cyprus","2012","Mil. USD","0.513944859698566","",""
"Cyprus","2011","Mil. USD","0.774304516331314","",""
"Cyprus","2010","Mil. USD","0.731082299862103","",""
"Cyprus","2009","Mil. USD","0.864076873870511","",""
"Cyprus","2008","Mil. USD","1.52195472147045","",""
"Cyprus","2007","Mil. USD","0.938691698445292","",""
"Cyprus","2006","Mil. USD","1.08952413477755","",""
"Cyprus","2005","Mil. USD","0.646453492239467","",""
"Cyprus","2004","Mil. USD","0.640204111069739","",""
"Cyprus","2003","Mil. USD","0.927637937450256","",""
"Cyprus","2002","Mil. USD","0.704156170825468","",""
"Czechia","2015","Mil. USD","0.162609888713857","",""
"Czechia","2010","Mil. USD","0","",""
"Czechia","2007","Thousand units","0","",""
"Czechia","2007","Mil. USD","0","",""
"Denmark","2016","Thousand units","689.068","1","1"
"Denmark","2016","Mil. USD","2.02429773198394","1","1"
"Denmark","2015","Mil. USD","1.01026963820035","",""
"Denmark","2014","Mil. USD","1.23813652931936","",""
"Denmark","2013","Mil. USD","1.10998113148523","",""
"Denmark","2012","Mil. USD","1.06672868728588","",""
"Denmark","2011","Mil. USD","1.37165128709431","",""
"Denmark","2010","Mil. USD","1.88724368007183","",""
"Denmark","2009","Mil. USD","1.79262059617226","",""
"Denmark","2008","Mil. USD","3.74235197638612","",""
"Denmark","2007","Mil. USD","3.76288128740849","",""
"Denmark","2006","Thousand units","395.696","",""
"Denmark","2006","Mil. USD","3.73866297914248","",""
"Denmark","2005","Thousand units","1083.94","",""
"Denmark","2005","Mil. USD","8.27075944111217","",""
"Denmark","2004","Thousand units","1264.189","",""
"Denmark","2004","Mil. USD","11.3612679343711","",""
"Denmark","2003","Thousand units","453.872","",""
"Denmark","2003","Mil. USD","6.01684357957438","",""
"Denmark","2002","Thousand units","335.062","",""
"Denmark","2002","Mil. USD","4.62499328400849","",""
"Denmark","2001","Thousand units","358.295","",""
"Denmark","2001","Mil. USD","4.51589861245906","",""
"Denmark","2000","Thousand units","542.834","",""
"Denmark","2000","Mil. USD","4.09358033430267","",""
"Denmark","1999","Mil. USD","1.80856736580164","",""
"Denmark","1998","Mil. USD","1.93961143102741","",""
"Denmark","1997","Thousand units","38.36","",""
"Denmark","1997","Mil. USD","1.42994297665807","",""
"Denmark","1996","Thousand units","140.141","",""
"Denmark","1996","Mil. USD","5.10496225716063","",""
"Denmark","1995","Thousand units","223.739","",""
"Denmark","1995","Mil. USD","7.13823324666361","",""
"Ecuador","2009","Thousand units","796.38705739125","",""
"Ecuador","2009","Mil. USD","0.78441","",""
"Ecuador","2007","Thousand units","0","",""
"Ecuador","2007","Mil. USD","0","",""
"Ecuador","2006","Thousand units","0","",""
"Ecuador","2006","Mil. USD","0","",""
"Ecuador","2005","Thousand units","0","",""
"Ecuador","2005","Mil. USD","0","",""
"Ecuador","2004","Thousand units","0","",""
"Ecuador","2004","Mil. USD","0","",""
"Estonia","2016","Thousand units","0","1","1"
"Estonia","2016","Mil. USD","0","1","1"
"Estonia","2015","Thousand units","0","",""
"Estonia","2015","Mil. USD","0","",""
"Estonia","2014","Thousand units","0.787","",""
"Estonia","2014","Mil. USD","0","",""
"Estonia","2013","Thousand units","0","",""
"Estonia","2012","Thousand units","0.455","",""
"Estonia","2012","Mil. USD","0","",""
"Estonia","2008","Thousand units","0","",""
"Estonia","2008","Mil. USD","0","",""
"Estonia","2007","Thousand units","0","",""
"Estonia","2007","Mil. USD","0","",""
"Estonia","2006","Thousand units","0","",""
"Estonia","2006","Mil. USD","0","",""
"Finland","2016","Thousand units","0.549","",""
"Finland","2016","Mil. USD","0","",""
"Finland","2015","Mil. USD","1.10906677817727","",""
"Finland","2014","Mil. USD","3.98020122138126","",""
"Finland","2013","Thousand units","0.77","",""
"Finland","2013","Mil. USD","0","",""
"Finland","2012","Thousand units","1.141","",""
"Finland","2012","Mil. USD","1.28486214924642","",""
"Finland","2011","Thousand units","1.512","",""
"Finland","2011","Mil. USD","1.3901337815643","",""
"Finland","2010","Thousand units","1.51","",""
"Finland","2010","Mil. USD","1.32442445627193","",""
"Finland","2009","Thousand units","1.513","",""
"Finland","2009","Mil. USD","1.38919111554745","",""
"Finland","2008","Thousand units","2.128","",""
"Finland","2008","Mil. USD","1.46482648842199","",""
"Finland","2007","Thousand units","1.657","",""
"Finland","2007","Mil. USD","1.36866777300645","",""
"Finland","2006","Mil. USD","0","",""
"Finland","2005","Mil. USD","0","",""
"Finland","2004","Mil. USD","0","",""
"Finland","2003","Mil. USD","0","",""
"Finland","2002","Mil. USD","0","",""
"Finland","2001","Mil. USD","0","",""
"Finland","2000","Mil. USD","0.921318621922319","",""
"Finland","1999","Mil. USD","4.26154247057088","",""
"Finland","1998","Mil. USD","4.45034188232774","",""
"Finland","1997","Mil. USD","4.58118420051489","",""
"France","2016","Thousand units","232.763","1","1"
"France","2016","Mil. USD","27.8051463062174","1","1"
"France","2004","Mil. USD","100.455073165583","",""
"France","2000","Mil. USD","86.0619967584942","",""
"France","1999","Mil. USD","117.472148784624","",""
"Germany","2016","Thousand units","1553.516","",""
"Germany","2015","Thousand units","1380.42","",""
"Germany","2014","Mil. USD","79.3954419826188","",""
"Germany","2013","Thousand units","691.577","",""
"Germany","2013","Mil. USD","62.3300347681348","",""
"Germany","2012","Thousand units","874.087","",""
"Germany","2012","Mil. USD","62.6806444214189","",""
"Germany","2011","Thousand units","818.203","",""
"Germany","2011","Mil. USD","67.1185740844643","",""
"Germany","2009","Thousand units","1028.483","",""
"Germany","2009","Mil. USD","70.1443325323413","",""
"Germany","2008","Thousand units","1159.217","",""
"Germany","2008","Mil. USD","65.0774201366157","",""
"Germany","2007","Thousand units","1217.244","",""
"Germany","2007","Mil. USD","54.3975377666764","",""
"Germany","2006","Thousand units","1471.264","",""
"Germany","2006","Mil. USD","54.5963475713723","",""
"Germany","2005","Thousand units","1534.721","",""
"Germany","2005","Mil. USD","53.6094301845496","",""
"Germany","2004","Thousand units","3285.133","",""
"Germany","2003","Thousand units","2832.166","",""
"Germany","2003","Mil. USD","101.453992838877","",""
"Germany","2002","Thousand units","3785.177","",""
"Germany","2002","Mil. USD","93.5758392925204","",""
"Germany","2001","Thousand units","4561.734","",""
"Germany","2000","Thousand units","4990.989","",""
"Germany","1999","Thousand units","5011.534","",""
"Germany","1999","Mil. USD","130.784731226794","",""
"Germany","1998","Thousand units","4235.588","",""
"Germany","1998","Mil. USD","153.415042136744","",""
"Germany","1997","Thousand units","4541.842","",""
"Germany","1997","Mil. USD","166.247397839666","",""
"Germany","1996","Thousand units","4559.365","",""
"Germany","1996","Mil. USD","186.434649274104","",""
"Germany","1995","Mil. USD","184.548869695653","",""
"Greece","2016","Thousand units","429.872","",""
"Greece","2016","Mil. USD","2.39755395876608","",""
"Greece","2015","Thousand units","363.151","",""
"Greece","2015","Mil. USD","1.74453653353695","",""
"Greece","2014","Thousand units","369.493","",""
"Greece","2014","Mil. USD","2.11487991898093","",""
"Greece","2013","Thousand units","138.342","",""
"Greece","2013","Mil. USD","1.54144837870409","",""
"Greece","2001","Thousand units","666.774","",""
"Greece","2001","Mil. USD","3.33126742517574","",""
"Greece","2000","Thousand units","1166.275","",""
"Greece","2000","Mil. USD","5.00418703026593","",""
"Greece","1999","Thousand units","1109.356","",""
"Greece","1999","Mil. USD","5.59852398381929","",""
"Greece","1998","Thousand units","1117.638","",""
"Greece","1998","Mil. USD","5.78196467315799","",""
"Greece","1997","Thousand units","1212.673","",""
"Greece","1997","Mil. USD","5.85288926317398","",""
"Greece","1996","Thousand units","928.08","",""
"Greece","1996","Mil. USD","5.50764906090866","",""
"Greece","1995","Thousand units","1054.082","",""
"Greece","1995","Mil. USD","8.55053351534747","",""
"Hungary","2016","Thousand units","1334.952","",""
"Hungary","2016","Mil. USD","11.7006287236938","",""
"Hungary","2015","Thousand units","630.924","",""
"Hungary","2015","Mil. USD","8.88904799835322","",""
"Hungary","2014","Thousand units","182.197","",""
"Hungary","2014","Mil. USD","1.75837089132947","",""
"Hungary","2013","Thousand units","287.107","",""
"Hungary","2013","Mil. USD","2.05637139855607","",""
"Hungary","2012","Thousand units","212.944","",""
"Hungary","2012","Mil. USD","1.29273481576964","",""
"Hungary","2011","Thousand units","118.572","",""
"Hungary","2011","Mil. USD","1.36281122071835","",""
"Hungary","2010","Thousand units","236.349","",""
"Hungary","2010","Mil. USD","1.57734648323067","",""
"Hungary","2009","Thousand units","246.57","",""
"Hungary","2009","Mil. USD","1.61113627939541","",""
"Hungary","2008","Thousand units","364.952","",""
"Hungary","2008","Mil. USD","1.52806290428788","",""
"Hungary","2006","Thousand units","70.541","",""
"Hungary","2006","Mil. USD","1.03617092067113","",""
"Hungary","2005","Thousand units","91.864","",""
"Hungary","2005","Mil. USD","1.59833652750116","",""
"Hungary","2004","Thousand units","140.478","",""
"Hungary","2004","Mil. USD","1.81508045788035","",""
"Hungary","2003","Thousand units","158.287","",""
"Hungary","2003","Mil. USD","2.00172383047019","",""
"Hungary","2002","Thousand units","157.32","",""
"Hungary","2002","Mil. USD","1.74883023550397","",""
"Iceland","2016","Thousand units","0","1","1"
"Iceland","2016","Mil. USD","0","1","1"
"India","2005","Thousand units","21720.974","",""
"India","2005","Mil. USD","44.0231653419305","",""
"India","2004","Thousand units","1963.87","",""
"India","2004","Mil. USD","5.70453025169658","",""
"India","2003","Thousand units","13155.551","",""
"India","2003","Mil. USD","29.7697871845696","",""
"Indonesia","2012","Mil. USD","35.4231528788805","",""
"Iraq","2008","Thousand units","0.625","",""
"Iraq","2008","Mil. USD","0.000733393867635229","",""
"Ireland","2004","Thousand units","1603.124","",""
"Ireland","2004","Mil. USD","17.4653728433692","",""
"Ireland","2003","Thousand units","1715.536","",""
"Ireland","2003","Mil. USD","16.6178693259571","",""
"Ireland","2000","Thousand units","266.801","",""
"Ireland","2000","Mil. USD","19.6949590819368","",""
"Ireland","1999","Thousand units","2909.165","",""
"Ireland","1999","Mil. USD","22.2204228845609","",""
"Ireland","1998","Thousand units","3173.795","",""
"Ireland","1998","Mil. USD","24.7591066007697","",""
"Ireland","1997","Thousand units","4230.573","",""
"Ireland","1997","Mil. USD","28.0214406240004","",""
"Ireland","1996","Thousand units","3266.96","",""
"Ireland","1996","Mil. USD","27.446317307779","",""
"Ireland","1995","Thousand units","2085.929","",""
"Ireland","1995","Mil. USD","23.6292379316136","",""
"Italy","2016","Thousand units","5344.619","1","1"
"Italy","2016","Mil. USD","195.376257547373","1","1"
"Italy","2004","Thousand units","17250.478","",""
"Italy","2004","Mil. USD","303.518280531188","",""
"Italy","2003","Thousand units","17205.106","",""
"Italy","2003","Mil. USD","271.022279991084","",""
"Jordan","2007","Mil. USD","12.0056457000244","",""
"Jordan","2006","Mil. USD","10.1551480959097","",""
"Jordan","2005","Mil. USD","9.01269393511989","",""
"Jordan","2004","Mil. USD","7.63751763046544","",""
"Kazakhstan","2016","Thousand units","0.029","",""
"Kazakhstan","2015","Thousand units","21.354","",""
"Kazakhstan","2014","Thousand units","27.521","",""
"Kazakhstan","2013","Thousand units","48.682","",""
"Kazakhstan","2012","Thousand units","67.319","",""
"Kazakhstan","2011","Thousand units","219.757","",""
"Kazakhstan","2010","Thousand units","156.25","",""
"Kazakhstan","2009","Thousand units","84.622","",""
"Kazakhstan","2008","Thousand units","84.471","",""
"Kazakhstan","2007","Thousand units","66.992","",""
"Kazakhstan","2006","Thousand units","70.986","",""
"Kazakhstan","2005","Thousand units","41.024","",""
"Kyrgyzstan","2012","Thousand units","0","",""
"Kyrgyzstan","2011","Thousand units","0","",""
"Kyrgyzstan","2010","Thousand units","0","",""
"Kyrgyzstan","2009","Thousand units","1.313","",""
"Kyrgyzstan","2008","Thousand units","0.001","",""
"Kyrgyzstan","2007","Thousand units","0.049","",""
"Kyrgyzstan","2006","Thousand units","0","",""
"Kyrgyzstan","2005","Thousand units","0","",""
"Kyrgyzstan","2004","Thousand units","0.557","",""
"Kyrgyzstan","2003","Thousand units","0.149","",""
"Lithuania","2016","Thousand units","0.004","1","1"
"Lithuania","2016","Mil. USD","0","1","1"
"Lithuania","2015","Thousand units","0","",""
"Lithuania","2015","Mil. USD","0","",""
"Lithuania","2014","Thousand units","0.03","",""
"Lithuania","2014","Mil. USD","0.0384615384615385","",""
"Lithuania","2013","Thousand units","0","",""
"Lithuania","2013","Mil. USD","0","",""
"Lithuania","2012","Thousand units","0","",""
"Lithuania","2012","Mil. USD","0","",""
"Lithuania","2011","Thousand units","0.003","",""
"Lithuania","2011","Mil. USD","0.00108822695995037","",""
"Lithuania","2010","Thousand units","0.084","",""
"Lithuania","2010","Mil. USD","0.0237114720552501","",""
"Lithuania","2009","Thousand units","0.199","",""
"Lithuania","2009","Mil. USD","0.0283410045490533","",""
"Lithuania","2008","Thousand units","0.25","",""
"Lithuania","2008","Mil. USD","0.0848509275267015","",""
"Lithuania","2007","Thousand units","0","",""
"Lithuania","2007","Mil. USD","0","",""
"Lithuania","2006","Thousand units","0","",""
"Lithuania","2006","Mil. USD","0","",""
"Lithuania","2005","Thousand units","0","",""
"Lithuania","2005","Mil. USD","0","",""
"Lithuania","2004","Thousand units","0","",""
"Lithuania","2004","Mil. USD","0","",""
"Lithuania","2003","Thousand units","0","",""
"Lithuania","2003","Mil. USD","0","",""
"Lithuania","2002","Thousand units","0","",""
"Lithuania","2002","Mil. USD","0","",""
"Lithuania","2001","Thousand units","0","",""
"Lithuania","2001","Mil. USD","0","",""
"Lithuania","2000","Thousand units","0","",""
"Lithuania","2000","Mil. USD","0","",""
"Lithuania","1999","Thousand units","0","",""
"Lithuania","1999","Mil. USD","0","",""
"Lithuania","1998","Thousand units","0","",""
"Lithuania","1998","Mil. USD","0","",""
"Lithuania","1997","Thousand units","0","",""
"Lithuania","1997","Mil. USD","0","",""
"Luxembourg","2016","Thousand units","0","1","1"
"Luxembourg","2016","Mil. USD","0","1","1"
"Malta","2016","Thousand units","0","1","1"
"Malta","2016","Mil. USD","0","1","1"
"Mexico","2016","Thousand units","229.868","",""
"Mexico","2016","Mil. USD","2.11636715346678","",""
"Mexico","2015","Thousand units","276.223","",""
"Mexico","2015","Mil. USD","2.59334354070406","",""
"Mexico","2014","Thousand units","215.907","",""
"Mexico","2014","Mil. USD","2.56536605366204","",""
"Mexico","2013","Thousand units","227.438","",""
"Mexico","2013","Mil. USD","3.33542340933894","",""
"Mexico","2012","Thousand units","350.932","",""
"Mexico","2012","Mil. USD","5.47478855004983","",""
"Mexico","2011","Thousand units","434.978","",""
"Mexico","2011","Mil. USD","7.13174636902386","",""
"Mexico","2010","Thousand units","739.726","",""
"Mexico","2010","Mil. USD","11.9262346165489","",""
"Mexico","2009","Thousand units","793.985","",""
"Mexico","2009","Mil. USD","11.0186314030995","",""
"Mexico","2008","Thousand units","869.378","",""
"Mexico","2008","Mil. USD","14.1872434608248","",""
"Mexico","2007","Thousand units","904.32","2","2"
"Mexico","2007","Mil. USD","13.4697491121968","2","2"
"Mexico","2006","Thousand units","25.801","",""
"Mexico","2006","Mil. USD","10.2117196226954","",""
"Mexico","2005","Thousand units","22.467","",""
"Mexico","2005","Mil. USD","9.30455202726518","",""
"Mexico","2004","Thousand units","22.37","",""
"Mexico","2004","Mil. USD","9.17068099320983","",""
"Mexico","2003","Thousand units","23.174","",""
"Mexico","2003","Mil. USD","9.28722050189453","",""
"Mexico","2002","Thousand units","21.632","",""
"Mexico","2002","Mil. USD","10.5530695641292","",""
"Mexico","2001","Thousand units","22.874","",""
"Mexico","2001","Mil. USD","10.2115725803934","",""
"Mexico","2000","Thousand units","23.175","",""
"Mexico","2000","Mil. USD","10.3219711157547","",""
"Mexico","1999","Thousand units","21.241","",""
"Mexico","1999","Mil. USD","9.4556737834384","",""
"Mexico","1998","Thousand units","19.484","",""
"Mexico","1998","Mil. USD","9.13962548386997","",""
"Mexico","1997","Thousand units","35.186","",""
"Mexico","1997","Mil. USD","8.23392427315412","",""
"Mexico","1996","Thousand units","41.392","",""
"Mexico","1996","Mil. USD","7.00050807415507","",""
"Mexico","1995","Thousand units","38.24","",""
"Mexico","1995","Mil. USD","5.93511101072137","",""
"Montenegro","2016","Thousand units","0","1","1"
"Montenegro","2016","Mil. USD","0","1","1"
"Netherlands","2014","Thousand units","3544.794","",""
"Netherlands","2014","Mil. USD","120.268413572737","",""
"Netherlands","2011","Thousand units","718.694","",""
"Netherlands","2011","Mil. USD","25.0224080681574","",""
"Norway","2016","Thousand units","0","1","1"
"Norway","2016","Mil. USD","0","1","1"
"Norway","2004","Thousand units","0","",""
"Poland","2016","Thousand units","4915","",""
"Poland","2016","Mil. USD","39.1085928332446","1","1"
"Poland","2014","Thousand units","1261","",""
"Poland","2014","Mil. USD","35.0922611541463","",""
"Poland","2010","Thousand units","1598","",""
"Poland","2010","Mil. USD","34.789241534839","",""
"Poland","2009","Thousand units","1562","",""
"Poland","2009","Mil. USD","41.3122267418413","",""
"Poland","2008","Thousand units","1616","",""
"Poland","2008","Mil. USD","40.1847335374397","",""
"Poland","2007","Thousand units","1834","",""
"Poland","2007","Mil. USD","29.0467674632851","",""
"Poland","2006","Thousand units","1648","",""
"Poland","2006","Mil. USD","19.8829686958717","",""
"Poland","2005","Thousand units","1596","",""
"Poland","2005","Mil. USD","18.2043898644716","",""
"Poland","2004","Thousand units","508","",""
"Poland","2004","Mil. USD","17.1421931709184","",""
"Poland","2003","Thousand units","1226","",""
"Poland","2003","Mil. USD","39.4952527271909","",""
"Poland","2002","Thousand units","744","",""
"Poland","2002","Mil. USD","31.4703311247457","",""
"Poland","2001","Thousand units","293.799","",""
"Poland","2001","Mil. USD","16.3658125503798","",""
"Poland","2000","Thousand units","283.15","",""
"Poland","2000","Mil. USD","12.2179207675891","",""
"Portugal","2016","Thousand units","410.914","",""
"Portugal","2016","Mil. USD","11.0615170697217","",""
"Portugal","2015","Thousand units","329.716","",""
"Portugal","2015","Mil. USD","10.7430685084235","",""
"Portugal","2014","Thousand units","289.519","",""
"Portugal","2014","Mil. USD","11.0990737001084","",""
"Portugal","2013","Thousand units","266.221","",""
"Portugal","2013","Mil. USD","10.3066671502121","",""
"Portugal","2012","Thousand units","497.63","",""
"Portugal","2012","Mil. USD","9.29419040654821","",""
"Portugal","2011","Thousand units","448.2","",""
"Portugal","2011","Mil. USD","11.0570017667897","",""
"Portugal","2010","Thousand units","575.17","",""
"Portugal","2010","Mil. USD","9.40108795018546","",""
"Portugal","2009","Thousand units","517.823","",""
"Portugal","2009","Mil. USD","10.7786894114169","",""
"Portugal","2008","Thousand units","134.688","",""
"Portugal","2008","Mil. USD","5.10450576625442","",""
"Portugal","2007","Thousand units","109.845","",""
"Portugal","2007","Mil. USD","2.74920189560487","",""
"Portugal","2006","Thousand units","109.552","",""
"Portugal","2006","Mil. USD","0.823345101085233","",""
"Portugal","2005","Thousand units","96.955","",""
"Portugal","2005","Mil. USD","0.846313982987614","",""
"Portugal","2004","Thousand units","46.713","",""
"Portugal","2004","Mil. USD","0.37495421330701","",""
"Portugal","2003","Thousand units","45.208","",""
"Portugal","2003","Mil. USD","0.398632483134115","",""
"Portugal","2002","Thousand units","48.191","",""
"Portugal","2002","Mil. USD","0.591519471210026","",""
"Portugal","2001","Thousand units","34.824","",""
"Portugal","2001","Mil. USD","0.572749237143292","",""
"Portugal","2000","Thousand units","35.352","",""
"Portugal","2000","Mil. USD","0.702438192956368","",""
"Portugal","1999","Thousand units","29.884","",""
"Portugal","1999","Mil. USD","0.903554607708409","",""
"Republic of Moldova","2010","Thousand units","0.01","",""
"Republic of Moldova","2009","Thousand units","0.104","",""
"Republic of Moldova","2008","Thousand units","0.055","",""
"Republic of Moldova","2007","Thousand units","0.252","",""
"Republic of Moldova","2006","Thousand units","0.17","",""
"Republic of Moldova","2005","Thousand units","0.15","",""
"Republic of Moldova","2004","Thousand units","0.027","",""
"Romania","2015","Thousand units","0.372","",""
"Romania","2015","Mil. USD","0.199717067471106","",""
"Romania","2007","Thousand units","13.231","",""
"Romania","2007","Mil. USD","3.33230800779247","",""
"Romania","2006","Thousand units","39.843","",""
"Romania","2006","Mil. USD","3.36741051032699","",""
"Romania","2005","Thousand units","56.255","",""
"Romania","2005","Mil. USD","4.68689964757301","",""
"Romania","2004","Thousand units","6.857","",""
"Romania","2004","Mil. USD","0.153815191251981","",""
"Romania","2003","Thousand units","8.746","",""
"Romania","2003","Mil. USD","0.0695781648056224","",""
"Romania","2002","Thousand units","6.173","",""
"Romania","2002","Mil. USD","0.0453783236218679","",""
"Russian Federation","2016","Mil. USD","6.02482107007308","",""
"Russian Federation","2015","Mil. USD","4.3322970203716","",""
"Russian Federation","2014","Mil. USD","6.82679102346416","",""
"Russian Federation","2013","Mil. USD","8.32361103108055","",""
"Russian Federation","2012","Mil. USD","8.56035836086604","",""
"Russian Federation","2011","Mil. USD","7.79379685914963","",""
"Russian Federation","2010","Mil. USD","16.6293930411152","",""
"Serbia","2016","Thousand units","0","1","1"
"Serbia","2016","Mil. USD","0","1","1"
"Slovakia","2007","Thousand units","95.317","",""
"Slovakia","2007","Mil. USD","2.63218282196996","",""
"Slovakia","2006","Thousand units","260.858","",""
"Slovakia","2006","Mil. USD","2.25610115414727","",""
"Slovakia","2005","Thousand units","208.925","",""
"Slovakia","2005","Mil. USD","2.12777961361457","",""
"Slovenia","2013","Thousand units","0","",""
"Slovenia","2013","Mil. USD","0","",""
"Slovenia","2012","Thousand units","0","",""
"Slovenia","2012","Mil. USD","0","",""
"Spain","2016","Thousand units","1347.551","",""
"Spain","2016","Mil. USD","46.4583716928309","",""
"Spain","2015","Thousand units","1462.497","",""
"Spain","2015","Mil. USD","47.6898714616225","",""
"Spain","2014","Thousand units","1468.18","",""
"Spain","2014","Mil. USD","50.415882137496","",""
"Spain","2013","Thousand units","1364.697","",""
"Spain","2013","Mil. USD","46.4709198752091","",""
"Spain","2012","Thousand units","1113.756","",""
"Spain","2012","Mil. USD","42.4004509251317","",""
"Spain","2011","Thousand units","1360.333","",""
"Spain","2011","Mil. USD","54.2152174810076","",""
"Spain","2010","Thousand units","1275.83","",""
"Spain","2010","Mil. USD","50.3281293383332","",""
"Spain","2009","Thousand units","1313.625","",""
"Spain","2009","Mil. USD","50.0108801597081","",""
"Spain","2008","Thousand units","2327.252","",""
"Spain","2008","Mil. USD","49.8041006063477","",""
"Spain","2007","Thousand units","2327.125","",""
"Spain","2007","Mil. USD","54.746710920258","",""
"Spain","2006","Thousand units","1932.461","",""
"Spain","2006","Mil. USD","46.4158884513297","",""
"Spain","2005","Thousand units","1927.389","",""
"Spain","2005","Mil. USD","54.718201263493","",""
"Spain","2004","Thousand units","2466.625","",""
"Spain","2004","Mil. USD","45.941902118915","",""
"Sweden","2016","Thousand units","5.273","",""
"Sweden","2016","Mil. USD","0.819085123269836","",""
"Sweden","2015","Thousand units","6.965","",""
"Sweden","2015","Mil. USD","1.24886766787434","",""
"Sweden","2014","Thousand units","4.69","",""
"Sweden","2014","Mil. USD","1.77559856488725","",""
"Sweden","2013","Thousand units","4.238","",""
"Sweden","2013","Mil. USD","1.80627128908266","",""
"Sweden","2012","Thousand units","6.427","",""
"Sweden","2012","Mil. USD","1.93032759276696","",""
"Sweden","2011","Thousand units","4.762","",""
"Sweden","2011","Mil. USD","1.94747300690772","",""
"Sweden","2010","Thousand units","3.725","",""
"Sweden","2010","Mil. USD","2.11209836387414","",""
"Sweden","2009","Thousand units","48.6535","",""
"Sweden","2009","Mil. USD","1.86024776519522","",""
"Sweden","2008","Thousand units","27.8438","",""
"Sweden","2008","Mil. USD","2.6990945743875","",""
"Sweden","2007","Thousand units","67.4196","",""
"Sweden","2007","Mil. USD","2.37987089366852","",""
"Sweden","2005","Thousand units","216.425","",""
"Sweden","2005","Mil. USD","14.1842295008333","",""
"Sweden","2004","Thousand units","269.175","",""
"Sweden","2004","Mil. USD","16.1929289969546","",""
"Sweden","2003","Thousand units","251.338","",""
"Sweden","2003","Mil. USD","16.5712292337919","",""
"Sweden","2002","Thousand units","276.515","",""
"Sweden","2002","Mil. USD","12.7347673183421","",""
"Sweden","2001","Thousand units","220.502","",""
"Sweden","2001","Mil. USD","11.7144359365978","",""
"Sweden","2000","Thousand units","287.104","",""
"Sweden","2000","Mil. USD","16.8081091486593","",""
"Sweden","1999","Thousand units","311.562","",""
"Sweden","1999","Mil. USD","18.396528704132","",""
"Sweden","1998","Thousand units","294.014","",""
"Sweden","1998","Mil. USD","17.9877196705715","",""
"Sweden","1997","Thousand units","259.113","",""
"Sweden","1997","Mil. USD","17.2890412255223","",""
"Sweden","1996","Mil. USD","14.0173902626608","",""
"The former Yugoslav Republic of Macedonia","2016","Thousand units","0","1","1"
"The former Yugoslav Republic of Macedonia","2016","Mil. USD","0","1","1"
"Turkey","2016","Thousand units","10850.714","",""
"Turkey","2016","Mil. USD","58.6066565795494","",""
"Turkey","2015","Thousand units","12305.356","",""
"Turkey","2015","Mil. USD","65.3774759047373","",""
"Turkey","2014","Thousand units","9741.827","",""
"Turkey","2014","Mil. USD","64.7891783288251","",""
"Turkey","2013","Thousand units","7153.446","",""
"Turkey","2013","Mil. USD","61.814077682256","",""
"Turkey","2012","Thousand units","3446.091","",""
"Turkey","2012","Mil. USD","50.7959350576003","",""
"Turkey","2011","Thousand units","5115.104","",""
"Turkey","2011","Mil. USD","41.9438710673347","",""
"Turkey","2010","Thousand units","5411.925","",""
"Turkey","2010","Mil. USD","58.8831720540223","",""
"Turkey","2009","Thousand units","2743.051","",""
"Turkey","2009","Mil. USD","30.0007785557082","",""
"Turkey","2008","Thousand units","2795.766","",""
"Turkey","2008","Mil. USD","36.4957417899039","",""
"Turkey","2007","Thousand units","2706.304","",""
"Turkey","2007","Mil. USD","34.9212685136198","",""
"Turkey","2006","Thousand units","3909.769","",""
"Turkey","2006","Mil. USD","28.492353772238","",""
"Turkey","2005","Thousand units","6177.128","",""
"Turkey","2005","Mil. USD","34.0879546013446","",""
"Ukraine","2016","Thousand units","145.549","",""
"Ukraine","2015","Thousand units","127.624","",""
"Ukraine","2014","Thousand units","125.089","",""
"Ukraine","2013","Thousand units","150.817","",""
"Ukraine","2012","Thousand units","147.96","",""
"Ukraine","2011","Thousand units","128.504","",""
"Ukraine","2010","Thousand units","175.539","",""
"Ukraine","2009","Thousand units","161.036","",""
"Ukraine","2008","Thousand units","207.751","",""
"Ukraine","2007","Thousand units","220.506","",""
"Ukraine","2006","Thousand units","173.929","",""
"Ukraine","2005","Thousand units","182.807","",""
"Ukraine","2004","Thousand units","134.948","",""
"Ukraine","2003","Thousand units","133.906","",""
"United Kingdom","2016","Thousand units","5941.728","1","1"
"United Kingdom","2016","Mil. USD","125.75164204079","1","1"
"United Kingdom","2015","Mil. USD","119.166662214468","",""
"United Kingdom","2014","Thousand units","2435.921","",""
"United Kingdom","2014","Mil. USD","220.492788316868","",""
"United Kingdom","2013","Thousand units","3239.68","",""
"United Kingdom","2013","Mil. USD","217.302745832181","",""
"United Kingdom","2012","Mil. USD","198.435508013641","",""
"United Kingdom","2011","Thousand units","6684.913","",""
"United Kingdom","2011","Mil. USD","191.224462148037","",""
"United Kingdom","2010","Thousand units","6466.598","",""
"United Kingdom","2010","Mil. USD","166.239854127109","",""
"United Kingdom","2009","Thousand units","9430.032","",""
"United Kingdom","2009","Mil. USD","176.18415029962","",""
"United Kingdom","2008","Thousand units","10938.51","",""
"United Kingdom","2008","Mil. USD","241.653064618455","",""
"United Kingdom","2007","Thousand units","9386.531","",""
"United Kingdom","2007","Mil. USD","227.013669575773","",""
"United Kingdom","2006","Thousand units","8805.011","",""
"United Kingdom","2006","Mil. USD","172.699728910859","",""
"United Kingdom","2005","Thousand units","12702.45","",""
"United Kingdom","2005","Mil. USD","203.800617577629","",""
"United Kingdom","2004","Thousand units","13929.76","",""
"United Kingdom","2004","Mil. USD","181.075835805046","",""
"United Kingdom","2003","Thousand units","12527.24","",""
"United Kingdom","2003","Mil. USD","145.965737237182","",""
"United Kingdom","2002","Thousand units","15402.665","",""
"United Kingdom","2002","Mil. USD","167.110462763592","",""
"United Kingdom","2001","Thousand units","12215.222","",""
"United Kingdom","2001","Mil. USD","137.910185631716","",""
"United Kingdom","2000","Thousand units","11742.736","",""
"United Kingdom","2000","Mil. USD","141.315846211845","",""
"United Kingdom","1999","Thousand units","11475.941","",""
"United Kingdom","1999","Mil. USD","148.691824616876","",""
"United Kingdom","1998","Thousand units","12790.992","",""
"United Kingdom","1998","Mil. USD","178.197740266341","",""
"United Kingdom","1997","Thousand units","10809.808","",""
"United Kingdom","1997","Mil. USD","163.546322300031","",""
"United Kingdom","1996","Thousand units","3883.945","",""
"United Kingdom","1996","Mil. USD","143.847121525878","",""
"United Kingdom","1995","Thousand units","3536.741","",""
"United Kingdom","1995","Mil. USD","171.540900621606","",""
"United Republic of Tanzania","2009","Thousand units","328","3","3"
"Uruguay","2013","Mil. USD","1.93100069890849","",""
"Uruguay","2012","Mil. USD","3.76552599681967","",""
"Uruguay","2010","Mil. USD","8.36620466093615","",""
"Uruguay","2001","Mil. USD","9.28407401892265","",""
"Uruguay","2000","Mil. USD","9.74103263539883","",""
"Uruguay","1999","Mil. USD","8.24780691929837","",""
"Uruguay","1998","Mil. USD","15.3284427397085","",""
"Uzbekistan","2016","Mil. USD","0.431723083458966","",""

"fnSeqID","Footnote"
"1","Calculated by the Statistics Division of the United Nations, based on Prodcom data."
"2","Break in series; data prior to the sign not comparable to following years."
"3","Tanganyika only."
