"Country or Area","Year","Unit","Value","Value Footnotes","Value Footnotes"
"Azerbaijan","2015","Metric tons","0","",""
"Azerbaijan","2015","000' USD","0","",""
"Azerbaijan","2014","Metric tons","0","",""
"Azerbaijan","2014","000' USD","0","",""
"Azerbaijan","2013","Metric tons","0","",""
"Azerbaijan","2013","000' USD","0","",""
"Azerbaijan","2012","Metric tons","0","",""
"Azerbaijan","2012","000' USD","0","",""
"Azerbaijan","2011","Metric tons","0","",""
"Azerbaijan","2011","000' USD","0","",""
"Azerbaijan","2010","Metric tons","0","",""
"Azerbaijan","2010","000' USD","0","",""
"Azerbaijan","2009","Metric tons","0.4","",""
"Azerbaijan","2009","000' USD","6.8426400149294","",""
"Azerbaijan","2008","Metric tons","1.2","",""
"Azerbaijan","2008","000' USD","6.08554144605443","",""
"Azerbaijan","2007","Metric tons","3.9","",""
"Azerbaijan","2007","000' USD","27.9679922284401","",""
"Azerbaijan","2006","Metric tons","0","",""
"Azerbaijan","2006","000' USD","0","",""
"Azerbaijan","2005","Metric tons","0","",""
"Azerbaijan","2005","000' USD","0","",""
"Azerbaijan","2004","Metric tons","1.1","",""
"Azerbaijan","2004","000' USD","7.12326453107804","",""
"Azerbaijan","2003","Metric tons","0.4","",""
"Azerbaijan","2003","000' USD","0","",""
"Azerbaijan","2002","Metric tons","0.9","",""
"Azerbaijan","2002","000' USD","30.8589855794246","",""
"Azerbaijan","2001","Metric tons","0.432","",""
"Azerbaijan","2001","000' USD","0","",""
"Azerbaijan","2000","Metric tons","0","",""
"Azerbaijan","2000","000' USD","0","",""
"Belarus","2016","Thousand units","4211","",""
"Belarus","2015","Thousand units","4992","1","1"
"Belarus","2014","Thousand units","41332","",""
"Belarus","2013","Thousand units","28649","",""
"Belarus","2012","Thousand units","42596","",""
"Belarus","2011","Thousand units","48707","",""
"Belgium","2016","Metric tons","0","2","2"
"Belgium","2016","000' USD","0","2","2"
"Bosnia and Herzegovina","2014","Metric tons","1.112","",""
"Bosnia and Herzegovina","2014","000' USD","18.9937493246493","",""
"Brazil","2015","Metric tons","90018.983","",""
"Brazil","2015","000' USD","20246.3622318898","",""
"Brazil","2014","Metric tons","66165.54","",""
"Brazil","2014","000' USD","71544.4622955101","",""
"Brazil","2013","Metric tons","49685.974","",""
"Brazil","2013","000' USD","45570.1959051321","",""
"Brazil","2012","Metric tons","50730.47","",""
"Brazil","2012","000' USD","48488.1154649778","",""
"Brazil","2011","Metric tons","21479.578","",""
"Brazil","2011","000' USD","38922.3638736942","",""
"Brazil","2010","Metric tons","10381.904","",""
"Brazil","2010","000' USD","19338.282436972","",""
"Brazil","2009","Metric tons","8942.645","",""
"Brazil","2009","000' USD","13016.2935331022","",""
"Brazil","2008","Metric tons","3507","",""
"Brazil","2008","000' USD","11248.4496391762","",""
"Brazil","2007","Metric tons","14085.535","",""
"Brazil","2007","000' USD","32137.3781816159","",""
"Brazil","2006","Metric tons","7704.085","",""
"Brazil","2006","000' USD","9002.70304230168","",""
"Brazil","2005","Metric tons","8155.418","",""
"Brazil","2005","000' USD","11577.0971703548","",""
"Brazil","2004","Metric tons","16045.863","",""
"Brazil","2004","000' USD","31835.190188699","",""
"Brazil","2003","Metric tons","4286.83","",""
"Brazil","2003","000' USD","1031.44994652816","",""
"Brazil","2002","Metric tons","5729.495","",""
"Brazil","2002","000' USD","10605.9790421268","",""
"Brazil","2001","Metric tons","7711.714","",""
"Brazil","2001","000' USD","14702.8775823982","",""
"Brazil","2000","Metric tons","7319.894","",""
"Brazil","2000","000' USD","15538.131565407","",""
"Bulgaria","2016","Metric tons","32.992","2","2"
"Bulgaria","2016","000' USD","180.426177705008","2","2"
"Bulgaria","2015","000' USD","226.70596236681","",""
"Bulgaria","2014","Metric tons","58.214","",""
"Bulgaria","2014","000' USD","505.365866232708","",""
"Bulgaria","2013","Metric tons","79.973","",""
"Bulgaria","2013","000' USD","556.472956645673","",""
"Bulgaria","2012","Metric tons","85.099","",""
"Bulgaria","2012","000' USD","532.1769900581","",""
"Bulgaria","2011","Metric tons","65.856","",""
"Bulgaria","2011","000' USD","447.93362528678","",""
"Bulgaria","2010","Metric tons","90.588","",""
"Bulgaria","2010","000' USD","575.338293275873","",""
"Bulgaria","2009","Metric tons","445.225","",""
"Bulgaria","2009","000' USD","2064.41828640486","",""
"Bulgaria","2008","Metric tons","1189.295","",""
"Bulgaria","2008","000' USD","2243.6336894063","",""
"Bulgaria","2007","Metric tons","444.502","",""
"Bulgaria","2007","000' USD","1399.53115706238","",""
"Bulgaria","2006","Metric tons","199.869","",""
"Bulgaria","2006","000' USD","641.327119586129","",""
"Bulgaria","2005","Metric tons","305.04","",""
"Bulgaria","2005","000' USD","635.270201592412","",""
"Bulgaria","2004","Metric tons","203.607","",""
"Bulgaria","2004","000' USD","634.876731011246","",""
"Bulgaria","2003","Metric tons","82.675","",""
"Bulgaria","2003","000' USD","0","",""
"Bulgaria","2002","Metric tons","27.761","",""
"Bulgaria","2002","000' USD","0","",""
"Bulgaria","2001","Metric tons","32.005","",""
"Bulgaria","2001","000' USD","0","",""
"Bulgaria","2000","Metric tons","56.307","",""
"Bulgaria","2000","000' USD","0","",""
"Bulgaria","1999","Metric tons","44.536","",""
"Bulgaria","1999","000' USD","0","",""
"Bulgaria","1998","Metric tons","86.916","",""
"Bulgaria","1998","000' USD","0","",""
"Chile","2016","Thousand units","11407.24","",""
"Chile","2016","000' USD","1108.2865471048","",""
"Chile","2015","Thousand units","15348.221","",""
"Chile","2015","000' USD","1533.11126141025","",""
"Chile","2014","Thousand units","12012.027","",""
"Chile","2014","000' USD","1551.62403426337","",""
"Chile","2013","Thousand units","16628.251","",""
"Chile","2013","000' USD","2023.79141950413","",""
"Chile","2012","Thousand units","12396.522","",""
"Chile","2012","000' USD","1665.8824015921","",""
"Chile","2011","Thousand units","10399.98","",""
"Chile","2011","000' USD","1258.16389601823","",""
"Chile","2008","Thousand units","0.011","",""
"Chile","2008","000' USD","0.101442971561438","",""
"Chile","2005","Metric tons","0","",""
"Chile","2005","000' USD","0","",""
"Croatia","2016","Metric tons","0","2","2"
"Croatia","2016","000' USD","0","2","2"
"Croatia","2015","Metric tons","0","",""
"Croatia","2014","Metric tons","0","",""
"Croatia","2013","Metric tons","0","",""
"Croatia","2012","Metric tons","0","",""
"Croatia","2011","Metric tons","0","",""
"Croatia","2010","Metric tons","0","",""
"Croatia","2009","Metric tons","2.67","",""
"Croatia","2008","Metric tons","33.54","",""
"Croatia","2007","Metric tons","52.28","",""
"Croatia","2006","Metric tons","65.085","",""
"Croatia","2005","Metric tons","40.321","",""
"Croatia","2004","Metric tons","62.88","",""
"Czechia","2016","Metric tons","1624.519","2","2"
"Czechia","2016","000' USD","18745.972958344","2","2"
"Czechia","2015","Metric tons","1135.759","",""
"Czechia","2015","000' USD","13049.4435692871","",""
"Czechia","2014","Metric tons","1144.224","",""
"Czechia","2014","000' USD","15656.9914488739","",""
"Czechia","2013","Metric tons","1045.153","",""
"Czechia","2013","000' USD","13387.4394841556","",""
"Czechia","2012","Metric tons","1077.465","",""
"Czechia","2012","000' USD","13842.4215782783","",""
"Czechia","2011","Metric tons","1306.761","",""
"Czechia","2011","000' USD","15483.7976463492","",""
"Czechia","2010","Metric tons","974.321","",""
"Czechia","2010","000' USD","14399.2250598877","",""
"Czechia","2009","Metric tons","862.083","",""
"Czechia","2009","000' USD","11435.7656192624","",""
"Czechia","2008","Metric tons","1232.718","",""
"Czechia","2008","000' USD","13296.885678024","",""
"Czechia","2007","Metric tons","1023.866","",""
"Czechia","2007","000' USD","12762.6024539676","",""
"Czechia","2003","000' USD","6345.49257329221","",""
"Czechia","2002","Metric tons","877.492","",""
"Czechia","2002","000' USD","4551.21390903916","",""
"Czechia","2001","Metric tons","1025.341","",""
"Czechia","2001","000' USD","4600.98565382","",""
"Czechia","2000","Metric tons","892.018","",""
"Czechia","2000","000' USD","3730.72297870595","",""
"Czechia","1999","000' USD","3760.56755642659","",""
"Czechia","1998","000' USD","4863.51691130535","",""
"Czechia","1997","000' USD","5710.06438281617","",""
"Czechia","1996","000' USD","5894.28959995579","",""
"Czechia","1995","000' USD","5651.70430283087","",""
"Denmark","2016","Metric tons","16.9","2","2"
"Denmark","2016","000' USD","15062.7221949702","2","2"
"Denmark","2015","000' USD","14427.0725558744","",""
"Denmark","2014","000' USD","15106.9048656499","",""
"Denmark","2013","000' USD","14918.1535292733","",""
"Denmark","2012","000' USD","17730.0700619755","",""
"Denmark","2011","000' USD","17657.8682803559","",""
"Denmark","2010","000' USD","14497.672950663","",""
"Denmark","2009","000' USD","12109.9822168057","",""
"Denmark","2008","000' USD","17779.8497063548","",""
"Denmark","2007","000' USD","15640.4627305474","",""
"Denmark","2006","000' USD","11716.932445495","",""
"Denmark","2005","000' USD","10832.4120255265","",""
"Denmark","2004","000' USD","11460.7495505801","",""
"Denmark","2003","000' USD","9230.11766420315","",""
"Denmark","2002","000' USD","7470.06145567651","",""
"Denmark","2001","000' USD","8691.88829383799","",""
"Denmark","2000","000' USD","8047.61101110304","",""
"Denmark","1999","000' USD","6948.87217182895","",""
"Denmark","1998","Metric tons","0","",""
"Denmark","1998","000' USD","5650.64608943772","",""
"Denmark","1997","Metric tons","0","",""
"Denmark","1997","000' USD","5307.1718842484","",""
"Denmark","1996","Metric tons","0","",""
"Denmark","1996","000' USD","6959.6973789687","",""
"Denmark","1995","Metric tons","0","",""
"Denmark","1995","000' USD","6561.69119003278","",""
"Ecuador","2014","Thousand units","11.3","",""
"Ecuador","2014","000' USD","200","",""
"Ecuador","2013","Thousand units","15.1","",""
"Ecuador","2013","000' USD","200","",""
"Ecuador","2012","000' USD","600","",""
"Ecuador","2010","Thousand units","227.4","",""
"Ecuador","2010","000' USD","3600","",""
"Ecuador","2009","Thousand units","12.322061331","",""
"Ecuador","2009","000' USD","4362.616","",""
"Ecuador","2008","Metric tons","4672.806","",""
"Ecuador","2008","000' USD","1784","",""
"Egypt","2015","Metric tons","1467","",""
"Egypt","2015","000' USD","3814.72039160539","",""
"Egypt","2014","Metric tons","578","",""
"Egypt","2014","000' USD","1576.94508022114","",""
"Egypt","2008","Metric tons","1452","",""
"Egypt","2008","000' USD","2209.60564676999","",""
"Estonia","2016","Metric tons","0","2","2"
"Estonia","2016","000' USD","0","2","2"
"Estonia","2015","Metric tons","0","",""
"Estonia","2015","000' USD","0","",""
"Estonia","2014","Metric tons","0.1","",""
"Estonia","2014","000' USD","0","",""
"Estonia","2010","Metric tons","0","",""
"Estonia","2010","000' USD","0","",""
"Estonia","2008","Metric tons","0","",""
"Estonia","2008","000' USD","0","",""
"Finland","2016","000' USD","1106.15170697217","",""
"Finland","2015","000' USD","1109.06677817727","",""
"Finland","2014","000' USD","0","",""
"Finland","2013","000' USD","0","",""
"Finland","2012","000' USD","0","",""
"Finland","2011","000' USD","0","",""
"Finland","2010","000' USD","0","",""
"Finland","2009","Metric tons","75","",""
"Finland","2009","000' USD","0","",""
"Finland","2008","Metric tons","120","",""
"Finland","2008","000' USD","1464.82648842199","",""
"Finland","2007","Metric tons","40.55","",""
"Finland","2007","000' USD","606.319823441857","",""
"Finland","2006","Metric tons","11.679","",""
"Finland","2006","000' USD","406.507842089802","",""
"Finland","2005","Metric tons","10.556","",""
"Finland","2005","000' USD","45.8886733323385","",""
"Finland","2004","Metric tons","45.47","",""
"Finland","2004","000' USD","92.3804734499264","",""
"Finland","2003","Metric tons","29.013","",""
"Finland","2003","000' USD","46.2736105925185","",""
"Finland","2002","Metric tons","27.08","",""
"Finland","2002","000' USD","38.5863589378398","",""
"Finland","2001","Metric tons","185.123","",""
"Finland","2001","000' USD","894.846578554107","",""
"Finland","2000","Metric tons","178.271","",""
"Finland","2000","000' USD","921.318621922319","",""
"Finland","1999","Metric tons","170","",""
"Finland","1999","000' USD","1065.38561764272","",""
"Finland","1998","Metric tons","165.732","",""
"Finland","1998","000' USD","1112.58547058193","",""
"Finland","1997","000' USD","2290.59210025744","",""
"Germany","2016","Metric tons","7640.147","",""
"Germany","2016","000' USD","106631.729801544","",""
"Germany","2015","Metric tons","8896.237","",""
"Germany","2015","000' USD","110550.590856324","",""
"Germany","2014","Metric tons","7824.756","",""
"Germany","2014","000' USD","165987.105021033","",""
"Germany","2013","Metric tons","8289.3015","",""
"Germany","2013","000' USD","165811.535575224","",""
"Germany","2012","Metric tons","10898.352","",""
"Germany","2012","000' USD","207926.078924367","",""
"Germany","2011","Metric tons","11415.766","",""
"Germany","2011","000' USD","213513.326993325","",""
"Germany","2010","Metric tons","10688.1635","",""
"Germany","2010","000' USD","185876.905249331","",""
"Germany","2009","Metric tons","11733.082","",""
"Germany","2009","000' USD","168650.961837248","",""
"Germany","2008","Metric tons","45369.439","",""
"Germany","2008","000' USD","554917.442762707","",""
"Germany","2007","Metric tons","45935.532","",""
"Germany","2007","000' USD","516881.784742776","",""
"Germany","2006","Metric tons","44844.08","",""
"Germany","2006","000' USD","453918.499554136","",""
"Germany","2005","Metric tons","40277.098","",""
"Germany","2005","000' USD","399995.712082774","",""
"Germany","2004","Metric tons","34576.08","",""
"Germany","2004","000' USD","383058.193489908","",""
"Germany","2003","Metric tons","32158.886","",""
"Germany","2003","000' USD","327107.864350603","",""
"Germany","2002","Metric tons","30319.722","",""
"Germany","2002","000' USD","254511.814798025","",""
"Germany","2001","Metric tons","31661.075","",""
"Germany","2001","000' USD","253363.06908484","",""
"Germany","2000","Metric tons","33604.635","",""
"Germany","2000","000' USD","272810.412919652","",""
"Germany","1999","Metric tons","31247.887","",""
"Germany","1999","000' USD","288535.095119151","",""
"Germany","1998","Metric tons","37015.731","",""
"Germany","1998","000' USD","333666.832304329","",""
"Germany","1997","Metric tons","32183.269","",""
"Germany","1997","000' USD","318241.187735838","",""
"Germany","1996","Metric tons","36290.939","",""
"Germany","1996","000' USD","386153.794949764","",""
"Germany","1995","Metric tons","42827.744","",""
"Germany","1995","000' USD","402725.9991663","",""
"Hungary","2016","Metric tons","106","",""
"Hungary","2016","000' USD","930.651100670241","",""
"Hungary","2015","Metric tons","48","",""
"Hungary","2015","000' USD","418.855664843869","",""
"Hungary","2014","Metric tons","54","",""
"Hungary","2014","000' USD","429.91953333239","",""
"Hungary","2013","Metric tons","59","",""
"Hungary","2013","000' USD","455.978005766781","",""
"Hungary","2009","Metric tons","170","",""
"Hungary","2009","000' USD","919.237263704129","",""
"Hungary","2008","Metric tons","413","",""
"Hungary","2008","000' USD","3770.77119727312","",""
"Hungary","2007","Metric tons","408","",""
"Hungary","2007","000' USD","2494.20243157508","",""
"Hungary","2006","Metric tons","553","",""
"Hungary","2006","000' USD","2680.73577641523","",""
"Hungary","2005","Metric tons","891","",""
"Hungary","2005","000' USD","4504.40294113963","",""
"Hungary","2004","Metric tons","942","",""
"Hungary","2004","000' USD","5356.46026428822","",""
"Hungary","2003","Metric tons","242","",""
"Hungary","2003","000' USD","1453.36741365987","",""
"Hungary","2002","Metric tons","247","",""
"Hungary","2002","000' USD","1046.97153788486","",""
"India","2015","000' USD","357537.050405409","",""
"India","2014","000' USD","86486.9898884658","",""
"India","2013","000' USD","221449.012450738","",""
"India","2012","000' USD","620872.697841343","",""
"India","2011","000' USD","213883.716214541","",""
"India","2005","Thousand units","111613.515","",""
"India","2005","000' USD","26827.7553672083","",""
"India","2004","Thousand units","42290.805","",""
"India","2004","000' USD","10832.9270816936","",""
"India","2003","Thousand units","145060.143","",""
"India","2003","000' USD","16063.6749938609","",""
"Italy","2016","Metric tons","1980","2","2"
"Italy","2016","000' USD","25044.3807975568","2","2"
"Italy","2004","Metric tons","9951","",""
"Italy","2004","000' USD","66002.3715954878","",""
"Italy","2003","Metric tons","9465","",""
"Italy","2003","000' USD","55849.9907358726","",""
"Kazakhstan","2016","Metric tons","0","",""
"Kazakhstan","2009","Metric tons","3.295","",""
"Kazakhstan","2008","Metric tons","1.689","",""
"Kazakhstan","2006","Metric tons","1.154","",""
"Kazakhstan","2005","Metric tons","1.87","",""
"Kazakhstan","2004","Metric tons","0.019","",""
"Kazakhstan","2003","Metric tons","0.084","",""
"Lithuania","2016","Metric tons","0.217","2","2"
"Lithuania","2016","000' USD","0","2","2"
"Lithuania","2015","Metric tons","0","",""
"Lithuania","2015","000' USD","0","",""
"Lithuania","2014","Metric tons","0","",""
"Lithuania","2014","000' USD","0","",""
"Lithuania","2013","Metric tons","0","",""
"Lithuania","2013","000' USD","0","",""
"Lithuania","2012","Metric tons","0","",""
"Lithuania","2012","000' USD","0","",""
"Lithuania","2011","Metric tons","0","",""
"Lithuania","2011","000' USD","0","",""
"Lithuania","2010","Metric tons","0","",""
"Lithuania","2010","000' USD","0","",""
"Lithuania","2009","Metric tons","0","",""
"Lithuania","2009","000' USD","0","",""
"Lithuania","2008","Metric tons","0","",""
"Lithuania","2008","000' USD","0","",""
"Lithuania","2007","Metric tons","0","",""
"Lithuania","2007","000' USD","0","",""
"Lithuania","2006","Metric tons","0","",""
"Lithuania","2006","000' USD","0","",""
"Lithuania","2005","Metric tons","0","",""
"Lithuania","2005","000' USD","0","",""
"Lithuania","2004","Metric tons","0","",""
"Lithuania","2004","000' USD","0","",""
"Lithuania","2003","Metric tons","0","",""
"Lithuania","2003","000' USD","0","",""
"Lithuania","2002","Metric tons","0","",""
"Lithuania","2002","000' USD","0","",""
"Lithuania","2001","Metric tons","0","",""
"Lithuania","2001","000' USD","0","",""
"Lithuania","2000","Metric tons","0","",""
"Lithuania","2000","000' USD","0","",""
"Lithuania","1999","Metric tons","0","",""
"Lithuania","1999","000' USD","0","",""
"Lithuania","1998","Metric tons","0","",""
"Lithuania","1998","000' USD","0","",""
"Lithuania","1997","Metric tons","0","",""
"Lithuania","1997","000' USD","0","",""
"Luxembourg","2016","Metric tons","0","2","2"
"Luxembourg","2016","000' USD","0","2","2"
"Malta","2016","Metric tons","0","2","2"
"Malta","2016","000' USD","0","2","2"
"Mexico","2016","Metric tons","64012.402","",""
"Mexico","2016","000' USD","205078.656116695","",""
"Mexico","2015","Metric tons","60060.978","",""
"Mexico","2015","000' USD","211707.694592951","",""
"Mexico","2014","Metric tons","53370.897","",""
"Mexico","2014","000' USD","214241.919285008","",""
"Mexico","2013","Metric tons","54035.664","",""
"Mexico","2013","000' USD","222878.316362071","",""
"Mexico","2012","Metric tons","50525.491","",""
"Mexico","2012","000' USD","204571.814600406","",""
"Mexico","2011","Metric tons","48296.385","",""
"Mexico","2011","000' USD","195124.902631498","",""
"Mexico","2010","Metric tons","44861.312","",""
"Mexico","2010","000' USD","180500.039239713","",""
"Mexico","2009","Metric tons","44724.713","",""
"Mexico","2009","000' USD","164295.268241514","",""
"Mexico","2008","Metric tons","51092.363","",""
"Mexico","2008","000' USD","209960.421274575","",""
"Mexico","2007","Metric tons","52570.068","",""
"Mexico","2007","000' USD","199099.729064659","",""
"Montenegro","2016","Metric tons","0","2","2"
"Montenegro","2016","000' USD","0","2","2"
"Nepal","2011","000' USD","211.795036171755","",""
"Nepal","2007","000' USD","691.560355071749","",""
"Netherlands","2014","Metric tons","37.473","",""
"Netherlands","2014","000' USD","7297.03557253232","",""
"Norway","2016","Metric tons","0","2","2"
"Norway","2016","000' USD","0","2","2"
"Norway","2004","000' USD","588.20620595871","",""
"Poland","2016","Metric tons","492.645","2","2"
"Poland","2016","000' USD","5909.53091563147","",""
"Poland","2015","Metric tons","420.167","",""
"Poland","2015","000' USD","5544.50192333201","",""
"Poland","2014","Metric tons","434.031","",""
"Poland","2014","000' USD","6688.76883787251","",""
"Poland","2013","Metric tons","449.277","",""
"Poland","2013","000' USD","6169.68207615922","",""
"Poland","2012","Metric tons","390.709","",""
"Poland","2012","000' USD","5957.2398005524","",""
"Poland","2011","Metric tons","427.945","",""
"Poland","2011","000' USD","6750.26257165398","",""
"Poland","2010","Metric tons","414.651","",""
"Poland","2010","000' USD","6102.2120518688","",""
"Poland","2009","Metric tons","896.239","",""
"Poland","2009","000' USD","8525.25392810689","",""
"Poland","2008","Metric tons","2488.033","",""
"Poland","2008","000' USD","20341.4456956048","",""
"Poland","2007","Metric tons","4854.593","",""
"Poland","2007","000' USD","24603.0455752452","",""
"Poland","2006","Metric tons","3918.858","",""
"Poland","2006","000' USD","18851.7612432495","",""
"Poland","2005","Metric tons","3045.234","",""
"Poland","2005","000' USD","10972.085571965","",""
"Poland","2004","Metric tons","1455.137","",""
"Poland","2004","000' USD","6206.18476841863","",""
"Poland","2003","Metric tons","625","",""
"Poland","2003","000' USD","3316.98411576017","",""
"Poland","2002","Metric tons","792","",""
"Poland","2002","000' USD","3382.32530779978","",""
"Portugal","2016","Metric tons","0","2","2"
"Portugal","2016","000' USD","0","2","2"
"Portugal","2015","Metric tons","0","",""
"Portugal","2015","000' USD","0","",""
"Portugal","2014","Metric tons","0","",""
"Portugal","2014","000' USD","0","",""
"Portugal","2013","Metric tons","0","",""
"Portugal","2013","000' USD","0","",""
"Portugal","2012","Metric tons","0","",""
"Portugal","2012","000' USD","0","",""
"Portugal","2011","Metric tons","0","",""
"Portugal","2011","000' USD","0","",""
"Portugal","2010","Metric tons","0","",""
"Portugal","2010","000' USD","0","",""
"Portugal","2009","Metric tons","309.9","",""
"Portugal","2009","000' USD","1250.21087958362","",""
"Portugal","2008","Metric tons","327.162","",""
"Portugal","2008","000' USD","1603.07241791979","",""
"Portugal","2007","Metric tons","355.764","",""
"Portugal","2007","000' USD","1710.98116370977","",""
"Portugal","2006","Metric tons","492.792","",""
"Portugal","2006","000' USD","1990.16526774336","",""
"Portugal","2005","Metric tons","560.396","",""
"Portugal","2005","000' USD","2363.2691638064","",""
"Portugal","2004","Metric tons","549.751","",""
"Portugal","2004","000' USD","2483.34606048189","",""
"Portugal","2003","Metric tons","774.802","",""
"Portugal","2003","000' USD","2761.54700580583","",""
"Portugal","2002","Metric tons","922.698","",""
"Portugal","2002","000' USD","2827.89448669946","",""
"Portugal","2001","Metric tons","447.096","",""
"Portugal","2001","000' USD","1492.79916958238","",""
"Portugal","2000","Metric tons","384.385","",""
"Portugal","2000","000' USD","1992.32756562284","",""
"Portugal","1999","Metric tons","367.626","",""
"Portugal","1999","000' USD","1769.16657203009","",""
"Portugal","1998","Metric tons","244.057","",""
"Portugal","1998","000' USD","1616.57828683662","",""
"Romania","2007","Metric tons","79.5","",""
"Romania","2007","000' USD","718.1380088178","",""
"Romania","2006","Metric tons","46.839","",""
"Romania","2006","000' USD","347.812672437834","",""
"Romania","2005","Metric tons","43.095","",""
"Romania","2005","000' USD","323.305467780739","",""
"Romania","2004","Metric tons","84.361","",""
"Romania","2004","000' USD","131.754048283569","",""
"Romania","2003","Metric tons","2800.04","",""
"Romania","2003","000' USD","1418.37046783409","",""
"Romania","2002","Metric tons","6609.452","",""
"Romania","2002","000' USD","3053.65865759423","",""
"Serbia","2016","Metric tons","0","2","2"
"Serbia","2016","000' USD","0","2","2"
"Slovakia","2016","Metric tons","1340.908","",""
"Slovakia","2016","000' USD","12667.6493482452","",""
"Slovakia","2015","Metric tons","10.968","",""
"Slovakia","2015","000' USD","110.906677817727","",""
"Slovakia","2014","Metric tons","26.648","",""
"Slovakia","2014","000' USD","279.940819237149","",""
"Slovakia","2013","Metric tons","69.233","",""
"Slovakia","2013","000' USD","881.619737061109","",""
"Slovakia","2012","Metric tons","238.575","",""
"Slovakia","2012","000' USD","2569.72429849283","",""
"Slovakia","2011","Metric tons","297.943","",""
"Slovakia","2011","000' USD","4170.40134469289","",""
"Slovakia","2010","Metric tons","396.912","",""
"Slovakia","2010","000' USD","6622.12228135963","",""
"Slovakia","2009","Metric tons","601.208","",""
"Slovakia","2009","000' USD","11349.6914140226","",""
"Slovakia","2008","Metric tons","1187.352","",""
"Slovakia","2008","000' USD","12545.9843877396","",""
"Slovakia","2007","Metric tons","2592.573","",""
"Slovakia","2007","000' USD","27698.6623111915","",""
"Slovakia","2006","Metric tons","3124.508","",""
"Slovakia","2006","000' USD","29329.3150039145","",""
"Slovakia","2005","Metric tons","3458.555","",""
"Slovakia","2005","000' USD","29015.1765492895","",""
"Slovakia","2004","Metric tons","2941.502","",""
"Slovakia","2004","000' USD","26102.9288292175","",""
"Slovakia","2003","Metric tons","1643.464","",""
"Slovakia","2003","000' USD","13542.5754914736","",""
"Slovakia","2002","Metric tons","799.611","",""
"Slovakia","2002","000' USD","2250.32679378071","",""
"Slovakia","2001","Metric tons","670.321","",""
"Slovakia","2001","000' USD","1613.07556293925","",""
"Slovenia","2010","000' USD","8649.81612391195","",""
"Slovenia","2009","Metric tons","565.438","",""
"Slovenia","2009","000' USD","8867.20689053935","",""
"Slovenia","2008","Metric tons","947.428","",""
"Slovenia","2008","000' USD","13400.2327160844","",""
"Slovenia","2001","000' USD","2538.07372546195","",""
"Slovenia","2000","Metric tons","456.997","",""
"Slovenia","2000","000' USD","2061.07368807117","",""
"Slovenia","1995","Metric tons","78.3","",""
"Spain","2016","Metric tons","4402.785","",""
"Spain","2016","000' USD","38715.3097440258","",""
"Spain","2015","Metric tons","4930.377","",""
"Spain","2015","000' USD","44362.6711270907","",""
"Spain","2014","Metric tons","3414.424","",""
"Spain","2014","000' USD","42455.4796947335","",""
"Spain","2013","Metric tons","3900.64","",""
"Spain","2013","000' USD","37176.7359001673","",""
"Spain","2012","Metric tons","3972.507","",""
"Spain","2012","000' USD","37261.002328146","",""
"Spain","2011","Metric tons","4276.317","",""
"Spain","2011","000' USD","45874.4147916218","",""
"Spain","2010","Metric tons","3442.228","",""
"Spain","2010","000' USD","41057.1581444297","",""
"Spain","2009","Metric tons","3757.037","",""
"Spain","2009","000' USD","47232.4979286132","",""
"Spain","2008","Metric tons","7571.993","",""
"Spain","2008","000' USD","93748.8952590074","",""
"Spain","2007","Metric tons","4586.815","",""
"Spain","2007","000' USD","50640.7076012386","",""
"Spain","2006","Metric tons","3832.986","",""
"Spain","2006","000' USD","41397.9545646995","",""
"Spain","2005","Metric tons","4186.739","",""
"Spain","2005","000' USD","41038.6509476198","",""
"Spain","2004","Metric tons","3361.17","",""
"Spain","2004","000' USD","39733.5369677103","",""
"Sweden","2016","Metric tons","211","",""
"Sweden","2016","000' USD","2919.881374839","",""
"Sweden","2015","Metric tons","151.5","",""
"Sweden","2015","000' USD","2002.64596978673","",""
"Sweden","2014","Metric tons","134","",""
"Sweden","2014","000' USD","2219.42532815123","",""
"Sweden","2013","Metric tons","285","",""
"Sweden","2013","000' USD","5146.78320905874","",""
"Sweden","2012","Metric tons","641","",""
"Sweden","2012","000' USD","17948.4451451334","",""
"Sweden","2011","Metric tons","600","",""
"Sweden","2011","000' USD","17647.6843823816","",""
"Sweden","2010","Metric tons","934.4","",""
"Sweden","2010","000' USD","22168.5000709328","",""
"Sweden","2009","Metric tons","1084.2","",""
"Sweden","2009","000' USD","29862.9997681985","",""
"Sweden","2007","000' USD","38223.8188309411","",""
"Sweden","2006","Metric tons","14407.5","",""
"Sweden","2006","000' USD","22257.5839186781","",""
"Sweden","2005","Metric tons","13477.9","",""
"Sweden","2005","000' USD","21008.7172795362","",""
"Sweden","2004","Metric tons","12052","",""
"Sweden","2004","000' USD","17689.754366421","",""
"Sweden","2003","Metric tons","10870.2","",""
"Sweden","2003","000' USD","15334.5703357478","",""
"Sweden","1998","Metric tons","756.6","",""
"Sweden","1998","000' USD","8553.60096222979","",""
"Sweden","1997","Metric tons","698.2","",""
"Sweden","1997","000' USD","8251.58785763566","",""
"Sweden","1996","Metric tons","810","",""
"Sweden","1996","000' USD","11631.4514945483","",""
"The former Yugoslav Republic of Macedonia","2016","Metric tons","0","2","2"
"The former Yugoslav Republic of Macedonia","2016","000' USD","0","2","2"
"Turkey","2016","Metric tons","10615.172","",""
"Turkey","2016","000' USD","25495.5511673746","",""
"Turkey","2015","Metric tons","8591.478","",""
"Turkey","2015","000' USD","25156.1483339585","",""
"Turkey","2009","Metric tons","4145.106","",""
"Turkey","2009","000' USD","16774.6288698583","",""
"Ukraine","2016","Metric tons","117.106","",""
"Ukraine","2015","Metric tons","103.223","",""
"Ukraine","2014","Metric tons","151.154","",""
"Ukraine","2013","Metric tons","172.164","",""
"Ukraine","2012","Metric tons","201.897","",""
"Ukraine","2011","Metric tons","262.195","",""
"Ukraine","2010","Metric tons","307.627","",""
"Ukraine","2009","Metric tons","408.781","",""
"Ukraine","2008","Metric tons","512.779","",""
"Ukraine","2007","Metric tons","1129.85","",""
"Ukraine","2006","Metric tons","2164.422","",""
"Ukraine","2005","Metric tons","2284.875","",""
"Ukraine","2004","Metric tons","401.121","",""
"Ukraine","2003","Metric tons","413.045","",""
"United Kingdom","2016","Metric tons","2310.649","2","2"
"United Kingdom","2016","000' USD","9938.77595196542","2","2"
"United Kingdom","2014","Metric tons","3599.153","",""
"United Kingdom","2014","000' USD","14809.2171257598","",""
"United Kingdom","2013","Metric tons","2396.193","",""
"United Kingdom","2013","000' USD","10943.3037469444","",""
"United Kingdom","2012","Metric tons","2878.502","",""
"United Kingdom","2012","000' USD","12313.4620158282","",""
"United Kingdom","2011","Metric tons","757.454","",""
"United Kingdom","2011","000' USD","14504.7385931092","",""
"United Kingdom","2010","Metric tons","410.683","",""
"United Kingdom","2010","000' USD","9419.33645104761","",""
"United Kingdom","2009","Metric tons","261.543","",""
"United Kingdom","2009","000' USD","6030.35337951678","",""
"United Kingdom","2008","Metric tons","344.172","",""
"United Kingdom","2008","000' USD","9070.97497428442","",""
"United Kingdom","2007","000' USD","12373.6506337894","",""
"United Kingdom","2004","000' USD","116262.038155919","",""
"United Kingdom","2003","000' USD","133720.289482385","",""
"United Kingdom","2002","Metric tons","8687.324","",""
"United Kingdom","2002","000' USD","127693.376031014","",""
"United Kingdom","2001","Metric tons","7286.404","",""
"United Kingdom","2001","000' USD","102784.835637835","",""
"United Kingdom","2000","Metric tons","9601.315","",""
"United Kingdom","2000","000' USD","142072.355024542","",""
"United Kingdom","1999","Metric tons","8566.824","",""
"United Kingdom","1999","000' USD","146264.863388092","",""
"United Kingdom","1998","Metric tons","11725.343","",""
"United Kingdom","1998","000' USD","169420.342279244","",""
"United Kingdom","1997","Metric tons","15094.685","",""
"United Kingdom","1997","000' USD","202181.889930468","",""
"United Kingdom","1996","Metric tons","16141.514","",""
"United Kingdom","1996","000' USD","196736.681392769","",""
"United Kingdom","1995","Metric tons","17397.536","",""
"United Kingdom","1995","000' USD","223303.012308715","",""
"Uruguay","2003","000' USD","106.36177252749","",""
"Uruguay","2001","000' USD","158.293905877141","",""
"Uruguay","2000","000' USD","151.103370210151","",""
"Uruguay","1999","000' USD","127.289867981269","",""
"Uruguay","1998","000' USD","161.425081368421","",""
"Uruguay","1997","000' USD","2679.1525170959","",""
"Uzbekistan","2016","Metric tons","116.76","",""
"Uzbekistan","2016","000' USD","787.267581393273","",""

"fnSeqID","Footnote"
"1","Break in series; data prior to the sign not comparable to following years."
"2","Calculated by the Statistics Division of the United Nations, based on Prodcom data."
