"Country or Area","Year","Unit","Value","Value Footnotes","Value Footnotes"
"Azerbaijan","2016","Thousand units","3.4","",""
"Azerbaijan","2016","Mil. USD","0.188002722452384","",""
"Azerbaijan","2015","Thousand units","0.4","",""
"Azerbaijan","2015","Mil. USD","0.0390410038479018","",""
"Azerbaijan","2014","Thousand units","0.8","",""
"Azerbaijan","2014","Mil. USD","0.127494509767673","",""
"Azerbaijan","2013","Thousand units","74.3","",""
"Azerbaijan","2013","Mil. USD","9.94211807202064","",""
"Azerbaijan","2012","Thousand units","1.9","",""
"Azerbaijan","2012","Mil. USD","0.254567784305553","",""
"Azerbaijan","2011","Thousand units","2.6","",""
"Azerbaijan","2011","Mil. USD","0.253265099418141","",""
"Azerbaijan","2010","Thousand units","2.25","",""
"Azerbaijan","2010","Mil. USD","0.249175902613751","",""
"Azerbaijan","2009","Thousand units","1.54","",""
"Azerbaijan","2009","Mil. USD","0.236382109606652","",""
"Azerbaijan","2008","Thousand units","1.86","",""
"Azerbaijan","2008","Mil. USD","0.146052994705306","",""
"Azerbaijan","2007","Thousand units","1.9","",""
"Azerbaijan","2007","Mil. USD","0.1398399611422","",""
"Azerbaijan","2006","Thousand units","0.89","",""
"Azerbaijan","2006","Mil. USD","0.0559631538594989","",""
"Azerbaijan","2005","Thousand units","0.22","",""
"Azerbaijan","2005","Mil. USD","0.0317318951028166","",""
"Azerbaijan","2004","Thousand units","0.2","",""
"Azerbaijan","2004","Mil. USD","0.0264578396868613","",""
"Azerbaijan","2003","Thousand units","0.4","",""
"Azerbaijan","2003","Mil. USD","0.0305453568003128","",""
"Azerbaijan","2002","Thousand units","0.5","",""
"Azerbaijan","2002","Mil. USD","0.0617179711588492","",""
"Azerbaijan","2000","Thousand units","0.17","",""
"Azerbaijan","2000","Mil. USD","0","",""
"Belarus","2016","Thousand units","648.8","",""
"Belarus","2015","Thousand units","764","",""
"Belarus","2014","Thousand units","914.7","",""
"Belarus","2013","Thousand units","1021.1","",""
"Belarus","2012","Thousand units","384","",""
"Belarus","2011","Thousand units","510.2","",""
"Bolivia (Plurinational State of)","2012","Thousand units","10.961","",""
"Bolivia (Plurinational State of)","2012","Mil. USD","4.87817304549206","",""
"Bosnia and Herzegovina","2016","Thousand units","695.402","",""
"Bosnia and Herzegovina","2016","Mil. USD","4.56400706644887","",""
"Bosnia and Herzegovina","2014","Thousand units","495.43","",""
"Bosnia and Herzegovina","2014","Mil. USD","2.78054923149062","",""
"Brazil","2015","Mil. USD","191.425584278879","",""
"Brazil","2014","Mil. USD","287.701518622121","",""
"Brazil","2013","Mil. USD","305.337343631947","",""
"Brazil","2012","Mil. USD","299.93198110765","",""
"Brazil","2011","Mil. USD","346.770641589324","",""
"Brazil","2010","Mil. USD","275.299565476896","",""
"Brazil","2009","Mil. USD","190.39854450052","",""
"Brazil","2008","Mil. USD","146.751909548652","",""
"Brazil","2007","Mil. USD","145.137334183619","",""
"Brazil","2006","Mil. USD","97.1342581497337","",""
"Brazil","2005","Mil. USD","87.3064454901324","",""
"Brazil","2004","Metric tons","36563.687","",""
"Brazil","2004","Mil. USD","63.2752016436915","",""
"Brazil","2003","Metric tons","35165.865","",""
"Brazil","2003","Mil. USD","29.9114397567024","",""
"Brazil","2002","Metric tons","18514.791","",""
"Brazil","2002","Mil. USD","47.1381374717497","",""
"Brazil","2001","Metric tons","11717.203","",""
"Brazil","2001","Mil. USD","28.1135482548379","",""
"Brazil","2000","Metric tons","24792.1","",""
"Brazil","2000","Mil. USD","41.2245900818242","",""
"Bulgaria","2016","Mil. USD","76.3556665658604","",""
"Bulgaria","2015","Mil. USD","72.5459079573793","",""
"Bulgaria","2014","Mil. USD","63.0859403485125","",""
"Bulgaria","2011","Mil. USD","47.6373855463719","",""
"Bulgaria","2009","Thousand units","2922","",""
"Bulgaria","2009","Mil. USD","30.5681771058571","",""
"Bulgaria","2008","Thousand units","2582","",""
"Bulgaria","2008","Mil. USD","32.158749548157","",""
"Bulgaria","2007","Thousand units","2619","",""
"Bulgaria","2007","Mil. USD","24.4917952485917","",""
"Bulgaria","2006","Thousand units","2210","",""
"Bulgaria","2006","Mil. USD","16.6745051092394","",""
"Bulgaria","2005","Thousand units","1782","",""
"Bulgaria","2005","Mil. USD","13.9759444350331","",""
"Bulgaria","2004","Thousand units","966","",""
"Bulgaria","2004","Mil. USD","12.6975346202249","",""
"Bulgaria","2003","Thousand units","464","",""
"Bulgaria","2003","Mil. USD","5.19420057886479","",""
"Bulgaria","2002","Thousand units","396","",""
"Bulgaria","2002","Mil. USD","3.37028611321754","",""
"Bulgaria","2001","Thousand units","82","",""
"Bulgaria","2001","Mil. USD","1.83090801594416","",""
"Bulgaria","2000","Thousand units","358","",""
"Bulgaria","2000","Mil. USD","2.354852762831","",""
"Bulgaria","1999","Thousand units","296","",""
"Bulgaria","1999","Mil. USD","1.08909722915513","",""
"Bulgaria","1998","Thousand units","333","",""
"Bulgaria","1998","Mil. USD","0.568066160772192","",""
"Canada","2016","Mil. USD","140.335031750378","",""
"Canada","2015","Mil. USD","304.589665277661","",""
"Canada","2008","Mil. USD","504.19853051432","",""
"Canada","2007","Mil. USD","502.746875482476","",""
"Canada","2006","Mil. USD","469.867091378719","",""
"Canada","2005","Mil. USD","434.903405230395","",""
"Canada","2004","Mil. USD","375.090554007979","",""
"Canada","2003","Mil. USD","432.460853811005","",""
"Canada","2000","Mil. USD","255.132616439186","",""
"Canada","1998","Mil. USD","186.725239820315","",""
"Canada","1997","Mil. USD","183.805385365383","",""
"Canada","1996","Mil. USD","176.608428749721","",""
"Canada","1995","Mil. USD","153.740689489347","",""
"Chile","2016","Thousand units","4906.973","",""
"Chile","2016","Mil. USD","0.845435805271297","",""
"Chile","2015","Thousand units","6075.186","",""
"Chile","2015","Mil. USD","2.69648533410529","",""
"Chile","2014","Thousand units","8025.495","",""
"Chile","2014","Mil. USD","4.43684389389993","",""
"Chile","2013","Thousand units","2571.134","",""
"Chile","2013","Mil. USD","1.7255962089857","",""
"Chile","2012","Thousand units","261.525","",""
"Chile","2012","Mil. USD","1.30783251216447","",""
"Chile","2011","Thousand units","651.419","",""
"Chile","2011","Mil. USD","3.92502691803432","",""
"Chile","2010","Thousand units","762.835","",""
"Chile","2010","Mil. USD","1.04370969085365","",""
"Chile","2009","Thousand units","150.175","",""
"Chile","2009","Mil. USD","0.66645164583534","",""
"Chile","2008","Thousand units","175.216","",""
"Chile","2008","Mil. USD","1.07775501210702","",""
"Chile","2007","Thousand units","2050.113","",""
"Chile","2007","Mil. USD","6.75884630046398","",""
"Chile","2006","Thousand units","2136.041","",""
"Chile","2006","Mil. USD","7.78868590710632","",""
"Chile","2005","Thousand units","1087.873","",""
"Chile","2005","Mil. USD","6.01672665718885","",""
"China, Hong Kong Special Administrative Region","2005","Mil. USD","26.5715055460312","",""
"China, Hong Kong Special Administrative Region","1998","Mil. USD","2.09158202788776","",""
"China, Hong Kong Special Administrative Region","1997","Mil. USD","2.01496151983209","",""
"Croatia","2016","Thousand units","901","",""
"Croatia","2016","Mil. USD","25.1797460464947","1","1"
"Croatia","2015","Thousand units","684","",""
"Croatia","2014","Thousand units","537","",""
"Croatia","2013","Thousand units","545","",""
"Croatia","2012","Thousand units","547","",""
"Croatia","2011","Thousand units","586","",""
"Croatia","2010","Thousand units","605","",""
"Croatia","2009","Thousand units","642","",""
"Croatia","2008","Thousand units","669","",""
"Croatia","2007","Thousand units","724","",""
"Croatia","2006","Thousand units","500","",""
"Croatia","2005","Thousand units","486","",""
"Croatia","2004","Thousand units","627","",""
"Czechia","2016","Thousand units","5034","",""
"Czechia","2016","Mil. USD","120.622342531089","",""
"Czechia","2015","Mil. USD","113.135830072666","",""
"Czechia","2014","Mil. USD","128.820908105504","",""
"Czechia","2013","Mil. USD","117.472226618602","",""
"Czechia","2012","Mil. USD","125.041505622234","",""
"Czechia","2011","Mil. USD","149.243465635067","",""
"Czechia","2009","Thousand units","5069","",""
"Czechia","2009","Mil. USD","101.977653045166","",""
"Czechia","2008","Thousand units","6894","",""
"Czechia","2008","Mil. USD","166.357512447525","",""
"Czechia","2007","Thousand units","6446","",""
"Czechia","2007","Mil. USD","159.606445360621","",""
"Czechia","2006","Thousand units","4329","",""
"Czechia","2006","Mil. USD","104.533703120448","",""
"Czechia","2005","Thousand units","2915","",""
"Czechia","2005","Mil. USD","81.2274556591729","",""
"Czechia","2004","Thousand units","2700","",""
"Czechia","2004","Mil. USD","76.1875115516688","",""
"Czechia","2003","Thousand units","2349","",""
"Czechia","2003","Mil. USD","78.379240667872","",""
"Czechia","2002","Thousand units","880","",""
"Czechia","2002","Mil. USD","53.4538546363659","",""
"Czechia","2001","Thousand units","824","",""
"Czechia","2001","Mil. USD","41.198540111634","",""
"Czechia","2000","Thousand units","784","",""
"Czechia","1999","Thousand units","891","",""
"Czechia","1998","Thousand units","1532","",""
"Czechia","1997","Thousand units","1117","",""
"Czechia","1996","Thousand units","491","",""
"Czechia","1995","Thousand units","478","",""
"Denmark","2014","Thousand units","4757","",""
"Denmark","2014","Mil. USD","47.0388539770369","",""
"Denmark","2013","Thousand units","4333","",""
"Denmark","2013","Mil. USD","48.6682391010021","",""
"Denmark","2012","Thousand units","7921","",""
"Denmark","2012","Mil. USD","49.7094877724198","",""
"Denmark","2011","Mil. USD","59.2699014811612","",""
"Denmark","2010","Mil. USD","60.5397332005708","",""
"Denmark","2009","Mil. USD","65.5323144267717","",""
"Denmark","2008","Mil. USD","92.3844474371899","",""
"Denmark","2007","Thousand units","1556.512047038","",""
"Denmark","2007","Mil. USD","80.2196912302768","",""
"Denmark","2006","Thousand units","1722","",""
"Denmark","2006","Mil. USD","78.3219037086466","",""
"Denmark","2005","Thousand units","1677","",""
"Denmark","2005","Mil. USD","71.647231657637","",""
"Denmark","2004","Thousand units","1628","",""
"Denmark","2004","Mil. USD","94.6731155383275","",""
"Denmark","2003","Thousand units","1626","",""
"Denmark","2003","Mil. USD","83.0268855670844","",""
"Denmark","2002","Thousand units","1636","",""
"Denmark","2002","Mil. USD","71.5078453864225","",""
"Denmark","2001","Thousand units","1567","",""
"Denmark","2001","Mil. USD","59.6098616844596","",""
"Denmark","2000","Thousand units","1406","",""
"Denmark","2000","Mil. USD","52.5857254597607","",""
"Denmark","1999","Thousand units","1330","",""
"Denmark","1999","Mil. USD","55.2081063724872","",""
"Denmark","1998","Thousand units","1246","",""
"Denmark","1998","Mil. USD","53.1920937118206","",""
"Denmark","1997","Thousand units","1134","",""
"Denmark","1997","Mil. USD","47.3754159279507","",""
"Denmark","1996","Thousand units","1062","",""
"Denmark","1996","Mil. USD","43.5041013703426","",""
"Denmark","1995","Thousand units","1011","",""
"Denmark","1995","Mil. USD","45.7274604185136","",""
"Ecuador","2016","Thousand units","318.842","",""
"Ecuador","2016","Mil. USD","3.019285","",""
"Ecuador","2015","Thousand units","3420.045","",""
"Ecuador","2015","Mil. USD","3.353303","",""
"Ecuador","2014","Thousand units","885.915","",""
"Ecuador","2014","Mil. USD","3.710743","",""
"Ecuador","2013","Thousand units","3815.443","",""
"Ecuador","2013","Mil. USD","5.694828","",""
"Ecuador","2012","Thousand units","411.419","",""
"Ecuador","2012","Mil. USD","1.530114","",""
"Ecuador","2011","Thousand units","630.309881853","",""
"Ecuador","2011","Mil. USD","8.681567737","",""
"Ecuador","2010","Thousand units","4070.9","",""
"Ecuador","2010","Mil. USD","4.765223","",""
"Ecuador","2009","Thousand units","9952.599024135","",""
"Ecuador","2009","Mil. USD","4.312259","",""
"Ecuador","2008","Thousand units","3706.3","",""
"Ecuador","2008","Mil. USD","4.78","",""
"Ecuador","2007","Thousand units","3188.513","",""
"Ecuador","2007","Mil. USD","3.49143651","",""
"Ecuador","2006","Thousand units","2953.197","",""
"Ecuador","2006","Mil. USD","3.103314","",""
"Ecuador","2005","Thousand units","1451.439","",""
"Ecuador","2005","Mil. USD","1.725085","",""
"Ecuador","2004","Thousand units","1423.773","",""
"Ecuador","2004","Mil. USD","1.666986","",""
"Egypt","2015","Metric tons","4407","",""
"Egypt","2015","Mil. USD","11.4600233386804","",""
"Egypt","2014","Metric tons","2272","",""
"Egypt","2014","Mil. USD","4.1105692338387","",""
"Egypt","2010","Thousand units","807.81","",""
"Egypt","2009","Thousand units","546.42","",""
"Egypt","2009","Mil. USD","1.62321462145418","",""
"Egypt","2008","Thousand units","535.13","",""
"Egypt","2007","Thousand units","666.36","",""
"Egypt","2006","Thousand units","664.75","",""
"Egypt","2006","Mil. USD","1.60905840286055","",""
"Egypt","2005","Thousand units","23.41","",""
"Egypt","2005","Mil. USD","0.514982839673521","",""
"Egypt","2004","Mil. USD","0.205931283614126","",""
"Egypt","2003","Thousand units","105.8","",""
"Egypt","2003","Mil. USD","0.361655307966757","",""
"Estonia","2016","Thousand units","863.01","",""
"Estonia","2016","Mil. USD","7.84261560243265","",""
"Estonia","2015","Thousand units","675.1","",""
"Estonia","2015","Mil. USD","6.65440066906361","",""
"Estonia","2014","Thousand units","765.7","",""
"Estonia","2014","Mil. USD","7.96040244276253","",""
"Estonia","2013","Thousand units","414.7","",""
"Estonia","2013","Mil. USD","10.6219245429049","",""
"Estonia","2012","Thousand units","999.2","",""
"Estonia","2012","Mil. USD","11.5637593432177","",""
"Estonia","2011","Thousand units","1323.6","",""
"Estonia","2011","Mil. USD","12.5112040340787","",""
"Estonia","2010","Thousand units","1568.1","",""
"Estonia","2010","Mil. USD","11.7728285512463","",""
"Estonia","2009","Thousand units","2002.4","",""
"Estonia","2009","Mil. USD","13.7686832441915","",""
"Estonia","2008","Thousand units","2240.3","",""
"Estonia","2008","Mil. USD","22.3480547703915","",""
"Estonia","2005","Thousand units","1823.1","",""
"Estonia","2005","Mil. USD","23.4284011403543","",""
"Estonia","2004","Mil. USD","22.4647351445178","",""
"Finland","2016","Thousand units","0","",""
"Finland","2016","Mil. USD","0","",""
"Finland","2015","Thousand units","3","",""
"Finland","2015","Mil. USD","0","",""
"Finland","2014","Thousand units","29","",""
"Finland","2014","Mil. USD","3.98020122138126","",""
"Finland","2013","Thousand units","139","",""
"Finland","2013","Mil. USD","1.32774056786312","",""
"Finland","2012","Thousand units","246","",""
"Finland","2012","Mil. USD","1.28486214924642","",""
"Finland","2011","Thousand units","232","",""
"Finland","2011","Mil. USD","2.7802675631286","",""
"Finland","2010","Thousand units","253","",""
"Finland","2010","Mil. USD","2.64884891254385","",""
"Finland","2009","Thousand units","240","",""
"Finland","2009","Mil. USD","1.38919111554745","",""
"Finland","2008","Thousand units","267","",""
"Finland","2008","Mil. USD","1.46482648842199","",""
"Finland","2007","Thousand units","343","",""
"Finland","2007","Mil. USD","1.36866777300645","",""
"Finland","2006","Thousand units","326","",""
"Finland","2006","Mil. USD","2.50896694331512","",""
"Finland","2005","Thousand units","540","",""
"Finland","2005","Mil. USD","2.48719096652241","",""
"Finland","2004","Thousand units","440","",""
"Finland","2004","Mil. USD","2.48334606048189","",""
"Finland","2003","Thousand units","334","",""
"Finland","2003","Mil. USD","10.1576218373821","",""
"Finland","2002","Thousand units","269","",""
"Finland","2002","Mil. USD","7.52904564640776","",""
"Finland","2001","Thousand units","334","",""
"Finland","2001","Mil. USD","8.94846578554107","",""
"Finland","2000","Thousand units","325","",""
"Finland","2000","Mil. USD","9.21318621922319","",""
"Finland","1999","Thousand units","282","",""
"Finland","1999","Mil. USD","7.45769932349905","",""
"Finland","1998","Thousand units","283","",""
"Finland","1998","Mil. USD","6.67551282349161","",""
"Finland","1997","Thousand units","293","",""
"Finland","1997","Mil. USD","6.87177630077233","",""
"France","2016","Thousand units","6471.305","1","1"
"France","2016","Mil. USD","226.348659097681","1","1"
"France","2003","Mil. USD","215.252421605262","",""
"France","2002","Mil. USD","189.721597851712","",""
"France","2001","Mil. USD","163.520684378663","",""
"Germany","2016","Thousand units","12196.957","",""
"Germany","2016","Mil. USD","654.953703303441","",""
"Germany","2015","Thousand units","12588.39","",""
"Germany","2015","Mil. USD","607.707308520048","",""
"Germany","2014","Thousand units","11174.025","",""
"Germany","2014","Mil. USD","701.227934664949","",""
"Germany","2013","Thousand units","11199.721","",""
"Germany","2013","Mil. USD","713.307779868506","",""
"Germany","2012","Thousand units","11582.233","",""
"Germany","2012","Mil. USD","678.12383203078","",""
"Germany","2011","Thousand units","11998.658","",""
"Germany","2011","Mil. USD","730.429929926111","",""
"Germany","2010","Thousand units","11535.529","",""
"Germany","2010","Mil. USD","624.091700445332","",""
"Germany","2009","Thousand units","12042.351","",""
"Germany","2009","Mil. USD","745.860085671834","",""
"Germany","2008","Thousand units","13166.756","",""
"Germany","2008","Mil. USD","817.161321219624","",""
"Germany","2007","Thousand units","13280.121","",""
"Germany","2007","Mil. USD","811.775813587449","",""
"Germany","2006","Thousand units","13050.592","",""
"Germany","2006","Mil. USD","721.447988801644","",""
"Germany","2005","Thousand units","12539.154","",""
"Germany","2005","Mil. USD","761.825334527185","",""
"Germany","2004","Thousand units","13900.133","",""
"Germany","2004","Mil. USD","841.54795651661","",""
"Germany","2003","Thousand units","11633.894","",""
"Germany","2003","Mil. USD","736.687148821386","",""
"Germany","2002","Thousand units","11415.638","",""
"Germany","2002","Mil. USD","593.304469586575","",""
"Germany","2001","Thousand units","12601.92","",""
"Germany","2001","Mil. USD","540.195046850587","",""
"Germany","2000","Thousand units","12482.174","",""
"Germany","2000","Mil. USD","559.441495946891","",""
"Germany","1999","Thousand units","14514.952","",""
"Germany","1999","Mil. USD","603.473283633385","",""
"Germany","1998","Thousand units","13802.924","",""
"Germany","1998","Mil. USD","587.296327442954","",""
"Germany","1997","Thousand units","13636.989","",""
"Germany","1997","Mil. USD","571.133787598936","",""
"Germany","1996","Thousand units","13623.37","",""
"Germany","1996","Mil. USD","643.242469495966","",""
"Germany","1995","Thousand units","12996.259","",""
"Germany","1995","Mil. USD","694.364686446945","",""
"Greece","2016","Thousand units","181.704","",""
"Greece","2016","Mil. USD","7.84453698794766","",""
"Greece","2015","Thousand units","190.296","",""
"Greece","2015","Mil. USD","6.01058518619815","",""
"Greece","2014","Thousand units","215.359","",""
"Greece","2014","Mil. USD","5.08428383225136","",""
"Greece","2013","Thousand units","169.96","",""
"Greece","2013","Mil. USD","4.21387546729796","",""
"Greece","2004","Thousand units","695.509","2","2"
"Greece","2004","Mil. USD","34.5929721306488","2","2"
"Greece","2003","Thousand units","832.199","2","2"
"Greece","2003","Mil. USD","30.0061284318419","2","2"
"Greece","2002","Thousand units","732.434","2","2"
"Greece","2002","Mil. USD","15.0978578296584","2","2"
"Greece","2001","Thousand units","810.125","2","2"
"Greece","2001","Mil. USD","14.3552835907663","2","2"
"Greece","2000","Thousand units","1049.867","",""
"Greece","2000","Mil. USD","15.1667441775388","",""
"Greece","1999","Thousand units","970.106","",""
"Greece","1999","Mil. USD","16.8529513947787","",""
"Greece","1998","Thousand units","556.079","",""
"Greece","1998","Mil. USD","9.80183168422616","",""
"Greece","1997","Thousand units","494.434","",""
"Greece","1997","Mil. USD","10.1016486152214","",""
"Greece","1996","Thousand units","459.818","",""
"Greece","1996","Mil. USD","10.7321429091835","",""
"Greece","1995","Thousand units","591.935","",""
"Greece","1995","Mil. USD","10.6724369895154","",""
"Hungary","2016","Thousand units","3038","",""
"Hungary","2016","Mil. USD","7.04026901346724","",""
"Hungary","2015","Thousand units","2716","",""
"Hungary","2015","Mil. USD","5.86397930781416","",""
"Hungary","2014","Thousand units","2793","",""
"Hungary","2014","Mil. USD","6.51758012531903","",""
"Hungary","2013","Thousand units","11060","",""
"Hungary","2013","Mil. USD","23.6750933190281","",""
"Hungary","2012","Thousand units","10847","",""
"Hungary","2012","Mil. USD","23.8911609594814","",""
"Hungary","2011","Thousand units","13610","",""
"Hungary","2011","Mil. USD","24.5007593914547","",""
"Hungary","2010","Thousand units","3586","",""
"Hungary","2010","Mil. USD","5.82367863168398","",""
"Hungary","2009","Thousand units","2126","",""
"Hungary","2009","Mil. USD","5.28314319838556","",""
"Hungary","2008","Thousand units","3534","",""
"Hungary","2008","Mil. USD","6.62354262695125","",""
"Hungary","2007","Thousand units","1319","",""
"Hungary","2007","Mil. USD","4.53095288880015","",""
"Hungary","2006","Thousand units","5366","",""
"Hungary","2006","Mil. USD","5.67992775322021","",""
"Hungary","2005","Thousand units","3798","",""
"Hungary","2005","Mil. USD","4.70983177382787","",""
"Hungary","2004","Thousand units","4644","",""
"Hungary","2004","Mil. USD","3.38847900696686","",""
"Hungary","2003","Thousand units","1403","",""
"Hungary","2003","Mil. USD","15.1667360161683","",""
"Hungary","2002","Thousand units","448","",""
"Hungary","2002","Mil. USD","3.47051676447018","",""
"India","2015","Mil. USD","485.45767805087","",""
"India","2014","Mil. USD","558.465757127048","",""
"India","2013","Mil. USD","705.074934135693","",""
"India","2012","Mil. USD","239.51019333093","",""
"India","2011","Mil. USD","443.891654925631","",""
"India","2005","Metric tons","0","",""
"India","2005","Mil. USD","0","",""
"India","2004","Metric tons","708.37","",""
"India","2004","Mil. USD","1.13501018025824","",""
"India","2003","Metric tons","26.705","",""
"India","2003","Mil. USD","0.0134179891173767","",""
"Ireland","2004","Thousand units","1971.523","",""
"Ireland","2004","Mil. USD","31.0132672763281","",""
"Ireland","2003","Thousand units","1861.624","",""
"Ireland","2003","Mil. USD","26.9538138578177","",""
"Ireland","2002","Thousand units","1794.512","",""
"Ireland","2002","Mil. USD","22.0962506921231","",""
"Ireland","2001","Thousand units","247.01","",""
"Ireland","2001","Mil. USD","23.1311916671887","",""
"Ireland","2000","Thousand units","147.674","",""
"Ireland","2000","Mil. USD","25.0567561446195","",""
"Ireland","1999","Thousand units","240.41","",""
"Ireland","1999","Mil. USD","31.0141040533421","",""
"Ireland","1998","Thousand units","295.801","",""
"Ireland","1998","Mil. USD","30.5293989464043","",""
"Ireland","1997","Thousand units","528.045","",""
"Ireland","1997","Mil. USD","25.4474626709701","",""
"Ireland","1996","Thousand units","415.496","",""
"Ireland","1996","Mil. USD","23.6366411857727","",""
"Ireland","1995","Thousand units","106.626","",""
"Ireland","1995","Mil. USD","13.9289892758565","",""
"Italy","2016","Thousand units","25566.458","1","1"
"Italy","2016","Mil. USD","326.047064843701","1","1"
"Italy","2004","Thousand units","32537.275","",""
"Italy","2004","Mil. USD","673.603893886623","",""
"Italy","2003","Thousand units","28837.591","",""
"Italy","2003","Mil. USD","630.910207563478","",""
"Japan","2016","Mil. USD","806.256658292958","",""
"Japan","2015","Mil. USD","609.13373934489","",""
"Japan","2014","Mil. USD","779.094536048925","",""
"Japan","2013","Mil. USD","822.90545927347","",""
"Japan","2012","Mil. USD","1075.12854820026","",""
"Japan","2011","Mil. USD","1286.29032014444","",""
"Japan","2010","Mil. USD","1024.68817596288","",""
"Japan","2009","Mil. USD","1129.32456334093","",""
"Japan","2008","Mil. USD","1240.36984971479","",""
"Japan","2007","Mil. USD","1173.88413730133","",""
"Japan","2006","Mil. USD","1205.46715187638","",""
"Japan","2005","Mil. USD","1258.62140114866","",""
"Japan","2004","Mil. USD","1361.12859814933","",""
"Japan","2003","Mil. USD","1316.21185562635","",""
"Japan","2002","Mil. USD","1309.47917585135","",""
"Japan","2001","Mil. USD","1575.40243652649","",""
"Japan","2000","Mil. USD","1963.28141447992","",""
"Japan","1999","Mil. USD","1925.96921667674","",""
"Japan","1998","Mil. USD","1976.22249582345","",""
"Japan","1997","Mil. USD","2664.19292613936","",""
"Kazakhstan","2016","Thousand units","28.983","",""
"Kazakhstan","2015","Thousand units","45.421","",""
"Kazakhstan","2014","Thousand units","49.509","",""
"Kazakhstan","2013","Thousand units","10.213","",""
"Kazakhstan","2012","Thousand units","35.608","",""
"Kazakhstan","2011","Thousand units","47.538","",""
"Kazakhstan","2010","Thousand units","3.187","",""
"Kazakhstan","2009","Thousand units","15.252","",""
"Kazakhstan","2008","Thousand units","11.786","",""
"Kazakhstan","2007","Thousand units","6.706","",""
"Kazakhstan","2006","Thousand units","27.782","",""
"Kazakhstan","2005","Thousand units","22.729","",""
"Kazakhstan","2004","Thousand units","36.381","",""
"Kazakhstan","2003","Thousand units","23.678","",""
"Kazakhstan","2002","Thousand units","19.5","",""
"Kazakhstan","2001","Thousand units","14.906","",""
"Kazakhstan","2000","Thousand units","7.618","",""
"Kazakhstan","1999","Thousand units","13","",""
"Latvia","2016","Thousand units","16.971","1","1"
"Latvia","2016","Mil. USD","1.95339865156213","1","1"
"Latvia","2015","Thousand units","15.2","",""
"Latvia","2015","Mil. USD","2.12583369187429","",""
"Latvia","2014","Thousand units","12.491","",""
"Latvia","2014","Mil. USD","2.12744939443806","",""
"Latvia","2013","Thousand units","15.885","",""
"Latvia","2013","Mil. USD","4.82818329399328","",""
"Latvia","2012","Thousand units","11.59","",""
"Latvia","2012","Mil. USD","2.20891428664868","",""
"Latvia","2011","Thousand units","5.839","",""
"Latvia","2011","Mil. USD","1.41451087265246","",""
"Latvia","2010","Thousand units","13.656","",""
"Latvia","2010","Mil. USD","3.52891276632605","",""
"Latvia","2009","Thousand units","13.018","",""
"Latvia","2009","Mil. USD","3.56047868571951","",""
"Latvia","2008","Thousand units","26.709","",""
"Latvia","2008","Mil. USD","8.11119969525674","",""
"Latvia","2007","Thousand units","42.2","",""
"Latvia","2007","Mil. USD","8.56378233793961","",""
"Lithuania","2016","Thousand units","21.321","1","1"
"Lithuania","2016","Mil. USD","3.20783995021928","1","1"
"Lithuania","2015","Thousand units","0.812","",""
"Lithuania","2015","Mil. USD","0.224760517668424","",""
"Lithuania","2014","Thousand units","0.81","",""
"Lithuania","2014","Mil. USD","0.307692307692308","",""
"Lithuania","2013","Thousand units","0.66","",""
"Lithuania","2013","Mil. USD","0.269126396528158","",""
"Lithuania","2012","Thousand units","0.572","",""
"Lithuania","2012","Mil. USD","0.223356235362281","",""
"Lithuania","2011","Thousand units","0.503","",""
"Lithuania","2011","Mil. USD","0.194994149342218","",""
"Lithuania","2010","Thousand units","0.37","",""
"Lithuania","2010","Mil. USD","0.120053715308863","",""
"Lithuania","2009","Thousand units","0.333","",""
"Lithuania","2009","Mil. USD","0.121012868855759","",""
"Lithuania","2008","Thousand units","0.9","",""
"Lithuania","2008","Mil. USD","0.339403710106806","",""
"Lithuania","2007","Thousand units","0.9","",""
"Lithuania","2007","Mil. USD","0.316991748308552","",""
"Lithuania","2006","Thousand units","0.8","",""
"Lithuania","2006","Mil. USD","0.181671193307233","",""
"Lithuania","2005","Thousand units","1.1","",""
"Lithuania","2005","Mil. USD","0.180243508980633","",""
"Lithuania","2004","Thousand units","0.1","",""
"Lithuania","2004","Mil. USD","0.0359635689046995","",""
"Lithuania","2003","Thousand units","3","",""
"Lithuania","2003","Mil. USD","0.130681941933657","",""
"Lithuania","2002","Thousand units","29.8","",""
"Lithuania","2002","Mil. USD","0.108785567781341","",""
"Lithuania","2001","Mil. USD","0.15","",""
"Lithuania","2000","Mil. USD","0.125","",""
"Lithuania","1999","Mil. USD","0.15","",""
"Lithuania","1998","Mil. USD","0.15","",""
"Lithuania","1997","Mil. USD","0","",""
"Luxembourg","2016","Thousand units","0","1","1"
"Luxembourg","2016","Mil. USD","0","1","1"
"Malta","2016","Thousand units","0","1","1"
"Malta","2016","Mil. USD","0","1","1"
"Mexico","2011","Thousand units","9.8","",""
"Mexico","2011","Mil. USD","3.45318193263119","",""
"Mexico","2010","Thousand units","16.1","",""
"Mexico","2010","Mil. USD","7.01170794310705","",""
"Mexico","2009","Thousand units","18.5","",""
"Mexico","2009","Mil. USD","6.8820196137559","",""
"Mexico","2008","Thousand units","23.9","",""
"Mexico","2008","Mil. USD","11.0694641822268","",""
"Mexico","2007","Thousand units","25.9","",""
"Mexico","2007","Mil. USD","10.5506934282357","",""
"Montenegro","2016","Thousand units","0","1","1"
"Montenegro","2016","Mil. USD","0","1","1"
"Nepal","2011","Mil. USD","0.785331724989737","",""
"Nepal","2007","Mil. USD","2.91425009196902","",""
"Nepal","2001","Mil. USD","4.26955573271247","",""
"Netherlands","2016","Thousand units","1234","",""
"Netherlands","2016","Mil. USD","86.9579041402028","",""
"Netherlands","2015","Thousand units","1760","",""
"Netherlands","2015","Mil. USD","91.9660353800154","",""
"Netherlands","2014","Thousand units","1698","",""
"Netherlands","2014","Mil. USD","104.017251985837","",""
"Netherlands","2013","Thousand units","1078","",""
"Netherlands","2013","Mil. USD","118.168910539817","",""
"Netherlands","2012","Thousand units","1350","",""
"Netherlands","2012","Mil. USD","123.346766327656","",""
"Netherlands","2011","Thousand units","1415","",""
"Netherlands","2011","Mil. USD","136.233110593301","",""
"Norway","2004","Mil. USD","1.21023612313018","",""
"Norway","2003","Mil. USD","3.47785967001951","",""
"Norway","2002","Mil. USD","2.29866087013558","",""
"Poland","2016","Thousand units","8748","",""
"Poland","2016","Mil. USD","207.366200713317","",""
"Poland","2015","Thousand units","8705","",""
"Poland","2015","Mil. USD","195.463589335456","",""
"Poland","2014","Thousand units","8557","",""
"Poland","2014","Mil. USD","220.697671323547","",""
"Poland","2013","Thousand units","7455","",""
"Poland","2013","Mil. USD","208.630172359969","",""
"Poland","2012","Thousand units","7519","",""
"Poland","2012","Mil. USD","191.000162677505","",""
"Poland","2011","Thousand units","8833","",""
"Poland","2011","Mil. USD","205.680500558297","",""
"Poland","2010","Thousand units","10699","",""
"Poland","2010","Mil. USD","177.992239578151","",""
"Poland","2009","Thousand units","9745","",""
"Poland","2009","Mil. USD","166.947547787627","",""
"Poland","2008","Thousand units","8536","",""
"Poland","2008","Mil. USD","240.153598671579","",""
"Poland","2007","Thousand units","7121","",""
"Poland","2007","Mil. USD","195.162484871475","",""
"Poland","2006","Thousand units","7543","",""
"Poland","2006","Mil. USD","159.353776663024","",""
"Poland","2005","Thousand units","7454","",""
"Poland","2005","Mil. USD","135.868417392559","",""
"Poland","2004","Thousand units","7741","",""
"Poland","2004","Mil. USD","122.866054402085","",""
"Poland","2003","Thousand units","5585","",""
"Poland","2003","Mil. USD","93.4669555099863","",""
"Poland","2002","Thousand units","3936","",""
"Poland","2002","Mil. USD","77.7444628720354","",""
"Poland","2001","Thousand units","1848","",""
"Poland","2001","Mil. USD","40.0351742836904","",""
"Portugal","2016","Thousand units","10112.317","",""
"Portugal","2016","Mil. USD","76.0957222449878","",""
"Portugal","2015","Thousand units","8964.232","",""
"Portugal","2015","Mil. USD","70.7127302972451","",""
"Portugal","2014","Thousand units","7528.709","",""
"Portugal","2014","Mil. USD","75.8103460493479","",""
"Portugal","2013","Thousand units","6153.031","",""
"Portugal","2013","Mil. USD","68.9274541699739","",""
"Portugal","2012","Thousand units","6508.916","",""
"Portugal","2012","Mil. USD","69.9883826961597","",""
"Portugal","2011","Thousand units","6967.25","",""
"Portugal","2011","Mil. USD","81.1322736334035","",""
"Portugal","2010","Thousand units","7533.101","",""
"Portugal","2010","Mil. USD","79.2885719482381","",""
"Portugal","2009","Thousand units","6140.572","",""
"Portugal","2009","Mil. USD","77.953895437352","",""
"Portugal","2008","Thousand units","6738.942","",""
"Portugal","2008","Mil. USD","91.0016952102553","",""
"Portugal","2007","Thousand units","7774.116","",""
"Portugal","2007","Mil. USD","93.5868484713692","",""
"Portugal","2006","Thousand units","7534.479","",""
"Portugal","2006","Mil. USD","81.8122836930739","",""
"Portugal","2005","Thousand units","6936.643","",""
"Portugal","2005","Mil. USD","80.5258667860518","",""
"Portugal","2004","Thousand units","7256","",""
"Portugal","2004","Mil. USD","75.7420548446977","",""
"Portugal","2003","Thousand units","7049","",""
"Portugal","2003","Mil. USD","63.5949494046975","",""
"Portugal","2002","Thousand units","6583","",""
"Portugal","2002","Mil. USD","51.1379170581507","",""
"Portugal","2001","Thousand units","6308","",""
"Portugal","2001","Mil. USD","43.9280614938569","",""
"Portugal","2000","Thousand units","5613","",""
"Portugal","2000","Mil. USD","41.5763952026941","",""
"Portugal","1999","Thousand units","4754","",""
"Portugal","1999","Mil. USD","26.8102745870645","",""
"Portugal","1998","Thousand units","4228","",""
"Portugal","1998","Mil. USD","36.263411973128","",""
"Portugal","1997","Thousand units","1835","",""
"Portugal","1997","Mil. USD","18.550907611037","",""
"Portugal","1996","Thousand units","1994","",""
"Portugal","1996","Mil. USD","23.5382701645666","",""
"Portugal","1995","Thousand units","1837","",""
"Portugal","1995","Mil. USD","23.6633767083373","",""
"Republic of Moldova","2016","Thousand units","4.369","",""
"Republic of Moldova","2015","Thousand units","10.322","",""
"Republic of Moldova","2014","Thousand units","9.867","",""
"Republic of Moldova","2013","Thousand units","4.5","",""
"Republic of Moldova","2012","Thousand units","2.9","",""
"Republic of Moldova","2011","Thousand units","4.1","",""
"Republic of Moldova","2010","Thousand units","3.1","",""
"Republic of Moldova","2009","Thousand units","3.9","",""
"Republic of Moldova","2008","Thousand units","9.2","",""
"Republic of Moldova","2007","Thousand units","3.8","",""
"Republic of Moldova","2006","Thousand units","2.2","",""
"Republic of Moldova","2005","Thousand units","16.7","",""
"Republic of Moldova","2004","Thousand units","0.7","",""
"Romania","2016","Thousand units","1095.588","",""
"Romania","2016","Mil. USD","32.3456088888788","",""
"Romania","2015","Thousand units","1027","",""
"Romania","2015","Mil. USD","26.5134392921267","",""
"Romania","2014","Thousand units","820","",""
"Romania","2014","Mil. USD","25.9111572252868","",""
"Romania","2013","Thousand units","331","",""
"Romania","2013","Mil. USD","22.5501439817153","",""
"Romania","2012","Thousand units","352","",""
"Romania","2012","Mil. USD","22.5993312714203","",""
"Romania","2011","Thousand units","456","",""
"Romania","2011","Mil. USD","25.2757954908151","",""
"Romania","2010","Thousand units","496","",""
"Romania","2010","Mil. USD","24.0426067528871","",""
"Romania","2009","Thousand units","1489","",""
"Romania","2009","Mil. USD","24.6749690505276","",""
"Romania","2008","Thousand units","3046","",""
"Romania","2008","Mil. USD","40.1594637782329","",""
"Romania","2007","Thousand units","3988","",""
"Romania","2007","Mil. USD","38.5280426535425","",""
"Romania","2006","Thousand units","2956","",""
"Romania","2006","Mil. USD","23.6021336307917","",""
"Romania","2005","Thousand units","3274","",""
"Romania","2005","Mil. USD","18.001456247452","",""
"Romania","2004","Thousand units","5332","",""
"Romania","2004","Mil. USD","14.9550036944755","",""
"Romania","2003","Thousand units","17461","",""
"Romania","2003","Mil. USD","9.63250956919395","",""
"Romania","2002","Thousand units","6266","",""
"Romania","2002","Mil. USD","10.221921179062","",""
"Russian Federation","2016","Thousand units","40328","",""
"Russian Federation","2015","Thousand units","38370","",""
"Russian Federation","2014","Thousand units","37962","",""
"Russian Federation","2013","Thousand units","54703","",""
"Russian Federation","2012","Thousand units","58525","",""
"Russian Federation","2011","Thousand units","54709.1","",""
"Russian Federation","2010","Thousand units","52767.2","",""
"Russian Federation","2009","Thousand units","23.5","3","3"
"Russian Federation","2008","Thousand units","5.8","3","3"
"Russian Federation","2007","Thousand units","10.1","3","3"
"Russian Federation","2006","Thousand units","5.9","3","3"
"Russian Federation","2005","Thousand units","9","3","3"
"Russian Federation","2004","Thousand units","7.8","3","3"
"Russian Federation","2003","Thousand units","1.8","3","3"
"Russian Federation","2002","Thousand units","5.2","3","3"
"Russian Federation","2001","Thousand units","8.1","3","3"
"Russian Federation","2000","Thousand units","10.8","3","3"
"Russian Federation","1999","Thousand units","9.4","3","3"
"Russian Federation","1998","Thousand units","13.2","3","3"
"Russian Federation","1997","Thousand units","14.8","3","3"
"Russian Federation","1996","Thousand units","16.7","3","3"
"Saudi Arabia","2016","Thousand units","5167","",""
"Saudi Arabia","2015","Thousand units","5163","",""
"Serbia","2016","Thousand units","4329","1","1"
"Serbia","2016","Mil. USD","18.0124498810859","1","1"
"Serbia","2006","Metric tons","182","",""
"Slovakia","2016","Thousand units","1571.588","",""
"Slovakia","2016","Mil. USD","21.3232864553024","",""
"Slovakia","2015","Thousand units","1239","",""
"Slovakia","2015","Mil. USD","17.7838857880725","",""
"Slovakia","2014","Thousand units","1149","",""
"Slovakia","2014","Mil. USD","17.1440533942296","",""
"Slovakia","2013","Thousand units","1477","",""
"Slovakia","2013","Mil. USD","21.1708233545774","",""
"Slovakia","2012","Thousand units","1159","",""
"Slovakia","2012","Mil. USD","20.5577943879426","",""
"Slovakia","2011","Thousand units","2018","",""
"Slovakia","2011","Mil. USD","26.4125418497217","",""
"Slovakia","2010","Thousand units","1849","",""
"Slovakia","2010","Mil. USD","22.5152157566227","",""
"Slovakia","2009","Thousand units","1703","",""
"Slovakia","2009","Mil. USD","19.8376491300175","",""
"Slovakia","2008","Thousand units","2464","",""
"Slovakia","2008","Mil. USD","27.5262642536972","",""
"Slovakia","2007","Thousand units","2351","",""
"Slovakia","2007","Mil. USD","23.4871697960396","",""
"Slovakia","2006","Thousand units","2158","",""
"Slovakia","2006","Mil. USD","14.412108865299","",""
"Slovakia","2005","Thousand units","1993","",""
"Slovakia","2005","Mil. USD","13.7016111482756","",""
"Slovakia","2004","Thousand units","2036","",""
"Slovakia","2004","Mil. USD","11.1913982272536","",""
"Slovakia","2003","Thousand units","2288","",""
"Slovakia","2003","Mil. USD","11.2038977961588","",""
"Slovakia","2002","Thousand units","2439","",""
"Slovakia","2002","Mil. USD","7.67758553172244","",""
"Slovakia","2001","Thousand units","2427","",""
"Slovakia","2001","Mil. USD","6.78318954671888","",""
"Slovenia","2016","Mil. USD","95.6356642813995","",""
"Slovenia","2015","Mil. USD","88.9859729470531","",""
"Slovenia","2014","Mil. USD","103.353885115607","",""
"Slovenia","2013","Mil. USD","98.4838288806788","",""
"Slovenia","2012","Thousand units","9400.807","",""
"Slovenia","2012","Mil. USD","89.5805890454601","",""
"Slovenia","2011","Thousand units","8753.906","",""
"Slovenia","2011","Mil. USD","100.117434948261","",""
"Slovenia","2010","Thousand units","7170","",""
"Slovenia","2010","Mil. USD","91.5760046044661","",""
"Slovenia","2009","Thousand units","5966","",""
"Slovenia","2009","Mil. USD","92.2950793347412","",""
"Slovenia","2008","Thousand units","5389","",""
"Slovenia","2008","Mil. USD","115.062120665547","",""
"Slovenia","2007","Thousand units","9809","",""
"Slovenia","2007","Mil. USD","101.790559614036","",""
"Slovenia","2006","Thousand units","7313","",""
"Slovenia","2006","Mil. USD","89.2169428403073","",""
"Slovenia","2005","Thousand units","7195","",""
"Slovenia","2005","Mil. USD","83.193882178787","",""
"Slovenia","2004","Mil. USD","80.4753701988709","",""
"Slovenia","2001","Mil. USD","32.9307908727965","",""
"Slovenia","2000","Thousand units","6361","",""
"Slovenia","2000","Mil. USD","29.0401515673819","",""
"Slovenia","1999","Thousand units","5607","",""
"Slovenia","1999","Mil. USD","34.1366895358396","",""
"Slovenia","1998","Thousand units","4936","",""
"Slovenia","1997","Thousand units","3942","",""
"Slovenia","1996","Thousand units","1997","",""
"Slovenia","1995","Thousand units","1417","",""
"Spain","2016","Thousand units","8231","",""
"Spain","2016","Mil. USD","213.487279445628","",""
"Spain","2015","Thousand units","7855","",""
"Spain","2015","Mil. USD","170.796283839299","",""
"Spain","2014","Thousand units","7737","",""
"Spain","2014","Mil. USD","175.128853740776","",""
"Spain","2013","Thousand units","7518","",""
"Spain","2013","Mil. USD","131.446316218448","",""
"Spain","2012","Thousand units","7615","",""
"Spain","2012","Mil. USD","122.061904178409","",""
"Spain","2011","Thousand units","8358","",""
"Spain","2011","Mil. USD","122.331772777658","",""
"Spain","2010","Thousand units","9197","",""
"Spain","2010","Mil. USD","121.847049977017","",""
"Spain","2009","Thousand units","7531","",""
"Spain","2009","Mil. USD","122.248818168175","",""
"Spain","2008","Thousand units","11186","",""
"Spain","2008","Mil. USD","191.892269983281","",""
"Spain","2007","Thousand units","13475","",""
"Spain","2007","Mil. USD","227.198850319071","",""
"Spain","2006","Thousand units","13142","",""
"Spain","2006","Mil. USD","200.71735546521","",""
"Spain","2005","Thousand units","12511","",""
"Spain","2005","Mil. USD","198.975277321793","",""
"Spain","2004","Thousand units","12577","",""
"Spain","2004","Mil. USD","183.76760847566","",""
"Sweden","2016","Thousand units","1131.5","",""
"Sweden","2016","Mil. USD","23.4750286869206","",""
"Sweden","2014","Thousand units","159.8","",""
"Sweden","2014","Mil. USD","39.2812192773859","",""
"Sweden","2013","Thousand units","207.7","",""
"Sweden","2013","Mil. USD","72.4135787064669","",""
"Sweden","2012","Thousand units","246.3","",""
"Sweden","2012","Mil. USD","85.9776588764912","",""
"Sweden","2011","Thousand units","414.5","",""
"Sweden","2011","Mil. USD","99.3602391314932","",""
"Sweden","2010","Thousand units","376.9","",""
"Sweden","2010","Mil. USD","94.6651005563745","",""
"Sweden","2009","Thousand units","1634","",""
"Sweden","2009","Mil. USD","81.2671408163005","",""
"Sweden","2008","Thousand units","301.4","",""
"Sweden","2008","Mil. USD","132.589872781715","",""
"Sweden","2007","Thousand units","421.6","",""
"Sweden","2007","Mil. USD","125.256518567728","",""
"Sweden","2006","Thousand units","546.1","",""
"Sweden","2006","Mil. USD","125.584807326128","",""
"Sweden","2005","Thousand units","860","",""
"Sweden","2005","Mil. USD","170.612194467571","",""
"Sweden","2004","Thousand units","838","",""
"Sweden","2004","Mil. USD","157.030588760384","",""
"Sweden","2003","Thousand units","747","",""
"Sweden","2003","Mil. USD","125.644544041288","",""
"Sweden","2002","Thousand units","879","",""
"Sweden","2002","Mil. USD","120.364091105621","",""
"Sweden","2001","Thousand units","792","",""
"Sweden","2001","Mil. USD","96.6198930968978","",""
"Sweden","2000","Thousand units","741","",""
"Sweden","2000","Mil. USD","88.6245755111126","",""
"Sweden","1999","Thousand units","696","",""
"Sweden","1999","Mil. USD","89.0779284621127","",""
"Sweden","1998","Thousand units","733","",""
"Sweden","1998","Mil. USD","66.1646192078363","",""
"Sweden","1997","Thousand units","753","",""
"Sweden","1997","Mil. USD","51.9981012616088","",""
"Sweden","1996","Thousand units","5476","",""
"Sweden","1996","Mil. USD","51.1485623414112","",""
"The former Yugoslav Republic of Macedonia","2016","Thousand units","11","",""
"The former Yugoslav Republic of Macedonia","2015","Thousand units","53","",""
"The former Yugoslav Republic of Macedonia","2014","Thousand units","34","4","4"
"The former Yugoslav Republic of Macedonia","2013","Thousand units","19","",""
"The former Yugoslav Republic of Macedonia","2012","Thousand units","11","",""
"The former Yugoslav Republic of Macedonia","2011","Thousand units","164","",""
"The former Yugoslav Republic of Macedonia","2010","Thousand units","10","",""
"The former Yugoslav Republic of Macedonia","2009","Thousand units","14","",""
"The former Yugoslav Republic of Macedonia","2008","Thousand units","18","",""
"The former Yugoslav Republic of Macedonia","2007","Thousand units","20","",""
"The former Yugoslav Republic of Macedonia","2006","Thousand units","16","",""
"The former Yugoslav Republic of Macedonia","2005","Thousand units","10","",""
"The former Yugoslav Republic of Macedonia","2004","Thousand units","24","",""
"The former Yugoslav Republic of Macedonia","2003","Thousand units","46","",""
"The former Yugoslav Republic of Macedonia","2002","Thousand units","50","",""
"The former Yugoslav Republic of Macedonia","2001","Thousand units","93","",""
"Turkey","2016","Thousand units","80355","",""
"Turkey","2016","Mil. USD","269.524398055103","",""
"Turkey","2015","Thousand units","94405.481","",""
"Turkey","2015","Mil. USD","295.109895699562","",""
"Turkey","2014","Thousand units","81932.471","",""
"Turkey","2014","Mil. USD","394.578733269039","",""
"Turkey","2013","Thousand units","79744.501","",""
"Turkey","2013","Mil. USD","389.362167960778","",""
"Turkey","2012","Thousand units","82731.46","",""
"Turkey","2012","Mil. USD","298.944115124885","",""
"Turkey","2011","Thousand units","72674.841","",""
"Turkey","2011","Mil. USD","269.753232665428","",""
"Turkey","2010","Thousand units","58178.331","",""
"Turkey","2010","Mil. USD","202.634059785","",""
"Turkey","2009","Thousand units","12257","",""
"Turkey","2009","Mil. USD","149.42323254843","",""
"Turkey","2008","Thousand units","14747","",""
"Turkey","2008","Mil. USD","182.017710105858","",""
"Turkey","2007","Thousand units","22381","",""
"Turkey","2007","Mil. USD","197.401104652814","",""
"Turkey","2006","Thousand units","12059","",""
"Turkey","2006","Mil. USD","149.392341400383","",""
"Turkey","2005","Thousand units","15768","",""
"Turkey","2005","Mil. USD","142.306046283342","",""
"Ukraine","2016","Thousand units","1578","",""
"Ukraine","2015","Thousand units","1103","",""
"Ukraine","2014","Thousand units","1832","",""
"Ukraine","2013","Thousand units","2457","",""
"Ukraine","2012","Thousand units","2371","",""
"Ukraine","2011","Thousand units","2917","",""
"Ukraine","2010","Thousand units","2489","",""
"Ukraine","2009","Thousand units","2366","",""
"Ukraine","2008","Thousand units","2073","",""
"Ukraine","2007","Thousand units","1909","",""
"Ukraine","2006","Thousand units","2522","",""
"Ukraine","2005","Thousand units","2391","",""
"Ukraine","2004","Thousand units","1565","",""
"Ukraine","2003","Thousand units","1300","",""
"United Kingdom","2016","Thousand units","14412.065","1","1"
"United Kingdom","2016","Mil. USD","486.370832724306","1","1"
"United Kingdom","2014","Thousand units","11157","",""
"United Kingdom","2014","Mil. USD","370.230428143994","",""
"United Kingdom","2013","Thousand units","11435","",""
"United Kingdom","2013","Mil. USD","326.735783301625","",""
"United Kingdom","2011","Thousand units","8630.03","",""
"United Kingdom","2011","Mil. USD","338.484489634093","",""
"United Kingdom","2010","Mil. USD","391.974808436492","",""
"United Kingdom","2009","Mil. USD","405.275265588945","",""
"United Kingdom","2006","Mil. USD","585.269187836561","",""
"United Kingdom","2005","Thousand units","11871.5","",""
"United Kingdom","2005","Mil. USD","585.236318897936","",""
"United Kingdom","2004","Thousand units","10574","",""
"United Kingdom","2004","Mil. USD","549.269471602768","",""
"United Kingdom","2003","Thousand units","10397","",""
"United Kingdom","2003","Mil. USD","497.001906208034","",""
"United Kingdom","2002","Thousand units","11868","",""
"United Kingdom","2002","Mil. USD","393.87111761679","",""
"United Kingdom","2001","Thousand units","16546","",""
"United Kingdom","2001","Mil. USD","373.422778213646","",""
"United Kingdom","2000","Thousand units","9875","",""
"United Kingdom","2000","Mil. USD","346.481036215338","",""
"United Kingdom","1999","Thousand units","10762","",""
"United Kingdom","1999","Mil. USD","290.426360377903","",""
"United Kingdom","1998","Thousand units","8746","",""
"United Kingdom","1998","Mil. USD","324.432502957028","",""
"United Kingdom","1997","Thousand units","16930","",""
"United Kingdom","1997","Mil. USD","362.290301551519","",""
"United Kingdom","1996","Thousand units","11084","",""
"United Kingdom","1996","Mil. USD","326.854359649366","",""
"United Kingdom","1995","Thousand units","13561","",""
"United Kingdom","1995","Mil. USD","296.2118403558","",""
"Uruguay","1997","Mil. USD","0.0320290550917018","",""
"Uzbekistan","2016","Metric tons","2507.972","",""
"Uzbekistan","2016","Mil. USD","6.92087279787914","",""

"fnSeqID","Footnote"
"1","Calculated by the Statistics Division of the United Nations, based on Prodcom data."
"2","Excluding Prodcom 2002 code 25.23.12.70."
"3","Flushing cisterns made of polymeric materials."
"4","Provisional or estimated figure."
