"Country or Area","Year","Unit","Value","Value Footnotes","Value Footnotes"
"Austria","2016","Metric tons","1577.719","1","1"
"Austria","2016","Mil. USD","8.91038384517288","1","1"
"Belarus","2016","Units","22913311","",""
"Belarus","2015","Units","21491891","2","2"
"Belarus","2014","Units","14120405","",""
"Belarus","2013","Units","15195126","",""
"Belarus","2012","Units","18374720","",""
"Belarus","2011","Units","17338118","",""
"Belgium","2016","Metric tons","13663.237","1","1"
"Belgium","2016","Mil. USD","45.5887694222431","1","1"
"Bolivia (Plurinational State of)","2012","Mil. USD","20.3377074535873","",""
"Bosnia and Herzegovina","2016","Metric tons","0.221","",""
"Bosnia and Herzegovina","2016","Mil. USD","0.0135735932945508","",""
"Bosnia and Herzegovina","2014","Metric tons","19.052","",""
"Bosnia and Herzegovina","2014","Mil. USD","0.101752228524907","",""
"Brazil","2015","Metric tons","59897.031","",""
"Brazil","2015","Mil. USD","70.7807279330025","",""
"Brazil","2014","Metric tons","106278.38","",""
"Brazil","2014","Mil. USD","89.6438313730249","",""
"Brazil","2013","Metric tons","116060.684","",""
"Brazil","2013","Mil. USD","82.9115535028264","",""
"Brazil","2012","Metric tons","79668.667","",""
"Brazil","2012","Mil. USD","58.8331898929703","",""
"Brazil","2011","Metric tons","65555.027","",""
"Brazil","2011","Mil. USD","81.6722043097122","",""
"Brazil","2010","Metric tons","21091.511","",""
"Brazil","2010","Mil. USD","59.4496481724589","",""
"Brazil","2009","Metric tons","32795.782","",""
"Brazil","2009","Mil. USD","68.0303577927958","",""
"Brazil","2008","Metric tons","30670.203","",""
"Brazil","2008","Mil. USD","75.1219609910384","",""
"Brazil","2007","Metric tons","14368.528","",""
"Brazil","2007","Mil. USD","57.9927868964721","",""
"Brazil","2006","Metric tons","32524.738","",""
"Brazil","2006","Mil. USD","58.8405939031378","",""
"Brazil","2005","Metric tons","18196.211","",""
"Brazil","2005","Mil. USD","51.7278526143316","",""
"Brazil","2004","Metric tons","15933.347","",""
"Brazil","2004","Mil. USD","25.4435592407408","",""
"Brazil","2003","Metric tons","71578.466","",""
"Brazil","2003","Mil. USD","23.6431657862972","",""
"Brazil","2002","Metric tons","11021.909","",""
"Brazil","2002","Mil. USD","17.9335844709069","",""
"Brazil","2001","Metric tons","16940.2","",""
"Brazil","2001","Mil. USD","16.0806213660864","",""
"Brazil","2000","Metric tons","9356.433","",""
"Brazil","2000","Mil. USD","13.148120956028","",""
"Bulgaria","2016","Metric tons","25.492","1","1"
"Bulgaria","2016","Mil. USD","0.222845426866289","1","1"
"Bulgaria","2011","Metric tons","22.121","",""
"Bulgaria","2011","Mil. USD","0.142201150884692","",""
"Bulgaria","2010","Metric tons","39.337","",""
"Bulgaria","2010","Mil. USD","0.203060574097367","",""
"Bulgaria","2009","Metric tons","149.13","",""
"Bulgaria","2009","Mil. USD","0.284355135868438","",""
"Bulgaria","2008","Metric tons","190.724","",""
"Bulgaria","2008","Mil. USD","0.299151158587507","",""
"Bulgaria","2007","Metric tons","116.143","",""
"Bulgaria","2007","Mil. USD","0.272908575627165","",""
"Bulgaria","2006","Metric tons","151.569","",""
"Bulgaria","2006","Mil. USD","0.230877763051006","",""
"Bulgaria","2005","Metric tons","185.38","",""
"Bulgaria","2005","Mil. USD","0.32398780281213","",""
"Bulgaria","2003","Metric tons","57.026","",""
"Bulgaria","2003","Mil. USD","0","",""
"Bulgaria","2002","Metric tons","18.478","",""
"Bulgaria","2002","Mil. USD","0","",""
"Bulgaria","2001","Metric tons","8.41","",""
"Bulgaria","2001","Mil. USD","0","",""
"Canada","2003","Mil. USD","22.8399856774256","",""
"Canada","2002","Mil. USD","7.39174439857647","",""
"Canada","2001","Mil. USD","9.2331880379637","",""
"Canada","2000","Mil. USD","22.3552464127236","",""
"Canada","1999","Mil. USD","11.1729462139305","",""
"Canada","1998","Mil. USD","9.90924557891202","",""
"Canada","1996","Mil. USD","18.0422232028369","",""
"Canada","1995","Mil. USD","20.2558823118666","",""
"Chile","2016","Units","1289101277","",""
"Chile","2016","Mil. USD","82.2910853156443","",""
"Chile","2015","Units","705597042","",""
"Chile","2015","Mil. USD","60.0418363926002","",""
"Chile","2014","Units","460136447","",""
"Chile","2014","Mil. USD","145.906128310585","",""
"Chile","2013","Units","279587708","",""
"Chile","2013","Mil. USD","152.794557147379","",""
"Chile","2012","Units","359584385","",""
"Chile","2011","Units","428051821","",""
"Chile","2011","Mil. USD","141.0824553025","",""
"Chile","2010","Units","781109041","",""
"Chile","2010","Mil. USD","97.2677727711461","",""
"Chile","2009","Units","611989782","",""
"Chile","2009","Mil. USD","107.397404510528","",""
"Chile","2008","Units","1237984679","",""
"Chile","2008","Mil. USD","121.821620436215","",""
"Chile","2007","Units","983114000","",""
"Chile","2007","Mil. USD","99.8744035077365","",""
"Chile","2006","Units","1118376114","",""
"Chile","2006","Mil. USD","96.2614305131529","",""
"Chile","2005","Units","1310086394","",""
"Chile","2005","Mil. USD","99.2479184669505","",""
"China, Hong Kong Special Administrative Region","2002","Mil. USD","0.666759272121128","",""
"China, Hong Kong Special Administrative Region","2000","Mil. USD","4.85164823411128","",""
"China, Hong Kong Special Administrative Region","1998","Mil. USD","2.60802203477363","",""
"China, Hong Kong Special Administrative Region","1997","Mil. USD","6.14821591948765","",""
"China, Hong Kong Special Administrative Region","1996","Mil. USD","5.49503534331311","",""
"Croatia","2016","Metric tons","0","1","1"
"Croatia","2016","Mil. USD","0","1","1"
"Croatia","2015","Metric tons","0","",""
"Croatia","2014","Metric tons","0","",""
"Croatia","2013","Metric tons","0","",""
"Croatia","2012","Metric tons","24","",""
"Croatia","2011","Metric tons","48","",""
"Croatia","2010","Metric tons","59","",""
"Croatia","2009","Metric tons","76","",""
"Croatia","2008","Metric tons","113","",""
"Croatia","2007","Metric tons","151","",""
"Croatia","2006","Metric tons","143","",""
"Croatia","2005","Metric tons","175","",""
"Croatia","2004","Metric tons","148","",""
"Cyprus","2016","Mil. USD","0.460159110100421","",""
"Cyprus","2015","Mil. USD","0.221813355635454","",""
"Cyprus","2014","Mil. USD","0.530693496184169","",""
"Cyprus","2013","Mil. USD","0.531096227145247","",""
"Cyprus","2012","Mil. USD","0.642431074623208","",""
"Cyprus","2011","Mil. USD","0.600537793635777","",""
"Cyprus","2010","Mil. USD","0.93504366612798","",""
"Cyprus","2009","Mil. USD","1.96014866403745","",""
"Cyprus","2008","Mil. USD","1.65818358489369","",""
"Czechia","2016","Mil. USD","42.609147856804","1","1"
"Czechia","2015","Mil. USD","41.3029117333198","",""
"Czechia","2014","Mil. USD","48.946164037095","",""
"Czechia","2013","Metric tons","16305","",""
"Czechia","2013","Mil. USD","47.673591750829","",""
"Czechia","2012","Metric tons","13237","",""
"Czechia","2012","Mil. USD","40.6078418993773","",""
"Czechia","2011","Metric tons","14891","",""
"Czechia","2011","Mil. USD","53.0630875544596","",""
"Czechia","2010","Metric tons","16694","",""
"Czechia","2010","Mil. USD","54.874137682772","",""
"Czechia","2009","Metric tons","14145","",""
"Czechia","2009","Mil. USD","46.2676388816031","",""
"Czechia","2008","Metric tons","16257","",""
"Czechia","2008","Mil. USD","63.0869862345015","",""
"Czechia","2007","Metric tons","20083","",""
"Czechia","2007","Mil. USD","69.0363167490677","",""
"Czechia","2002","Mil. USD","23.0309750833257","",""
"Czechia","2001","Mil. USD","18.0884464561609","",""
"Czechia","2000","Metric tons","10453","",""
"Czechia","1999","Metric tons","6620","",""
"Czechia","1998","Metric tons","7455","",""
"Czechia","1997","Metric tons","6911","",""
"Denmark","2016","Metric tons","8519.654","1","1"
"Denmark","2016","Mil. USD","24.7015685522918","1","1"
"Denmark","2015","Metric tons","8370","",""
"Denmark","2015","Mil. USD","26.3113037154958","",""
"Denmark","2014","Metric tons","8757","",""
"Denmark","2014","Mil. USD","30.0860584157835","",""
"Denmark","2013","Metric tons","7993","",""
"Denmark","2013","Mil. USD","29.2747285393448","",""
"Denmark","2012","Mil. USD","29.9288264582058","",""
"Denmark","2011","Mil. USD","31.803720670141","",""
"Denmark","2010","Mil. USD","31.0004756337709","",""
"Denmark","2009","Mil. USD","31.2011117605362","",""
"Denmark","2008","Mil. USD","46.9321027298077","",""
"Denmark","2007","Mil. USD","38.0560957228699","",""
"Denmark","2006","Mil. USD","33.5685961053982","",""
"Denmark","2005","Mil. USD","30.1235136095089","",""
"Denmark","2004","Mil. USD","31.7022539707798","",""
"Denmark","2003","Mil. USD","35.8308598584629","",""
"Denmark","2002","Metric tons","2827.837","",""
"Denmark","2002","Mil. USD","57.0381638262816","",""
"Denmark","2001","Metric tons","2754.795","",""
"Denmark","2001","Mil. USD","73.9142724203673","",""
"Denmark","2000","Mil. USD","83.2354324168204","",""
"Denmark","1999","Mil. USD","98.9478572984874","",""
"Denmark","1998","Mil. USD","84.8011787600336","",""
"Denmark","1997","Mil. USD","85.5647655226879","",""
"Denmark","1996","Mil. USD","93.5415955895647","",""
"Denmark","1995","Metric tons","2002.093","",""
"Denmark","1995","Mil. USD","101.032123328831","",""
"Dominican Republic","2001","Metric tons","2745.98045048874","",""
"Dominican Republic","2000","Metric tons","2505.46077348066","",""
"Dominican Republic","1999","Metric tons","2283.29031024224","",""
"Ecuador","2016","Units","53865183","",""
"Ecuador","2016","Metric tons","46.703","",""
"Ecuador","2016","Mil. USD","5.430128","",""
"Ecuador","2015","Units","30437611","",""
"Ecuador","2015","Metric tons","809.003","",""
"Ecuador","2015","Mil. USD","7.992647","",""
"Ecuador","2014","Units","37876180","",""
"Ecuador","2014","Metric tons","39.767","",""
"Ecuador","2014","Mil. USD","6.921335","",""
"Ecuador","2013","Metric tons","606.836","",""
"Ecuador","2013","Mil. USD","4.798829","",""
"Ecuador","2012","Units","70856690","",""
"Ecuador","2012","Metric tons","1389.55","",""
"Ecuador","2012","Mil. USD","15.987851","",""
"Ecuador","2011","Units","50522356.4","",""
"Ecuador","2011","Metric tons","443.794144486","",""
"Ecuador","2011","Mil. USD","17.133226494","",""
"Ecuador","2010","Units","109833622.5","",""
"Ecuador","2010","Metric tons","1754.26","",""
"Ecuador","2010","Mil. USD","11.967024","",""
"Ecuador","2008","Metric tons","16490.326","",""
"Ecuador","2008","Mil. USD","6.063","",""
"Egypt","2015","Metric tons","682","",""
"Egypt","2015","Mil. USD","1.33671234990099","",""
"Egypt","2014","Metric tons","809","",""
"Egypt","2014","Mil. USD","1.21439324115229","",""
"Egypt","2009","Metric tons","117","",""
"Egypt","2009","Mil. USD","0.180357180161575","",""
"Egypt","2008","Metric tons","0.27","",""
"Egypt","2008","Mil. USD","0.552401411692497","",""
"Egypt","2006","Metric tons","10.185","",""
"Egypt","2006","Mil. USD","14.1651210791011","",""
"Egypt","2005","Metric tons","0.42","",""
"Egypt","2005","Mil. USD","0.728520751016642","",""
"Egypt","2004","Metric tons","0.295","",""
"Egypt","2004","Mil. USD","0.477224769315808","",""
"Egypt","2003","Metric tons","1.622","",""
"Egypt","2003","Mil. USD","0.340974640545218","",""
"El Salvador","1998","Mil. USD","52.48194286","",""
"El Salvador","1997","Mil. USD","93.83177143","",""
"El Salvador","1996","Mil. USD","77.25245714","",""
"Estonia","2016","Metric tons","532.7","",""
"Estonia","2016","Mil. USD","2.19018037980489","",""
"Estonia","2015","Metric tons","435.2","",""
"Estonia","2015","Mil. USD","2.21813355635454","",""
"Estonia","2014","Metric tons","1114.4","",""
"Estonia","2014","Mil. USD","3.98020122138126","",""
"Estonia","2013","Metric tons","120.4","",""
"Estonia","2013","Mil. USD","0","",""
"Estonia","2012","Metric tons","964.2","",""
"Estonia","2012","Mil. USD","3.85458644773925","",""
"Estonia","2011","Metric tons","1744.8","",""
"Estonia","2011","Mil. USD","4.17040134469289","",""
"Estonia","2010","Metric tons","476.2","",""
"Estonia","2010","Mil. USD","1.86332538221164","",""
"Estonia","2009","Metric tons","1323.1","",""
"Estonia","2009","Mil. USD","7.728228659643","",""
"Estonia","2008","Metric tons","6879.7","",""
"Estonia","2008","Mil. USD","24.4987043926467","",""
"Estonia","2007","Metric tons","10439.8","",""
"Estonia","2007","Mil. USD","33.4873117687022","",""
"Estonia","2006","Metric tons","8962.6","",""
"Estonia","2006","Mil. USD","22.4805555440459","",""
"Estonia","2004","Mil. USD","14.058362594344","",""
"Finland","2016","Mil. USD","0","",""
"Finland","2015","Metric tons","43.78","",""
"Finland","2015","Mil. USD","0","",""
"Finland","2014","Mil. USD","2.65346748092084","",""
"Finland","2013","Metric tons","244.4","",""
"Finland","2013","Mil. USD","2.65548113572623","",""
"Finland","2012","Metric tons","261.12","",""
"Finland","2012","Mil. USD","2.56972429849283","",""
"Finland","2011","Metric tons","278.067","",""
"Finland","2011","Mil. USD","2.7802675631286","",""
"Finland","2010","Metric tons","479.749","",""
"Finland","2010","Mil. USD","5.29769782508771","",""
"Finland","2009","Metric tons","677.974","",""
"Finland","2009","Mil. USD","6.94595557773723","",""
"Finland","2008","Metric tons","757.527","",""
"Finland","2008","Mil. USD","10.2537854189539","",""
"Finland","2007","Mil. USD","12.318009957058","",""
"Finland","2006","Mil. USD","7.52690082994536","",""
"Finland","2005","Mil. USD","9.94876386608964","",""
"Finland","2004","Mil. USD","9.93338424192757","",""
"Finland","2003","Mil. USD","14.6721204317742","",""
"Finland","2002","Mil. USD","13.1758298812136","",""
"Finland","2001","Mil. USD","11.6330055212034","",""
"Finland","2000","Mil. USD","12.8984607069125","",""
"Finland","1999","Mil. USD","15.9807842646408","",""
"Finland","1998","Mil. USD","17.8013675293109","",""
"Finland","1997","Mil. USD","18.3247368020596","",""
"France","2016","Metric tons","16125.578","1","1"
"France","2016","Mil. USD","117.519115916478","1","1"
"France","2004","Mil. USD","261.771991581457","",""
"France","2003","Mil. USD","236.015729265519","",""
"France","2002","Mil. USD","197.465221299042","",""
"France","2001","Mil. USD","199.157949369581","",""
"France","2000","Mil. USD","219.200001228425","",""
"France","1999","Mil. USD","230.706188255338","",""
"Germany","2016","Metric tons","37981.689","",""
"Germany","2015","Metric tons","38534.217","",""
"Germany","2015","Mil. USD","249.526445676253","",""
"Germany","2014","Metric tons","40394.449","",""
"Germany","2014","Mil. USD","310.322538962611","",""
"Germany","2013","Metric tons","38142.355","",""
"Germany","2013","Mil. USD","294.881523465248","",""
"Germany","2012","Metric tons","41740.441","",""
"Germany","2012","Mil. USD","306.85085685962","",""
"Germany","2010","Metric tons","46998.285","",""
"Germany","2010","Mil. USD","357.550107829387","",""
"Germany","2009","Metric tons","46448.84","",""
"Germany","2009","Mil. USD","362.366016792439","",""
"Germany","2008","Metric tons","55361.699","",""
"Germany","2008","Mil. USD","459.656216692258","",""
"Germany","2007","Metric tons","53549.678","",""
"Germany","2007","Mil. USD","423.386512463431","",""
"Germany","2006","Metric tons","53431.397","",""
"Germany","2006","Mil. USD","398.649377514847","",""
"Germany","2005","Metric tons","59457.587","",""
"Germany","2005","Mil. USD","423.273638262946","",""
"Germany","2004","Metric tons","58668.133","",""
"Germany","2004","Mil. USD","425.701779938289","",""
"Germany","2003","Metric tons","69087.904","",""
"Germany","2003","Mil. USD","424.93725317214","",""
"Germany","2002","Metric tons","72762.976","",""
"Germany","2002","Mil. USD","378.863097794459","",""
"Germany","2001","Metric tons","90722.808","",""
"Germany","2001","Mil. USD","433.199254922998","",""
"Germany","2000","Metric tons","93983.789","",""
"Germany","2000","Mil. USD","470.98592931613","",""
"Germany","1999","Metric tons","100228.801","",""
"Germany","1999","Mil. USD","510.093106620967","",""
"Germany","1998","Metric tons","97199.727","",""
"Germany","1998","Mil. USD","498.538134702588","",""
"Germany","1997","Metric tons","95076.215","",""
"Germany","1997","Mil. USD","498.188327846236","",""
"Germany","1996","Metric tons","94726.824","",""
"Germany","1996","Mil. USD","581.505489250511","",""
"Germany","1995","Metric tons","98084.876","",""
"Germany","1995","Mil. USD","641.008518054297","",""
"Greece","2013","Metric tons","44.093","",""
"Greece","2013","Mil. USD","0.439877794651915","",""
"Greece","2000","Metric tons","827.364","",""
"Greece","2000","Mil. USD","0.968888695654939","",""
"Greece","1999","Metric tons","805.259","",""
"Greece","1999","Mil. USD","1.04900692377778","",""
"Greece","1998","Metric tons","987.985","",""
"Greece","1998","Mil. USD","1.32210819979981","",""
"Greece","1997","Metric tons","984.8","",""
"Greece","1997","Mil. USD","1.41921041006255","",""
"Greece","1996","Metric tons","876.879","",""
"Greece","1996","Mil. USD","1.50239991088088","",""
"Greece","1995","Metric tons","948.874","",""
"Greece","1995","Mil. USD","1.6548548415478","",""
"Hungary","2016","Metric tons","56","",""
"Hungary","2016","Mil. USD","0.433356619396066","",""
"Hungary","2015","Metric tons","81","",""
"Hungary","2015","Mil. USD","0.519094627370607","",""
"Hungary","2014","Metric tons","56","",""
"Hungary","2014","Mil. USD","0.451415509999009","",""
"Hungary","2011","Metric tons","5","",""
"Hungary","2011","Mil. USD","0.0298425814755843","",""
"Hungary","2010","Metric tons","34","",""
"Hungary","2010","Mil. USD","0.54822408258627","",""
"Hungary","2009","Metric tons","1603","",""
"Hungary","2009","Mil. USD","5.04097854289361","",""
"Hungary","2008","Metric tons","13212","",""
"Hungary","2008","Mil. USD","24.2863229654879","",""
"Hungary","2007","Metric tons","531","",""
"Hungary","2007","Mil. USD","6.49690720713772","",""
"Hungary","2006","Metric tons","1413","",""
"Hungary","2006","Mil. USD","4.22548600218642","",""
"Hungary","2005","Metric tons","428","",""
"Hungary","2005","Mil. USD","4.50440294113963","",""
"Hungary","2004","Metric tons","736","",""
"Hungary","2004","Mil. USD","2.88045377011447","",""
"Hungary","2003","Metric tons","290","",""
"Hungary","2003","Mil. USD","5.45235689234975","",""
"Hungary","2002","Metric tons","211","",""
"Hungary","2002","Mil. USD","2.80743479047643","",""
"India","2015","Mil. USD","1598.97836088132","",""
"India","2014","Mil. USD","2056.99052517089","",""
"India","2013","Mil. USD","3340.51881254306","",""
"India","2012","Mil. USD","4129.12367897032","",""
"India","2011","Mil. USD","3258.40015212471","",""
"Ireland","2016","Metric tons","1424.931","1","1"
"Ireland","2016","Mil. USD","3.18461076437286","1","1"
"Ireland","2004","Mil. USD","1.76938406809335","",""
"Ireland","2003","Mil. USD","1.93446264769699","",""
"Ireland","2002","Metric tons","347.832","",""
"Ireland","2002","Mil. USD","2.45516061179769","",""
"Ireland","2001","Metric tons","381.211","",""
"Ireland","2001","Mil. USD","2.37003964170343","",""
"Ireland","2000","Metric tons","654.916","",""
"Ireland","2000","Mil. USD","3.7480881486947","",""
"Ireland","1999","Metric tons","1658.743","",""
"Ireland","1999","Mil. USD","3.85146169632717","",""
"Ireland","1998","Metric tons","4454.483","",""
"Ireland","1998","Mil. USD","10.2430443702954","",""
"Ireland","1997","Metric tons","9176.771","",""
"Ireland","1997","Mil. USD","17.9732322995295","",""
"Ireland","1996","Metric tons","0","",""
"Ireland","1996","Mil. USD","20.8528434698136","",""
"Ireland","1995","Metric tons","15153.534","",""
"Ireland","1995","Mil. USD","19.8476450387436","",""
"Italy","2016","Metric tons","12258","1","1"
"Italy","2016","Mil. USD","65.9996477482012","1","1"
"Italy","2004","Metric tons","14036","",""
"Italy","2004","Mil. USD","89.4948253276465","",""
"Italy","2003","Metric tons","15195","",""
"Italy","2003","Mil. USD","86.979715793503","",""
"Kazakhstan","2016","Metric tons","0","",""
"Kazakhstan","2012","Metric tons","0.03","",""
"Kazakhstan","2005","Metric tons","0","",""
"Kazakhstan","2004","Metric tons","0.307","",""
"Kazakhstan","2003","Metric tons","1.071","",""
"Kazakhstan","2002","Metric tons","2.899","",""
"Kazakhstan","2001","Metric tons","3.294","",""
"Kazakhstan","2000","Metric tons","11.367","",""
"Kazakhstan","1999","Metric tons","15.751","",""
"Lithuania","2016","Metric tons","74.852","1","1"
"Lithuania","2016","Mil. USD","0.33184551209165","1","1"
"Lithuania","2015","Metric tons","81.292","",""
"Lithuania","2015","Mil. USD","0.321086453812035","",""
"Lithuania","2014","Metric tons","54.924","",""
"Lithuania","2014","Mil. USD","0.230769230769231","",""
"Lithuania","2013","Metric tons","64.34","",""
"Lithuania","2013","Mil. USD","0.269126396528158","",""
"Lithuania","2012","Metric tons","64.811","",""
"Lithuania","2012","Mil. USD","0.260582274589327","",""
"Lithuania","2011","Metric tons","59.659","",""
"Lithuania","2011","Mil. USD","0.279311586387262","",""
"Lithuania","2010","Metric tons","57.685","",""
"Lithuania","2010","Mil. USD","0.253804834377798","",""
"Lithuania","2009","Metric tons","57.685","",""
"Lithuania","2009","Mil. USD","0.281799761141155","",""
"Lithuania","2008","Metric tons","154.06","",""
"Lithuania","2008","Mil. USD","0.763658347740314","",""
"Lithuania","2007","Metric tons","19.014","",""
"Lithuania","2007","Mil. USD","0.079247937077138","",""
"Lithuania","2006","Metric tons","31.131","",""
"Lithuania","2006","Mil. USD","0.10900271598434","",""
"Lithuania","2005","Metric tons","39.775","",""
"Lithuania","2005","Mil. USD","0.10814610538838","",""
"Lithuania","2004","Metric tons","0","",""
"Lithuania","2004","Mil. USD","0","",""
"Lithuania","2003","Metric tons","0","",""
"Lithuania","2003","Mil. USD","0","",""
"Lithuania","2002","Metric tons","0","",""
"Lithuania","2002","Mil. USD","0","",""
"Lithuania","2001","Metric tons","0","",""
"Lithuania","2001","Mil. USD","0","",""
"Lithuania","2000","Metric tons","0","",""
"Lithuania","2000","Mil. USD","0","",""
"Lithuania","1999","Metric tons","0","",""
"Lithuania","1999","Mil. USD","0","",""
"Lithuania","1998","Metric tons","0","",""
"Lithuania","1998","Mil. USD","0","",""
"Lithuania","1997","Metric tons","0","",""
"Lithuania","1997","Mil. USD","0","",""
"Luxembourg","2016","Metric tons","0","1","1"
"Luxembourg","2016","Mil. USD","0","1","1"
"Madagascar","2006","Units","5002.179283869","",""
"Madagascar","2005","Units","4374.897422859","",""
"Madagascar","2004","Units","3958.8","",""
"Madagascar","2004","Mil. USD","0.000267543090267166","",""
"Malta","2016","Metric tons","0","1","1"
"Malta","2016","Mil. USD","0","1","1"
"Mexico","2016","Metric tons","1219.644","",""
"Mexico","2016","Mil. USD","30.738223694782","",""
"Mexico","2015","Metric tons","1189.35","",""
"Mexico","2015","Mil. USD","33.7576348972427","",""
"Mexico","2014","Metric tons","1267.434","",""
"Mexico","2014","Mil. USD","39.8647352444433","",""
"Mexico","2013","Metric tons","1236.978","",""
"Mexico","2013","Mil. USD","42.2095483562119","",""
"Mexico","2012","Metric tons","1782.972","",""
"Mexico","2012","Mil. USD","39.1435991338514","",""
"Mexico","2011","Metric tons","1342.71","",""
"Mexico","2011","Mil. USD","39.6190244112138","",""
"Mexico","2010","Metric tons","2533.854","",""
"Mexico","2010","Mil. USD","42.8220673590883","",""
"Mexico","2009","Metric tons","2514.764","",""
"Mexico","2009","Mil. USD","38.8205106384553","",""
"Mexico","2008","Metric tons","2834.52","",""
"Mexico","2008","Mil. USD","50.3516861016227","",""
"Mexico","2007","Metric tons","2799.328","",""
"Mexico","2007","Mil. USD","47.5559009076676","",""
"Montenegro","2016","Metric tons","0","1","1"
"Montenegro","2016","Mil. USD","0","1","1"
"Nepal","2001","Mil. USD","11.1141872667171","",""
"Netherlands","2016","Metric tons","2228","",""
"Netherlands","2016","Mil. USD","4.58389267369265","",""
"Netherlands","2014","Metric tons","611","",""
"Netherlands","2014","Mil. USD","1.20069403511668","",""
"Netherlands","2013","Metric tons","843","",""
"Netherlands","2013","Mil. USD","14.6051462464943","",""
"Netherlands","2012","Metric tons","1356","",""
"Netherlands","2012","Mil. USD","16.7032079402034","",""
"Norway","2002","Mil. USD","10.6107648731836","",""
"Poland","2016","Metric tons","34263.871","",""
"Poland","2016","Mil. USD","94.3242295074397","",""
"Poland","2015","Metric tons","33689.628","",""
"Poland","2015","Mil. USD","95.1319803687492","",""
"Poland","2014","Metric tons","31954.142","",""
"Poland","2014","Mil. USD","108.16151315081","",""
"Poland","2013","Metric tons","32650.272","",""
"Poland","2013","Mil. USD","108.206731797254","",""
"Poland","2012","Metric tons","31636.666","",""
"Poland","2012","Mil. USD","99.8912426350359","",""
"Poland","2011","Metric tons","32986.121","",""
"Poland","2011","Mil. USD","118.669616009677","",""
"Poland","2010","Metric tons","35040.311","",""
"Poland","2010","Mil. USD","119.22528438298","",""
"Poland","2009","Metric tons","37003.642","",""
"Poland","2009","Mil. USD","123.231584035981","",""
"Poland","2008","Metric tons","38048","",""
"Poland","2008","Mil. USD","170.826630688599","",""
"Poland","2007","Metric tons","46585","",""
"Poland","2007","Mil. USD","143.716468866851","",""
"Poland","2006","Metric tons","39971","",""
"Poland","2006","Mil. USD","121.134650450213","",""
"Poland","2005","Metric tons","43051","",""
"Poland","2005","Mil. USD","117.880378511196","",""
"Poland","2004","Metric tons","47492","",""
"Poland","2004","Mil. USD","112.968966797823","",""
"Poland","2003","Metric tons","12099","",""
"Poland","2003","Mil. USD","44.8949943109865","",""
"Poland","2002","Metric tons","4003","",""
"Poland","2002","Mil. USD","33.4310994191224","",""
"Poland","2001","Metric tons","3207","",""
"Poland","2001","Mil. USD","29.8981411368133","",""
"Portugal","2016","Metric tons","196.749","1","1"
"Portugal","2016","Mil. USD","1.08758716287405","1","1"
"Portugal","2015","Metric tons","199.315","",""
"Portugal","2015","Mil. USD","0.928659321638285","",""
"Portugal","2014","Metric tons","264.825","",""
"Portugal","2014","Mil. USD","2.31881746916207","",""
"Portugal","2013","Metric tons","246.026","",""
"Portugal","2013","Mil. USD","2.25790515556644","",""
"Portugal","2012","Metric tons","214.059","",""
"Portugal","2012","Mil. USD","2.02600404334763","",""
"Portugal","2011","Metric tons","424.197","",""
"Portugal","2011","Mil. USD","3.40727072369779","",""
"Portugal","2010","Metric tons","509.072","",""
"Portugal","2010","Mil. USD","5.05946432716688","",""
"Portugal","2009","Metric tons","584.189","",""
"Portugal","2009","Mil. USD","5.42760580741288","",""
"Portugal","2008","Metric tons","547.66","",""
"Portugal","2008","Mil. USD","6.05754092236611","",""
"Portugal","2007","Metric tons","738.184","",""
"Portugal","2007","Mil. USD","7.08480197088159","",""
"Portugal","2006","Metric tons","634.674","",""
"Portugal","2006","Mil. USD","5.5868308506757","",""
"Portugal","2005","Metric tons","705.23","",""
"Portugal","2005","Mil. USD","6.4934400338258","",""
"Portugal","2004","Metric tons","692.049","",""
"Portugal","2004","Mil. USD","6.20836515120473","",""
"Portugal","2003","Metric tons","834.158","",""
"Portugal","2003","Mil. USD","5.2337394814534","",""
"Portugal","2002","Metric tons","590.225","",""
"Portugal","2002","Mil. USD","4.82622743050925","",""
"Portugal","2001","Metric tons","404.57","",""
"Portugal","2001","Mil. USD","3.62486510187828","",""
"Portugal","2000","Metric tons","469.641","",""
"Portugal","2000","Mil. USD","3.89812027968164","",""
"Portugal","1999","Metric tons","2201.731","",""
"Portugal","1999","Mil. USD","4.46887823100595","",""
"Portugal","1998","Metric tons","1581.064","",""
"Portugal","1998","Mil. USD","4.75757777046967","",""
"Portugal","1997","Metric tons","1516.678","",""
"Portugal","1997","Mil. USD","5.18818817997775","",""
"Portugal","1996","Metric tons","1736.428","",""
"Portugal","1996","Mil. USD","6.36997975392549","",""
"Portugal","1995","Metric tons","601.893","",""
"Portugal","1995","Mil. USD","4.32261456381085","",""
"Republic of Moldova","2006","Metric tons","8.484","",""
"Republic of Moldova","2005","Metric tons","15.175","",""
"Republic of Moldova","2004","Metric tons","13.86","",""
"Romania","2009","Metric tons","59.658","",""
"Romania","2009","Mil. USD","0.206931042115878","",""
"Romania","2007","Metric tons","103.507","",""
"Romania","2007","Mil. USD","0.636932225981749","",""
"Romania","2006","Metric tons","241.085","",""
"Romania","2006","Mil. USD","1.18370228849109","",""
"Romania","2005","Metric tons","103.632","",""
"Romania","2005","Mil. USD","0.511385506362316","",""
"Romania","2004","Metric tons","521.164","",""
"Romania","2004","Mil. USD","1.84915274742172","",""
"Romania","2003","Metric tons","195.605","",""
"Romania","2003","Mil. USD","0.831925935900991","",""
"Romania","2002","Metric tons","71.92","",""
"Romania","2002","Mil. USD","0.428976419305391","",""
"Saudi Arabia","2016","Metric tons","5.281","",""
"Saudi Arabia","2015","Metric tons","5.213","",""
"Serbia","2016","Metric tons","697.644","1","1"
"Serbia","2016","Mil. USD","1.15806634473977","1","1"
"Slovenia","2003","Metric tons","1037.741","",""
"Slovenia","2001","Metric tons","1539.089","",""
"Slovenia","2001","Mil. USD","7.59250292591516","",""
"Slovenia","2000","Metric tons","1407.54","",""
"Slovenia","2000","Mil. USD","7.28425416233196","",""
"Slovenia","1999","Metric tons","1486.803","",""
"Slovenia","1999","Mil. USD","7.81796504644223","",""
"Slovenia","1998","Metric tons","1507.28","",""
"Slovenia","1997","Metric tons","1308.187","",""
"Slovenia","1996","Metric tons","1557.572","",""
"Slovenia","1995","Metric tons","1251.47","",""
"Spain","2016","Metric tons","3388.415","",""
"Spain","2016","Mil. USD","32.0783995021928","",""
"Spain","2015","Metric tons","5697.363","",""
"Spain","2015","Mil. USD","37.7082704580271","",""
"Spain","2014","Metric tons","4952.939","",""
"Spain","2014","Mil. USD","39.8020122138126","",""
"Spain","2013","Metric tons","7157.919","",""
"Spain","2013","Mil. USD","50.4541415787984","",""
"Spain","2012","Metric tons","11218.728","",""
"Spain","2012","Mil. USD","59.1036588653351","",""
"Spain","2011","Metric tons","10677.768","",""
"Spain","2011","Mil. USD","72.2869566413435","",""
"Spain","2010","Metric tons","11365.39","",""
"Spain","2010","Mil. USD","68.8700717261402","",""
"Spain","2009","Metric tons","10698.325","",""
"Spain","2009","Mil. USD","73.6271291240146","",""
"Spain","2008","Metric tons","13556.61","",""
"Spain","2008","Mil. USD","96.6785482358514","",""
"Spain","2007","Metric tons","15441.108","",""
"Spain","2007","Mil. USD","94.438076337445","",""
"Spain","2006","Metric tons","18074.265","",""
"Spain","2006","Mil. USD","95.3407438459745","",""
"Spain","2005","Metric tons","18081.104","",""
"Spain","2005","Mil. USD","94.5132567278516","",""
"Spain","2004","Metric tons","19601.567","",""
"Spain","2004","Mil. USD","94.3671502983119","",""
"Sweden","2016","Metric tons","2122.4","",""
"Sweden","2016","Mil. USD","15.2835934779473","",""
"Sweden","2015","Metric tons","2757.1","",""
"Sweden","2015","Mil. USD","18.7854167182481","",""
"Sweden","2014","Metric tons","2516.1","",""
"Sweden","2014","Mil. USD","23.0399291043226","",""
"Sweden","2013","Metric tons","3100.3","",""
"Sweden","2013","Mil. USD","28.9767916793734","",""
"Sweden","2012","Metric tons","3111.2","",""
"Sweden","2012","Mil. USD","28.3873875423539","",""
"Sweden","2011","Metric tons","3377.1","",""
"Sweden","2011","Mil. USD","30.7791902576798","",""
"Sweden","2010","Metric tons","3199.8","",""
"Sweden","2010","Mil. USD","25.1319309947972","",""
"Sweden","2009","Metric tons","3517.6","",""
"Sweden","2009","Mil. USD","21.2867584734114","",""
"Sweden","2008","Metric tons","4124.7","",""
"Sweden","2008","Mil. USD","28.0948587356256","",""
"Sweden","2007","Metric tons","3413.5","",""
"Sweden","2007","Mil. USD","24.0034799231221","",""
"Sweden","2006","Metric tons","3184.2","",""
"Sweden","2006","Mil. USD","20.9175641149735","",""
"Sweden","2005","Metric tons","3586.8","",""
"Sweden","2005","Mil. USD","29.9742208319497","",""
"Sweden","2004","Metric tons","3334.7","",""
"Sweden","2004","Mil. USD","26.9428566503951","",""
"Sweden","2003","Metric tons","4549.5","",""
"Sweden","2003","Mil. USD","26.0935027487321","",""
"Sweden","2002","Metric tons","4220","",""
"Sweden","2002","Mil. USD","21.2588454427163","",""
"Sweden","2001","Metric tons","4388.2","",""
"Sweden","2001","Mil. USD","20.4276527489433","",""
"Sweden","2000","Metric tons","9762.7","",""
"Sweden","2000","Mil. USD","30.0144806226059","",""
"Sweden","1999","Metric tons","9460.2","",""
"Sweden","1999","Mil. USD","29.4102399677899","",""
"Sweden","1998","Metric tons","8059.1","",""
"Sweden","1998","Mil. USD","40.8811810694806","",""
"Sweden","1997","Metric tons","5701.5","",""
"Sweden","1997","Mil. USD","41.3889168732201","",""
"Sweden","1996","Metric tons","5750","",""
"Sweden","1996","Mil. USD","51.5959258604323","",""
"The former Yugoslav Republic of Macedonia","2016","Metric tons","0","1","1"
"The former Yugoslav Republic of Macedonia","2016","Mil. USD","0","1","1"
"Turkey","2016","Metric tons","25571.718","",""
"Turkey","2016","Mil. USD","46.024436522923","",""
"Turkey","2015","Metric tons","28664.386","",""
"Turkey","2015","Mil. USD","45.6586730231016","",""
"Turkey","2014","Metric tons","24291.86","",""
"Turkey","2014","Mil. USD","50.6977749608324","",""
"Turkey","2013","Metric tons","19858.223","",""
"Turkey","2013","Mil. USD","50.1030140621497","",""
"Turkey","2012","Metric tons","17107.384","",""
"Turkey","2012","Mil. USD","47.2394826106427","",""
"Turkey","2011","Metric tons","18068.312","",""
"Turkey","2011","Mil. USD","41.2255733608109","",""
"Turkey","2008","Metric tons","12294.658","",""
"Turkey","2008","Mil. USD","34.5749132746458","",""
"Turkey","2007","Metric tons","12377.311","",""
"Turkey","2007","Mil. USD","25.7880136715962","",""
"Turkey","2006","Metric tons","7420.112","",""
"Turkey","2006","Mil. USD","22.3318448485108","",""
"Turkey","2005","Metric tons","6329.424","",""
"Turkey","2005","Mil. USD","17.7138279369433","",""
"Ukraine","2016","Metric tons","1338.925","",""
"Ukraine","2015","Metric tons","1386.749","",""
"Ukraine","2014","Metric tons","1544.063","",""
"Ukraine","2013","Metric tons","1197.119","",""
"Ukraine","2012","Metric tons","717.903","",""
"Ukraine","2011","Metric tons","649.392","",""
"Ukraine","2010","Metric tons","498.92","",""
"Ukraine","2009","Metric tons","314.926","",""
"Ukraine","2008","Metric tons","290.348","",""
"Ukraine","2007","Metric tons","295.352","",""
"Ukraine","2006","Metric tons","196.255","",""
"Ukraine","2005","Metric tons","174.606","",""
"Ukraine","2004","Metric tons","60.834","",""
"Ukraine","2003","Metric tons","53.472","",""
"United Kingdom","2016","Metric tons","3437.752","1","1"
"United Kingdom","2016","Mil. USD","40.990531059057","1","1"
"United Kingdom","2015","Metric tons","4134.394","",""
"United Kingdom","2015","Mil. USD","45.8333316209491","",""
"United Kingdom","2014","Metric tons","8421.492","",""
"United Kingdom","2014","Mil. USD","55.9459313639814","",""
"United Kingdom","2013","Metric tons","9992.93","",""
"United Kingdom","2013","Mil. USD","59.4065060548409","",""
"United Kingdom","2012","Metric tons","19063.952","",""
"United Kingdom","2012","Mil. USD","72.1699986038672","",""
"United Kingdom","2011","Metric tons","11643.274","",""
"United Kingdom","2011","Mil. USD","46.5616047999942","",""
"United Kingdom","2010","Mil. USD","57.9329366074685","",""
"United Kingdom","2009","Mil. USD","78.1235318081599","",""
"United Kingdom","2008","Mil. USD","103.738766761316","",""
"United Kingdom","2007","Mil. USD","123.484391205317","",""
"United Kingdom","2006","Mil. USD","106.247316708168","",""
"United Kingdom","2005","Mil. USD","132.278582662372","",""
"United Kingdom","2004","Mil. USD","144.640960855396","",""
"United Kingdom","2003","Metric tons","0","",""
"United Kingdom","2003","Mil. USD","127.35265664989","",""
"United Kingdom","2002","Mil. USD","126.944001758532","",""
"United Kingdom","2001","Mil. USD","151.586039112941","",""
"United Kingdom","2000","Mil. USD","180.956907997181","",""
"United Kingdom","1999","Mil. USD","200.143402667112","",""
"United Kingdom","1998","Mil. USD","218.772504546316","",""
"United Kingdom","1997","Mil. USD","194.160098346182","",""
"United Kingdom","1996","Mil. USD","195.800582988045","",""
"United Kingdom","1995","Mil. USD","187.953277498006","",""
"Uruguay","2013","Mil. USD","19.0902976807388","",""
"Uruguay","2012","Mil. USD","3.03241038368363","",""
"Uruguay","2010","Mil. USD","2.14364676689462","",""
"Uruguay","2003","Mil. USD","2.72156386183687","",""
"Uruguay","2001","Mil. USD","1.1938923499181","",""
"Uruguay","2000","Mil. USD","15.9467328911237","",""
"Uruguay","1999","Mil. USD","6.23549739366628","",""
"Uruguay","1998","Mil. USD","7.43264969838375","",""
"Uruguay","1997","Mil. USD","4.54581558419093","",""
"Uzbekistan","2016","Metric tons","194.56","",""
"Uzbekistan","2016","Mil. USD","0.654128563147398","",""
"Viet Nam","2007","Metric tons","28051","",""
"Viet Nam","2006","Metric tons","11578.6","",""
"Viet Nam","2005","Metric tons","3890","",""
"Viet Nam","2004","Metric tons","2017","",""
"Viet Nam","2003","Metric tons","3839","",""
"Viet Nam","2002","Metric tons","3976","",""
"Viet Nam","2001","Metric tons","2627","",""
"Viet Nam","2000","Metric tons","2140","",""

"fnSeqID","Footnote"
"1","Calculated by the Statistics Division of the United Nations, based on Prodcom data."
"2","Break in series; data prior to the sign not comparable to following years."
