<flows> 

<flow id="flow1" from="10" to="5" begin="0" end="3600" number="1225" /> 
<flow id="flow2" from="15" to="9" begin="0" end="3600" number="1225" /> 

<flow id="flow3" from="10" to="2" begin="0" end="3600" number="127" /> 
<flow id="flow4" from="15" to="3" begin="0" end="3600" number="128" /> 

<flow id="flow5" from="1" to="3" begin="0" end="3600" number="302" /> 
<flow id="flow6" from="1" to="5" begin="0" end="3600" number="38" /> 
<flow id="flow7" from="1" to="9" begin="0" end="3600" number="37" /> 
<flow id="flow8" from="4" to="2" begin="0" end="3600" number="303" /> 
<flow id="flow9" from="4" to="5" begin="0" end="3600" number="37" /> 
<flow id="flow10" from="4" to="9" begin="0" end="3600" number="38" /> 
</flows> 