<?xml version="1.0" encoding="UTF-8"?>

<!-- generated on 01/27/20 08:48:22 by Eclipse SUMO Version 1.3.1
<configuration xmlns:xsi="http://www.w3.org/2001/XMLSchema-instance" xsi:noNamespaceSchemaLocation="http://sumo.dlr.de/xsd/sumoConfiguration.xsd">

    <input>
        <net-file value="gnet.net.xml"/>
        <route-files value="grou.rou.xml"/>
        <additional-files value="gadd.additional.xml"/>
    </input>

    <output>
        <queue-output value="Queue.xml"/>
        <summary-output value="Summary.xml"/>
        <tripinfo-output value="output-tripinfos.xml"/>
    </output>

    <time>
        <begin value="0"/>
        <end value="3600"/>
    </time>

    <processing>
        <time-to-teleport value="3600"/>
    </processing>

    <traci_server>
        <remote-port value="12790"/>
    </traci_server>

    <gui_only>
        <gui-settings-file value="gview.view.xml"/>
        <quit-on-end value="true"/>
        <start value="true"/>
    </gui_only>

</configuration>
-->

<detector xmlns:xsi="http://www.w3.org/2001/XMLSchema-instance" xsi:noNamespaceSchemaLocation="http://sumo.dlr.de/xsd/det_e1_file.xsd">
    <interval begin="0.00" end="30.00" id="D1_1_0" nVehContrib="0" flow="0.00" occupancy="0.00" speed="-1.00" harmonicMeanSpeed="-1.00" length="-1.00" nVehEntered="0"/>
    <interval begin="30.00" end="60.00" id="D1_1_0" nVehContrib="2" flow="240.00" occupancy="62.67" speed="1.74" harmonicMeanSpeed="1.03" length="5.00" nVehEntered="3"/>
    <interval begin="60.00" end="90.00" id="D1_1_0" nVehContrib="1" flow="120.00" occupancy="99.01" speed="0.13" harmonicMeanSpeed="0.13" length="5.00" nVehEntered="0"/>
    <interval begin="90.00" end="120.00" id="D1_1_0" nVehContrib="7" flow="840.00" occupancy="12.26" speed="10.45" harmonicMeanSpeed="9.51" length="5.00" nVehEntered="7"/>
    <interval begin="120.00" end="150.00" id="D1_1_0" nVehContrib="3" flow="360.00" occupancy="18.36" speed="3.78" harmonicMeanSpeed="2.72" length="5.00" nVehEntered="3"/>
    <interval begin="150.00" end="180.00" id="D1_1_0" nVehContrib="2" flow="240.00" occupancy="3.84" speed="8.77" harmonicMeanSpeed="8.68" length="5.00" nVehEntered="2"/>
    <interval begin="180.00" end="210.00" id="D1_1_0" nVehContrib="6" flow="720.00" occupancy="14.96" speed="8.20" harmonicMeanSpeed="6.69" length="5.00" nVehEntered="6"/>
    <interval begin="210.00" end="240.00" id="D1_1_0" nVehContrib="0" flow="0.00" occupancy="0.00" speed="-1.00" harmonicMeanSpeed="-1.00" length="-1.00" nVehEntered="0"/>
    <interval begin="240.00" end="270.00" id="D1_1_0" nVehContrib="7" flow="840.00" occupancy="16.53" speed="9.15" harmonicMeanSpeed="7.06" length="5.00" nVehEntered="7"/>
    <interval begin="270.00" end="300.00" id="D1_1_0" nVehContrib="1" flow="120.00" occupancy="6.17" speed="2.72" harmonicMeanSpeed="2.72" length="5.00" nVehEntered="2"/>
    <interval begin="300.00" end="330.00" id="D1_1_0" nVehContrib="3" flow="360.00" occupancy="21.57" speed="5.24" harmonicMeanSpeed="2.31" length="5.00" nVehEntered="2"/>
    <interval begin="330.00" end="360.00" id="D1_1_0" nVehContrib="5" flow="600.00" occupancy="13.43" speed="7.45" harmonicMeanSpeed="6.21" length="5.00" nVehEntered="5"/>
    <interval begin="360.00" end="390.00" id="D1_1_0" nVehContrib="2" flow="240.00" occupancy="2.62" speed="12.77" harmonicMeanSpeed="12.71" length="5.00" nVehEntered="2"/>
    <interval begin="390.00" end="420.00" id="D1_1_0" nVehContrib="7" flow="840.00" occupancy="18.37" speed="7.13" harmonicMeanSpeed="6.35" length="5.00" nVehEntered="7"/>
    <interval begin="420.00" end="450.00" id="D1_1_0" nVehContrib="0" flow="0.00" occupancy="0.00" speed="-1.00" harmonicMeanSpeed="-1.00" length="-1.00" nVehEntered="0"/>
    <interval begin="450.00" end="480.00" id="D1_1_0" nVehContrib="5" flow="600.00" occupancy="60.46" speed="7.36" harmonicMeanSpeed="5.89" length="5.00" nVehEntered="6"/>
    <interval begin="480.00" end="510.00" id="D1_1_0" nVehContrib="2" flow="240.00" occupancy="87.92" speed="2.79" harmonicMeanSpeed="0.25" length="5.00" nVehEntered="1"/>
    <interval begin="510.00" end="540.00" id="D1_1_0" nVehContrib="5" flow="600.00" occupancy="8.35" speed="10.29" harmonicMeanSpeed="9.98" length="5.00" nVehEntered="5"/>
    <interval begin="540.00" end="570.00" id="D1_1_0" nVehContrib="3" flow="360.00" occupancy="23.95" speed="5.93" harmonicMeanSpeed="5.07" length="5.00" nVehEntered="4"/>
    <interval begin="570.00" end="600.00" id="D1_1_0" nVehContrib="1" flow="120.00" occupancy="5.34" speed="0.86" harmonicMeanSpeed="0.86" length="5.00" nVehEntered="0"/>
    <interval begin="600.00" end="630.00" id="D1_1_0" nVehContrib="7" flow="840.00" occupancy="15.35" speed="9.49" harmonicMeanSpeed="7.60" length="5.00" nVehEntered="7"/>
    <interval begin="630.00" end="660.00" id="D1_1_0" nVehContrib="0" flow="0.00" occupancy="0.00" speed="-1.00" harmonicMeanSpeed="-1.00" length="-1.00" nVehEntered="0"/>
    <interval begin="660.00" end="690.00" id="D1_1_0" nVehContrib="7" flow="840.00" occupancy="18.04" speed="7.54" harmonicMeanSpeed="6.47" length="5.00" nVehEntered="7"/>
    <interval begin="690.00" end="720.00" id="D1_1_0" nVehContrib="2" flow="240.00" occupancy="8.84" speed="4.13" harmonicMeanSpeed="3.77" length="5.00" nVehEntered="2"/>
    <interval begin="720.00" end="750.00" id="D1_1_0" nVehContrib="3" flow="360.00" occupancy="5.92" speed="8.64" harmonicMeanSpeed="8.44" length="5.00" nVehEntered="3"/>
    <interval begin="750.00" end="780.00" id="D1_1_0" nVehContrib="5" flow="600.00" occupancy="13.25" speed="7.51" harmonicMeanSpeed="6.29" length="5.00" nVehEntered="5"/>
    <interval begin="780.00" end="810.00" id="D1_1_0" nVehContrib="2" flow="240.00" occupancy="2.83" speed="11.77" harmonicMeanSpeed="11.77" length="5.00" nVehEntered="2"/>
    <interval begin="810.00" end="840.00" id="D1_1_0" nVehContrib="4" flow="480.00" occupancy="29.82" speed="4.58" harmonicMeanSpeed="2.24" length="5.00" nVehEntered="4"/>
    <interval begin="840.00" end="870.00" id="D1_1_0" nVehContrib="0" flow="0.00" occupancy="0.00" speed="-1.00" harmonicMeanSpeed="-1.00" length="-1.00" nVehEntered="0"/>
    <interval begin="870.00" end="900.00" id="D1_1_0" nVehContrib="7" flow="840.00" occupancy="15.91" speed="9.36" harmonicMeanSpeed="7.33" length="5.00" nVehEntered="7"/>
    <interval begin="900.00" end="930.00" id="D1_1_0" nVehContrib="0" flow="0.00" occupancy="0.00" speed="-1.00" harmonicMeanSpeed="-1.00" length="-1.00" nVehEntered="0"/>
    <interval begin="930.00" end="960.00" id="D1_1_0" nVehContrib="6" flow="720.00" occupancy="18.95" speed="5.83" harmonicMeanSpeed="5.28" length="5.00" nVehEntered="6"/>
    <interval begin="960.00" end="990.00" id="D1_1_0" nVehContrib="2" flow="240.00" occupancy="7.34" speed="5.09" harmonicMeanSpeed="4.54" length="5.00" nVehEntered="2"/>
    <interval begin="990.00" end="1020.00" id="D1_1_0" nVehContrib="4" flow="480.00" occupancy="6.90" speed="9.83" harmonicMeanSpeed="9.67" length="5.00" nVehEntered="4"/>
    <interval begin="1020.00" end="1050.00" id="D1_1_0" nVehContrib="5" flow="600.00" occupancy="14.10" speed="6.98" harmonicMeanSpeed="5.91" length="5.00" nVehEntered="5"/>
    <interval begin="1050.00" end="1080.00" id="D1_1_0" nVehContrib="2" flow="240.00" occupancy="2.85" speed="11.84" harmonicMeanSpeed="11.71" length="5.00" nVehEntered="2"/>
    <interval begin="1080.00" end="1110.00" id="D1_1_0" nVehContrib="7" flow="840.00" occupancy="16.43" speed="8.58" harmonicMeanSpeed="7.10" length="5.00" nVehEntered="7"/>
    <interval begin="1110.00" end="1140.00" id="D1_1_0" nVehContrib="0" flow="0.00" occupancy="0.00" speed="-1.00" harmonicMeanSpeed="-1.00" length="-1.00" nVehEntered="0"/>
    <interval begin="1140.00" end="1170.00" id="D1_1_0" nVehContrib="6" flow="720.00" occupancy="41.83" speed="8.33" harmonicMeanSpeed="6.75" length="5.00" nVehEntered="7"/>
    <interval begin="1170.00" end="1200.00" id="D1_1_0" nVehContrib="0" flow="0.00" occupancy="100.00" speed="-1.00" harmonicMeanSpeed="-1.00" length="-1.00" nVehEntered="0"/>
    <interval begin="1200.00" end="1230.00" id="D1_1_0" nVehContrib="7" flow="840.00" occupancy="20.25" speed="6.90" harmonicMeanSpeed="0.79" length="5.00" nVehEntered="6"/>
    <interval begin="1230.00" end="1260.00" id="D1_1_0" nVehContrib="2" flow="240.00" occupancy="8.14" speed="4.70" harmonicMeanSpeed="4.09" length="5.00" nVehEntered="2"/>
    <interval begin="1260.00" end="1290.00" id="D1_1_0" nVehContrib="2" flow="240.00" occupancy="21.92" speed="4.35" harmonicMeanSpeed="1.52" length="5.00" nVehEntered="2"/>
    <interval begin="1290.00" end="1320.00" id="D1_1_0" nVehContrib="5" flow="600.00" occupancy="13.97" speed="7.43" harmonicMeanSpeed="5.97" length="5.00" nVehEntered="5"/>
    <interval begin="1320.00" end="1350.00" id="D1_1_0" nVehContrib="2" flow="240.00" occupancy="2.74" speed="12.18" harmonicMeanSpeed="12.15" length="5.00" nVehEntered="2"/>
    <interval begin="1350.00" end="1380.00" id="D1_1_0" nVehContrib="7" flow="840.00" occupancy="18.02" speed="7.32" harmonicMeanSpeed="6.47" length="5.00" nVehEntered="7"/>
    <interval begin="1380.00" end="1410.00" id="D1_1_0" nVehContrib="0" flow="0.00" occupancy="0.00" speed="-1.00" harmonicMeanSpeed="-1.00" length="-1.00" nVehEntered="0"/>
    <interval begin="1410.00" end="1440.00" id="D1_1_0" nVehContrib="5" flow="600.00" occupancy="45.42" speed="8.14" harmonicMeanSpeed="6.34" length="5.00" nVehEntered="6"/>
    <interval begin="1440.00" end="1470.00" id="D1_1_0" nVehContrib="0" flow="0.00" occupancy="100.00" speed="-1.00" harmonicMeanSpeed="-1.00" length="-1.00" nVehEntered="0"/>
    <interval begin="1470.00" end="1500.00" id="D1_1_0" nVehContrib="7" flow="840.00" occupancy="17.47" speed="7.68" harmonicMeanSpeed="0.78" length="5.00" nVehEntered="6"/>
    <interval begin="1500.00" end="1530.00" id="D1_1_0" nVehContrib="2" flow="240.00" occupancy="8.71" speed="4.70" harmonicMeanSpeed="4.19" length="5.00" nVehEntered="3"/>
    <interval begin="1530.00" end="1560.00" id="D1_1_0" nVehContrib="5" flow="600.00" occupancy="10.40" speed="7.71" harmonicMeanSpeed="7.47" length="5.00" nVehEntered="4"/>
    <interval begin="1560.00" end="1590.00" id="D1_1_0" nVehContrib="5" flow="600.00" occupancy="13.78" speed="7.10" harmonicMeanSpeed="6.05" length="5.00" nVehEntered="5"/>
    <interval begin="1590.00" end="1620.00" id="D1_1_0" nVehContrib="1" flow="120.00" occupancy="1.45" speed="11.47" harmonicMeanSpeed="11.47" length="5.00" nVehEntered="1"/>
    <interval begin="1620.00" end="1650.00" id="D1_1_0" nVehContrib="7" flow="840.00" occupancy="16.45" speed="8.58" harmonicMeanSpeed="7.09" length="5.00" nVehEntered="7"/>
    <interval begin="1650.00" end="1680.00" id="D1_1_0" nVehContrib="0" flow="0.00" occupancy="0.00" speed="-1.00" harmonicMeanSpeed="-1.00" length="-1.00" nVehEntered="0"/>
    <interval begin="1680.00" end="1710.00" id="D1_1_0" nVehContrib="7" flow="840.00" occupancy="17.18" speed="7.84" harmonicMeanSpeed="6.79" length="5.00" nVehEntered="7"/>
    <interval begin="1710.00" end="1740.00" id="D1_1_0" nVehContrib="0" flow="0.00" occupancy="0.00" speed="-1.00" harmonicMeanSpeed="-1.00" length="-1.00" nVehEntered="0"/>
    <interval begin="1740.00" end="1770.00" id="D1_1_0" nVehContrib="6" flow="720.00" occupancy="14.36" speed="8.49" harmonicMeanSpeed="6.96" length="5.00" nVehEntered="6"/>
    <interval begin="1770.00" end="1800.00" id="D1_1_0" nVehContrib="2" flow="240.00" occupancy="8.31" speed="4.34" harmonicMeanSpeed="4.01" length="5.00" nVehEntered="2"/>
    <interval begin="1800.00" end="1830.00" id="D1_1_0" nVehContrib="5" flow="600.00" occupancy="7.61" speed="11.16" harmonicMeanSpeed="10.95" length="5.00" nVehEntered="5"/>
    <interval begin="1830.00" end="1860.00" id="D1_1_0" nVehContrib="3" flow="360.00" occupancy="18.11" speed="5.86" harmonicMeanSpeed="5.11" length="5.00" nVehEntered="4"/>
    <interval begin="1860.00" end="1890.00" id="D1_1_0" nVehContrib="1" flow="120.00" occupancy="4.94" speed="1.26" harmonicMeanSpeed="1.26" length="5.00" nVehEntered="0"/>
    <interval begin="1890.00" end="1920.00" id="D1_1_0" nVehContrib="7" flow="840.00" occupancy="15.57" speed="9.03" harmonicMeanSpeed="7.49" length="5.00" nVehEntered="7"/>
    <interval begin="1920.00" end="1950.00" id="D1_1_0" nVehContrib="0" flow="0.00" occupancy="0.00" speed="-1.00" harmonicMeanSpeed="-1.00" length="-1.00" nVehEntered="0"/>
    <interval begin="1950.00" end="1980.00" id="D1_1_0" nVehContrib="7" flow="840.00" occupancy="18.58" speed="7.45" harmonicMeanSpeed="6.28" length="5.00" nVehEntered="7"/>
    <interval begin="1980.00" end="2010.00" id="D1_1_0" nVehContrib="0" flow="0.00" occupancy="0.00" speed="-1.00" harmonicMeanSpeed="-1.00" length="-1.00" nVehEntered="0"/>
    <interval begin="2010.00" end="2040.00" id="D1_1_0" nVehContrib="5" flow="600.00" occupancy="66.63" speed="8.28" harmonicMeanSpeed="6.64" length="5.00" nVehEntered="6"/>
    <interval begin="2040.00" end="2070.00" id="D1_1_0" nVehContrib="2" flow="240.00" occupancy="89.03" speed="2.69" harmonicMeanSpeed="0.23" length="5.00" nVehEntered="2"/>
    <interval begin="2070.00" end="2100.00" id="D1_1_0" nVehContrib="6" flow="720.00" occupancy="8.97" speed="10.74" harmonicMeanSpeed="10.37" length="5.00" nVehEntered="5"/>
    <interval begin="2100.00" end="2130.00" id="D1_1_0" nVehContrib="5" flow="600.00" occupancy="15.53" speed="5.96" harmonicMeanSpeed="5.37" length="5.00" nVehEntered="5"/>
    <interval begin="2130.00" end="2160.00" id="D1_1_0" nVehContrib="2" flow="240.00" occupancy="3.37" speed="9.93" harmonicMeanSpeed="9.90" length="5.00" nVehEntered="2"/>
    <interval begin="2160.00" end="2190.00" id="D1_1_0" nVehContrib="5" flow="600.00" occupancy="25.50" speed="7.91" harmonicMeanSpeed="6.47" length="5.00" nVehEntered="6"/>
    <interval begin="2190.00" end="2220.00" id="D1_1_0" nVehContrib="0" flow="0.00" occupancy="100.00" speed="-1.00" harmonicMeanSpeed="-1.00" length="-1.00" nVehEntered="0"/>
    <interval begin="2220.00" end="2250.00" id="D1_1_0" nVehContrib="7" flow="840.00" occupancy="36.82" speed="8.41" harmonicMeanSpeed="0.78" length="5.00" nVehEntered="6"/>
    <interval begin="2250.00" end="2280.00" id="D1_1_0" nVehContrib="0" flow="0.00" occupancy="0.00" speed="-1.00" harmonicMeanSpeed="-1.00" length="-1.00" nVehEntered="0"/>
    <interval begin="2280.00" end="2310.00" id="D1_1_0" nVehContrib="4" flow="480.00" occupancy="25.94" speed="4.52" harmonicMeanSpeed="2.57" length="5.00" nVehEntered="4"/>
    <interval begin="2310.00" end="2340.00" id="D1_1_0" nVehContrib="2" flow="240.00" occupancy="8.21" speed="4.56" harmonicMeanSpeed="4.06" length="5.00" nVehEntered="2"/>
    <interval begin="2340.00" end="2370.00" id="D1_1_0" nVehContrib="5" flow="600.00" occupancy="7.77" speed="10.94" harmonicMeanSpeed="10.72" length="5.00" nVehEntered="5"/>
    <interval begin="2370.00" end="2400.00" id="D1_1_0" nVehContrib="5" flow="600.00" occupancy="15.21" speed="6.36" harmonicMeanSpeed="5.48" length="5.00" nVehEntered="5"/>
    <interval begin="2400.00" end="2430.00" id="D1_1_0" nVehContrib="2" flow="240.00" occupancy="3.08" speed="10.86" harmonicMeanSpeed="10.84" length="5.00" nVehEntered="2"/>
    <interval begin="2430.00" end="2460.00" id="D1_1_0" nVehContrib="5" flow="600.00" occupancy="27.40" speed="7.65" harmonicMeanSpeed="6.18" length="5.00" nVehEntered="6"/>
    <interval begin="2460.00" end="2490.00" id="D1_1_0" nVehContrib="0" flow="0.00" occupancy="100.00" speed="-1.00" harmonicMeanSpeed="-1.00" length="-1.00" nVehEntered="0"/>
    <interval begin="2490.00" end="2520.00" id="D1_1_0" nVehContrib="7" flow="840.00" occupancy="36.48" speed="8.00" harmonicMeanSpeed="0.78" length="5.00" nVehEntered="6"/>
    <interval begin="2520.00" end="2550.00" id="D1_1_0" nVehContrib="0" flow="0.00" occupancy="0.00" speed="-1.00" harmonicMeanSpeed="-1.00" length="-1.00" nVehEntered="0"/>
    <interval begin="2550.00" end="2580.00" id="D1_1_0" nVehContrib="7" flow="840.00" occupancy="19.19" speed="7.07" harmonicMeanSpeed="6.08" length="5.00" nVehEntered="7"/>
    <interval begin="2580.00" end="2610.00" id="D1_1_0" nVehContrib="2" flow="240.00" occupancy="8.58" speed="4.53" harmonicMeanSpeed="4.06" length="5.00" nVehEntered="3"/>
    <interval begin="2610.00" end="2640.00" id="D1_1_0" nVehContrib="4" flow="480.00" occupancy="76.74" speed="9.78" harmonicMeanSpeed="9.63" length="5.00" nVehEntered="4"/>
    <interval begin="2640.00" end="2670.00" id="D1_1_0" nVehContrib="5" flow="600.00" occupancy="75.01" speed="7.07" harmonicMeanSpeed="0.58" length="5.00" nVehEntered="5"/>
    <interval begin="2670.00" end="2700.00" id="D1_1_0" nVehContrib="3" flow="360.00" occupancy="3.15" speed="12.82" harmonicMeanSpeed="12.81" length="5.00" nVehEntered="2"/>
    <interval begin="2700.00" end="2730.00" id="D1_1_0" nVehContrib="3" flow="360.00" occupancy="34.53" speed="3.35" harmonicMeanSpeed="1.45" length="5.00" nVehEntered="3"/>
    <interval begin="2730.00" end="2760.00" id="D1_1_0" nVehContrib="0" flow="0.00" occupancy="0.00" speed="-1.00" harmonicMeanSpeed="-1.00" length="-1.00" nVehEntered="0"/>
    <interval begin="2760.00" end="2790.00" id="D1_1_0" nVehContrib="7" flow="840.00" occupancy="15.95" speed="8.71" harmonicMeanSpeed="7.31" length="5.00" nVehEntered="7"/>
    <interval begin="2790.00" end="2820.00" id="D1_1_0" nVehContrib="0" flow="0.00" occupancy="0.00" speed="-1.00" harmonicMeanSpeed="-1.00" length="-1.00" nVehEntered="0"/>
    <interval begin="2820.00" end="2850.00" id="D1_1_0" nVehContrib="7" flow="840.00" occupancy="18.82" speed="7.60" harmonicMeanSpeed="6.20" length="5.00" nVehEntered="7"/>
    <interval begin="2850.00" end="2880.00" id="D1_1_0" nVehContrib="2" flow="240.00" occupancy="7.70" speed="4.81" harmonicMeanSpeed="4.33" length="5.00" nVehEntered="2"/>
    <interval begin="2880.00" end="2910.00" id="D1_1_0" nVehContrib="3" flow="360.00" occupancy="82.41" speed="9.19" harmonicMeanSpeed="9.08" length="5.00" nVehEntered="4"/>
    <interval begin="2910.00" end="2940.00" id="D1_1_0" nVehContrib="5" flow="600.00" occupancy="75.72" speed="5.80" harmonicMeanSpeed="0.55" length="5.00" nVehEntered="4"/>
    <interval begin="2940.00" end="2970.00" id="D1_1_0" nVehContrib="2" flow="240.00" occupancy="2.81" speed="11.87" harmonicMeanSpeed="11.87" length="5.00" nVehEntered="2"/>
    <interval begin="2970.00" end="3000.00" id="D1_1_0" nVehContrib="7" flow="840.00" occupancy="18.43" speed="7.21" harmonicMeanSpeed="6.33" length="5.00" nVehEntered="7"/>
    <interval begin="3000.00" end="3030.00" id="D1_1_0" nVehContrib="0" flow="0.00" occupancy="0.00" speed="-1.00" harmonicMeanSpeed="-1.00" length="-1.00" nVehEntered="0"/>
    <interval begin="3030.00" end="3060.00" id="D1_1_0" nVehContrib="6" flow="720.00" occupancy="14.21" speed="8.83" harmonicMeanSpeed="7.04" length="5.00" nVehEntered="6"/>
    <interval begin="3060.00" end="3090.00" id="D1_1_0" nVehContrib="0" flow="0.00" occupancy="0.00" speed="-1.00" harmonicMeanSpeed="-1.00" length="-1.00" nVehEntered="0"/>
    <interval begin="3090.00" end="3120.00" id="D1_1_0" nVehContrib="7" flow="840.00" occupancy="19.08" speed="7.52" harmonicMeanSpeed="6.11" length="5.00" nVehEntered="7"/>
    <interval begin="3120.00" end="3150.00" id="D1_1_0" nVehContrib="2" flow="240.00" occupancy="8.46" speed="4.78" harmonicMeanSpeed="4.28" length="5.00" nVehEntered="3"/>
    <interval begin="3150.00" end="3180.00" id="D1_1_0" nVehContrib="5" flow="600.00" occupancy="7.89" speed="10.02" harmonicMeanSpeed="9.73" length="5.00" nVehEntered="4"/>
    <interval begin="3180.00" end="3210.00" id="D1_1_0" nVehContrib="5" flow="600.00" occupancy="14.00" speed="7.34" harmonicMeanSpeed="5.95" length="5.00" nVehEntered="5"/>
    <interval begin="3210.00" end="3240.00" id="D1_1_0" nVehContrib="1" flow="120.00" occupancy="1.35" speed="12.34" harmonicMeanSpeed="12.34" length="5.00" nVehEntered="1"/>
    <interval begin="3240.00" end="3270.00" id="D1_1_0" nVehContrib="7" flow="840.00" occupancy="18.06" speed="8.02" harmonicMeanSpeed="6.46" length="5.00" nVehEntered="7"/>
    <interval begin="3270.00" end="3300.00" id="D1_1_0" nVehContrib="0" flow="0.00" occupancy="0.00" speed="-1.00" harmonicMeanSpeed="-1.00" length="-1.00" nVehEntered="0"/>
    <interval begin="3300.00" end="3330.00" id="D1_1_0" nVehContrib="4" flow="480.00" occupancy="22.20" speed="4.80" harmonicMeanSpeed="3.00" length="5.00" nVehEntered="4"/>
    <interval begin="3330.00" end="3360.00" id="D1_1_0" nVehContrib="0" flow="0.00" occupancy="0.00" speed="-1.00" harmonicMeanSpeed="-1.00" length="-1.00" nVehEntered="0"/>
    <interval begin="3360.00" end="3390.00" id="D1_1_0" nVehContrib="7" flow="840.00" occupancy="16.05" speed="8.77" harmonicMeanSpeed="7.27" length="5.00" nVehEntered="7"/>
    <interval begin="3390.00" end="3420.00" id="D1_1_0" nVehContrib="2" flow="240.00" occupancy="8.79" speed="4.31" harmonicMeanSpeed="4.01" length="5.00" nVehEntered="3"/>
    <interval begin="3420.00" end="3450.00" id="D1_1_0" nVehContrib="5" flow="600.00" occupancy="9.63" speed="8.71" harmonicMeanSpeed="8.25" length="5.00" nVehEntered="4"/>
    <interval begin="3450.00" end="3480.00" id="D1_1_0" nVehContrib="5" flow="600.00" occupancy="12.90" speed="7.73" harmonicMeanSpeed="6.46" length="5.00" nVehEntered="5"/>
    <interval begin="3480.00" end="3510.00" id="D1_1_0" nVehContrib="0" flow="0.00" occupancy="96.86" speed="-1.00" harmonicMeanSpeed="-1.00" length="-1.00" nVehEntered="1"/>
    <interval begin="3510.00" end="3540.00" id="D1_1_0" nVehContrib="7" flow="840.00" occupancy="58.65" speed="7.73" harmonicMeanSpeed="0.75" length="5.00" nVehEntered="6"/>
    <interval begin="3540.00" end="3570.00" id="D1_1_0" nVehContrib="0" flow="0.00" occupancy="0.00" speed="-1.00" harmonicMeanSpeed="-1.00" length="-1.00" nVehEntered="0"/>
    <interval begin="3570.00" end="3594.00" id="D1_1_0" nVehContrib="7" flow="1050.00" occupancy="21.87" speed="7.67" harmonicMeanSpeed="6.67" length="5.00" nVehEntered="7"/>
</detector>
