<?xml version="1.0" encoding="UTF-8"?>

<!-- generated on 01/27/20 08:48:22 by Eclipse SUMO Version 1.3.1
<configuration xmlns:xsi="http://www.w3.org/2001/XMLSchema-instance" xsi:noNamespaceSchemaLocation="http://sumo.dlr.de/xsd/sumoConfiguration.xsd">

    <input>
        <net-file value="gnet.net.xml"/>
        <route-files value="grou.rou.xml"/>
        <additional-files value="gadd.additional.xml"/>
    </input>

    <output>
        <queue-output value="Queue.xml"/>
        <summary-output value="Summary.xml"/>
        <tripinfo-output value="output-tripinfos.xml"/>
    </output>

    <time>
        <begin value="0"/>
        <end value="3600"/>
    </time>

    <processing>
        <time-to-teleport value="3600"/>
    </processing>

    <traci_server>
        <remote-port value="12790"/>
    </traci_server>

    <gui_only>
        <gui-settings-file value="gview.view.xml"/>
        <quit-on-end value="true"/>
        <start value="true"/>
    </gui_only>

</configuration>
-->

<detector xmlns:xsi="http://www.w3.org/2001/XMLSchema-instance" xsi:noNamespaceSchemaLocation="http://sumo.dlr.de/xsd/det_e1_file.xsd">
    <interval begin="0.00" end="30.00" id="D2_1_0" nVehContrib="0" flow="0.00" occupancy="0.00" speed="-1.00" harmonicMeanSpeed="-1.00" length="-1.00" nVehEntered="0"/>
    <interval begin="30.00" end="60.00" id="D2_1_0" nVehContrib="4" flow="480.00" occupancy="3.21" speed="20.86" harmonicMeanSpeed="20.76" length="5.00" nVehEntered="4"/>
    <interval begin="60.00" end="90.00" id="D2_1_0" nVehContrib="2" flow="240.00" occupancy="1.60" speed="20.79" harmonicMeanSpeed="20.78" length="5.00" nVehEntered="2"/>
    <interval begin="90.00" end="120.00" id="D2_1_0" nVehContrib="5" flow="600.00" occupancy="3.79" speed="22.32" harmonicMeanSpeed="21.97" length="5.00" nVehEntered="5"/>
    <interval begin="120.00" end="150.00" id="D2_1_0" nVehContrib="2" flow="240.00" occupancy="1.69" speed="19.79" harmonicMeanSpeed="19.78" length="5.00" nVehEntered="2"/>
    <interval begin="150.00" end="180.00" id="D2_1_0" nVehContrib="3" flow="360.00" occupancy="2.38" speed="21.12" harmonicMeanSpeed="21.05" length="5.00" nVehEntered="3"/>
    <interval begin="180.00" end="210.00" id="D2_1_0" nVehContrib="6" flow="720.00" occupancy="4.70" speed="21.38" harmonicMeanSpeed="21.29" length="5.00" nVehEntered="6"/>
    <interval begin="210.00" end="240.00" id="D2_1_0" nVehContrib="2" flow="240.00" occupancy="1.65" speed="20.17" harmonicMeanSpeed="20.16" length="5.00" nVehEntered="2"/>
    <interval begin="240.00" end="270.00" id="D2_1_0" nVehContrib="6" flow="720.00" occupancy="4.74" speed="21.14" harmonicMeanSpeed="21.10" length="5.00" nVehEntered="6"/>
    <interval begin="270.00" end="300.00" id="D2_1_0" nVehContrib="1" flow="120.00" occupancy="0.87" speed="19.18" harmonicMeanSpeed="19.18" length="5.00" nVehEntered="1"/>
    <interval begin="300.00" end="330.00" id="D2_1_0" nVehContrib="5" flow="600.00" occupancy="3.86" speed="21.60" harmonicMeanSpeed="21.58" length="5.00" nVehEntered="5"/>
    <interval begin="330.00" end="360.00" id="D2_1_0" nVehContrib="3" flow="360.00" occupancy="2.43" speed="20.63" harmonicMeanSpeed="20.56" length="5.00" nVehEntered="3"/>
    <interval begin="360.00" end="390.00" id="D2_1_0" nVehContrib="4" flow="480.00" occupancy="3.12" speed="21.40" harmonicMeanSpeed="21.37" length="5.00" nVehEntered="4"/>
    <interval begin="390.00" end="420.00" id="D2_1_0" nVehContrib="3" flow="360.00" occupancy="2.45" speed="20.49" harmonicMeanSpeed="20.43" length="5.00" nVehEntered="3"/>
    <interval begin="420.00" end="450.00" id="D2_1_0" nVehContrib="4" flow="480.00" occupancy="3.19" speed="20.94" harmonicMeanSpeed="20.92" length="5.00" nVehEntered="4"/>
    <interval begin="450.00" end="480.00" id="D2_1_0" nVehContrib="5" flow="600.00" occupancy="3.82" speed="21.83" harmonicMeanSpeed="21.80" length="5.00" nVehEntered="5"/>
    <interval begin="480.00" end="510.00" id="D2_1_0" nVehContrib="1" flow="120.00" occupancy="0.88" speed="19.01" harmonicMeanSpeed="19.01" length="5.00" nVehEntered="1"/>
    <interval begin="510.00" end="540.00" id="D2_1_0" nVehContrib="6" flow="720.00" occupancy="4.69" speed="21.42" harmonicMeanSpeed="21.34" length="5.00" nVehEntered="6"/>
    <interval begin="540.00" end="570.00" id="D2_1_0" nVehContrib="3" flow="360.00" occupancy="2.39" speed="20.90" harmonicMeanSpeed="20.88" length="5.00" nVehEntered="3"/>
    <interval begin="570.00" end="600.00" id="D2_1_0" nVehContrib="4" flow="480.00" occupancy="3.07" speed="21.79" harmonicMeanSpeed="21.70" length="5.00" nVehEntered="4"/>
    <interval begin="600.00" end="630.00" id="D2_1_0" nVehContrib="5" flow="600.00" occupancy="3.84" speed="21.73" harmonicMeanSpeed="21.68" length="5.00" nVehEntered="5"/>
    <interval begin="630.00" end="660.00" id="D2_1_0" nVehContrib="2" flow="240.00" occupancy="1.69" speed="19.71" harmonicMeanSpeed="19.69" length="5.00" nVehEntered="2"/>
    <interval begin="660.00" end="690.00" id="D2_1_0" nVehContrib="3" flow="360.00" occupancy="2.42" speed="20.69" harmonicMeanSpeed="20.68" length="5.00" nVehEntered="3"/>
    <interval begin="690.00" end="720.00" id="D2_1_0" nVehContrib="2" flow="240.00" occupancy="1.69" speed="19.72" harmonicMeanSpeed="19.70" length="5.00" nVehEntered="2"/>
    <interval begin="720.00" end="750.00" id="D2_1_0" nVehContrib="5" flow="600.00" occupancy="3.89" speed="21.45" harmonicMeanSpeed="21.40" length="5.00" nVehEntered="5"/>
    <interval begin="750.00" end="780.00" id="D2_1_0" nVehContrib="1" flow="120.00" occupancy="0.79" speed="21.09" harmonicMeanSpeed="21.09" length="5.00" nVehEntered="1"/>
    <interval begin="780.00" end="810.00" id="D2_1_0" nVehContrib="5" flow="600.00" occupancy="3.79" speed="22.01" harmonicMeanSpeed="22.00" length="5.00" nVehEntered="5"/>
    <interval begin="810.00" end="840.00" id="D2_1_0" nVehContrib="5" flow="600.00" occupancy="4.22" speed="21.18" harmonicMeanSpeed="21.10" length="5.00" nVehEntered="6"/>
    <interval begin="840.00" end="870.00" id="D2_1_0" nVehContrib="4" flow="480.00" occupancy="2.85" speed="21.54" harmonicMeanSpeed="21.37" length="5.00" nVehEntered="3"/>
    <interval begin="870.00" end="900.00" id="D2_1_0" nVehContrib="6" flow="720.00" occupancy="4.70" speed="21.30" harmonicMeanSpeed="21.26" length="5.00" nVehEntered="6"/>
    <interval begin="900.00" end="930.00" id="D2_1_0" nVehContrib="2" flow="240.00" occupancy="1.66" speed="20.12" harmonicMeanSpeed="20.06" length="5.00" nVehEntered="2"/>
    <interval begin="930.00" end="960.00" id="D2_1_0" nVehContrib="5" flow="600.00" occupancy="4.06" speed="20.54" harmonicMeanSpeed="20.54" length="5.00" nVehEntered="5"/>
    <interval begin="960.00" end="990.00" id="D2_1_0" nVehContrib="1" flow="120.00" occupancy="0.86" speed="19.28" harmonicMeanSpeed="19.28" length="5.00" nVehEntered="1"/>
    <interval begin="990.00" end="1020.00" id="D2_1_0" nVehContrib="6" flow="720.00" occupancy="4.42" speed="22.94" harmonicMeanSpeed="22.62" length="5.00" nVehEntered="6"/>
    <interval begin="1020.00" end="1050.00" id="D2_1_0" nVehContrib="3" flow="360.00" occupancy="2.46" speed="20.31" harmonicMeanSpeed="20.29" length="5.00" nVehEntered="3"/>
    <interval begin="1050.00" end="1080.00" id="D2_1_0" nVehContrib="3" flow="360.00" occupancy="2.44" speed="20.55" harmonicMeanSpeed="20.51" length="5.00" nVehEntered="3"/>
    <interval begin="1080.00" end="1110.00" id="D2_1_0" nVehContrib="4" flow="480.00" occupancy="3.32" speed="20.11" harmonicMeanSpeed="20.10" length="5.00" nVehEntered="4"/>
    <interval begin="1110.00" end="1140.00" id="D2_1_0" nVehContrib="2" flow="240.00" occupancy="1.68" speed="19.85" harmonicMeanSpeed="19.84" length="5.00" nVehEntered="2"/>
    <interval begin="1140.00" end="1170.00" id="D2_1_0" nVehContrib="8" flow="960.00" occupancy="6.22" speed="21.60" harmonicMeanSpeed="21.43" length="5.00" nVehEntered="8"/>
    <interval begin="1170.00" end="1200.00" id="D2_1_0" nVehContrib="1" flow="120.00" occupancy="0.84" speed="19.75" harmonicMeanSpeed="19.75" length="5.00" nVehEntered="1"/>
    <interval begin="1200.00" end="1230.00" id="D2_1_0" nVehContrib="6" flow="720.00" occupancy="4.98" speed="20.13" harmonicMeanSpeed="20.07" length="5.00" nVehEntered="6"/>
    <interval begin="1230.00" end="1260.00" id="D2_1_0" nVehContrib="0" flow="0.00" occupancy="0.00" speed="-1.00" harmonicMeanSpeed="-1.00" length="-1.00" nVehEntered="0"/>
    <interval begin="1260.00" end="1290.00" id="D2_1_0" nVehContrib="5" flow="600.00" occupancy="3.79" speed="22.07" harmonicMeanSpeed="22.02" length="5.00" nVehEntered="5"/>
    <interval begin="1290.00" end="1320.00" id="D2_1_0" nVehContrib="2" flow="240.00" occupancy="1.76" speed="18.89" harmonicMeanSpeed="18.89" length="5.00" nVehEntered="2"/>
    <interval begin="1320.00" end="1350.00" id="D2_1_0" nVehContrib="4" flow="480.00" occupancy="2.97" speed="22.67" harmonicMeanSpeed="22.41" length="5.00" nVehEntered="4"/>
    <interval begin="1350.00" end="1380.00" id="D2_1_0" nVehContrib="5" flow="600.00" occupancy="4.14" speed="20.21" harmonicMeanSpeed="20.15" length="5.00" nVehEntered="5"/>
    <interval begin="1380.00" end="1410.00" id="D2_1_0" nVehContrib="2" flow="240.00" occupancy="1.50" speed="22.34" harmonicMeanSpeed="22.27" length="5.00" nVehEntered="2"/>
    <interval begin="1410.00" end="1440.00" id="D2_1_0" nVehContrib="5" flow="600.00" occupancy="3.70" speed="22.66" harmonicMeanSpeed="22.52" length="5.00" nVehEntered="5"/>
    <interval begin="1440.00" end="1470.00" id="D2_1_0" nVehContrib="3" flow="360.00" occupancy="2.49" speed="20.10" harmonicMeanSpeed="20.04" length="5.00" nVehEntered="3"/>
    <interval begin="1470.00" end="1500.00" id="D2_1_0" nVehContrib="4" flow="480.00" occupancy="3.15" speed="21.19" harmonicMeanSpeed="21.19" length="5.00" nVehEntered="4"/>
    <interval begin="1500.00" end="1530.00" id="D2_1_0" nVehContrib="0" flow="0.00" occupancy="0.00" speed="-1.00" harmonicMeanSpeed="-1.00" length="-1.00" nVehEntered="0"/>
    <interval begin="1530.00" end="1560.00" id="D2_1_0" nVehContrib="4" flow="480.00" occupancy="3.24" speed="20.62" harmonicMeanSpeed="20.58" length="5.00" nVehEntered="4"/>
    <interval begin="1560.00" end="1590.00" id="D2_1_0" nVehContrib="2" flow="240.00" occupancy="2.36" speed="19.02" harmonicMeanSpeed="19.00" length="5.00" nVehEntered="3"/>
    <interval begin="1590.00" end="1620.00" id="D2_1_0" nVehContrib="5" flow="600.00" occupancy="3.31" speed="21.30" harmonicMeanSpeed="21.29" length="5.00" nVehEntered="4"/>
    <interval begin="1620.00" end="1650.00" id="D2_1_0" nVehContrib="2" flow="240.00" occupancy="1.63" speed="20.44" harmonicMeanSpeed="20.44" length="5.00" nVehEntered="3"/>
    <interval begin="1650.00" end="1680.00" id="D2_1_0" nVehContrib="4" flow="480.00" occupancy="3.07" speed="21.74" harmonicMeanSpeed="21.69" length="5.00" nVehEntered="3"/>
    <interval begin="1680.00" end="1710.00" id="D2_1_0" nVehContrib="7" flow="840.00" occupancy="5.68" speed="20.59" harmonicMeanSpeed="20.53" length="5.00" nVehEntered="7"/>
    <interval begin="1710.00" end="1740.00" id="D2_1_0" nVehContrib="0" flow="0.00" occupancy="0.00" speed="-1.00" harmonicMeanSpeed="-1.00" length="-1.00" nVehEntered="0"/>
    <interval begin="1740.00" end="1770.00" id="D2_1_0" nVehContrib="6" flow="720.00" occupancy="4.59" speed="21.81" harmonicMeanSpeed="21.78" length="5.00" nVehEntered="6"/>
    <interval begin="1770.00" end="1800.00" id="D2_1_0" nVehContrib="3" flow="360.00" occupancy="2.39" speed="20.91" harmonicMeanSpeed="20.90" length="5.00" nVehEntered="3"/>
    <interval begin="1800.00" end="1830.00" id="D2_1_0" nVehContrib="5" flow="600.00" occupancy="4.03" speed="20.70" harmonicMeanSpeed="20.69" length="5.00" nVehEntered="5"/>
    <interval begin="1830.00" end="1860.00" id="D2_1_0" nVehContrib="2" flow="240.00" occupancy="1.93" speed="20.87" harmonicMeanSpeed="20.87" length="5.00" nVehEntered="3"/>
    <interval begin="1860.00" end="1890.00" id="D2_1_0" nVehContrib="4" flow="480.00" occupancy="2.85" speed="20.99" harmonicMeanSpeed="20.94" length="5.00" nVehEntered="3"/>
    <interval begin="1890.00" end="1920.00" id="D2_1_0" nVehContrib="6" flow="720.00" occupancy="4.74" speed="21.13" harmonicMeanSpeed="21.09" length="5.00" nVehEntered="6"/>
    <interval begin="1920.00" end="1950.00" id="D2_1_0" nVehContrib="1" flow="120.00" occupancy="0.89" speed="18.64" harmonicMeanSpeed="18.64" length="5.00" nVehEntered="1"/>
    <interval begin="1950.00" end="1980.00" id="D2_1_0" nVehContrib="5" flow="600.00" occupancy="3.98" speed="20.97" harmonicMeanSpeed="20.93" length="5.00" nVehEntered="5"/>
    <interval begin="1980.00" end="2010.00" id="D2_1_0" nVehContrib="2" flow="240.00" occupancy="1.60" speed="20.86" harmonicMeanSpeed="20.85" length="5.00" nVehEntered="2"/>
    <interval begin="2010.00" end="2040.00" id="D2_1_0" nVehContrib="5" flow="600.00" occupancy="3.79" speed="22.02" harmonicMeanSpeed="21.99" length="5.00" nVehEntered="5"/>
    <interval begin="2040.00" end="2070.00" id="D2_1_0" nVehContrib="1" flow="120.00" occupancy="0.87" speed="19.16" harmonicMeanSpeed="19.16" length="5.00" nVehEntered="1"/>
    <interval begin="2070.00" end="2100.00" id="D2_1_0" nVehContrib="5" flow="600.00" occupancy="4.15" speed="20.07" harmonicMeanSpeed="20.07" length="5.00" nVehEntered="5"/>
    <interval begin="2100.00" end="2130.00" id="D2_1_0" nVehContrib="1" flow="120.00" occupancy="0.78" speed="21.32" harmonicMeanSpeed="21.32" length="5.00" nVehEntered="1"/>
    <interval begin="2130.00" end="2160.00" id="D2_1_0" nVehContrib="3" flow="360.00" occupancy="2.61" speed="19.18" harmonicMeanSpeed="19.17" length="5.00" nVehEntered="3"/>
    <interval begin="2160.00" end="2190.00" id="D2_1_0" nVehContrib="6" flow="720.00" occupancy="4.64" speed="21.63" harmonicMeanSpeed="21.56" length="5.00" nVehEntered="6"/>
    <interval begin="2190.00" end="2220.00" id="D2_1_0" nVehContrib="2" flow="240.00" occupancy="1.60" speed="20.98" harmonicMeanSpeed="20.85" length="5.00" nVehEntered="2"/>
    <interval begin="2220.00" end="2250.00" id="D2_1_0" nVehContrib="7" flow="840.00" occupancy="5.63" speed="20.76" harmonicMeanSpeed="20.72" length="5.00" nVehEntered="7"/>
    <interval begin="2250.00" end="2280.00" id="D2_1_0" nVehContrib="2" flow="240.00" occupancy="1.63" speed="20.46" harmonicMeanSpeed="20.46" length="5.00" nVehEntered="2"/>
    <interval begin="2280.00" end="2310.00" id="D2_1_0" nVehContrib="5" flow="600.00" occupancy="3.91" speed="21.37" harmonicMeanSpeed="21.30" length="5.00" nVehEntered="5"/>
    <interval begin="2310.00" end="2340.00" id="D2_1_0" nVehContrib="0" flow="0.00" occupancy="0.00" speed="-1.00" harmonicMeanSpeed="-1.00" length="-1.00" nVehEntered="0"/>
    <interval begin="2340.00" end="2370.00" id="D2_1_0" nVehContrib="6" flow="720.00" occupancy="4.64" speed="21.68" harmonicMeanSpeed="21.57" length="5.00" nVehEntered="6"/>
    <interval begin="2370.00" end="2400.00" id="D2_1_0" nVehContrib="1" flow="120.00" occupancy="0.85" speed="19.68" harmonicMeanSpeed="19.68" length="5.00" nVehEntered="1"/>
    <interval begin="2400.00" end="2430.00" id="D2_1_0" nVehContrib="4" flow="480.00" occupancy="3.26" speed="20.50" harmonicMeanSpeed="20.48" length="5.00" nVehEntered="4"/>
    <interval begin="2430.00" end="2460.00" id="D2_1_0" nVehContrib="4" flow="480.00" occupancy="3.07" speed="21.71" harmonicMeanSpeed="21.69" length="5.00" nVehEntered="4"/>
    <interval begin="2460.00" end="2490.00" id="D2_1_0" nVehContrib="4" flow="480.00" occupancy="3.04" speed="22.30" harmonicMeanSpeed="21.93" length="5.00" nVehEntered="4"/>
    <interval begin="2490.00" end="2520.00" id="D2_1_0" nVehContrib="4" flow="480.00" occupancy="3.15" speed="21.16" harmonicMeanSpeed="21.15" length="5.00" nVehEntered="4"/>
    <interval begin="2520.00" end="2550.00" id="D2_1_0" nVehContrib="2" flow="240.00" occupancy="1.68" speed="19.84" harmonicMeanSpeed="19.79" length="5.00" nVehEntered="2"/>
    <interval begin="2550.00" end="2580.00" id="D2_1_0" nVehContrib="6" flow="720.00" occupancy="4.67" speed="21.51" harmonicMeanSpeed="21.41" length="5.00" nVehEntered="6"/>
    <interval begin="2580.00" end="2610.00" id="D2_1_0" nVehContrib="2" flow="240.00" occupancy="1.66" speed="20.17" harmonicMeanSpeed="20.13" length="5.00" nVehEntered="2"/>
    <interval begin="2610.00" end="2640.00" id="D2_1_0" nVehContrib="6" flow="720.00" occupancy="4.40" speed="22.74" harmonicMeanSpeed="22.71" length="5.00" nVehEntered="6"/>
    <interval begin="2640.00" end="2670.00" id="D2_1_0" nVehContrib="2" flow="240.00" occupancy="1.71" speed="19.52" harmonicMeanSpeed="19.52" length="5.00" nVehEntered="2"/>
    <interval begin="2670.00" end="2700.00" id="D2_1_0" nVehContrib="5" flow="600.00" occupancy="4.04" speed="20.71" harmonicMeanSpeed="20.61" length="5.00" nVehEntered="5"/>
    <interval begin="2700.00" end="2730.00" id="D2_1_0" nVehContrib="4" flow="480.00" occupancy="2.95" speed="22.66" harmonicMeanSpeed="22.62" length="5.00" nVehEntered="4"/>
    <interval begin="2730.00" end="2760.00" id="D2_1_0" nVehContrib="2" flow="240.00" occupancy="1.43" speed="23.64" harmonicMeanSpeed="23.25" length="5.00" nVehEntered="2"/>
    <interval begin="2760.00" end="2790.00" id="D2_1_0" nVehContrib="7" flow="840.00" occupancy="5.43" speed="21.59" harmonicMeanSpeed="21.48" length="5.00" nVehEntered="7"/>
    <interval begin="2790.00" end="2820.00" id="D2_1_0" nVehContrib="1" flow="120.00" occupancy="0.78" speed="21.40" harmonicMeanSpeed="21.40" length="5.00" nVehEntered="1"/>
    <interval begin="2820.00" end="2850.00" id="D2_1_0" nVehContrib="5" flow="600.00" occupancy="3.90" speed="21.39" harmonicMeanSpeed="21.36" length="5.00" nVehEntered="5"/>
    <interval begin="2850.00" end="2880.00" id="D2_1_0" nVehContrib="0" flow="0.00" occupancy="0.00" speed="-1.00" harmonicMeanSpeed="-1.00" length="-1.00" nVehEntered="0"/>
    <interval begin="2880.00" end="2910.00" id="D2_1_0" nVehContrib="5" flow="600.00" occupancy="3.66" speed="22.86" harmonicMeanSpeed="22.77" length="5.00" nVehEntered="5"/>
    <interval begin="2910.00" end="2940.00" id="D2_1_0" nVehContrib="4" flow="480.00" occupancy="3.35" speed="19.97" harmonicMeanSpeed="19.90" length="5.00" nVehEntered="4"/>
    <interval begin="2940.00" end="2970.00" id="D2_1_0" nVehContrib="3" flow="360.00" occupancy="2.40" speed="20.83" harmonicMeanSpeed="20.83" length="5.00" nVehEntered="3"/>
    <interval begin="2970.00" end="3000.00" id="D2_1_0" nVehContrib="4" flow="480.00" occupancy="3.04" speed="22.01" harmonicMeanSpeed="21.94" length="5.00" nVehEntered="4"/>
    <interval begin="3000.00" end="3030.00" id="D2_1_0" nVehContrib="2" flow="240.00" occupancy="1.60" speed="20.84" harmonicMeanSpeed="20.83" length="5.00" nVehEntered="2"/>
    <interval begin="3030.00" end="3060.00" id="D2_1_0" nVehContrib="5" flow="600.00" occupancy="3.66" speed="22.92" harmonicMeanSpeed="22.75" length="5.00" nVehEntered="5"/>
    <interval begin="3060.00" end="3090.00" id="D2_1_0" nVehContrib="3" flow="360.00" occupancy="2.47" speed="20.22" harmonicMeanSpeed="20.21" length="5.00" nVehEntered="3"/>
    <interval begin="3090.00" end="3120.00" id="D2_1_0" nVehContrib="5" flow="600.00" occupancy="3.86" speed="21.65" harmonicMeanSpeed="21.62" length="5.00" nVehEntered="5"/>
    <interval begin="3120.00" end="3150.00" id="D2_1_0" nVehContrib="0" flow="0.00" occupancy="0.00" speed="-1.00" harmonicMeanSpeed="-1.00" length="-1.00" nVehEntered="0"/>
    <interval begin="3150.00" end="3180.00" id="D2_1_0" nVehContrib="5" flow="600.00" occupancy="4.01" speed="20.86" harmonicMeanSpeed="20.78" length="5.00" nVehEntered="5"/>
    <interval begin="3180.00" end="3210.00" id="D2_1_0" nVehContrib="4" flow="480.00" occupancy="3.22" speed="20.74" harmonicMeanSpeed="20.72" length="5.00" nVehEntered="4"/>
    <interval begin="3210.00" end="3240.00" id="D2_1_0" nVehContrib="3" flow="360.00" occupancy="2.15" speed="23.27" harmonicMeanSpeed="23.21" length="5.00" nVehEntered="3"/>
    <interval begin="3240.00" end="3270.00" id="D2_1_0" nVehContrib="4" flow="480.00" occupancy="3.80" speed="20.44" harmonicMeanSpeed="20.39" length="5.00" nVehEntered="5"/>
    <interval begin="3270.00" end="3300.00" id="D2_1_0" nVehContrib="3" flow="360.00" occupancy="1.89" speed="20.60" harmonicMeanSpeed="20.59" length="5.00" nVehEntered="2"/>
    <interval begin="3300.00" end="3330.00" id="D2_1_0" nVehContrib="6" flow="720.00" occupancy="4.67" speed="21.42" harmonicMeanSpeed="21.39" length="5.00" nVehEntered="6"/>
    <interval begin="3330.00" end="3360.00" id="D2_1_0" nVehContrib="0" flow="0.00" occupancy="0.00" speed="-1.00" harmonicMeanSpeed="-1.00" length="-1.00" nVehEntered="0"/>
    <interval begin="3360.00" end="3390.00" id="D2_1_0" nVehContrib="5" flow="600.00" occupancy="3.84" speed="21.73" harmonicMeanSpeed="21.68" length="5.00" nVehEntered="5"/>
    <interval begin="3390.00" end="3420.00" id="D2_1_0" nVehContrib="0" flow="0.00" occupancy="0.00" speed="-1.00" harmonicMeanSpeed="-1.00" length="-1.00" nVehEntered="0"/>
    <interval begin="3420.00" end="3450.00" id="D2_1_0" nVehContrib="5" flow="600.00" occupancy="3.91" speed="21.37" harmonicMeanSpeed="21.30" length="5.00" nVehEntered="5"/>
    <interval begin="3450.00" end="3480.00" id="D2_1_0" nVehContrib="1" flow="120.00" occupancy="0.83" speed="20.16" harmonicMeanSpeed="20.16" length="5.00" nVehEntered="1"/>
    <interval begin="3480.00" end="3510.00" id="D2_1_0" nVehContrib="4" flow="480.00" occupancy="3.02" speed="22.10" harmonicMeanSpeed="22.07" length="5.00" nVehEntered="4"/>
    <interval begin="3510.00" end="3540.00" id="D2_1_0" nVehContrib="7" flow="840.00" occupancy="5.82" speed="20.10" harmonicMeanSpeed="20.06" length="5.00" nVehEntered="7"/>
    <interval begin="3540.00" end="3570.00" id="D2_1_0" nVehContrib="2" flow="240.00" occupancy="1.52" speed="21.89" harmonicMeanSpeed="21.88" length="5.00" nVehEntered="2"/>
    <interval begin="3570.00" end="3594.00" id="D2_1_0" nVehContrib="3" flow="450.00" occupancy="2.97" speed="21.05" harmonicMeanSpeed="21.04" length="5.00" nVehEntered="3"/>
</detector>
