<?xml version="1.0" encoding="UTF-8"?>

<!-- generated on 01/27/20 08:48:22 by Eclipse SUMO Version 1.3.1
<configuration xmlns:xsi="http://www.w3.org/2001/XMLSchema-instance" xsi:noNamespaceSchemaLocation="http://sumo.dlr.de/xsd/sumoConfiguration.xsd">

    <input>
        <net-file value="gnet.net.xml"/>
        <route-files value="grou.rou.xml"/>
        <additional-files value="gadd.additional.xml"/>
    </input>

    <output>
        <queue-output value="Queue.xml"/>
        <summary-output value="Summary.xml"/>
        <tripinfo-output value="output-tripinfos.xml"/>
    </output>

    <time>
        <begin value="0"/>
        <end value="3600"/>
    </time>

    <processing>
        <time-to-teleport value="3600"/>
    </processing>

    <traci_server>
        <remote-port value="12790"/>
    </traci_server>

    <gui_only>
        <gui-settings-file value="gview.view.xml"/>
        <quit-on-end value="true"/>
        <start value="true"/>
    </gui_only>

</configuration>
-->

<detector xmlns:xsi="http://www.w3.org/2001/XMLSchema-instance" xsi:noNamespaceSchemaLocation="http://sumo.dlr.de/xsd/det_e1_file.xsd">
    <interval begin="0.00" end="30.00" id="D4_1_0" nVehContrib="0" flow="0.00" occupancy="0.00" speed="-1.00" harmonicMeanSpeed="-1.00" length="-1.00" nVehEntered="0"/>
    <interval begin="30.00" end="60.00" id="D4_1_0" nVehContrib="5" flow="600.00" occupancy="16.71" speed="5.46" harmonicMeanSpeed="4.99" length="5.00" nVehEntered="5"/>
    <interval begin="60.00" end="90.00" id="D4_1_0" nVehContrib="1" flow="120.00" occupancy="4.98" speed="3.34" harmonicMeanSpeed="3.34" length="5.00" nVehEntered="1"/>
    <interval begin="90.00" end="120.00" id="D4_1_0" nVehContrib="4" flow="480.00" occupancy="7.48" speed="11.87" harmonicMeanSpeed="8.91" length="5.00" nVehEntered="4"/>
    <interval begin="120.00" end="150.00" id="D4_1_0" nVehContrib="3" flow="360.00" occupancy="10.97" speed="5.07" harmonicMeanSpeed="4.56" length="5.00" nVehEntered="3"/>
    <interval begin="150.00" end="180.00" id="D4_1_0" nVehContrib="1" flow="120.00" occupancy="88.79" speed="3.12" harmonicMeanSpeed="3.12" length="5.00" nVehEntered="2"/>
    <interval begin="180.00" end="210.00" id="D4_1_0" nVehContrib="6" flow="720.00" occupancy="56.72" speed="6.95" harmonicMeanSpeed="0.71" length="5.00" nVehEntered="5"/>
    <interval begin="210.00" end="240.00" id="D4_1_0" nVehContrib="0" flow="0.00" occupancy="0.00" speed="-1.00" harmonicMeanSpeed="-1.00" length="-1.00" nVehEntered="0"/>
    <interval begin="240.00" end="270.00" id="D4_1_0" nVehContrib="6" flow="720.00" occupancy="19.61" speed="6.03" harmonicMeanSpeed="5.10" length="5.00" nVehEntered="6"/>
    <interval begin="270.00" end="300.00" id="D4_1_0" nVehContrib="1" flow="120.00" occupancy="6.72" speed="3.37" harmonicMeanSpeed="3.37" length="5.00" nVehEntered="2"/>
    <interval begin="300.00" end="330.00" id="D4_1_0" nVehContrib="5" flow="600.00" occupancy="9.68" speed="7.68" harmonicMeanSpeed="7.27" length="5.00" nVehEntered="4"/>
    <interval begin="330.00" end="360.00" id="D4_1_0" nVehContrib="5" flow="600.00" occupancy="13.01" speed="8.64" harmonicMeanSpeed="6.41" length="5.00" nVehEntered="5"/>
    <interval begin="360.00" end="390.00" id="D4_1_0" nVehContrib="0" flow="0.00" occupancy="0.00" speed="-1.00" harmonicMeanSpeed="-1.00" length="-1.00" nVehEntered="0"/>
    <interval begin="390.00" end="420.00" id="D4_1_0" nVehContrib="5" flow="600.00" occupancy="18.64" speed="5.10" harmonicMeanSpeed="4.47" length="5.00" nVehEntered="5"/>
    <interval begin="420.00" end="450.00" id="D4_1_0" nVehContrib="0" flow="0.00" occupancy="0.00" speed="-1.00" harmonicMeanSpeed="-1.00" length="-1.00" nVehEntered="0"/>
    <interval begin="450.00" end="480.00" id="D4_1_0" nVehContrib="6" flow="720.00" occupancy="17.37" speed="6.56" harmonicMeanSpeed="5.76" length="5.00" nVehEntered="6"/>
    <interval begin="480.00" end="510.00" id="D4_1_0" nVehContrib="1" flow="120.00" occupancy="4.85" speed="3.44" harmonicMeanSpeed="3.44" length="5.00" nVehEntered="1"/>
    <interval begin="510.00" end="540.00" id="D4_1_0" nVehContrib="4" flow="480.00" occupancy="12.37" speed="6.73" harmonicMeanSpeed="5.39" length="5.00" nVehEntered="4"/>
    <interval begin="540.00" end="570.00" id="D4_1_0" nVehContrib="6" flow="720.00" occupancy="16.11" speed="7.03" harmonicMeanSpeed="6.21" length="5.00" nVehEntered="6"/>
    <interval begin="570.00" end="600.00" id="D4_1_0" nVehContrib="0" flow="0.00" occupancy="0.00" speed="-1.00" harmonicMeanSpeed="-1.00" length="-1.00" nVehEntered="0"/>
    <interval begin="600.00" end="630.00" id="D4_1_0" nVehContrib="5" flow="600.00" occupancy="33.58" speed="7.88" harmonicMeanSpeed="6.14" length="5.00" nVehEntered="6"/>
    <interval begin="630.00" end="660.00" id="D4_1_0" nVehContrib="0" flow="0.00" occupancy="100.00" speed="-1.00" harmonicMeanSpeed="-1.00" length="-1.00" nVehEntered="0"/>
    <interval begin="660.00" end="690.00" id="D4_1_0" nVehContrib="4" flow="480.00" occupancy="68.19" speed="3.57" harmonicMeanSpeed="0.48" length="5.00" nVehEntered="4"/>
    <interval begin="690.00" end="720.00" id="D4_1_0" nVehContrib="2" flow="240.00" occupancy="89.27" speed="2.93" harmonicMeanSpeed="0.24" length="5.00" nVehEntered="2"/>
    <interval begin="720.00" end="750.00" id="D4_1_0" nVehContrib="4" flow="480.00" occupancy="7.65" speed="8.21" harmonicMeanSpeed="7.83" length="5.00" nVehEntered="3"/>
    <interval begin="750.00" end="780.00" id="D4_1_0" nVehContrib="3" flow="360.00" occupancy="13.42" speed="4.10" harmonicMeanSpeed="3.72" length="5.00" nVehEntered="3"/>
    <interval begin="780.00" end="810.00" id="D4_1_0" nVehContrib="2" flow="240.00" occupancy="3.88" speed="8.68" harmonicMeanSpeed="8.58" length="5.00" nVehEntered="2"/>
    <interval begin="810.00" end="840.00" id="D4_1_0" nVehContrib="7" flow="840.00" occupancy="19.28" speed="7.23" harmonicMeanSpeed="6.05" length="5.00" nVehEntered="7"/>
    <interval begin="840.00" end="870.00" id="D4_1_0" nVehContrib="0" flow="0.00" occupancy="0.00" speed="-1.00" harmonicMeanSpeed="-1.00" length="-1.00" nVehEntered="0"/>
    <interval begin="870.00" end="900.00" id="D4_1_0" nVehContrib="7" flow="840.00" occupancy="18.31" speed="7.62" harmonicMeanSpeed="6.37" length="5.00" nVehEntered="7"/>
    <interval begin="900.00" end="930.00" id="D4_1_0" nVehContrib="0" flow="0.00" occupancy="0.00" speed="-1.00" harmonicMeanSpeed="-1.00" length="-1.00" nVehEntered="0"/>
    <interval begin="930.00" end="960.00" id="D4_1_0" nVehContrib="5" flow="600.00" occupancy="16.98" speed="5.38" harmonicMeanSpeed="4.91" length="5.00" nVehEntered="5"/>
    <interval begin="960.00" end="990.00" id="D4_1_0" nVehContrib="2" flow="240.00" occupancy="7.60" speed="5.04" harmonicMeanSpeed="4.39" length="5.00" nVehEntered="2"/>
    <interval begin="990.00" end="1020.00" id="D4_1_0" nVehContrib="5" flow="600.00" occupancy="7.79" speed="12.63" harmonicMeanSpeed="10.70" length="5.00" nVehEntered="5"/>
    <interval begin="1020.00" end="1050.00" id="D4_1_0" nVehContrib="4" flow="480.00" occupancy="15.83" speed="4.58" harmonicMeanSpeed="4.21" length="5.00" nVehEntered="4"/>
    <interval begin="1050.00" end="1080.00" id="D4_1_0" nVehContrib="1" flow="120.00" occupancy="2.81" speed="5.94" harmonicMeanSpeed="5.94" length="5.00" nVehEntered="1"/>
    <interval begin="1080.00" end="1110.00" id="D4_1_0" nVehContrib="5" flow="600.00" occupancy="18.91" speed="5.27" harmonicMeanSpeed="4.41" length="5.00" nVehEntered="5"/>
    <interval begin="1110.00" end="1140.00" id="D4_1_0" nVehContrib="0" flow="0.00" occupancy="0.00" speed="-1.00" harmonicMeanSpeed="-1.00" length="-1.00" nVehEntered="0"/>
    <interval begin="1140.00" end="1170.00" id="D4_1_0" nVehContrib="7" flow="840.00" occupancy="16.68" speed="9.56" harmonicMeanSpeed="6.99" length="5.00" nVehEntered="7"/>
    <interval begin="1170.00" end="1200.00" id="D4_1_0" nVehContrib="0" flow="0.00" occupancy="0.00" speed="-1.00" harmonicMeanSpeed="-1.00" length="-1.00" nVehEntered="0"/>
    <interval begin="1200.00" end="1230.00" id="D4_1_0" nVehContrib="5" flow="600.00" occupancy="18.20" speed="7.08" harmonicMeanSpeed="4.58" length="5.00" nVehEntered="5"/>
    <interval begin="1230.00" end="1260.00" id="D4_1_0" nVehContrib="2" flow="240.00" occupancy="8.22" speed="4.62" harmonicMeanSpeed="4.08" length="5.00" nVehEntered="3"/>
    <interval begin="1260.00" end="1290.00" id="D4_1_0" nVehContrib="4" flow="480.00" occupancy="8.32" speed="8.35" harmonicMeanSpeed="7.97" length="5.00" nVehEntered="3"/>
    <interval begin="1290.00" end="1320.00" id="D4_1_0" nVehContrib="4" flow="480.00" occupancy="15.16" speed="5.65" harmonicMeanSpeed="4.78" length="5.00" nVehEntered="5"/>
    <interval begin="1320.00" end="1350.00" id="D4_1_0" nVehContrib="2" flow="240.00" occupancy="1.62" speed="14.55" harmonicMeanSpeed="11.82" length="5.00" nVehEntered="1"/>
    <interval begin="1350.00" end="1380.00" id="D4_1_0" nVehContrib="5" flow="600.00" occupancy="14.45" speed="7.94" harmonicMeanSpeed="5.77" length="5.00" nVehEntered="5"/>
    <interval begin="1380.00" end="1410.00" id="D4_1_0" nVehContrib="0" flow="0.00" occupancy="0.00" speed="-1.00" harmonicMeanSpeed="-1.00" length="-1.00" nVehEntered="0"/>
    <interval begin="1410.00" end="1440.00" id="D4_1_0" nVehContrib="6" flow="720.00" occupancy="15.82" speed="9.13" harmonicMeanSpeed="6.32" length="5.00" nVehEntered="6"/>
    <interval begin="1440.00" end="1470.00" id="D4_1_0" nVehContrib="0" flow="0.00" occupancy="0.00" speed="-1.00" harmonicMeanSpeed="-1.00" length="-1.00" nVehEntered="0"/>
    <interval begin="1470.00" end="1500.00" id="D4_1_0" nVehContrib="4" flow="480.00" occupancy="16.98" speed="4.70" harmonicMeanSpeed="3.93" length="5.00" nVehEntered="4"/>
    <interval begin="1500.00" end="1530.00" id="D4_1_0" nVehContrib="2" flow="240.00" occupancy="8.86" speed="4.07" harmonicMeanSpeed="3.76" length="5.00" nVehEntered="2"/>
    <interval begin="1530.00" end="1560.00" id="D4_1_0" nVehContrib="3" flow="360.00" occupancy="11.08" speed="5.16" harmonicMeanSpeed="4.51" length="5.00" nVehEntered="3"/>
    <interval begin="1560.00" end="1590.00" id="D4_1_0" nVehContrib="5" flow="600.00" occupancy="13.80" speed="6.72" harmonicMeanSpeed="6.04" length="5.00" nVehEntered="5"/>
    <interval begin="1590.00" end="1620.00" id="D4_1_0" nVehContrib="2" flow="240.00" occupancy="4.21" speed="8.21" harmonicMeanSpeed="7.91" length="5.00" nVehEntered="2"/>
    <interval begin="1620.00" end="1650.00" id="D4_1_0" nVehContrib="5" flow="600.00" occupancy="16.52" speed="6.01" harmonicMeanSpeed="5.04" length="5.00" nVehEntered="5"/>
    <interval begin="1650.00" end="1680.00" id="D4_1_0" nVehContrib="0" flow="0.00" occupancy="0.00" speed="-1.00" harmonicMeanSpeed="-1.00" length="-1.00" nVehEntered="0"/>
    <interval begin="1680.00" end="1710.00" id="D4_1_0" nVehContrib="5" flow="600.00" occupancy="18.70" speed="5.36" harmonicMeanSpeed="4.46" length="5.00" nVehEntered="5"/>
    <interval begin="1710.00" end="1740.00" id="D4_1_0" nVehContrib="0" flow="0.00" occupancy="0.00" speed="-1.00" harmonicMeanSpeed="-1.00" length="-1.00" nVehEntered="0"/>
    <interval begin="1740.00" end="1770.00" id="D4_1_0" nVehContrib="7" flow="840.00" occupancy="17.99" speed="7.49" harmonicMeanSpeed="6.48" length="5.00" nVehEntered="7"/>
    <interval begin="1770.00" end="1800.00" id="D4_1_0" nVehContrib="1" flow="120.00" occupancy="5.19" speed="3.21" harmonicMeanSpeed="3.21" length="5.00" nVehEntered="1"/>
    <interval begin="1800.00" end="1830.00" id="D4_1_0" nVehContrib="4" flow="480.00" occupancy="11.90" speed="6.69" harmonicMeanSpeed="5.60" length="5.00" nVehEntered="4"/>
    <interval begin="1830.00" end="1860.00" id="D4_1_0" nVehContrib="5" flow="600.00" occupancy="15.40" speed="6.11" harmonicMeanSpeed="5.41" length="5.00" nVehEntered="5"/>
    <interval begin="1860.00" end="1890.00" id="D4_1_0" nVehContrib="1" flow="120.00" occupancy="3.52" speed="4.73" harmonicMeanSpeed="4.73" length="5.00" nVehEntered="1"/>
    <interval begin="1890.00" end="1920.00" id="D4_1_0" nVehContrib="6" flow="720.00" occupancy="22.32" speed="7.61" harmonicMeanSpeed="6.43" length="5.00" nVehEntered="7"/>
    <interval begin="1920.00" end="1950.00" id="D4_1_0" nVehContrib="0" flow="0.00" occupancy="100.00" speed="-1.00" harmonicMeanSpeed="-1.00" length="-1.00" nVehEntered="0"/>
    <interval begin="1950.00" end="1980.00" id="D4_1_0" nVehContrib="5" flow="600.00" occupancy="40.20" speed="4.32" harmonicMeanSpeed="0.57" length="5.00" nVehEntered="4"/>
    <interval begin="1980.00" end="2010.00" id="D4_1_0" nVehContrib="0" flow="0.00" occupancy="0.00" speed="-1.00" harmonicMeanSpeed="-1.00" length="-1.00" nVehEntered="0"/>
    <interval begin="2010.00" end="2040.00" id="D4_1_0" nVehContrib="6" flow="720.00" occupancy="17.34" speed="6.42" harmonicMeanSpeed="5.77" length="5.00" nVehEntered="6"/>
    <interval begin="2040.00" end="2070.00" id="D4_1_0" nVehContrib="1" flow="120.00" occupancy="6.27" speed="2.66" harmonicMeanSpeed="2.66" length="5.00" nVehEntered="1"/>
    <interval begin="2070.00" end="2100.00" id="D4_1_0" nVehContrib="4" flow="480.00" occupancy="12.33" speed="6.42" harmonicMeanSpeed="5.41" length="5.00" nVehEntered="4"/>
    <interval begin="2100.00" end="2130.00" id="D4_1_0" nVehContrib="4" flow="480.00" occupancy="15.48" speed="4.62" harmonicMeanSpeed="4.31" length="5.00" nVehEntered="4"/>
    <interval begin="2130.00" end="2160.00" id="D4_1_0" nVehContrib="1" flow="120.00" occupancy="2.55" speed="6.54" harmonicMeanSpeed="6.54" length="5.00" nVehEntered="1"/>
    <interval begin="2160.00" end="2190.00" id="D4_1_0" nVehContrib="7" flow="840.00" occupancy="18.11" speed="7.59" harmonicMeanSpeed="6.44" length="5.00" nVehEntered="7"/>
    <interval begin="2190.00" end="2220.00" id="D4_1_0" nVehContrib="0" flow="0.00" occupancy="0.00" speed="-1.00" harmonicMeanSpeed="-1.00" length="-1.00" nVehEntered="0"/>
    <interval begin="2220.00" end="2250.00" id="D4_1_0" nVehContrib="5" flow="600.00" occupancy="18.69" speed="5.11" harmonicMeanSpeed="4.46" length="5.00" nVehEntered="5"/>
    <interval begin="2250.00" end="2280.00" id="D4_1_0" nVehContrib="0" flow="0.00" occupancy="0.00" speed="-1.00" harmonicMeanSpeed="-1.00" length="-1.00" nVehEntered="0"/>
    <interval begin="2280.00" end="2310.00" id="D4_1_0" nVehContrib="6" flow="720.00" occupancy="19.71" speed="5.78" harmonicMeanSpeed="5.07" length="5.00" nVehEntered="6"/>
    <interval begin="2310.00" end="2340.00" id="D4_1_0" nVehContrib="2" flow="240.00" occupancy="7.57" speed="5.07" harmonicMeanSpeed="4.40" length="5.00" nVehEntered="2"/>
    <interval begin="2340.00" end="2370.00" id="D4_1_0" nVehContrib="5" flow="600.00" occupancy="10.04" speed="8.54" harmonicMeanSpeed="8.30" length="5.00" nVehEntered="5"/>
    <interval begin="2370.00" end="2400.00" id="D4_1_0" nVehContrib="3" flow="360.00" occupancy="15.18" speed="5.28" harmonicMeanSpeed="4.52" length="5.00" nVehEntered="4"/>
    <interval begin="2400.00" end="2430.00" id="D4_1_0" nVehContrib="2" flow="240.00" occupancy="3.51" speed="5.13" harmonicMeanSpeed="4.37" length="5.00" nVehEntered="1"/>
    <interval begin="2430.00" end="2460.00" id="D4_1_0" nVehContrib="7" flow="840.00" occupancy="15.47" speed="10.34" harmonicMeanSpeed="7.54" length="5.00" nVehEntered="7"/>
    <interval begin="2460.00" end="2490.00" id="D4_1_0" nVehContrib="0" flow="0.00" occupancy="0.00" speed="-1.00" harmonicMeanSpeed="-1.00" length="-1.00" nVehEntered="0"/>
    <interval begin="2490.00" end="2520.00" id="D4_1_0" nVehContrib="4" flow="480.00" occupancy="17.72" speed="4.65" harmonicMeanSpeed="3.76" length="5.00" nVehEntered="4"/>
    <interval begin="2520.00" end="2550.00" id="D4_1_0" nVehContrib="0" flow="0.00" occupancy="0.00" speed="-1.00" harmonicMeanSpeed="-1.00" length="-1.00" nVehEntered="0"/>
    <interval begin="2550.00" end="2580.00" id="D4_1_0" nVehContrib="6" flow="720.00" occupancy="19.80" speed="6.25" harmonicMeanSpeed="5.05" length="5.00" nVehEntered="6"/>
    <interval begin="2580.00" end="2610.00" id="D4_1_0" nVehContrib="2" flow="240.00" occupancy="8.39" speed="4.40" harmonicMeanSpeed="3.97" length="5.00" nVehEntered="2"/>
    <interval begin="2610.00" end="2640.00" id="D4_1_0" nVehContrib="5" flow="600.00" occupancy="9.52" speed="10.11" harmonicMeanSpeed="8.75" length="5.00" nVehEntered="5"/>
    <interval begin="2640.00" end="2670.00" id="D4_1_0" nVehContrib="3" flow="360.00" occupancy="15.29" speed="3.80" harmonicMeanSpeed="3.27" length="5.00" nVehEntered="3"/>
    <interval begin="2670.00" end="2700.00" id="D4_1_0" nVehContrib="2" flow="240.00" occupancy="3.23" speed="12.03" harmonicMeanSpeed="10.32" length="5.00" nVehEntered="2"/>
    <interval begin="2700.00" end="2730.00" id="D4_1_0" nVehContrib="6" flow="720.00" occupancy="13.59" speed="10.08" harmonicMeanSpeed="7.36" length="5.00" nVehEntered="6"/>
    <interval begin="2730.00" end="2760.00" id="D4_1_0" nVehContrib="0" flow="0.00" occupancy="0.00" speed="-1.00" harmonicMeanSpeed="-1.00" length="-1.00" nVehEntered="0"/>
    <interval begin="2760.00" end="2790.00" id="D4_1_0" nVehContrib="6" flow="720.00" occupancy="16.36" speed="7.79" harmonicMeanSpeed="6.11" length="5.00" nVehEntered="6"/>
    <interval begin="2790.00" end="2820.00" id="D4_1_0" nVehContrib="0" flow="0.00" occupancy="0.00" speed="-1.00" harmonicMeanSpeed="-1.00" length="-1.00" nVehEntered="0"/>
    <interval begin="2820.00" end="2850.00" id="D4_1_0" nVehContrib="5" flow="600.00" occupancy="15.58" speed="6.75" harmonicMeanSpeed="5.35" length="5.00" nVehEntered="5"/>
    <interval begin="2850.00" end="2880.00" id="D4_1_0" nVehContrib="2" flow="240.00" occupancy="7.98" speed="4.89" harmonicMeanSpeed="4.17" length="5.00" nVehEntered="2"/>
    <interval begin="2880.00" end="2910.00" id="D4_1_0" nVehContrib="4" flow="480.00" occupancy="6.22" speed="11.91" harmonicMeanSpeed="10.71" length="5.00" nVehEntered="4"/>
    <interval begin="2910.00" end="2940.00" id="D4_1_0" nVehContrib="4" flow="480.00" occupancy="15.56" speed="4.49" harmonicMeanSpeed="4.28" length="5.00" nVehEntered="4"/>
    <interval begin="2940.00" end="2970.00" id="D4_1_0" nVehContrib="1" flow="120.00" occupancy="2.79" speed="5.98" harmonicMeanSpeed="5.98" length="5.00" nVehEntered="1"/>
    <interval begin="2970.00" end="3000.00" id="D4_1_0" nVehContrib="6" flow="720.00" occupancy="16.36" speed="7.19" harmonicMeanSpeed="6.11" length="5.00" nVehEntered="6"/>
    <interval begin="3000.00" end="3030.00" id="D4_1_0" nVehContrib="0" flow="0.00" occupancy="0.00" speed="-1.00" harmonicMeanSpeed="-1.00" length="-1.00" nVehEntered="0"/>
    <interval begin="3030.00" end="3060.00" id="D4_1_0" nVehContrib="6" flow="720.00" occupancy="14.43" speed="9.01" harmonicMeanSpeed="6.93" length="5.00" nVehEntered="6"/>
    <interval begin="3060.00" end="3090.00" id="D4_1_0" nVehContrib="0" flow="0.00" occupancy="0.00" speed="-1.00" harmonicMeanSpeed="-1.00" length="-1.00" nVehEntered="0"/>
    <interval begin="3090.00" end="3120.00" id="D4_1_0" nVehContrib="5" flow="600.00" occupancy="19.27" speed="5.03" harmonicMeanSpeed="4.33" length="5.00" nVehEntered="5"/>
    <interval begin="3120.00" end="3150.00" id="D4_1_0" nVehContrib="2" flow="240.00" occupancy="7.86" speed="4.79" harmonicMeanSpeed="4.24" length="5.00" nVehEntered="2"/>
    <interval begin="3150.00" end="3180.00" id="D4_1_0" nVehContrib="4" flow="480.00" occupancy="9.82" speed="7.37" harmonicMeanSpeed="6.79" length="5.00" nVehEntered="4"/>
    <interval begin="3180.00" end="3210.00" id="D4_1_0" nVehContrib="5" flow="600.00" occupancy="13.22" speed="7.01" harmonicMeanSpeed="6.30" length="5.00" nVehEntered="5"/>
    <interval begin="3210.00" end="3240.00" id="D4_1_0" nVehContrib="1" flow="120.00" occupancy="1.04" speed="16.06" harmonicMeanSpeed="16.06" length="5.00" nVehEntered="1"/>
    <interval begin="3240.00" end="3270.00" id="D4_1_0" nVehContrib="5" flow="600.00" occupancy="18.70" speed="5.19" harmonicMeanSpeed="4.46" length="5.00" nVehEntered="5"/>
    <interval begin="3270.00" end="3300.00" id="D4_1_0" nVehContrib="0" flow="0.00" occupancy="0.00" speed="-1.00" harmonicMeanSpeed="-1.00" length="-1.00" nVehEntered="0"/>
    <interval begin="3300.00" end="3330.00" id="D4_1_0" nVehContrib="6" flow="720.00" occupancy="15.41" speed="7.99" harmonicMeanSpeed="6.49" length="5.00" nVehEntered="6"/>
    <interval begin="3330.00" end="3360.00" id="D4_1_0" nVehContrib="0" flow="0.00" occupancy="0.00" speed="-1.00" harmonicMeanSpeed="-1.00" length="-1.00" nVehEntered="0"/>
    <interval begin="3360.00" end="3390.00" id="D4_1_0" nVehContrib="6" flow="720.00" occupancy="16.44" speed="6.86" harmonicMeanSpeed="6.08" length="5.00" nVehEntered="6"/>
    <interval begin="3390.00" end="3420.00" id="D4_1_0" nVehContrib="2" flow="240.00" occupancy="7.74" speed="4.90" harmonicMeanSpeed="4.57" length="5.00" nVehEntered="3"/>
    <interval begin="3420.00" end="3450.00" id="D4_1_0" nVehContrib="3" flow="360.00" occupancy="8.36" speed="6.11" harmonicMeanSpeed="5.67" length="5.00" nVehEntered="2"/>
    <interval begin="3450.00" end="3480.00" id="D4_1_0" nVehContrib="4" flow="480.00" occupancy="14.30" speed="5.19" harmonicMeanSpeed="4.66" length="5.00" nVehEntered="4"/>
    <interval begin="3480.00" end="3510.00" id="D4_1_0" nVehContrib="2" flow="240.00" occupancy="3.44" speed="9.73" harmonicMeanSpeed="9.70" length="5.00" nVehEntered="2"/>
    <interval begin="3510.00" end="3540.00" id="D4_1_0" nVehContrib="5" flow="600.00" occupancy="19.21" speed="4.85" harmonicMeanSpeed="4.34" length="5.00" nVehEntered="5"/>
    <interval begin="3540.00" end="3570.00" id="D4_1_0" nVehContrib="0" flow="0.00" occupancy="0.00" speed="-1.00" harmonicMeanSpeed="-1.00" length="-1.00" nVehEntered="0"/>
    <interval begin="3570.00" end="3594.00" id="D4_1_0" nVehContrib="6" flow="900.00" occupancy="25.33" speed="5.99" harmonicMeanSpeed="4.93" length="5.00" nVehEntered="6"/>
</detector>
