<?xml version="1.0" encoding="UTF-8"?>

<!-- generated on 01/27/20 08:48:22 by Eclipse SUMO Version 1.3.1
<configuration xmlns:xsi="http://www.w3.org/2001/XMLSchema-instance" xsi:noNamespaceSchemaLocation="http://sumo.dlr.de/xsd/sumoConfiguration.xsd">

    <input>
        <net-file value="gnet.net.xml"/>
        <route-files value="grou.rou.xml"/>
        <additional-files value="gadd.additional.xml"/>
    </input>

    <output>
        <queue-output value="Queue.xml"/>
        <summary-output value="Summary.xml"/>
        <tripinfo-output value="output-tripinfos.xml"/>
    </output>

    <time>
        <begin value="0"/>
        <end value="3600"/>
    </time>

    <processing>
        <time-to-teleport value="3600"/>
    </processing>

    <traci_server>
        <remote-port value="12790"/>
    </traci_server>

    <gui_only>
        <gui-settings-file value="gview.view.xml"/>
        <quit-on-end value="true"/>
        <start value="true"/>
    </gui_only>

</configuration>
-->

<detector xmlns:xsi="http://www.w3.org/2001/XMLSchema-instance" xsi:noNamespaceSchemaLocation="http://sumo.dlr.de/xsd/det_e1_file.xsd">
    <interval begin="0.00" end="30.00" id="D5_1_0" nVehContrib="0" flow="0.00" occupancy="0.00" speed="-1.00" harmonicMeanSpeed="-1.00" length="-1.00" nVehEntered="0"/>
    <interval begin="30.00" end="60.00" id="D5_1_0" nVehContrib="2" flow="240.00" occupancy="1.68" speed="19.81" harmonicMeanSpeed="19.80" length="5.00" nVehEntered="2"/>
    <interval begin="60.00" end="90.00" id="D5_1_0" nVehContrib="7" flow="840.00" occupancy="5.99" speed="19.49" harmonicMeanSpeed="19.47" length="5.00" nVehEntered="7"/>
    <interval begin="90.00" end="120.00" id="D5_1_0" nVehContrib="3" flow="360.00" occupancy="2.67" speed="18.74" harmonicMeanSpeed="18.73" length="5.00" nVehEntered="3"/>
    <interval begin="120.00" end="150.00" id="D5_1_0" nVehContrib="3" flow="360.00" occupancy="2.41" speed="20.74" harmonicMeanSpeed="20.70" length="5.00" nVehEntered="3"/>
    <interval begin="150.00" end="180.00" id="D5_1_0" nVehContrib="9" flow="1080.00" occupancy="7.42" speed="20.33" harmonicMeanSpeed="20.22" length="5.00" nVehEntered="9"/>
    <interval begin="180.00" end="210.00" id="D5_1_0" nVehContrib="0" flow="0.00" occupancy="0.00" speed="-1.00" harmonicMeanSpeed="-1.00" length="-1.00" nVehEntered="0"/>
    <interval begin="210.00" end="240.00" id="D5_1_0" nVehContrib="8" flow="960.00" occupancy="6.52" speed="20.55" harmonicMeanSpeed="20.46" length="5.00" nVehEntered="8"/>
    <interval begin="240.00" end="270.00" id="D5_1_0" nVehContrib="2" flow="240.00" occupancy="1.85" speed="18.00" harmonicMeanSpeed="17.98" length="5.00" nVehEntered="2"/>
    <interval begin="270.00" end="300.00" id="D5_1_0" nVehContrib="6" flow="720.00" occupancy="4.82" speed="20.78" harmonicMeanSpeed="20.73" length="5.00" nVehEntered="6"/>
    <interval begin="300.00" end="330.00" id="D5_1_0" nVehContrib="6" flow="720.00" occupancy="4.98" speed="20.13" harmonicMeanSpeed="20.08" length="5.00" nVehEntered="6"/>
    <interval begin="330.00" end="360.00" id="D5_1_0" nVehContrib="2" flow="240.00" occupancy="1.56" speed="21.41" harmonicMeanSpeed="21.38" length="5.00" nVehEntered="2"/>
    <interval begin="360.00" end="390.00" id="D5_1_0" nVehContrib="7" flow="840.00" occupancy="5.52" speed="21.24" harmonicMeanSpeed="21.15" length="5.00" nVehEntered="7"/>
    <interval begin="390.00" end="420.00" id="D5_1_0" nVehContrib="2" flow="240.00" occupancy="1.69" speed="19.71" harmonicMeanSpeed="19.68" length="5.00" nVehEntered="2"/>
    <interval begin="420.00" end="450.00" id="D5_1_0" nVehContrib="8" flow="960.00" occupancy="6.86" speed="19.55" harmonicMeanSpeed="19.45" length="5.00" nVehEntered="8"/>
    <interval begin="450.00" end="480.00" id="D5_1_0" nVehContrib="2" flow="240.00" occupancy="1.79" speed="19.07" harmonicMeanSpeed="19.06" length="5.00" nVehEntered="3"/>
    <interval begin="480.00" end="510.00" id="D5_1_0" nVehContrib="6" flow="720.00" occupancy="4.67" speed="21.26" harmonicMeanSpeed="21.22" length="5.00" nVehEntered="5"/>
    <interval begin="510.00" end="540.00" id="D5_1_0" nVehContrib="7" flow="840.00" occupancy="6.36" speed="19.66" harmonicMeanSpeed="19.64" length="5.00" nVehEntered="8"/>
    <interval begin="540.00" end="570.00" id="D5_1_0" nVehContrib="1" flow="120.00" occupancy="0.38" speed="20.85" harmonicMeanSpeed="20.85" length="5.00" nVehEntered="0"/>
    <interval begin="570.00" end="600.00" id="D5_1_0" nVehContrib="8" flow="960.00" occupancy="6.99" speed="19.18" harmonicMeanSpeed="19.07" length="5.00" nVehEntered="8"/>
    <interval begin="600.00" end="630.00" id="D5_1_0" nVehContrib="0" flow="0.00" occupancy="0.00" speed="-1.00" harmonicMeanSpeed="-1.00" length="-1.00" nVehEntered="0"/>
    <interval begin="630.00" end="660.00" id="D5_1_0" nVehContrib="7" flow="840.00" occupancy="5.48" speed="21.36" harmonicMeanSpeed="21.28" length="5.00" nVehEntered="7"/>
    <interval begin="660.00" end="690.00" id="D5_1_0" nVehContrib="4" flow="480.00" occupancy="3.41" speed="19.57" harmonicMeanSpeed="19.54" length="5.00" nVehEntered="4"/>
    <interval begin="690.00" end="720.00" id="D5_1_0" nVehContrib="5" flow="600.00" occupancy="4.13" speed="20.30" harmonicMeanSpeed="20.19" length="5.00" nVehEntered="5"/>
    <interval begin="720.00" end="750.00" id="D5_1_0" nVehContrib="6" flow="720.00" occupancy="4.98" speed="20.10" harmonicMeanSpeed="20.09" length="5.00" nVehEntered="6"/>
    <interval begin="750.00" end="780.00" id="D5_1_0" nVehContrib="3" flow="360.00" occupancy="2.36" speed="21.18" harmonicMeanSpeed="21.15" length="5.00" nVehEntered="3"/>
    <interval begin="780.00" end="810.00" id="D5_1_0" nVehContrib="7" flow="840.00" occupancy="5.56" speed="21.04" harmonicMeanSpeed="20.98" length="5.00" nVehEntered="7"/>
    <interval begin="810.00" end="840.00" id="D5_1_0" nVehContrib="1" flow="120.00" occupancy="0.84" speed="19.83" harmonicMeanSpeed="19.83" length="5.00" nVehEntered="1"/>
    <interval begin="840.00" end="870.00" id="D5_1_0" nVehContrib="8" flow="960.00" occupancy="6.49" speed="20.60" harmonicMeanSpeed="20.54" length="5.00" nVehEntered="8"/>
    <interval begin="870.00" end="900.00" id="D5_1_0" nVehContrib="1" flow="120.00" occupancy="0.85" speed="19.53" harmonicMeanSpeed="19.53" length="5.00" nVehEntered="1"/>
    <interval begin="900.00" end="930.00" id="D5_1_0" nVehContrib="7" flow="840.00" occupancy="6.04" speed="19.43" harmonicMeanSpeed="19.32" length="5.00" nVehEntered="7"/>
    <interval begin="930.00" end="960.00" id="D5_1_0" nVehContrib="3" flow="360.00" occupancy="2.60" speed="19.26" harmonicMeanSpeed="19.21" length="5.00" nVehEntered="3"/>
    <interval begin="960.00" end="990.00" id="D5_1_0" nVehContrib="5" flow="600.00" occupancy="3.96" speed="21.08" harmonicMeanSpeed="21.03" length="5.00" nVehEntered="5"/>
    <interval begin="990.00" end="1020.00" id="D5_1_0" nVehContrib="6" flow="720.00" occupancy="5.24" speed="19.11" harmonicMeanSpeed="19.08" length="5.00" nVehEntered="6"/>
    <interval begin="1020.00" end="1050.00" id="D5_1_0" nVehContrib="3" flow="360.00" occupancy="2.39" speed="20.91" harmonicMeanSpeed="20.90" length="5.00" nVehEntered="3"/>
    <interval begin="1050.00" end="1080.00" id="D5_1_0" nVehContrib="7" flow="840.00" occupancy="5.80" speed="20.12" harmonicMeanSpeed="20.10" length="5.00" nVehEntered="7"/>
    <interval begin="1080.00" end="1110.00" id="D5_1_0" nVehContrib="1" flow="120.00" occupancy="0.81" speed="20.47" harmonicMeanSpeed="20.47" length="5.00" nVehEntered="1"/>
    <interval begin="1110.00" end="1140.00" id="D5_1_0" nVehContrib="7" flow="840.00" occupancy="5.63" speed="20.77" harmonicMeanSpeed="20.73" length="5.00" nVehEntered="7"/>
    <interval begin="1140.00" end="1170.00" id="D5_1_0" nVehContrib="1" flow="120.00" occupancy="0.84" speed="19.78" harmonicMeanSpeed="19.78" length="5.00" nVehEntered="1"/>
    <interval begin="1170.00" end="1200.00" id="D5_1_0" nVehContrib="7" flow="840.00" occupancy="5.69" speed="20.54" harmonicMeanSpeed="20.52" length="5.00" nVehEntered="7"/>
    <interval begin="1200.00" end="1230.00" id="D5_1_0" nVehContrib="3" flow="360.00" occupancy="2.36" speed="21.23" harmonicMeanSpeed="21.21" length="5.00" nVehEntered="3"/>
    <interval begin="1230.00" end="1260.00" id="D5_1_0" nVehContrib="5" flow="600.00" occupancy="3.94" speed="21.27" harmonicMeanSpeed="21.16" length="5.00" nVehEntered="5"/>
    <interval begin="1260.00" end="1290.00" id="D5_1_0" nVehContrib="7" flow="840.00" occupancy="5.89" speed="19.88" harmonicMeanSpeed="19.81" length="5.00" nVehEntered="7"/>
    <interval begin="1290.00" end="1320.00" id="D5_1_0" nVehContrib="2" flow="240.00" occupancy="1.59" speed="21.08" harmonicMeanSpeed="21.03" length="5.00" nVehEntered="2"/>
    <interval begin="1320.00" end="1350.00" id="D5_1_0" nVehContrib="8" flow="960.00" occupancy="7.25" speed="18.53" harmonicMeanSpeed="18.40" length="5.00" nVehEntered="8"/>
    <interval begin="1350.00" end="1380.00" id="D5_1_0" nVehContrib="1" flow="120.00" occupancy="0.79" speed="21.11" harmonicMeanSpeed="21.11" length="5.00" nVehEntered="1"/>
    <interval begin="1380.00" end="1410.00" id="D5_1_0" nVehContrib="7" flow="840.00" occupancy="5.65" speed="20.78" harmonicMeanSpeed="20.67" length="5.00" nVehEntered="7"/>
    <interval begin="1410.00" end="1440.00" id="D5_1_0" nVehContrib="1" flow="120.00" occupancy="0.86" speed="19.37" harmonicMeanSpeed="19.37" length="5.00" nVehEntered="1"/>
    <interval begin="1440.00" end="1470.00" id="D5_1_0" nVehContrib="7" flow="840.00" occupancy="5.76" speed="20.26" harmonicMeanSpeed="20.24" length="5.00" nVehEntered="7"/>
    <interval begin="1470.00" end="1500.00" id="D5_1_0" nVehContrib="2" flow="240.00" occupancy="1.60" speed="20.90" harmonicMeanSpeed="20.89" length="5.00" nVehEntered="2"/>
    <interval begin="1500.00" end="1530.00" id="D5_1_0" nVehContrib="6" flow="720.00" occupancy="4.86" speed="20.61" harmonicMeanSpeed="20.57" length="5.00" nVehEntered="6"/>
    <interval begin="1530.00" end="1560.00" id="D5_1_0" nVehContrib="7" flow="840.00" occupancy="6.34" speed="20.27" harmonicMeanSpeed="20.25" length="5.00" nVehEntered="8"/>
    <interval begin="1560.00" end="1590.00" id="D5_1_0" nVehContrib="2" flow="240.00" occupancy="0.92" speed="22.37" harmonicMeanSpeed="22.34" length="5.00" nVehEntered="1"/>
    <interval begin="1590.00" end="1620.00" id="D5_1_0" nVehContrib="8" flow="960.00" occupancy="6.81" speed="19.60" harmonicMeanSpeed="19.58" length="5.00" nVehEntered="8"/>
    <interval begin="1620.00" end="1650.00" id="D5_1_0" nVehContrib="1" flow="120.00" occupancy="0.78" speed="21.24" harmonicMeanSpeed="21.24" length="5.00" nVehEntered="1"/>
    <interval begin="1650.00" end="1680.00" id="D5_1_0" nVehContrib="7" flow="840.00" occupancy="5.71" speed="20.49" harmonicMeanSpeed="20.43" length="5.00" nVehEntered="7"/>
    <interval begin="1680.00" end="1710.00" id="D5_1_0" nVehContrib="2" flow="240.00" occupancy="1.68" speed="19.92" harmonicMeanSpeed="19.90" length="5.00" nVehEntered="2"/>
    <interval begin="1710.00" end="1740.00" id="D5_1_0" nVehContrib="8" flow="960.00" occupancy="6.54" speed="20.42" harmonicMeanSpeed="20.40" length="5.00" nVehEntered="8"/>
    <interval begin="1740.00" end="1770.00" id="D5_1_0" nVehContrib="3" flow="360.00" occupancy="2.74" speed="18.22" harmonicMeanSpeed="18.22" length="5.00" nVehEntered="3"/>
    <interval begin="1770.00" end="1800.00" id="D5_1_0" nVehContrib="5" flow="600.00" occupancy="4.14" speed="20.18" harmonicMeanSpeed="20.15" length="5.00" nVehEntered="5"/>
    <interval begin="1800.00" end="1830.00" id="D5_1_0" nVehContrib="6" flow="720.00" occupancy="4.82" speed="20.83" harmonicMeanSpeed="20.77" length="5.00" nVehEntered="6"/>
    <interval begin="1830.00" end="1860.00" id="D5_1_0" nVehContrib="2" flow="240.00" occupancy="1.59" speed="21.01" harmonicMeanSpeed="20.93" length="5.00" nVehEntered="2"/>
    <interval begin="1860.00" end="1890.00" id="D5_1_0" nVehContrib="9" flow="1080.00" occupancy="7.23" speed="20.85" harmonicMeanSpeed="20.74" length="5.00" nVehEntered="9"/>
    <interval begin="1890.00" end="1920.00" id="D5_1_0" nVehContrib="0" flow="0.00" occupancy="0.00" speed="-1.00" harmonicMeanSpeed="-1.00" length="-1.00" nVehEntered="0"/>
    <interval begin="1920.00" end="1950.00" id="D5_1_0" nVehContrib="8" flow="960.00" occupancy="6.50" speed="20.57" harmonicMeanSpeed="20.50" length="5.00" nVehEntered="8"/>
    <interval begin="1950.00" end="1980.00" id="D5_1_0" nVehContrib="1" flow="120.00" occupancy="0.86" speed="19.31" harmonicMeanSpeed="19.31" length="5.00" nVehEntered="1"/>
    <interval begin="1980.00" end="2010.00" id="D5_1_0" nVehContrib="7" flow="840.00" occupancy="5.46" speed="21.47" harmonicMeanSpeed="21.35" length="5.00" nVehEntered="7"/>
    <interval begin="2010.00" end="2040.00" id="D5_1_0" nVehContrib="2" flow="240.00" occupancy="1.64" speed="20.27" harmonicMeanSpeed="20.27" length="5.00" nVehEntered="2"/>
    <interval begin="2040.00" end="2070.00" id="D5_1_0" nVehContrib="6" flow="720.00" occupancy="4.92" speed="20.43" harmonicMeanSpeed="20.33" length="5.00" nVehEntered="6"/>
    <interval begin="2070.00" end="2100.00" id="D5_1_0" nVehContrib="6" flow="720.00" occupancy="5.09" speed="19.75" harmonicMeanSpeed="19.65" length="5.00" nVehEntered="6"/>
    <interval begin="2100.00" end="2130.00" id="D5_1_0" nVehContrib="3" flow="360.00" occupancy="2.36" speed="21.27" harmonicMeanSpeed="21.14" length="5.00" nVehEntered="3"/>
    <interval begin="2130.00" end="2160.00" id="D5_1_0" nVehContrib="9" flow="1080.00" occupancy="7.28" speed="20.65" harmonicMeanSpeed="20.62" length="5.00" nVehEntered="9"/>
    <interval begin="2160.00" end="2190.00" id="D5_1_0" nVehContrib="0" flow="0.00" occupancy="0.00" speed="-1.00" harmonicMeanSpeed="-1.00" length="-1.00" nVehEntered="0"/>
    <interval begin="2190.00" end="2220.00" id="D5_1_0" nVehContrib="8" flow="960.00" occupancy="6.26" speed="21.35" harmonicMeanSpeed="21.28" length="5.00" nVehEntered="8"/>
    <interval begin="2220.00" end="2250.00" id="D5_1_0" nVehContrib="1" flow="120.00" occupancy="0.84" speed="19.86" harmonicMeanSpeed="19.86" length="5.00" nVehEntered="1"/>
    <interval begin="2250.00" end="2280.00" id="D5_1_0" nVehContrib="7" flow="840.00" occupancy="5.68" speed="20.59" harmonicMeanSpeed="20.55" length="5.00" nVehEntered="7"/>
    <interval begin="2280.00" end="2310.00" id="D5_1_0" nVehContrib="4" flow="480.00" occupancy="3.44" speed="19.43" harmonicMeanSpeed="19.39" length="5.00" nVehEntered="4"/>
    <interval begin="2310.00" end="2340.00" id="D5_1_0" nVehContrib="5" flow="600.00" occupancy="3.85" speed="21.75" harmonicMeanSpeed="21.67" length="5.00" nVehEntered="5"/>
    <interval begin="2340.00" end="2370.00" id="D5_1_0" nVehContrib="6" flow="720.00" occupancy="5.08" speed="19.72" harmonicMeanSpeed="19.67" length="5.00" nVehEntered="6"/>
    <interval begin="2370.00" end="2400.00" id="D5_1_0" nVehContrib="2" flow="240.00" occupancy="1.58" speed="21.10" harmonicMeanSpeed="21.10" length="5.00" nVehEntered="2"/>
    <interval begin="2400.00" end="2430.00" id="D5_1_0" nVehContrib="7" flow="840.00" occupancy="5.90" speed="19.80" harmonicMeanSpeed="19.77" length="5.00" nVehEntered="7"/>
    <interval begin="2430.00" end="2460.00" id="D5_1_0" nVehContrib="1" flow="120.00" occupancy="0.83" speed="20.01" harmonicMeanSpeed="20.01" length="5.00" nVehEntered="1"/>
    <interval begin="2460.00" end="2490.00" id="D5_1_0" nVehContrib="7" flow="840.00" occupancy="5.65" speed="20.70" harmonicMeanSpeed="20.64" length="5.00" nVehEntered="7"/>
    <interval begin="2490.00" end="2520.00" id="D5_1_0" nVehContrib="1" flow="120.00" occupancy="0.76" speed="21.82" harmonicMeanSpeed="21.82" length="5.00" nVehEntered="1"/>
    <interval begin="2520.00" end="2550.00" id="D5_1_0" nVehContrib="7" flow="840.00" occupancy="5.70" speed="20.55" harmonicMeanSpeed="20.45" length="5.00" nVehEntered="7"/>
    <interval begin="2550.00" end="2580.00" id="D5_1_0" nVehContrib="4" flow="480.00" occupancy="3.29" speed="20.26" harmonicMeanSpeed="20.24" length="5.00" nVehEntered="4"/>
    <interval begin="2580.00" end="2610.00" id="D5_1_0" nVehContrib="5" flow="600.00" occupancy="4.04" speed="20.68" harmonicMeanSpeed="20.64" length="5.00" nVehEntered="5"/>
    <interval begin="2610.00" end="2640.00" id="D5_1_0" nVehContrib="6" flow="720.00" occupancy="5.25" speed="19.15" harmonicMeanSpeed="19.05" length="5.00" nVehEntered="6"/>
    <interval begin="2640.00" end="2670.00" id="D5_1_0" nVehContrib="2" flow="240.00" occupancy="1.58" speed="21.15" harmonicMeanSpeed="21.13" length="5.00" nVehEntered="2"/>
    <interval begin="2670.00" end="2700.00" id="D5_1_0" nVehContrib="6" flow="720.00" occupancy="5.47" speed="18.41" harmonicMeanSpeed="18.30" length="5.00" nVehEntered="6"/>
    <interval begin="2700.00" end="2730.00" id="D5_1_0" nVehContrib="1" flow="120.00" occupancy="0.93" speed="17.88" harmonicMeanSpeed="17.88" length="5.00" nVehEntered="1"/>
    <interval begin="2730.00" end="2760.00" id="D5_1_0" nVehContrib="8" flow="960.00" occupancy="6.50" speed="20.54" harmonicMeanSpeed="20.51" length="5.00" nVehEntered="8"/>
    <interval begin="2760.00" end="2790.00" id="D5_1_0" nVehContrib="1" flow="120.00" occupancy="0.87" speed="19.18" harmonicMeanSpeed="19.18" length="5.00" nVehEntered="1"/>
    <interval begin="2790.00" end="2820.00" id="D5_1_0" nVehContrib="7" flow="840.00" occupancy="5.58" speed="20.91" harmonicMeanSpeed="20.89" length="5.00" nVehEntered="7"/>
    <interval begin="2820.00" end="2850.00" id="D5_1_0" nVehContrib="3" flow="360.00" occupancy="2.66" speed="18.87" harmonicMeanSpeed="18.82" length="5.00" nVehEntered="3"/>
    <interval begin="2850.00" end="2880.00" id="D5_1_0" nVehContrib="5" flow="600.00" occupancy="4.18" speed="20.07" harmonicMeanSpeed="19.95" length="5.00" nVehEntered="5"/>
    <interval begin="2880.00" end="2910.00" id="D5_1_0" nVehContrib="6" flow="720.00" occupancy="5.01" speed="19.99" harmonicMeanSpeed="19.95" length="5.00" nVehEntered="6"/>
    <interval begin="2910.00" end="2940.00" id="D5_1_0" nVehContrib="3" flow="360.00" occupancy="2.38" speed="21.02" harmonicMeanSpeed="21.01" length="5.00" nVehEntered="3"/>
    <interval begin="2940.00" end="2970.00" id="D5_1_0" nVehContrib="8" flow="960.00" occupancy="6.62" speed="20.24" harmonicMeanSpeed="20.14" length="5.00" nVehEntered="8"/>
    <interval begin="2970.00" end="3000.00" id="D5_1_0" nVehContrib="1" flow="120.00" occupancy="0.86" speed="19.30" harmonicMeanSpeed="19.30" length="5.00" nVehEntered="1"/>
    <interval begin="3000.00" end="3030.00" id="D5_1_0" nVehContrib="6" flow="720.00" occupancy="4.93" speed="20.35" harmonicMeanSpeed="20.27" length="5.00" nVehEntered="6"/>
    <interval begin="3030.00" end="3060.00" id="D5_1_0" nVehContrib="1" flow="120.00" occupancy="0.86" speed="19.30" harmonicMeanSpeed="19.30" length="5.00" nVehEntered="1"/>
    <interval begin="3060.00" end="3090.00" id="D5_1_0" nVehContrib="7" flow="840.00" occupancy="5.85" speed="19.95" harmonicMeanSpeed="19.93" length="5.00" nVehEntered="7"/>
    <interval begin="3090.00" end="3120.00" id="D5_1_0" nVehContrib="3" flow="360.00" occupancy="2.63" speed="19.05" harmonicMeanSpeed="18.99" length="5.00" nVehEntered="3"/>
    <interval begin="3120.00" end="3150.00" id="D5_1_0" nVehContrib="5" flow="600.00" occupancy="4.18" speed="20.04" harmonicMeanSpeed="19.93" length="5.00" nVehEntered="5"/>
    <interval begin="3150.00" end="3180.00" id="D5_1_0" nVehContrib="7" flow="840.00" occupancy="5.77" speed="20.26" harmonicMeanSpeed="20.24" length="5.00" nVehEntered="7"/>
    <interval begin="3180.00" end="3210.00" id="D5_1_0" nVehContrib="1" flow="120.00" occupancy="0.78" speed="21.42" harmonicMeanSpeed="21.42" length="5.00" nVehEntered="1"/>
    <interval begin="3210.00" end="3240.00" id="D5_1_0" nVehContrib="7" flow="840.00" occupancy="5.66" speed="20.66" harmonicMeanSpeed="20.60" length="5.00" nVehEntered="7"/>
    <interval begin="3240.00" end="3270.00" id="D5_1_0" nVehContrib="1" flow="120.00" occupancy="0.87" speed="19.06" harmonicMeanSpeed="19.06" length="5.00" nVehEntered="1"/>
    <interval begin="3270.00" end="3300.00" id="D5_1_0" nVehContrib="6" flow="720.00" occupancy="4.92" speed="20.32" harmonicMeanSpeed="20.32" length="5.00" nVehEntered="6"/>
    <interval begin="3300.00" end="3330.00" id="D5_1_0" nVehContrib="2" flow="240.00" occupancy="1.68" speed="19.87" harmonicMeanSpeed="19.86" length="5.00" nVehEntered="2"/>
    <interval begin="3330.00" end="3360.00" id="D5_1_0" nVehContrib="7" flow="840.00" occupancy="5.66" speed="20.65" harmonicMeanSpeed="20.62" length="5.00" nVehEntered="7"/>
    <interval begin="3360.00" end="3390.00" id="D5_1_0" nVehContrib="2" flow="240.00" occupancy="1.71" speed="19.54" harmonicMeanSpeed="19.54" length="5.00" nVehEntered="2"/>
    <interval begin="3390.00" end="3420.00" id="D5_1_0" nVehContrib="6" flow="720.00" occupancy="4.99" speed="20.06" harmonicMeanSpeed="20.04" length="5.00" nVehEntered="6"/>
    <interval begin="3420.00" end="3450.00" id="D5_1_0" nVehContrib="6" flow="720.00" occupancy="4.95" speed="20.26" harmonicMeanSpeed="20.22" length="5.00" nVehEntered="6"/>
    <interval begin="3450.00" end="3480.00" id="D5_1_0" nVehContrib="1" flow="120.00" occupancy="0.78" speed="21.35" harmonicMeanSpeed="21.35" length="5.00" nVehEntered="1"/>
    <interval begin="3480.00" end="3510.00" id="D5_1_0" nVehContrib="8" flow="960.00" occupancy="6.76" speed="19.77" harmonicMeanSpeed="19.73" length="5.00" nVehEntered="8"/>
    <interval begin="3510.00" end="3540.00" id="D5_1_0" nVehContrib="1" flow="120.00" occupancy="0.81" speed="20.70" harmonicMeanSpeed="20.70" length="5.00" nVehEntered="1"/>
    <interval begin="3540.00" end="3570.00" id="D5_1_0" nVehContrib="8" flow="960.00" occupancy="6.88" speed="19.47" harmonicMeanSpeed="19.38" length="5.00" nVehEntered="8"/>
    <interval begin="3570.00" end="3594.00" id="D5_1_0" nVehContrib="2" flow="300.00" occupancy="2.04" speed="20.47" harmonicMeanSpeed="20.43" length="5.00" nVehEntered="2"/>
</detector>
