<?xml version="1.0" encoding="UTF-8"?>

<!-- generated on 01/27/20 08:48:22 by Eclipse SUMO Version 1.3.1
<configuration xmlns:xsi="http://www.w3.org/2001/XMLSchema-instance" xsi:noNamespaceSchemaLocation="http://sumo.dlr.de/xsd/sumoConfiguration.xsd">

    <input>
        <net-file value="gnet.net.xml"/>
        <route-files value="grou.rou.xml"/>
        <additional-files value="gadd.additional.xml"/>
    </input>

    <output>
        <queue-output value="Queue.xml"/>
        <summary-output value="Summary.xml"/>
        <tripinfo-output value="output-tripinfos.xml"/>
    </output>

    <time>
        <begin value="0"/>
        <end value="3600"/>
    </time>

    <processing>
        <time-to-teleport value="3600"/>
    </processing>

    <traci_server>
        <remote-port value="12790"/>
    </traci_server>

    <gui_only>
        <gui-settings-file value="gview.view.xml"/>
        <quit-on-end value="true"/>
        <start value="true"/>
    </gui_only>

</configuration>
-->

<detector xmlns:xsi="http://www.w3.org/2001/XMLSchema-instance" xsi:noNamespaceSchemaLocation="http://sumo.dlr.de/xsd/det_e1_file.xsd">
    <interval begin="0.00" end="30.00" id="D6_1_1" nVehContrib="0" flow="0.00" occupancy="0.00" speed="-1.00" harmonicMeanSpeed="-1.00" length="-1.00" nVehEntered="0"/>
    <interval begin="30.00" end="60.00" id="D6_1_1" nVehContrib="2" flow="240.00" occupancy="18.45" speed="2.45" harmonicMeanSpeed="1.81" length="5.00" nVehEntered="2"/>
    <interval begin="60.00" end="90.00" id="D6_1_1" nVehContrib="3" flow="360.00" occupancy="6.90" speed="7.53" harmonicMeanSpeed="7.24" length="5.00" nVehEntered="3"/>
    <interval begin="90.00" end="120.00" id="D6_1_1" nVehContrib="7" flow="840.00" occupancy="17.68" speed="7.98" harmonicMeanSpeed="6.60" length="5.00" nVehEntered="7"/>
    <interval begin="120.00" end="150.00" id="D6_1_1" nVehContrib="0" flow="0.00" occupancy="0.00" speed="-1.00" harmonicMeanSpeed="-1.00" length="-1.00" nVehEntered="0"/>
    <interval begin="150.00" end="180.00" id="D6_1_1" nVehContrib="7" flow="840.00" occupancy="17.44" speed="8.27" harmonicMeanSpeed="6.69" length="5.00" nVehEntered="7"/>
    <interval begin="180.00" end="210.00" id="D6_1_1" nVehContrib="0" flow="0.00" occupancy="6.66" speed="-1.00" harmonicMeanSpeed="-1.00" length="-1.00" nVehEntered="1"/>
    <interval begin="210.00" end="240.00" id="D6_1_1" nVehContrib="7" flow="840.00" occupancy="12.80" speed="7.63" harmonicMeanSpeed="5.99" length="5.00" nVehEntered="6"/>
    <interval begin="240.00" end="270.00" id="D6_1_1" nVehContrib="4" flow="480.00" occupancy="15.18" speed="6.03" harmonicMeanSpeed="4.39" length="5.00" nVehEntered="4"/>
    <interval begin="270.00" end="300.00" id="D6_1_1" nVehContrib="3" flow="360.00" occupancy="5.45" speed="9.23" harmonicMeanSpeed="9.17" length="5.00" nVehEntered="3"/>
    <interval begin="300.00" end="330.00" id="D6_1_1" nVehContrib="7" flow="840.00" occupancy="16.78" speed="8.01" harmonicMeanSpeed="6.95" length="5.00" nVehEntered="7"/>
    <interval begin="330.00" end="360.00" id="D6_1_1" nVehContrib="0" flow="0.00" occupancy="0.00" speed="-1.00" harmonicMeanSpeed="-1.00" length="-1.00" nVehEntered="0"/>
    <interval begin="360.00" end="390.00" id="D6_1_1" nVehContrib="7" flow="840.00" occupancy="19.15" speed="7.73" harmonicMeanSpeed="6.09" length="5.00" nVehEntered="7"/>
    <interval begin="390.00" end="420.00" id="D6_1_1" nVehContrib="1" flow="120.00" occupancy="7.99" speed="2.09" harmonicMeanSpeed="2.09" length="5.00" nVehEntered="1"/>
    <interval begin="420.00" end="450.00" id="D6_1_1" nVehContrib="6" flow="720.00" occupancy="11.97" speed="9.01" harmonicMeanSpeed="8.36" length="5.00" nVehEntered="6"/>
    <interval begin="450.00" end="480.00" id="D6_1_1" nVehContrib="5" flow="600.00" occupancy="15.81" speed="7.15" harmonicMeanSpeed="5.27" length="5.00" nVehEntered="5"/>
    <interval begin="480.00" end="510.00" id="D6_1_1" nVehContrib="1" flow="120.00" occupancy="89.47" speed="7.49" harmonicMeanSpeed="7.49" length="5.00" nVehEntered="2"/>
    <interval begin="510.00" end="540.00" id="D6_1_1" nVehContrib="6" flow="720.00" occupancy="57.27" speed="4.51" harmonicMeanSpeed="0.69" length="5.00" nVehEntered="5"/>
    <interval begin="540.00" end="570.00" id="D6_1_1" nVehContrib="0" flow="0.00" occupancy="0.00" speed="-1.00" harmonicMeanSpeed="-1.00" length="-1.00" nVehEntered="0"/>
    <interval begin="570.00" end="600.00" id="D6_1_1" nVehContrib="6" flow="720.00" occupancy="30.04" speed="4.53" harmonicMeanSpeed="3.33" length="5.00" nVehEntered="6"/>
    <interval begin="600.00" end="630.00" id="D6_1_1" nVehContrib="1" flow="120.00" occupancy="13.47" speed="1.52" harmonicMeanSpeed="1.52" length="5.00" nVehEntered="2"/>
    <interval begin="630.00" end="660.00" id="D6_1_1" nVehContrib="5" flow="600.00" occupancy="7.32" speed="8.87" harmonicMeanSpeed="8.49" length="5.00" nVehEntered="4"/>
    <interval begin="660.00" end="690.00" id="D6_1_1" nVehContrib="4" flow="480.00" occupancy="26.79" speed="3.39" harmonicMeanSpeed="2.71" length="5.00" nVehEntered="5"/>
    <interval begin="690.00" end="720.00" id="D6_1_1" nVehContrib="2" flow="240.00" occupancy="3.17" speed="6.47" harmonicMeanSpeed="6.20" length="5.00" nVehEntered="1"/>
    <interval begin="720.00" end="750.00" id="D6_1_1" nVehContrib="4" flow="480.00" occupancy="19.11" speed="4.19" harmonicMeanSpeed="3.49" length="5.00" nVehEntered="5"/>
    <interval begin="750.00" end="780.00" id="D6_1_1" nVehContrib="0" flow="0.00" occupancy="0.00" speed="-1.00" harmonicMeanSpeed="-1.00" length="-1.00" nVehEntered="0"/>
    <interval begin="780.00" end="810.00" id="D6_1_1" nVehContrib="6" flow="720.00" occupancy="26.58" speed="4.63" harmonicMeanSpeed="3.76" length="5.00" nVehEntered="6"/>
    <interval begin="810.00" end="840.00" id="D6_1_1" nVehContrib="0" flow="0.00" occupancy="0.00" speed="-1.00" harmonicMeanSpeed="-1.00" length="-1.00" nVehEntered="0"/>
    <interval begin="840.00" end="870.00" id="D6_1_1" nVehContrib="4" flow="480.00" occupancy="29.01" speed="3.94" harmonicMeanSpeed="2.30" length="5.00" nVehEntered="4"/>
    <interval begin="870.00" end="900.00" id="D6_1_1" nVehContrib="2" flow="240.00" occupancy="9.17" speed="4.42" harmonicMeanSpeed="4.10" length="5.00" nVehEntered="3"/>
    <interval begin="900.00" end="930.00" id="D6_1_1" nVehContrib="5" flow="600.00" occupancy="8.32" speed="8.95" harmonicMeanSpeed="8.90" length="5.00" nVehEntered="4"/>
    <interval begin="930.00" end="960.00" id="D6_1_1" nVehContrib="4" flow="480.00" occupancy="28.18" speed="3.16" harmonicMeanSpeed="2.68" length="5.00" nVehEntered="5"/>
    <interval begin="960.00" end="990.00" id="D6_1_1" nVehContrib="2" flow="240.00" occupancy="5.56" speed="4.87" harmonicMeanSpeed="3.75" length="5.00" nVehEntered="1"/>
    <interval begin="990.00" end="1020.00" id="D6_1_1" nVehContrib="6" flow="720.00" occupancy="30.16" speed="4.63" harmonicMeanSpeed="3.32" length="5.00" nVehEntered="6"/>
    <interval begin="1020.00" end="1050.00" id="D6_1_1" nVehContrib="0" flow="0.00" occupancy="0.00" speed="-1.00" harmonicMeanSpeed="-1.00" length="-1.00" nVehEntered="0"/>
    <interval begin="1050.00" end="1080.00" id="D6_1_1" nVehContrib="7" flow="840.00" occupancy="26.93" speed="5.27" harmonicMeanSpeed="4.33" length="5.00" nVehEntered="7"/>
    <interval begin="1080.00" end="1110.00" id="D6_1_1" nVehContrib="0" flow="0.00" occupancy="0.00" speed="-1.00" harmonicMeanSpeed="-1.00" length="-1.00" nVehEntered="0"/>
    <interval begin="1110.00" end="1140.00" id="D6_1_1" nVehContrib="6" flow="720.00" occupancy="34.30" speed="3.77" harmonicMeanSpeed="2.92" length="5.00" nVehEntered="6"/>
    <interval begin="1140.00" end="1170.00" id="D6_1_1" nVehContrib="2" flow="240.00" occupancy="13.64" speed="2.58" harmonicMeanSpeed="2.44" length="5.00" nVehEntered="2"/>
    <interval begin="1170.00" end="1200.00" id="D6_1_1" nVehContrib="4" flow="480.00" occupancy="9.52" speed="7.09" harmonicMeanSpeed="7.01" length="5.00" nVehEntered="4"/>
    <interval begin="1200.00" end="1230.00" id="D6_1_1" nVehContrib="5" flow="600.00" occupancy="27.80" speed="3.73" harmonicMeanSpeed="3.00" length="5.00" nVehEntered="5"/>
    <interval begin="1230.00" end="1260.00" id="D6_1_1" nVehContrib="1" flow="120.00" occupancy="2.42" speed="6.89" harmonicMeanSpeed="6.89" length="5.00" nVehEntered="1"/>
    <interval begin="1260.00" end="1290.00" id="D6_1_1" nVehContrib="6" flow="720.00" occupancy="28.18" speed="5.41" harmonicMeanSpeed="3.55" length="5.00" nVehEntered="6"/>
    <interval begin="1290.00" end="1320.00" id="D6_1_1" nVehContrib="0" flow="0.00" occupancy="0.00" speed="-1.00" harmonicMeanSpeed="-1.00" length="-1.00" nVehEntered="0"/>
    <interval begin="1320.00" end="1350.00" id="D6_1_1" nVehContrib="6" flow="720.00" occupancy="26.20" speed="5.33" harmonicMeanSpeed="3.82" length="5.00" nVehEntered="6"/>
    <interval begin="1350.00" end="1380.00" id="D6_1_1" nVehContrib="0" flow="0.00" occupancy="0.00" speed="-1.00" harmonicMeanSpeed="-1.00" length="-1.00" nVehEntered="0"/>
    <interval begin="1380.00" end="1410.00" id="D6_1_1" nVehContrib="6" flow="720.00" occupancy="77.27" speed="5.05" harmonicMeanSpeed="4.18" length="5.00" nVehEntered="7"/>
    <interval begin="1410.00" end="1440.00" id="D6_1_1" nVehContrib="2" flow="240.00" occupancy="93.39" speed="1.04" harmonicMeanSpeed="0.23" length="5.00" nVehEntered="1"/>
    <interval begin="1440.00" end="1470.00" id="D6_1_1" nVehContrib="4" flow="480.00" occupancy="9.50" speed="7.15" harmonicMeanSpeed="7.02" length="5.00" nVehEntered="4"/>
    <interval begin="1470.00" end="1500.00" id="D6_1_1" nVehContrib="5" flow="600.00" occupancy="20.05" speed="5.62" harmonicMeanSpeed="4.16" length="5.00" nVehEntered="5"/>
    <interval begin="1500.00" end="1530.00" id="D6_1_1" nVehContrib="1" flow="120.00" occupancy="2.13" speed="7.84" harmonicMeanSpeed="7.84" length="5.00" nVehEntered="1"/>
    <interval begin="1530.00" end="1560.00" id="D6_1_1" nVehContrib="6" flow="720.00" occupancy="28.29" speed="4.50" harmonicMeanSpeed="3.53" length="5.00" nVehEntered="6"/>
    <interval begin="1560.00" end="1590.00" id="D6_1_1" nVehContrib="0" flow="0.00" occupancy="0.00" speed="-1.00" harmonicMeanSpeed="-1.00" length="-1.00" nVehEntered="0"/>
    <interval begin="1590.00" end="1620.00" id="D6_1_1" nVehContrib="6" flow="720.00" occupancy="30.30" speed="4.36" harmonicMeanSpeed="3.30" length="5.00" nVehEntered="6"/>
    <interval begin="1620.00" end="1650.00" id="D6_1_1" nVehContrib="0" flow="0.00" occupancy="0.00" speed="-1.00" harmonicMeanSpeed="-1.00" length="-1.00" nVehEntered="0"/>
    <interval begin="1650.00" end="1680.00" id="D6_1_1" nVehContrib="6" flow="720.00" occupancy="28.03" speed="5.34" harmonicMeanSpeed="3.57" length="5.00" nVehEntered="6"/>
    <interval begin="1680.00" end="1710.00" id="D6_1_1" nVehContrib="2" flow="240.00" occupancy="8.87" speed="4.09" harmonicMeanSpeed="3.76" length="5.00" nVehEntered="2"/>
    <interval begin="1710.00" end="1740.00" id="D6_1_1" nVehContrib="5" flow="600.00" occupancy="9.92" speed="8.47" harmonicMeanSpeed="8.40" length="5.00" nVehEntered="5"/>
    <interval begin="1740.00" end="1770.00" id="D6_1_1" nVehContrib="5" flow="600.00" occupancy="13.43" speed="7.55" harmonicMeanSpeed="6.20" length="5.00" nVehEntered="5"/>
    <interval begin="1770.00" end="1800.00" id="D6_1_1" nVehContrib="2" flow="240.00" occupancy="3.76" speed="8.99" harmonicMeanSpeed="8.86" length="5.00" nVehEntered="2"/>
    <interval begin="1800.00" end="1830.00" id="D6_1_1" nVehContrib="6" flow="720.00" occupancy="35.01" speed="3.71" harmonicMeanSpeed="2.86" length="5.00" nVehEntered="6"/>
    <interval begin="1830.00" end="1860.00" id="D6_1_1" nVehContrib="0" flow="0.00" occupancy="0.00" speed="-1.00" harmonicMeanSpeed="-1.00" length="-1.00" nVehEntered="0"/>
    <interval begin="1860.00" end="1890.00" id="D6_1_1" nVehContrib="5" flow="600.00" occupancy="30.81" speed="4.62" harmonicMeanSpeed="2.70" length="5.00" nVehEntered="5"/>
    <interval begin="1890.00" end="1920.00" id="D6_1_1" nVehContrib="0" flow="0.00" occupancy="0.00" speed="-1.00" harmonicMeanSpeed="-1.00" length="-1.00" nVehEntered="0"/>
    <interval begin="1920.00" end="1950.00" id="D6_1_1" nVehContrib="6" flow="720.00" occupancy="15.92" speed="7.26" harmonicMeanSpeed="6.28" length="5.00" nVehEntered="6"/>
    <interval begin="1950.00" end="1980.00" id="D6_1_1" nVehContrib="2" flow="240.00" occupancy="13.51" speed="2.60" harmonicMeanSpeed="2.47" length="5.00" nVehEntered="2"/>
    <interval begin="1980.00" end="2010.00" id="D6_1_1" nVehContrib="3" flow="360.00" occupancy="15.33" speed="3.70" harmonicMeanSpeed="3.26" length="5.00" nVehEntered="3"/>
    <interval begin="2010.00" end="2040.00" id="D6_1_1" nVehContrib="4" flow="480.00" occupancy="22.15" speed="3.25" harmonicMeanSpeed="3.01" length="5.00" nVehEntered="4"/>
    <interval begin="2040.00" end="2070.00" id="D6_1_1" nVehContrib="1" flow="120.00" occupancy="98.30" speed="2.01" harmonicMeanSpeed="2.01" length="5.00" nVehEntered="2"/>
    <interval begin="2070.00" end="2100.00" id="D6_1_1" nVehContrib="6" flow="720.00" occupancy="65.22" speed="5.47" harmonicMeanSpeed="0.64" length="5.00" nVehEntered="5"/>
    <interval begin="2100.00" end="2130.00" id="D6_1_1" nVehContrib="0" flow="0.00" occupancy="0.00" speed="-1.00" harmonicMeanSpeed="-1.00" length="-1.00" nVehEntered="0"/>
    <interval begin="2130.00" end="2160.00" id="D6_1_1" nVehContrib="6" flow="720.00" occupancy="29.75" speed="4.24" harmonicMeanSpeed="3.36" length="5.00" nVehEntered="6"/>
    <interval begin="2160.00" end="2190.00" id="D6_1_1" nVehContrib="0" flow="0.00" occupancy="0.00" speed="-1.00" harmonicMeanSpeed="-1.00" length="-1.00" nVehEntered="0"/>
    <interval begin="2190.00" end="2220.00" id="D6_1_1" nVehContrib="6" flow="720.00" occupancy="35.56" speed="3.66" harmonicMeanSpeed="2.81" length="5.00" nVehEntered="6"/>
    <interval begin="2220.00" end="2250.00" id="D6_1_1" nVehContrib="2" flow="240.00" occupancy="12.69" speed="2.75" harmonicMeanSpeed="2.63" length="5.00" nVehEntered="2"/>
    <interval begin="2250.00" end="2280.00" id="D6_1_1" nVehContrib="5" flow="600.00" occupancy="10.16" speed="8.48" harmonicMeanSpeed="8.20" length="5.00" nVehEntered="5"/>
    <interval begin="2280.00" end="2310.00" id="D6_1_1" nVehContrib="3" flow="360.00" occupancy="31.28" speed="3.01" harmonicMeanSpeed="2.03" length="5.00" nVehEntered="4"/>
    <interval begin="2310.00" end="2340.00" id="D6_1_1" nVehContrib="2" flow="240.00" occupancy="4.49" speed="3.80" harmonicMeanSpeed="2.99" length="5.00" nVehEntered="1"/>
    <interval begin="2340.00" end="2370.00" id="D6_1_1" nVehContrib="5" flow="600.00" occupancy="34.26" speed="3.73" harmonicMeanSpeed="3.02" length="5.00" nVehEntered="6"/>
    <interval begin="2370.00" end="2400.00" id="D6_1_1" nVehContrib="0" flow="0.00" occupancy="100.00" speed="-1.00" harmonicMeanSpeed="-1.00" length="-1.00" nVehEntered="0"/>
    <interval begin="2400.00" end="2430.00" id="D6_1_1" nVehContrib="6" flow="720.00" occupancy="35.44" speed="6.98" harmonicMeanSpeed="0.70" length="5.00" nVehEntered="5"/>
    <interval begin="2430.00" end="2460.00" id="D6_1_1" nVehContrib="0" flow="0.00" occupancy="0.00" speed="-1.00" harmonicMeanSpeed="-1.00" length="-1.00" nVehEntered="0"/>
    <interval begin="2460.00" end="2490.00" id="D6_1_1" nVehContrib="6" flow="720.00" occupancy="33.72" speed="3.68" harmonicMeanSpeed="2.97" length="5.00" nVehEntered="6"/>
    <interval begin="2490.00" end="2520.00" id="D6_1_1" nVehContrib="2" flow="240.00" occupancy="13.90" speed="2.56" harmonicMeanSpeed="2.40" length="5.00" nVehEntered="2"/>
    <interval begin="2520.00" end="2550.00" id="D6_1_1" nVehContrib="4" flow="480.00" occupancy="9.81" speed="6.94" harmonicMeanSpeed="6.80" length="5.00" nVehEntered="4"/>
    <interval begin="2550.00" end="2580.00" id="D6_1_1" nVehContrib="5" flow="600.00" occupancy="28.29" speed="3.51" harmonicMeanSpeed="2.95" length="5.00" nVehEntered="5"/>
    <interval begin="2580.00" end="2610.00" id="D6_1_1" nVehContrib="1" flow="120.00" occupancy="7.71" speed="2.16" harmonicMeanSpeed="2.16" length="5.00" nVehEntered="1"/>
    <interval begin="2610.00" end="2640.00" id="D6_1_1" nVehContrib="7" flow="840.00" occupancy="26.78" speed="5.75" harmonicMeanSpeed="4.36" length="5.00" nVehEntered="7"/>
    <interval begin="2640.00" end="2670.00" id="D6_1_1" nVehContrib="0" flow="0.00" occupancy="0.00" speed="-1.00" harmonicMeanSpeed="-1.00" length="-1.00" nVehEntered="0"/>
    <interval begin="2670.00" end="2700.00" id="D6_1_1" nVehContrib="7" flow="840.00" occupancy="17.78" speed="7.57" harmonicMeanSpeed="6.56" length="5.00" nVehEntered="7"/>
    <interval begin="2700.00" end="2730.00" id="D6_1_1" nVehContrib="0" flow="0.00" occupancy="0.00" speed="-1.00" harmonicMeanSpeed="-1.00" length="-1.00" nVehEntered="0"/>
    <interval begin="2730.00" end="2760.00" id="D6_1_1" nVehContrib="6" flow="720.00" occupancy="30.52" speed="4.22" harmonicMeanSpeed="3.28" length="5.00" nVehEntered="6"/>
    <interval begin="2760.00" end="2790.00" id="D6_1_1" nVehContrib="2" flow="240.00" occupancy="18.18" speed="1.88" harmonicMeanSpeed="1.83" length="5.00" nVehEntered="2"/>
    <interval begin="2790.00" end="2820.00" id="D6_1_1" nVehContrib="4" flow="480.00" occupancy="9.90" speed="7.04" harmonicMeanSpeed="6.74" length="5.00" nVehEntered="4"/>
    <interval begin="2820.00" end="2850.00" id="D6_1_1" nVehContrib="4" flow="480.00" occupancy="27.52" speed="3.25" harmonicMeanSpeed="2.60" length="5.00" nVehEntered="5"/>
    <interval begin="2850.00" end="2880.00" id="D6_1_1" nVehContrib="2" flow="240.00" occupancy="9.48" speed="3.71" harmonicMeanSpeed="2.95" length="5.00" nVehEntered="1"/>
    <interval begin="2880.00" end="2910.00" id="D6_1_1" nVehContrib="6" flow="720.00" occupancy="27.60" speed="4.82" harmonicMeanSpeed="3.62" length="5.00" nVehEntered="6"/>
    <interval begin="2910.00" end="2940.00" id="D6_1_1" nVehContrib="0" flow="0.00" occupancy="0.00" speed="-1.00" harmonicMeanSpeed="-1.00" length="-1.00" nVehEntered="0"/>
    <interval begin="2940.00" end="2970.00" id="D6_1_1" nVehContrib="6" flow="720.00" occupancy="25.52" speed="6.05" harmonicMeanSpeed="3.92" length="5.00" nVehEntered="6"/>
    <interval begin="2970.00" end="3000.00" id="D6_1_1" nVehContrib="0" flow="0.00" occupancy="0.00" speed="-1.00" harmonicMeanSpeed="-1.00" length="-1.00" nVehEntered="0"/>
    <interval begin="3000.00" end="3030.00" id="D6_1_1" nVehContrib="6" flow="720.00" occupancy="33.19" speed="3.81" harmonicMeanSpeed="3.01" length="5.00" nVehEntered="6"/>
    <interval begin="3030.00" end="3060.00" id="D6_1_1" nVehContrib="2" flow="240.00" occupancy="13.19" speed="2.66" harmonicMeanSpeed="2.53" length="5.00" nVehEntered="2"/>
    <interval begin="3060.00" end="3090.00" id="D6_1_1" nVehContrib="5" flow="600.00" occupancy="12.09" speed="7.16" harmonicMeanSpeed="6.89" length="5.00" nVehEntered="5"/>
    <interval begin="3090.00" end="3120.00" id="D6_1_1" nVehContrib="4" flow="480.00" occupancy="24.19" speed="4.34" harmonicMeanSpeed="2.87" length="5.00" nVehEntered="5"/>
    <interval begin="3120.00" end="3150.00" id="D6_1_1" nVehContrib="2" flow="240.00" occupancy="3.55" speed="7.38" harmonicMeanSpeed="7.33" length="5.00" nVehEntered="1"/>
    <interval begin="3150.00" end="3180.00" id="D6_1_1" nVehContrib="6" flow="720.00" occupancy="35.56" speed="3.58" harmonicMeanSpeed="2.81" length="5.00" nVehEntered="6"/>
    <interval begin="3180.00" end="3210.00" id="D6_1_1" nVehContrib="0" flow="0.00" occupancy="0.00" speed="-1.00" harmonicMeanSpeed="-1.00" length="-1.00" nVehEntered="0"/>
    <interval begin="3210.00" end="3240.00" id="D6_1_1" nVehContrib="6" flow="720.00" occupancy="26.30" speed="5.10" harmonicMeanSpeed="3.80" length="5.00" nVehEntered="6"/>
    <interval begin="3240.00" end="3270.00" id="D6_1_1" nVehContrib="0" flow="0.00" occupancy="0.00" speed="-1.00" harmonicMeanSpeed="-1.00" length="-1.00" nVehEntered="0"/>
    <interval begin="3270.00" end="3300.00" id="D6_1_1" nVehContrib="6" flow="720.00" occupancy="15.20" speed="7.72" harmonicMeanSpeed="6.58" length="5.00" nVehEntered="6"/>
    <interval begin="3300.00" end="3330.00" id="D6_1_1" nVehContrib="2" flow="240.00" occupancy="12.75" speed="2.76" harmonicMeanSpeed="2.62" length="5.00" nVehEntered="2"/>
    <interval begin="3330.00" end="3360.00" id="D6_1_1" nVehContrib="3" flow="360.00" occupancy="88.67" speed="4.14" harmonicMeanSpeed="3.26" length="5.00" nVehEntered="4"/>
    <interval begin="3360.00" end="3390.00" id="D6_1_1" nVehContrib="4" flow="480.00" occupancy="82.19" speed="2.92" harmonicMeanSpeed="0.43" length="5.00" nVehEntered="3"/>
    <interval begin="3390.00" end="3420.00" id="D6_1_1" nVehContrib="2" flow="240.00" occupancy="4.62" speed="7.36" harmonicMeanSpeed="7.22" length="5.00" nVehEntered="2"/>
    <interval begin="3420.00" end="3450.00" id="D6_1_1" nVehContrib="5" flow="600.00" occupancy="30.63" speed="4.13" harmonicMeanSpeed="3.48" length="5.00" nVehEntered="6"/>
    <interval begin="3450.00" end="3480.00" id="D6_1_1" nVehContrib="0" flow="0.00" occupancy="100.00" speed="-1.00" harmonicMeanSpeed="-1.00" length="-1.00" nVehEntered="0"/>
    <interval begin="3480.00" end="3510.00" id="D6_1_1" nVehContrib="6" flow="720.00" occupancy="44.21" speed="5.00" harmonicMeanSpeed="0.66" length="5.00" nVehEntered="5"/>
    <interval begin="3510.00" end="3540.00" id="D6_1_1" nVehContrib="0" flow="0.00" occupancy="0.00" speed="-1.00" harmonicMeanSpeed="-1.00" length="-1.00" nVehEntered="0"/>
    <interval begin="3540.00" end="3570.00" id="D6_1_1" nVehContrib="5" flow="600.00" occupancy="22.59" speed="5.21" harmonicMeanSpeed="3.69" length="5.00" nVehEntered="5"/>
    <interval begin="3570.00" end="3594.00" id="D6_1_1" nVehContrib="0" flow="0.00" occupancy="0.00" speed="-1.00" harmonicMeanSpeed="-1.00" length="-1.00" nVehEntered="0"/>
</detector>
