<?xml version="1.0" encoding="UTF-8"?>

<!-- generated on 01/27/20 08:48:22 by Eclipse SUMO Version 1.3.1
<configuration xmlns:xsi="http://www.w3.org/2001/XMLSchema-instance" xsi:noNamespaceSchemaLocation="http://sumo.dlr.de/xsd/sumoConfiguration.xsd">

    <input>
        <net-file value="gnet.net.xml"/>
        <route-files value="grou.rou.xml"/>
        <additional-files value="gadd.additional.xml"/>
    </input>

    <output>
        <queue-output value="Queue.xml"/>
        <summary-output value="Summary.xml"/>
        <tripinfo-output value="output-tripinfos.xml"/>
    </output>

    <time>
        <begin value="0"/>
        <end value="3600"/>
    </time>

    <processing>
        <time-to-teleport value="3600"/>
    </processing>

    <traci_server>
        <remote-port value="12790"/>
    </traci_server>

    <gui_only>
        <gui-settings-file value="gview.view.xml"/>
        <quit-on-end value="true"/>
        <start value="true"/>
    </gui_only>

</configuration>
-->

<detector xmlns:xsi="http://www.w3.org/2001/XMLSchema-instance" xsi:noNamespaceSchemaLocation="http://sumo.dlr.de/xsd/det_e1_file.xsd">
    <interval begin="0.00" end="30.00" id="D6_1_3" nVehContrib="1" flow="120.00" occupancy="1.76" speed="9.48" harmonicMeanSpeed="9.48" length="5.00" nVehEntered="1"/>
    <interval begin="30.00" end="60.00" id="D6_1_3" nVehContrib="0" flow="0.00" occupancy="0.00" speed="-1.00" harmonicMeanSpeed="-1.00" length="-1.00" nVehEntered="0"/>
    <interval begin="60.00" end="90.00" id="D6_1_3" nVehContrib="1" flow="120.00" occupancy="2.38" speed="7.00" harmonicMeanSpeed="7.00" length="5.00" nVehEntered="1"/>
    <interval begin="90.00" end="120.00" id="D6_1_3" nVehContrib="0" flow="0.00" occupancy="0.00" speed="-1.00" harmonicMeanSpeed="-1.00" length="-1.00" nVehEntered="0"/>
    <interval begin="120.00" end="150.00" id="D6_1_3" nVehContrib="2" flow="240.00" occupancy="8.66" speed="5.59" harmonicMeanSpeed="3.85" length="5.00" nVehEntered="2"/>
    <interval begin="150.00" end="180.00" id="D6_1_3" nVehContrib="1" flow="120.00" occupancy="1.74" speed="9.57" harmonicMeanSpeed="9.57" length="5.00" nVehEntered="1"/>
    <interval begin="180.00" end="210.00" id="D6_1_3" nVehContrib="0" flow="0.00" occupancy="0.00" speed="-1.00" harmonicMeanSpeed="-1.00" length="-1.00" nVehEntered="0"/>
    <interval begin="210.00" end="240.00" id="D6_1_3" nVehContrib="1" flow="120.00" occupancy="1.83" speed="9.12" harmonicMeanSpeed="9.12" length="5.00" nVehEntered="1"/>
    <interval begin="240.00" end="270.00" id="D6_1_3" nVehContrib="0" flow="0.00" occupancy="0.00" speed="-1.00" harmonicMeanSpeed="-1.00" length="-1.00" nVehEntered="0"/>
    <interval begin="270.00" end="300.00" id="D6_1_3" nVehContrib="2" flow="240.00" occupancy="8.69" speed="6.15" harmonicMeanSpeed="3.83" length="5.00" nVehEntered="2"/>
    <interval begin="300.00" end="330.00" id="D6_1_3" nVehContrib="0" flow="0.00" occupancy="0.00" speed="-1.00" harmonicMeanSpeed="-1.00" length="-1.00" nVehEntered="0"/>
    <interval begin="330.00" end="360.00" id="D6_1_3" nVehContrib="1" flow="120.00" occupancy="1.58" speed="10.56" harmonicMeanSpeed="10.56" length="5.00" nVehEntered="1"/>
    <interval begin="360.00" end="390.00" id="D6_1_3" nVehContrib="1" flow="120.00" occupancy="1.80" speed="9.26" harmonicMeanSpeed="9.26" length="5.00" nVehEntered="1"/>
    <interval begin="390.00" end="420.00" id="D6_1_3" nVehContrib="1" flow="120.00" occupancy="1.86" speed="8.97" harmonicMeanSpeed="8.97" length="5.00" nVehEntered="1"/>
    <interval begin="420.00" end="450.00" id="D6_1_3" nVehContrib="1" flow="120.00" occupancy="1.88" speed="8.88" harmonicMeanSpeed="8.88" length="5.00" nVehEntered="1"/>
    <interval begin="450.00" end="480.00" id="D6_1_3" nVehContrib="0" flow="0.00" occupancy="0.00" speed="-1.00" harmonicMeanSpeed="-1.00" length="-1.00" nVehEntered="0"/>
    <interval begin="480.00" end="510.00" id="D6_1_3" nVehContrib="1" flow="120.00" occupancy="2.13" speed="7.82" harmonicMeanSpeed="7.82" length="5.00" nVehEntered="1"/>
    <interval begin="510.00" end="540.00" id="D6_1_3" nVehContrib="0" flow="0.00" occupancy="6.63" speed="-1.00" harmonicMeanSpeed="-1.00" length="-1.00" nVehEntered="1"/>
    <interval begin="540.00" end="570.00" id="D6_1_3" nVehContrib="1" flow="120.00" occupancy="0.00" speed="2.51" harmonicMeanSpeed="2.51" length="5.00" nVehEntered="0"/>
    <interval begin="570.00" end="600.00" id="D6_1_3" nVehContrib="2" flow="240.00" occupancy="6.62" speed="7.12" harmonicMeanSpeed="5.03" length="5.00" nVehEntered="2"/>
    <interval begin="600.00" end="630.00" id="D6_1_3" nVehContrib="0" flow="0.00" occupancy="0.00" speed="-1.00" harmonicMeanSpeed="-1.00" length="-1.00" nVehEntered="0"/>
    <interval begin="630.00" end="660.00" id="D6_1_3" nVehContrib="1" flow="120.00" occupancy="3.44" speed="4.84" harmonicMeanSpeed="4.84" length="5.00" nVehEntered="1"/>
    <interval begin="660.00" end="690.00" id="D6_1_3" nVehContrib="0" flow="0.00" occupancy="0.00" speed="-1.00" harmonicMeanSpeed="-1.00" length="-1.00" nVehEntered="0"/>
    <interval begin="690.00" end="720.00" id="D6_1_3" nVehContrib="1" flow="120.00" occupancy="6.89" speed="2.42" harmonicMeanSpeed="2.42" length="5.00" nVehEntered="1"/>
    <interval begin="720.00" end="750.00" id="D6_1_3" nVehContrib="0" flow="0.00" occupancy="40.00" speed="-1.00" harmonicMeanSpeed="-1.00" length="-1.00" nVehEntered="1"/>
    <interval begin="750.00" end="780.00" id="D6_1_3" nVehContrib="3" flow="360.00" occupancy="9.00" speed="6.29" harmonicMeanSpeed="1.02" length="5.00" nVehEntered="2"/>
    <interval begin="780.00" end="810.00" id="D6_1_3" nVehContrib="0" flow="0.00" occupancy="0.00" speed="-1.00" harmonicMeanSpeed="-1.00" length="-1.00" nVehEntered="0"/>
    <interval begin="810.00" end="840.00" id="D6_1_3" nVehContrib="0" flow="0.00" occupancy="0.00" speed="-1.00" harmonicMeanSpeed="-1.00" length="-1.00" nVehEntered="0"/>
    <interval begin="840.00" end="870.00" id="D6_1_3" nVehContrib="0" flow="0.00" occupancy="0.00" speed="-1.00" harmonicMeanSpeed="-1.00" length="-1.00" nVehEntered="0"/>
    <interval begin="870.00" end="900.00" id="D6_1_3" nVehContrib="0" flow="0.00" occupancy="0.00" speed="-1.00" harmonicMeanSpeed="-1.00" length="-1.00" nVehEntered="0"/>
    <interval begin="900.00" end="930.00" id="D6_1_3" nVehContrib="2" flow="240.00" occupancy="3.83" speed="8.75" harmonicMeanSpeed="8.71" length="5.00" nVehEntered="2"/>
    <interval begin="930.00" end="960.00" id="D6_1_3" nVehContrib="0" flow="0.00" occupancy="0.00" speed="-1.00" harmonicMeanSpeed="-1.00" length="-1.00" nVehEntered="0"/>
    <interval begin="960.00" end="990.00" id="D6_1_3" nVehContrib="1" flow="120.00" occupancy="1.97" speed="8.45" harmonicMeanSpeed="8.45" length="5.00" nVehEntered="1"/>
    <interval begin="990.00" end="1020.00" id="D6_1_3" nVehContrib="0" flow="0.00" occupancy="0.00" speed="-1.00" harmonicMeanSpeed="-1.00" length="-1.00" nVehEntered="0"/>
    <interval begin="1020.00" end="1050.00" id="D6_1_3" nVehContrib="1" flow="120.00" occupancy="6.40" speed="2.60" harmonicMeanSpeed="2.60" length="5.00" nVehEntered="1"/>
    <interval begin="1050.00" end="1080.00" id="D6_1_3" nVehContrib="2" flow="240.00" occupancy="6.53" speed="6.11" harmonicMeanSpeed="5.10" length="5.00" nVehEntered="2"/>
    <interval begin="1080.00" end="1110.00" id="D6_1_3" nVehContrib="0" flow="0.00" occupancy="0.00" speed="-1.00" harmonicMeanSpeed="-1.00" length="-1.00" nVehEntered="0"/>
    <interval begin="1110.00" end="1140.00" id="D6_1_3" nVehContrib="0" flow="0.00" occupancy="0.71" speed="-1.00" harmonicMeanSpeed="-1.00" length="-1.00" nVehEntered="1"/>
    <interval begin="1140.00" end="1170.00" id="D6_1_3" nVehContrib="2" flow="240.00" occupancy="3.27" speed="8.37" harmonicMeanSpeed="8.37" length="5.00" nVehEntered="1"/>
    <interval begin="1170.00" end="1200.00" id="D6_1_3" nVehContrib="0" flow="0.00" occupancy="0.00" speed="-1.00" harmonicMeanSpeed="-1.00" length="-1.00" nVehEntered="0"/>
    <interval begin="1200.00" end="1230.00" id="D6_1_3" nVehContrib="0" flow="0.00" occupancy="0.00" speed="-1.00" harmonicMeanSpeed="-1.00" length="-1.00" nVehEntered="0"/>
    <interval begin="1230.00" end="1260.00" id="D6_1_3" nVehContrib="1" flow="120.00" occupancy="1.69" speed="9.85" harmonicMeanSpeed="9.85" length="5.00" nVehEntered="1"/>
    <interval begin="1260.00" end="1290.00" id="D6_1_3" nVehContrib="0" flow="0.00" occupancy="0.00" speed="-1.00" harmonicMeanSpeed="-1.00" length="-1.00" nVehEntered="0"/>
    <interval begin="1290.00" end="1320.00" id="D6_1_3" nVehContrib="4" flow="480.00" occupancy="8.82" speed="7.64" harmonicMeanSpeed="7.56" length="5.00" nVehEntered="4"/>
    <interval begin="1320.00" end="1350.00" id="D6_1_3" nVehContrib="1" flow="120.00" occupancy="6.52" speed="2.56" harmonicMeanSpeed="2.56" length="5.00" nVehEntered="1"/>
    <interval begin="1350.00" end="1380.00" id="D6_1_3" nVehContrib="1" flow="120.00" occupancy="1.81" speed="9.22" harmonicMeanSpeed="9.22" length="5.00" nVehEntered="1"/>
    <interval begin="1380.00" end="1410.00" id="D6_1_3" nVehContrib="0" flow="0.00" occupancy="0.00" speed="-1.00" harmonicMeanSpeed="-1.00" length="-1.00" nVehEntered="0"/>
    <interval begin="1410.00" end="1440.00" id="D6_1_3" nVehContrib="0" flow="0.00" occupancy="0.00" speed="-1.00" harmonicMeanSpeed="-1.00" length="-1.00" nVehEntered="0"/>
    <interval begin="1440.00" end="1470.00" id="D6_1_3" nVehContrib="1" flow="120.00" occupancy="1.75" speed="9.54" harmonicMeanSpeed="9.54" length="5.00" nVehEntered="1"/>
    <interval begin="1470.00" end="1500.00" id="D6_1_3" nVehContrib="0" flow="0.00" occupancy="0.00" speed="-1.00" harmonicMeanSpeed="-1.00" length="-1.00" nVehEntered="0"/>
    <interval begin="1500.00" end="1530.00" id="D6_1_3" nVehContrib="1" flow="120.00" occupancy="1.85" speed="9.01" harmonicMeanSpeed="9.01" length="5.00" nVehEntered="1"/>
    <interval begin="1530.00" end="1560.00" id="D6_1_3" nVehContrib="0" flow="0.00" occupancy="0.00" speed="-1.00" harmonicMeanSpeed="-1.00" length="-1.00" nVehEntered="0"/>
    <interval begin="1560.00" end="1590.00" id="D6_1_3" nVehContrib="0" flow="0.00" occupancy="0.00" speed="-1.00" harmonicMeanSpeed="-1.00" length="-1.00" nVehEntered="0"/>
    <interval begin="1590.00" end="1620.00" id="D6_1_3" nVehContrib="1" flow="120.00" occupancy="5.83" speed="2.86" harmonicMeanSpeed="2.86" length="5.00" nVehEntered="1"/>
    <interval begin="1620.00" end="1650.00" id="D6_1_3" nVehContrib="0" flow="0.00" occupancy="0.00" speed="-1.00" harmonicMeanSpeed="-1.00" length="-1.00" nVehEntered="0"/>
    <interval begin="1650.00" end="1680.00" id="D6_1_3" nVehContrib="2" flow="240.00" occupancy="3.59" speed="9.31" harmonicMeanSpeed="9.28" length="5.00" nVehEntered="2"/>
    <interval begin="1680.00" end="1710.00" id="D6_1_3" nVehContrib="0" flow="0.00" occupancy="0.00" speed="-1.00" harmonicMeanSpeed="-1.00" length="-1.00" nVehEntered="0"/>
    <interval begin="1710.00" end="1740.00" id="D6_1_3" nVehContrib="1" flow="120.00" occupancy="5.36" speed="3.11" harmonicMeanSpeed="3.11" length="5.00" nVehEntered="1"/>
    <interval begin="1740.00" end="1770.00" id="D6_1_3" nVehContrib="0" flow="0.00" occupancy="0.00" speed="-1.00" harmonicMeanSpeed="-1.00" length="-1.00" nVehEntered="0"/>
    <interval begin="1770.00" end="1800.00" id="D6_1_3" nVehContrib="2" flow="240.00" occupancy="4.21" speed="7.93" harmonicMeanSpeed="7.92" length="5.00" nVehEntered="2"/>
    <interval begin="1800.00" end="1830.00" id="D6_1_3" nVehContrib="0" flow="0.00" occupancy="0.00" speed="-1.00" harmonicMeanSpeed="-1.00" length="-1.00" nVehEntered="0"/>
    <interval begin="1830.00" end="1860.00" id="D6_1_3" nVehContrib="0" flow="0.00" occupancy="0.00" speed="-1.00" harmonicMeanSpeed="-1.00" length="-1.00" nVehEntered="0"/>
    <interval begin="1860.00" end="1890.00" id="D6_1_3" nVehContrib="0" flow="0.00" occupancy="0.00" speed="-1.00" harmonicMeanSpeed="-1.00" length="-1.00" nVehEntered="0"/>
    <interval begin="1890.00" end="1920.00" id="D6_1_3" nVehContrib="0" flow="0.00" occupancy="0.00" speed="-1.00" harmonicMeanSpeed="-1.00" length="-1.00" nVehEntered="0"/>
    <interval begin="1920.00" end="1950.00" id="D6_1_3" nVehContrib="1" flow="120.00" occupancy="4.21" speed="3.95" harmonicMeanSpeed="3.95" length="5.00" nVehEntered="1"/>
    <interval begin="1950.00" end="1980.00" id="D6_1_3" nVehContrib="1" flow="120.00" occupancy="1.85" speed="9.00" harmonicMeanSpeed="9.00" length="5.00" nVehEntered="1"/>
    <interval begin="1980.00" end="2010.00" id="D6_1_3" nVehContrib="2" flow="240.00" occupancy="5.77" speed="6.33" harmonicMeanSpeed="5.78" length="5.00" nVehEntered="2"/>
    <interval begin="2010.00" end="2040.00" id="D6_1_3" nVehContrib="0" flow="0.00" occupancy="0.00" speed="-1.00" harmonicMeanSpeed="-1.00" length="-1.00" nVehEntered="0"/>
    <interval begin="2040.00" end="2070.00" id="D6_1_3" nVehContrib="0" flow="0.00" occupancy="0.00" speed="-1.00" harmonicMeanSpeed="-1.00" length="-1.00" nVehEntered="0"/>
    <interval begin="2070.00" end="2100.00" id="D6_1_3" nVehContrib="0" flow="0.00" occupancy="0.00" speed="-1.00" harmonicMeanSpeed="-1.00" length="-1.00" nVehEntered="0"/>
    <interval begin="2100.00" end="2130.00" id="D6_1_3" nVehContrib="2" flow="240.00" occupancy="7.65" speed="5.48" harmonicMeanSpeed="4.36" length="5.00" nVehEntered="2"/>
    <interval begin="2130.00" end="2160.00" id="D6_1_3" nVehContrib="0" flow="0.00" occupancy="0.00" speed="-1.00" harmonicMeanSpeed="-1.00" length="-1.00" nVehEntered="0"/>
    <interval begin="2160.00" end="2190.00" id="D6_1_3" nVehContrib="2" flow="240.00" occupancy="3.83" speed="8.75" harmonicMeanSpeed="8.71" length="5.00" nVehEntered="2"/>
    <interval begin="2190.00" end="2220.00" id="D6_1_3" nVehContrib="0" flow="0.00" occupancy="0.00" speed="-1.00" harmonicMeanSpeed="-1.00" length="-1.00" nVehEntered="0"/>
    <interval begin="2220.00" end="2250.00" id="D6_1_3" nVehContrib="0" flow="0.00" occupancy="0.00" speed="-1.00" harmonicMeanSpeed="-1.00" length="-1.00" nVehEntered="0"/>
    <interval begin="2250.00" end="2280.00" id="D6_1_3" nVehContrib="1" flow="120.00" occupancy="6.64" speed="2.51" harmonicMeanSpeed="2.51" length="5.00" nVehEntered="1"/>
    <interval begin="2280.00" end="2310.00" id="D6_1_3" nVehContrib="0" flow="0.00" occupancy="0.00" speed="-1.00" harmonicMeanSpeed="-1.00" length="-1.00" nVehEntered="0"/>
    <interval begin="2310.00" end="2340.00" id="D6_1_3" nVehContrib="2" flow="240.00" occupancy="7.53" speed="5.20" harmonicMeanSpeed="4.43" length="5.00" nVehEntered="2"/>
    <interval begin="2340.00" end="2370.00" id="D6_1_3" nVehContrib="0" flow="0.00" occupancy="0.00" speed="-1.00" harmonicMeanSpeed="-1.00" length="-1.00" nVehEntered="0"/>
    <interval begin="2370.00" end="2400.00" id="D6_1_3" nVehContrib="0" flow="0.00" occupancy="0.00" speed="-1.00" harmonicMeanSpeed="-1.00" length="-1.00" nVehEntered="0"/>
    <interval begin="2400.00" end="2430.00" id="D6_1_3" nVehContrib="2" flow="240.00" occupancy="5.08" speed="6.73" harmonicMeanSpeed="6.56" length="5.00" nVehEntered="2"/>
    <interval begin="2430.00" end="2460.00" id="D6_1_3" nVehContrib="0" flow="0.00" occupancy="0.00" speed="-1.00" harmonicMeanSpeed="-1.00" length="-1.00" nVehEntered="0"/>
    <interval begin="2460.00" end="2490.00" id="D6_1_3" nVehContrib="0" flow="0.00" occupancy="0.00" speed="-1.00" harmonicMeanSpeed="-1.00" length="-1.00" nVehEntered="0"/>
    <interval begin="2490.00" end="2520.00" id="D6_1_3" nVehContrib="0" flow="0.00" occupancy="0.00" speed="-1.00" harmonicMeanSpeed="-1.00" length="-1.00" nVehEntered="0"/>
    <interval begin="2520.00" end="2550.00" id="D6_1_3" nVehContrib="0" flow="0.00" occupancy="0.00" speed="-1.00" harmonicMeanSpeed="-1.00" length="-1.00" nVehEntered="0"/>
    <interval begin="2550.00" end="2580.00" id="D6_1_3" nVehContrib="0" flow="0.00" occupancy="0.00" speed="-1.00" harmonicMeanSpeed="-1.00" length="-1.00" nVehEntered="0"/>
    <interval begin="2580.00" end="2610.00" id="D6_1_3" nVehContrib="3" flow="360.00" occupancy="6.26" speed="8.00" harmonicMeanSpeed="7.99" length="5.00" nVehEntered="3"/>
    <interval begin="2610.00" end="2640.00" id="D6_1_3" nVehContrib="0" flow="0.00" occupancy="0.00" speed="-1.00" harmonicMeanSpeed="-1.00" length="-1.00" nVehEntered="0"/>
    <interval begin="2640.00" end="2670.00" id="D6_1_3" nVehContrib="0" flow="0.00" occupancy="0.00" speed="-1.00" harmonicMeanSpeed="-1.00" length="-1.00" nVehEntered="0"/>
    <interval begin="2670.00" end="2700.00" id="D6_1_3" nVehContrib="2" flow="240.00" occupancy="8.27" speed="5.07" harmonicMeanSpeed="4.03" length="5.00" nVehEntered="2"/>
    <interval begin="2700.00" end="2730.00" id="D6_1_3" nVehContrib="0" flow="0.00" occupancy="0.00" speed="-1.00" harmonicMeanSpeed="-1.00" length="-1.00" nVehEntered="0"/>
    <interval begin="2730.00" end="2760.00" id="D6_1_3" nVehContrib="3" flow="360.00" occupancy="10.14" speed="6.81" harmonicMeanSpeed="4.93" length="5.00" nVehEntered="3"/>
    <interval begin="2760.00" end="2790.00" id="D6_1_3" nVehContrib="1" flow="120.00" occupancy="1.92" speed="8.70" harmonicMeanSpeed="8.70" length="5.00" nVehEntered="1"/>
    <interval begin="2790.00" end="2820.00" id="D6_1_3" nVehContrib="0" flow="0.00" occupancy="0.00" speed="-1.00" harmonicMeanSpeed="-1.00" length="-1.00" nVehEntered="0"/>
    <interval begin="2820.00" end="2850.00" id="D6_1_3" nVehContrib="0" flow="0.00" occupancy="0.00" speed="-1.00" harmonicMeanSpeed="-1.00" length="-1.00" nVehEntered="0"/>
    <interval begin="2850.00" end="2880.00" id="D6_1_3" nVehContrib="1" flow="120.00" occupancy="2.30" speed="7.24" harmonicMeanSpeed="7.24" length="5.00" nVehEntered="1"/>
    <interval begin="2880.00" end="2910.00" id="D6_1_3" nVehContrib="0" flow="0.00" occupancy="0.00" speed="-1.00" harmonicMeanSpeed="-1.00" length="-1.00" nVehEntered="0"/>
    <interval begin="2910.00" end="2940.00" id="D6_1_3" nVehContrib="0" flow="0.00" occupancy="0.00" speed="-1.00" harmonicMeanSpeed="-1.00" length="-1.00" nVehEntered="0"/>
    <interval begin="2940.00" end="2970.00" id="D6_1_3" nVehContrib="1" flow="120.00" occupancy="1.69" speed="9.88" harmonicMeanSpeed="9.88" length="5.00" nVehEntered="1"/>
    <interval begin="2970.00" end="3000.00" id="D6_1_3" nVehContrib="0" flow="0.00" occupancy="0.00" speed="-1.00" harmonicMeanSpeed="-1.00" length="-1.00" nVehEntered="0"/>
    <interval begin="3000.00" end="3030.00" id="D6_1_3" nVehContrib="1" flow="120.00" occupancy="5.56" speed="3.00" harmonicMeanSpeed="3.00" length="5.00" nVehEntered="1"/>
    <interval begin="3030.00" end="3060.00" id="D6_1_3" nVehContrib="0" flow="0.00" occupancy="0.00" speed="-1.00" harmonicMeanSpeed="-1.00" length="-1.00" nVehEntered="0"/>
    <interval begin="3060.00" end="3090.00" id="D6_1_3" nVehContrib="1" flow="120.00" occupancy="1.70" speed="9.79" harmonicMeanSpeed="9.79" length="5.00" nVehEntered="1"/>
    <interval begin="3090.00" end="3120.00" id="D6_1_3" nVehContrib="0" flow="0.00" occupancy="0.00" speed="-1.00" harmonicMeanSpeed="-1.00" length="-1.00" nVehEntered="0"/>
    <interval begin="3120.00" end="3150.00" id="D6_1_3" nVehContrib="2" flow="240.00" occupancy="5.19" speed="6.43" harmonicMeanSpeed="6.43" length="5.00" nVehEntered="2"/>
    <interval begin="3150.00" end="3180.00" id="D6_1_3" nVehContrib="0" flow="0.00" occupancy="0.00" speed="-1.00" harmonicMeanSpeed="-1.00" length="-1.00" nVehEntered="0"/>
    <interval begin="3180.00" end="3210.00" id="D6_1_3" nVehContrib="1" flow="120.00" occupancy="1.85" speed="9.03" harmonicMeanSpeed="9.03" length="5.00" nVehEntered="1"/>
    <interval begin="3210.00" end="3240.00" id="D6_1_3" nVehContrib="1" flow="120.00" occupancy="2.48" speed="6.73" harmonicMeanSpeed="6.73" length="5.00" nVehEntered="1"/>
    <interval begin="3240.00" end="3270.00" id="D6_1_3" nVehContrib="0" flow="0.00" occupancy="0.00" speed="-1.00" harmonicMeanSpeed="-1.00" length="-1.00" nVehEntered="0"/>
    <interval begin="3270.00" end="3300.00" id="D6_1_3" nVehContrib="2" flow="240.00" occupancy="4.74" speed="7.51" harmonicMeanSpeed="7.04" length="5.00" nVehEntered="2"/>
    <interval begin="3300.00" end="3330.00" id="D6_1_3" nVehContrib="0" flow="0.00" occupancy="0.00" speed="-1.00" harmonicMeanSpeed="-1.00" length="-1.00" nVehEntered="0"/>
    <interval begin="3330.00" end="3360.00" id="D6_1_3" nVehContrib="2" flow="240.00" occupancy="6.58" speed="6.00" harmonicMeanSpeed="5.06" length="5.00" nVehEntered="2"/>
    <interval begin="3360.00" end="3390.00" id="D6_1_3" nVehContrib="0" flow="0.00" occupancy="0.00" speed="-1.00" harmonicMeanSpeed="-1.00" length="-1.00" nVehEntered="0"/>
    <interval begin="3390.00" end="3420.00" id="D6_1_3" nVehContrib="0" flow="0.00" occupancy="0.00" speed="-1.00" harmonicMeanSpeed="-1.00" length="-1.00" nVehEntered="0"/>
    <interval begin="3420.00" end="3450.00" id="D6_1_3" nVehContrib="0" flow="0.00" occupancy="0.00" speed="-1.00" harmonicMeanSpeed="-1.00" length="-1.00" nVehEntered="0"/>
    <interval begin="3450.00" end="3480.00" id="D6_1_3" nVehContrib="2" flow="240.00" occupancy="8.68" speed="5.26" harmonicMeanSpeed="3.84" length="5.00" nVehEntered="2"/>
    <interval begin="3480.00" end="3510.00" id="D6_1_3" nVehContrib="1" flow="120.00" occupancy="1.71" speed="9.72" harmonicMeanSpeed="9.72" length="5.00" nVehEntered="1"/>
    <interval begin="3510.00" end="3540.00" id="D6_1_3" nVehContrib="1" flow="120.00" occupancy="1.91" speed="8.71" harmonicMeanSpeed="8.71" length="5.00" nVehEntered="1"/>
    <interval begin="3540.00" end="3570.00" id="D6_1_3" nVehContrib="0" flow="0.00" occupancy="0.00" speed="-1.00" harmonicMeanSpeed="-1.00" length="-1.00" nVehEntered="0"/>
    <interval begin="3570.00" end="3594.00" id="D6_1_3" nVehContrib="0" flow="0.00" occupancy="0.00" speed="-1.00" harmonicMeanSpeed="-1.00" length="-1.00" nVehEntered="0"/>
</detector>
