<?xml version="1.0" encoding="UTF-8"?>

<!-- generated on 01/27/20 08:48:22 by Eclipse SUMO Version 1.3.1
<configuration xmlns:xsi="http://www.w3.org/2001/XMLSchema-instance" xsi:noNamespaceSchemaLocation="http://sumo.dlr.de/xsd/sumoConfiguration.xsd">

    <input>
        <net-file value="gnet.net.xml"/>
        <route-files value="grou.rou.xml"/>
        <additional-files value="gadd.additional.xml"/>
    </input>

    <output>
        <queue-output value="Queue.xml"/>
        <summary-output value="Summary.xml"/>
        <tripinfo-output value="output-tripinfos.xml"/>
    </output>

    <time>
        <begin value="0"/>
        <end value="3600"/>
    </time>

    <processing>
        <time-to-teleport value="3600"/>
    </processing>

    <traci_server>
        <remote-port value="12790"/>
    </traci_server>

    <gui_only>
        <gui-settings-file value="gview.view.xml"/>
        <quit-on-end value="true"/>
        <start value="true"/>
    </gui_only>

</configuration>
-->

<detector xmlns:xsi="http://www.w3.org/2001/XMLSchema-instance" xsi:noNamespaceSchemaLocation="http://sumo.dlr.de/xsd/det_e1_file.xsd">
    <interval begin="0.00" end="30.00" id="D6_1_2" nVehContrib="0" flow="0.00" occupancy="0.00" speed="-1.00" harmonicMeanSpeed="-1.00" length="-1.00" nVehEntered="0"/>
    <interval begin="30.00" end="60.00" id="D6_1_2" nVehContrib="2" flow="240.00" occupancy="18.29" speed="2.76" harmonicMeanSpeed="1.82" length="5.00" nVehEntered="2"/>
    <interval begin="60.00" end="90.00" id="D6_1_2" nVehContrib="3" flow="360.00" occupancy="5.96" speed="8.49" harmonicMeanSpeed="8.39" length="5.00" nVehEntered="3"/>
    <interval begin="90.00" end="120.00" id="D6_1_2" nVehContrib="6" flow="720.00" occupancy="14.66" speed="8.38" harmonicMeanSpeed="6.82" length="5.00" nVehEntered="6"/>
    <interval begin="120.00" end="150.00" id="D6_1_2" nVehContrib="0" flow="0.00" occupancy="0.00" speed="-1.00" harmonicMeanSpeed="-1.00" length="-1.00" nVehEntered="0"/>
    <interval begin="150.00" end="180.00" id="D6_1_2" nVehContrib="7" flow="840.00" occupancy="17.07" speed="7.97" harmonicMeanSpeed="6.83" length="5.00" nVehEntered="7"/>
    <interval begin="180.00" end="210.00" id="D6_1_2" nVehContrib="1" flow="120.00" occupancy="5.52" speed="3.02" harmonicMeanSpeed="3.02" length="5.00" nVehEntered="1"/>
    <interval begin="210.00" end="240.00" id="D6_1_2" nVehContrib="6" flow="720.00" occupancy="11.50" speed="9.11" harmonicMeanSpeed="8.69" length="5.00" nVehEntered="6"/>
    <interval begin="240.00" end="270.00" id="D6_1_2" nVehContrib="3" flow="360.00" occupancy="14.57" speed="4.69" harmonicMeanSpeed="3.78" length="5.00" nVehEntered="4"/>
    <interval begin="270.00" end="300.00" id="D6_1_2" nVehContrib="3" flow="360.00" occupancy="4.18" speed="9.12" harmonicMeanSpeed="9.03" length="5.00" nVehEntered="2"/>
    <interval begin="300.00" end="330.00" id="D6_1_2" nVehContrib="7" flow="840.00" occupancy="17.34" speed="8.23" harmonicMeanSpeed="6.73" length="5.00" nVehEntered="7"/>
    <interval begin="330.00" end="360.00" id="D6_1_2" nVehContrib="0" flow="0.00" occupancy="0.00" speed="-1.00" harmonicMeanSpeed="-1.00" length="-1.00" nVehEntered="0"/>
    <interval begin="360.00" end="390.00" id="D6_1_2" nVehContrib="7" flow="840.00" occupancy="17.37" speed="7.57" harmonicMeanSpeed="6.72" length="5.00" nVehEntered="7"/>
    <interval begin="390.00" end="420.00" id="D6_1_2" nVehContrib="1" flow="120.00" occupancy="7.72" speed="2.16" harmonicMeanSpeed="2.16" length="5.00" nVehEntered="1"/>
    <interval begin="420.00" end="450.00" id="D6_1_2" nVehContrib="6" flow="720.00" occupancy="13.45" speed="7.98" harmonicMeanSpeed="7.43" length="5.00" nVehEntered="6"/>
    <interval begin="450.00" end="480.00" id="D6_1_2" nVehContrib="5" flow="600.00" occupancy="15.19" speed="6.94" harmonicMeanSpeed="5.82" length="5.00" nVehEntered="6"/>
    <interval begin="480.00" end="510.00" id="D6_1_2" nVehContrib="2" flow="240.00" occupancy="2.44" speed="10.07" harmonicMeanSpeed="10.03" length="5.00" nVehEntered="1"/>
    <interval begin="510.00" end="540.00" id="D6_1_2" nVehContrib="6" flow="720.00" occupancy="16.07" speed="7.56" harmonicMeanSpeed="6.22" length="5.00" nVehEntered="6"/>
    <interval begin="540.00" end="570.00" id="D6_1_2" nVehContrib="0" flow="0.00" occupancy="0.00" speed="-1.00" harmonicMeanSpeed="-1.00" length="-1.00" nVehEntered="0"/>
    <interval begin="570.00" end="600.00" id="D6_1_2" nVehContrib="6" flow="720.00" occupancy="17.83" speed="6.97" harmonicMeanSpeed="5.61" length="5.00" nVehEntered="6"/>
    <interval begin="600.00" end="630.00" id="D6_1_2" nVehContrib="2" flow="240.00" occupancy="10.29" speed="3.26" harmonicMeanSpeed="3.24" length="5.00" nVehEntered="2"/>
    <interval begin="630.00" end="660.00" id="D6_1_2" nVehContrib="4" flow="480.00" occupancy="74.90" speed="8.33" harmonicMeanSpeed="8.15" length="5.00" nVehEntered="5"/>
    <interval begin="660.00" end="690.00" id="D6_1_2" nVehContrib="5" flow="600.00" occupancy="74.06" speed="6.24" harmonicMeanSpeed="0.59" length="5.00" nVehEntered="4"/>
    <interval begin="690.00" end="720.00" id="D6_1_2" nVehContrib="1" flow="120.00" occupancy="1.78" speed="9.37" harmonicMeanSpeed="9.37" length="5.00" nVehEntered="1"/>
    <interval begin="720.00" end="750.00" id="D6_1_2" nVehContrib="6" flow="720.00" occupancy="18.79" speed="6.47" harmonicMeanSpeed="5.32" length="5.00" nVehEntered="7"/>
    <interval begin="750.00" end="780.00" id="D6_1_2" nVehContrib="0" flow="0.00" occupancy="0.00" speed="-1.00" harmonicMeanSpeed="-1.00" length="-1.00" nVehEntered="0"/>
    <interval begin="780.00" end="810.00" id="D6_1_2" nVehContrib="6" flow="720.00" occupancy="17.30" speed="7.02" harmonicMeanSpeed="5.78" length="5.00" nVehEntered="6"/>
    <interval begin="810.00" end="840.00" id="D6_1_2" nVehContrib="0" flow="0.00" occupancy="0.00" speed="-1.00" harmonicMeanSpeed="-1.00" length="-1.00" nVehEntered="0"/>
    <interval begin="840.00" end="870.00" id="D6_1_2" nVehContrib="5" flow="600.00" occupancy="25.04" speed="5.63" harmonicMeanSpeed="3.33" length="5.00" nVehEntered="5"/>
    <interval begin="870.00" end="900.00" id="D6_1_2" nVehContrib="2" flow="240.00" occupancy="8.88" speed="4.49" harmonicMeanSpeed="3.82" length="5.00" nVehEntered="3"/>
    <interval begin="900.00" end="930.00" id="D6_1_2" nVehContrib="5" flow="600.00" occupancy="8.97" speed="9.17" harmonicMeanSpeed="9.14" length="5.00" nVehEntered="4"/>
    <interval begin="930.00" end="960.00" id="D6_1_2" nVehContrib="5" flow="600.00" occupancy="14.48" speed="7.03" harmonicMeanSpeed="5.75" length="5.00" nVehEntered="5"/>
    <interval begin="960.00" end="990.00" id="D6_1_2" nVehContrib="2" flow="240.00" occupancy="5.30" speed="6.49" harmonicMeanSpeed="6.29" length="5.00" nVehEntered="2"/>
    <interval begin="990.00" end="1020.00" id="D6_1_2" nVehContrib="7" flow="840.00" occupancy="17.41" speed="7.76" harmonicMeanSpeed="6.70" length="5.00" nVehEntered="7"/>
    <interval begin="1020.00" end="1050.00" id="D6_1_2" nVehContrib="0" flow="0.00" occupancy="0.00" speed="-1.00" harmonicMeanSpeed="-1.00" length="-1.00" nVehEntered="0"/>
    <interval begin="1050.00" end="1080.00" id="D6_1_2" nVehContrib="7" flow="840.00" occupancy="17.27" speed="7.95" harmonicMeanSpeed="6.75" length="5.00" nVehEntered="7"/>
    <interval begin="1080.00" end="1110.00" id="D6_1_2" nVehContrib="0" flow="0.00" occupancy="0.00" speed="-1.00" harmonicMeanSpeed="-1.00" length="-1.00" nVehEntered="0"/>
    <interval begin="1110.00" end="1140.00" id="D6_1_2" nVehContrib="7" flow="840.00" occupancy="18.18" speed="7.61" harmonicMeanSpeed="6.42" length="5.00" nVehEntered="7"/>
    <interval begin="1140.00" end="1170.00" id="D6_1_2" nVehContrib="2" flow="240.00" occupancy="8.88" speed="4.34" harmonicMeanSpeed="3.76" length="5.00" nVehEntered="2"/>
    <interval begin="1170.00" end="1200.00" id="D6_1_2" nVehContrib="5" flow="600.00" occupancy="10.23" speed="8.40" harmonicMeanSpeed="8.15" length="5.00" nVehEntered="5"/>
    <interval begin="1200.00" end="1230.00" id="D6_1_2" nVehContrib="5" flow="600.00" occupancy="15.35" speed="6.81" harmonicMeanSpeed="5.43" length="5.00" nVehEntered="5"/>
    <interval begin="1230.00" end="1260.00" id="D6_1_2" nVehContrib="2" flow="240.00" occupancy="3.25" speed="10.32" harmonicMeanSpeed="10.27" length="5.00" nVehEntered="2"/>
    <interval begin="1260.00" end="1290.00" id="D6_1_2" nVehContrib="6" flow="720.00" occupancy="22.50" speed="6.85" harmonicMeanSpeed="4.44" length="5.00" nVehEntered="6"/>
    <interval begin="1290.00" end="1320.00" id="D6_1_2" nVehContrib="0" flow="0.00" occupancy="0.00" speed="-1.00" harmonicMeanSpeed="-1.00" length="-1.00" nVehEntered="0"/>
    <interval begin="1320.00" end="1350.00" id="D6_1_2" nVehContrib="6" flow="720.00" occupancy="16.97" speed="7.10" harmonicMeanSpeed="5.89" length="5.00" nVehEntered="6"/>
    <interval begin="1350.00" end="1380.00" id="D6_1_2" nVehContrib="0" flow="0.00" occupancy="0.00" speed="-1.00" harmonicMeanSpeed="-1.00" length="-1.00" nVehEntered="0"/>
    <interval begin="1380.00" end="1410.00" id="D6_1_2" nVehContrib="7" flow="840.00" occupancy="17.66" speed="7.74" harmonicMeanSpeed="6.61" length="5.00" nVehEntered="7"/>
    <interval begin="1410.00" end="1440.00" id="D6_1_2" nVehContrib="2" flow="240.00" occupancy="8.75" speed="4.40" harmonicMeanSpeed="3.81" length="5.00" nVehEntered="2"/>
    <interval begin="1440.00" end="1470.00" id="D6_1_2" nVehContrib="5" flow="600.00" occupancy="9.96" speed="8.92" harmonicMeanSpeed="8.36" length="5.00" nVehEntered="5"/>
    <interval begin="1470.00" end="1500.00" id="D6_1_2" nVehContrib="5" flow="600.00" occupancy="14.59" speed="6.70" harmonicMeanSpeed="5.71" length="5.00" nVehEntered="5"/>
    <interval begin="1500.00" end="1530.00" id="D6_1_2" nVehContrib="2" flow="240.00" occupancy="3.57" speed="9.45" harmonicMeanSpeed="9.34" length="5.00" nVehEntered="2"/>
    <interval begin="1530.00" end="1560.00" id="D6_1_2" nVehContrib="7" flow="840.00" occupancy="17.87" speed="7.72" harmonicMeanSpeed="6.53" length="5.00" nVehEntered="7"/>
    <interval begin="1560.00" end="1590.00" id="D6_1_2" nVehContrib="0" flow="0.00" occupancy="0.00" speed="-1.00" harmonicMeanSpeed="-1.00" length="-1.00" nVehEntered="0"/>
    <interval begin="1590.00" end="1620.00" id="D6_1_2" nVehContrib="6" flow="720.00" occupancy="17.76" speed="6.81" harmonicMeanSpeed="5.63" length="5.00" nVehEntered="6"/>
    <interval begin="1620.00" end="1650.00" id="D6_1_2" nVehContrib="0" flow="0.00" occupancy="0.00" speed="-1.00" harmonicMeanSpeed="-1.00" length="-1.00" nVehEntered="0"/>
    <interval begin="1650.00" end="1680.00" id="D6_1_2" nVehContrib="7" flow="840.00" occupancy="18.65" speed="7.68" harmonicMeanSpeed="6.26" length="5.00" nVehEntered="7"/>
    <interval begin="1680.00" end="1710.00" id="D6_1_2" nVehContrib="2" flow="240.00" occupancy="8.49" speed="4.58" harmonicMeanSpeed="4.09" length="5.00" nVehEntered="3"/>
    <interval begin="1710.00" end="1740.00" id="D6_1_2" nVehContrib="3" flow="360.00" occupancy="5.50" speed="8.64" harmonicMeanSpeed="8.56" length="5.00" nVehEntered="2"/>
    <interval begin="1740.00" end="1770.00" id="D6_1_2" nVehContrib="5" flow="600.00" occupancy="14.39" speed="7.26" harmonicMeanSpeed="5.79" length="5.00" nVehEntered="5"/>
    <interval begin="1770.00" end="1800.00" id="D6_1_2" nVehContrib="2" flow="240.00" occupancy="4.03" speed="8.29" harmonicMeanSpeed="8.26" length="5.00" nVehEntered="2"/>
    <interval begin="1800.00" end="1830.00" id="D6_1_2" nVehContrib="7" flow="840.00" occupancy="17.94" speed="7.55" harmonicMeanSpeed="6.50" length="5.00" nVehEntered="7"/>
    <interval begin="1830.00" end="1860.00" id="D6_1_2" nVehContrib="0" flow="0.00" occupancy="0.00" speed="-1.00" harmonicMeanSpeed="-1.00" length="-1.00" nVehEntered="0"/>
    <interval begin="1860.00" end="1890.00" id="D6_1_2" nVehContrib="5" flow="600.00" occupancy="21.41" speed="5.79" harmonicMeanSpeed="3.89" length="5.00" nVehEntered="5"/>
    <interval begin="1890.00" end="1920.00" id="D6_1_2" nVehContrib="0" flow="0.00" occupancy="0.00" speed="-1.00" harmonicMeanSpeed="-1.00" length="-1.00" nVehEntered="0"/>
    <interval begin="1920.00" end="1950.00" id="D6_1_2" nVehContrib="7" flow="840.00" occupancy="18.69" speed="7.65" harmonicMeanSpeed="6.24" length="5.00" nVehEntered="7"/>
    <interval begin="1950.00" end="1980.00" id="D6_1_2" nVehContrib="2" flow="240.00" occupancy="8.59" speed="4.54" harmonicMeanSpeed="3.88" length="5.00" nVehEntered="2"/>
    <interval begin="1980.00" end="2010.00" id="D6_1_2" nVehContrib="5" flow="600.00" occupancy="9.35" speed="9.03" harmonicMeanSpeed="8.92" length="5.00" nVehEntered="5"/>
    <interval begin="2010.00" end="2040.00" id="D6_1_2" nVehContrib="4" flow="480.00" occupancy="12.96" speed="5.99" harmonicMeanSpeed="5.14" length="5.00" nVehEntered="4"/>
    <interval begin="2040.00" end="2070.00" id="D6_1_2" nVehContrib="1" flow="120.00" occupancy="91.69" speed="10.07" harmonicMeanSpeed="10.07" length="5.00" nVehEntered="2"/>
    <interval begin="2070.00" end="2100.00" id="D6_1_2" nVehContrib="6" flow="720.00" occupancy="55.62" speed="7.36" harmonicMeanSpeed="0.69" length="5.00" nVehEntered="5"/>
    <interval begin="2100.00" end="2130.00" id="D6_1_2" nVehContrib="0" flow="0.00" occupancy="0.00" speed="-1.00" harmonicMeanSpeed="-1.00" length="-1.00" nVehEntered="0"/>
    <interval begin="2130.00" end="2160.00" id="D6_1_2" nVehContrib="7" flow="840.00" occupancy="18.58" speed="7.33" harmonicMeanSpeed="6.28" length="5.00" nVehEntered="7"/>
    <interval begin="2160.00" end="2190.00" id="D6_1_2" nVehContrib="0" flow="0.00" occupancy="0.00" speed="-1.00" harmonicMeanSpeed="-1.00" length="-1.00" nVehEntered="0"/>
    <interval begin="2190.00" end="2220.00" id="D6_1_2" nVehContrib="7" flow="840.00" occupancy="17.56" speed="7.99" harmonicMeanSpeed="6.65" length="5.00" nVehEntered="7"/>
    <interval begin="2220.00" end="2250.00" id="D6_1_2" nVehContrib="2" flow="240.00" occupancy="9.60" speed="4.49" harmonicMeanSpeed="3.95" length="5.00" nVehEntered="3"/>
    <interval begin="2250.00" end="2280.00" id="D6_1_2" nVehContrib="5" flow="600.00" occupancy="8.17" speed="9.07" harmonicMeanSpeed="8.93" length="5.00" nVehEntered="4"/>
    <interval begin="2280.00" end="2310.00" id="D6_1_2" nVehContrib="4" flow="480.00" occupancy="19.48" speed="5.52" harmonicMeanSpeed="3.42" length="5.00" nVehEntered="4"/>
    <interval begin="2310.00" end="2340.00" id="D6_1_2" nVehContrib="1" flow="120.00" occupancy="90.17" speed="7.37" harmonicMeanSpeed="7.37" length="5.00" nVehEntered="2"/>
    <interval begin="2340.00" end="2370.00" id="D6_1_2" nVehContrib="7" flow="840.00" occupancy="57.98" speed="6.64" harmonicMeanSpeed="0.80" length="5.00" nVehEntered="6"/>
    <interval begin="2370.00" end="2400.00" id="D6_1_2" nVehContrib="0" flow="0.00" occupancy="0.00" speed="-1.00" harmonicMeanSpeed="-1.00" length="-1.00" nVehEntered="0"/>
    <interval begin="2400.00" end="2430.00" id="D6_1_2" nVehContrib="7" flow="840.00" occupancy="17.24" speed="7.98" harmonicMeanSpeed="6.77" length="5.00" nVehEntered="7"/>
    <interval begin="2430.00" end="2460.00" id="D6_1_2" nVehContrib="0" flow="0.00" occupancy="0.00" speed="-1.00" harmonicMeanSpeed="-1.00" length="-1.00" nVehEntered="0"/>
    <interval begin="2460.00" end="2490.00" id="D6_1_2" nVehContrib="7" flow="840.00" occupancy="19.06" speed="7.78" harmonicMeanSpeed="6.12" length="5.00" nVehEntered="7"/>
    <interval begin="2490.00" end="2520.00" id="D6_1_2" nVehContrib="2" flow="240.00" occupancy="8.91" speed="4.18" harmonicMeanSpeed="3.74" length="5.00" nVehEntered="2"/>
    <interval begin="2520.00" end="2550.00" id="D6_1_2" nVehContrib="4" flow="480.00" occupancy="8.31" speed="8.53" harmonicMeanSpeed="8.02" length="5.00" nVehEntered="4"/>
    <interval begin="2550.00" end="2580.00" id="D6_1_2" nVehContrib="5" flow="600.00" occupancy="14.31" speed="6.90" harmonicMeanSpeed="5.82" length="5.00" nVehEntered="5"/>
    <interval begin="2580.00" end="2610.00" id="D6_1_2" nVehContrib="2" flow="240.00" occupancy="3.57" speed="9.34" harmonicMeanSpeed="9.34" length="5.00" nVehEntered="2"/>
    <interval begin="2610.00" end="2640.00" id="D6_1_2" nVehContrib="5" flow="600.00" occupancy="15.61" speed="6.34" harmonicMeanSpeed="5.34" length="5.00" nVehEntered="5"/>
    <interval begin="2640.00" end="2670.00" id="D6_1_2" nVehContrib="0" flow="0.00" occupancy="0.00" speed="-1.00" harmonicMeanSpeed="-1.00" length="-1.00" nVehEntered="0"/>
    <interval begin="2670.00" end="2700.00" id="D6_1_2" nVehContrib="6" flow="720.00" occupancy="15.78" speed="7.44" harmonicMeanSpeed="6.34" length="5.00" nVehEntered="6"/>
    <interval begin="2700.00" end="2730.00" id="D6_1_2" nVehContrib="0" flow="0.00" occupancy="0.00" speed="-1.00" harmonicMeanSpeed="-1.00" length="-1.00" nVehEntered="0"/>
    <interval begin="2730.00" end="2760.00" id="D6_1_2" nVehContrib="7" flow="840.00" occupancy="18.71" speed="7.23" harmonicMeanSpeed="6.24" length="5.00" nVehEntered="7"/>
    <interval begin="2760.00" end="2790.00" id="D6_1_2" nVehContrib="2" flow="240.00" occupancy="8.59" speed="4.28" harmonicMeanSpeed="3.88" length="5.00" nVehEntered="2"/>
    <interval begin="2790.00" end="2820.00" id="D6_1_2" nVehContrib="4" flow="480.00" occupancy="7.77" speed="8.64" harmonicMeanSpeed="8.58" length="5.00" nVehEntered="4"/>
    <interval begin="2820.00" end="2850.00" id="D6_1_2" nVehContrib="5" flow="600.00" occupancy="13.83" speed="7.09" harmonicMeanSpeed="6.03" length="5.00" nVehEntered="5"/>
    <interval begin="2850.00" end="2880.00" id="D6_1_2" nVehContrib="1" flow="120.00" occupancy="88.54" speed="10.20" harmonicMeanSpeed="10.20" length="5.00" nVehEntered="2"/>
    <interval begin="2880.00" end="2910.00" id="D6_1_2" nVehContrib="7" flow="840.00" occupancy="56.72" speed="7.48" harmonicMeanSpeed="0.81" length="5.00" nVehEntered="6"/>
    <interval begin="2910.00" end="2940.00" id="D6_1_2" nVehContrib="0" flow="0.00" occupancy="0.00" speed="-1.00" harmonicMeanSpeed="-1.00" length="-1.00" nVehEntered="0"/>
    <interval begin="2940.00" end="2970.00" id="D6_1_2" nVehContrib="6" flow="720.00" occupancy="17.42" speed="6.40" harmonicMeanSpeed="5.74" length="5.00" nVehEntered="6"/>
    <interval begin="2970.00" end="3000.00" id="D6_1_2" nVehContrib="0" flow="0.00" occupancy="0.00" speed="-1.00" harmonicMeanSpeed="-1.00" length="-1.00" nVehEntered="0"/>
    <interval begin="3000.00" end="3030.00" id="D6_1_2" nVehContrib="6" flow="720.00" occupancy="15.41" speed="7.85" harmonicMeanSpeed="6.49" length="5.00" nVehEntered="6"/>
    <interval begin="3030.00" end="3060.00" id="D6_1_2" nVehContrib="2" flow="240.00" occupancy="8.22" speed="4.49" harmonicMeanSpeed="4.06" length="5.00" nVehEntered="2"/>
    <interval begin="3060.00" end="3090.00" id="D6_1_2" nVehContrib="5" flow="600.00" occupancy="10.38" speed="8.22" harmonicMeanSpeed="8.03" length="5.00" nVehEntered="5"/>
    <interval begin="3090.00" end="3120.00" id="D6_1_2" nVehContrib="4" flow="480.00" occupancy="13.12" speed="5.75" harmonicMeanSpeed="5.20" length="5.00" nVehEntered="5"/>
    <interval begin="3120.00" end="3150.00" id="D6_1_2" nVehContrib="2" flow="240.00" occupancy="3.32" speed="9.19" harmonicMeanSpeed="9.19" length="5.00" nVehEntered="1"/>
    <interval begin="3150.00" end="3180.00" id="D6_1_2" nVehContrib="7" flow="840.00" occupancy="17.46" speed="7.61" harmonicMeanSpeed="6.68" length="5.00" nVehEntered="7"/>
    <interval begin="3180.00" end="3210.00" id="D6_1_2" nVehContrib="0" flow="0.00" occupancy="0.00" speed="-1.00" harmonicMeanSpeed="-1.00" length="-1.00" nVehEntered="0"/>
    <interval begin="3210.00" end="3240.00" id="D6_1_2" nVehContrib="7" flow="840.00" occupancy="19.62" speed="6.68" harmonicMeanSpeed="5.95" length="5.00" nVehEntered="7"/>
    <interval begin="3240.00" end="3270.00" id="D6_1_2" nVehContrib="0" flow="0.00" occupancy="0.00" speed="-1.00" harmonicMeanSpeed="-1.00" length="-1.00" nVehEntered="0"/>
    <interval begin="3270.00" end="3300.00" id="D6_1_2" nVehContrib="7" flow="840.00" occupancy="18.68" speed="7.49" harmonicMeanSpeed="6.24" length="5.00" nVehEntered="7"/>
    <interval begin="3300.00" end="3330.00" id="D6_1_2" nVehContrib="2" flow="240.00" occupancy="9.01" speed="4.38" harmonicMeanSpeed="3.70" length="5.00" nVehEntered="2"/>
    <interval begin="3330.00" end="3360.00" id="D6_1_2" nVehContrib="5" flow="600.00" occupancy="8.16" speed="10.27" harmonicMeanSpeed="10.21" length="5.00" nVehEntered="5"/>
    <interval begin="3360.00" end="3390.00" id="D6_1_2" nVehContrib="4" flow="480.00" occupancy="14.49" speed="5.71" harmonicMeanSpeed="4.90" length="5.00" nVehEntered="5"/>
    <interval begin="3390.00" end="3420.00" id="D6_1_2" nVehContrib="2" flow="240.00" occupancy="2.81" speed="9.06" harmonicMeanSpeed="9.05" length="5.00" nVehEntered="1"/>
    <interval begin="3420.00" end="3450.00" id="D6_1_2" nVehContrib="6" flow="720.00" occupancy="16.07" speed="7.67" harmonicMeanSpeed="6.22" length="5.00" nVehEntered="6"/>
    <interval begin="3450.00" end="3480.00" id="D6_1_2" nVehContrib="0" flow="0.00" occupancy="0.00" speed="-1.00" harmonicMeanSpeed="-1.00" length="-1.00" nVehEntered="0"/>
    <interval begin="3480.00" end="3510.00" id="D6_1_2" nVehContrib="6" flow="720.00" occupancy="18.16" speed="6.53" harmonicMeanSpeed="5.51" length="5.00" nVehEntered="6"/>
    <interval begin="3510.00" end="3540.00" id="D6_1_2" nVehContrib="0" flow="0.00" occupancy="0.00" speed="-1.00" harmonicMeanSpeed="-1.00" length="-1.00" nVehEntered="0"/>
    <interval begin="3540.00" end="3570.00" id="D6_1_2" nVehContrib="6" flow="720.00" occupancy="16.45" speed="7.20" harmonicMeanSpeed="6.08" length="5.00" nVehEntered="6"/>
    <interval begin="3570.00" end="3594.00" id="D6_1_2" nVehContrib="0" flow="0.00" occupancy="0.00" speed="-1.00" harmonicMeanSpeed="-1.00" length="-1.00" nVehEntered="0"/>
</detector>
