<?xml version="1.0" encoding="UTF-8"?>

<!-- generated on 01/27/20 08:48:22 by Eclipse SUMO Version 1.3.1
<configuration xmlns:xsi="http://www.w3.org/2001/XMLSchema-instance" xsi:noNamespaceSchemaLocation="http://sumo.dlr.de/xsd/sumoConfiguration.xsd">

    <input>
        <net-file value="gnet.net.xml"/>
        <route-files value="grou.rou.xml"/>
        <additional-files value="gadd.additional.xml"/>
    </input>

    <output>
        <queue-output value="Queue.xml"/>
        <summary-output value="Summary.xml"/>
        <tripinfo-output value="output-tripinfos.xml"/>
    </output>

    <time>
        <begin value="0"/>
        <end value="3600"/>
    </time>

    <processing>
        <time-to-teleport value="3600"/>
    </processing>

    <traci_server>
        <remote-port value="12790"/>
    </traci_server>

    <gui_only>
        <gui-settings-file value="gview.view.xml"/>
        <quit-on-end value="true"/>
        <start value="true"/>
    </gui_only>

</configuration>
-->

<detector xmlns:xsi="http://www.w3.org/2001/XMLSchema-instance" xsi:noNamespaceSchemaLocation="http://sumo.dlr.de/xsd/det_e1_file.xsd">
    <interval begin="0.00" end="30.00" id="D6_2_2" nVehContrib="3" flow="360.00" occupancy="5.47" speed="15.13" harmonicMeanSpeed="9.14" length="5.00" nVehEntered="3"/>
    <interval begin="30.00" end="60.00" id="D6_2_2" nVehContrib="6" flow="720.00" occupancy="7.98" speed="17.33" harmonicMeanSpeed="12.53" length="5.00" nVehEntered="6"/>
    <interval begin="60.00" end="90.00" id="D6_2_2" nVehContrib="3" flow="360.00" occupancy="5.68" speed="14.95" harmonicMeanSpeed="8.80" length="5.00" nVehEntered="3"/>
    <interval begin="90.00" end="120.00" id="D6_2_2" nVehContrib="6" flow="720.00" occupancy="7.79" speed="17.41" harmonicMeanSpeed="12.84" length="5.00" nVehEntered="6"/>
    <interval begin="120.00" end="150.00" id="D6_2_2" nVehContrib="6" flow="720.00" occupancy="7.72" speed="17.57" harmonicMeanSpeed="12.95" length="5.00" nVehEntered="6"/>
    <interval begin="150.00" end="180.00" id="D6_2_2" nVehContrib="6" flow="720.00" occupancy="5.11" speed="19.62" harmonicMeanSpeed="19.58" length="5.00" nVehEntered="6"/>
    <interval begin="180.00" end="210.00" id="D6_2_2" nVehContrib="7" flow="840.00" occupancy="11.53" speed="15.59" harmonicMeanSpeed="10.12" length="5.00" nVehEntered="7"/>
    <interval begin="210.00" end="240.00" id="D6_2_2" nVehContrib="5" flow="600.00" occupancy="7.71" speed="15.60" harmonicMeanSpeed="10.81" length="5.00" nVehEntered="5"/>
    <interval begin="240.00" end="270.00" id="D6_2_2" nVehContrib="5" flow="600.00" occupancy="4.38" speed="19.14" harmonicMeanSpeed="19.04" length="5.00" nVehEntered="5"/>
    <interval begin="270.00" end="300.00" id="D6_2_2" nVehContrib="5" flow="600.00" occupancy="5.11" speed="16.70" harmonicMeanSpeed="16.31" length="5.00" nVehEntered="5"/>
    <interval begin="300.00" end="330.00" id="D6_2_2" nVehContrib="5" flow="600.00" occupancy="5.51" speed="15.75" harmonicMeanSpeed="15.12" length="5.00" nVehEntered="5"/>
    <interval begin="330.00" end="360.00" id="D6_2_2" nVehContrib="6" flow="720.00" occupancy="6.39" speed="16.26" harmonicMeanSpeed="15.64" length="5.00" nVehEntered="6"/>
    <interval begin="360.00" end="390.00" id="D6_2_2" nVehContrib="4" flow="480.00" occupancy="16.22" speed="9.28" harmonicMeanSpeed="4.38" length="5.00" nVehEntered="5"/>
    <interval begin="390.00" end="420.00" id="D6_2_2" nVehContrib="8" flow="960.00" occupancy="21.47" speed="9.13" harmonicMeanSpeed="7.01" length="5.00" nVehEntered="8"/>
    <interval begin="420.00" end="450.00" id="D6_2_2" nVehContrib="4" flow="480.00" occupancy="71.29" speed="4.38" harmonicMeanSpeed="0.91" length="5.00" nVehEntered="4"/>
    <interval begin="450.00" end="480.00" id="D6_2_2" nVehContrib="4" flow="480.00" occupancy="74.38" speed="6.33" harmonicMeanSpeed="5.72" length="5.00" nVehEntered="4"/>
    <interval begin="480.00" end="510.00" id="D6_2_2" nVehContrib="8" flow="960.00" occupancy="51.10" speed="6.19" harmonicMeanSpeed="1.16" length="5.00" nVehEntered="7"/>
    <interval begin="510.00" end="540.00" id="D6_2_2" nVehContrib="1" flow="120.00" occupancy="12.02" speed="1.39" harmonicMeanSpeed="1.39" length="5.00" nVehEntered="1"/>
    <interval begin="540.00" end="570.00" id="D6_2_2" nVehContrib="6" flow="720.00" occupancy="33.90" speed="4.34" harmonicMeanSpeed="2.95" length="5.00" nVehEntered="6"/>
    <interval begin="570.00" end="600.00" id="D6_2_2" nVehContrib="0" flow="0.00" occupancy="8.22" speed="-1.00" harmonicMeanSpeed="-1.00" length="-1.00" nVehEntered="1"/>
    <interval begin="600.00" end="630.00" id="D6_2_2" nVehContrib="4" flow="480.00" occupancy="63.44" speed="2.80" harmonicMeanSpeed="2.07" length="5.00" nVehEntered="4"/>
    <interval begin="630.00" end="660.00" id="D6_2_2" nVehContrib="2" flow="240.00" occupancy="77.53" speed="0.59" harmonicMeanSpeed="0.29" length="5.00" nVehEntered="2"/>
    <interval begin="660.00" end="690.00" id="D6_2_2" nVehContrib="3" flow="360.00" occupancy="20.19" speed="2.64" harmonicMeanSpeed="2.20" length="5.00" nVehEntered="2"/>
    <interval begin="690.00" end="720.00" id="D6_2_2" nVehContrib="4" flow="480.00" occupancy="32.52" speed="2.87" harmonicMeanSpeed="2.05" length="5.00" nVehEntered="4"/>
    <interval begin="720.00" end="750.00" id="D6_2_2" nVehContrib="0" flow="0.00" occupancy="91.35" speed="-1.00" harmonicMeanSpeed="-1.00" length="-1.00" nVehEntered="1"/>
    <interval begin="750.00" end="780.00" id="D6_2_2" nVehContrib="4" flow="480.00" occupancy="45.48" speed="1.83" harmonicMeanSpeed="0.49" length="5.00" nVehEntered="3"/>
    <interval begin="780.00" end="810.00" id="D6_2_2" nVehContrib="0" flow="0.00" occupancy="92.97" speed="-1.00" harmonicMeanSpeed="-1.00" length="-1.00" nVehEntered="1"/>
    <interval begin="810.00" end="840.00" id="D6_2_2" nVehContrib="3" flow="360.00" occupancy="61.96" speed="0.92" harmonicMeanSpeed="0.38" length="5.00" nVehEntered="3"/>
    <interval begin="840.00" end="870.00" id="D6_2_2" nVehContrib="0" flow="0.00" occupancy="100.00" speed="-1.00" harmonicMeanSpeed="-1.00" length="-1.00" nVehEntered="0"/>
    <interval begin="870.00" end="900.00" id="D6_2_2" nVehContrib="2" flow="240.00" occupancy="72.97" speed="0.45" harmonicMeanSpeed="0.22" length="5.00" nVehEntered="2"/>
    <interval begin="900.00" end="930.00" id="D6_2_2" nVehContrib="3" flow="360.00" occupancy="65.57" speed="2.28" harmonicMeanSpeed="0.44" length="5.00" nVehEntered="2"/>
    <interval begin="930.00" end="960.00" id="D6_2_2" nVehContrib="3" flow="360.00" occupancy="76.10" speed="3.22" harmonicMeanSpeed="3.22" length="5.00" nVehEntered="4"/>
    <interval begin="960.00" end="990.00" id="D6_2_2" nVehContrib="3" flow="360.00" occupancy="68.87" speed="0.75" harmonicMeanSpeed="0.39" length="5.00" nVehEntered="3"/>
    <interval begin="990.00" end="1020.00" id="D6_2_2" nVehContrib="1" flow="120.00" occupancy="91.63" speed="3.70" harmonicMeanSpeed="3.70" length="5.00" nVehEntered="1"/>
    <interval begin="1020.00" end="1050.00" id="D6_2_2" nVehContrib="4" flow="480.00" occupancy="39.14" speed="3.38" harmonicMeanSpeed="0.57" length="5.00" nVehEntered="4"/>
    <interval begin="1050.00" end="1080.00" id="D6_2_2" nVehContrib="1" flow="120.00" occupancy="91.42" speed="0.16" harmonicMeanSpeed="0.16" length="5.00" nVehEntered="0"/>
    <interval begin="1080.00" end="1110.00" id="D6_2_2" nVehContrib="7" flow="840.00" occupancy="53.62" speed="4.13" harmonicMeanSpeed="3.45" length="5.00" nVehEntered="8"/>
    <interval begin="1110.00" end="1140.00" id="D6_2_2" nVehContrib="2" flow="240.00" occupancy="83.12" speed="0.84" harmonicMeanSpeed="0.32" length="5.00" nVehEntered="1"/>
    <interval begin="1140.00" end="1170.00" id="D6_2_2" nVehContrib="3" flow="360.00" occupancy="58.47" speed="2.49" harmonicMeanSpeed="2.08" length="5.00" nVehEntered="4"/>
    <interval begin="1170.00" end="1200.00" id="D6_2_2" nVehContrib="4" flow="480.00" occupancy="74.83" speed="3.83" harmonicMeanSpeed="0.61" length="5.00" nVehEntered="3"/>
    <interval begin="1200.00" end="1230.00" id="D6_2_2" nVehContrib="2" flow="240.00" occupancy="82.49" speed="5.95" harmonicMeanSpeed="5.68" length="5.00" nVehEntered="3"/>
    <interval begin="1230.00" end="1260.00" id="D6_2_2" nVehContrib="6" flow="720.00" occupancy="60.24" speed="3.87" harmonicMeanSpeed="0.74" length="5.00" nVehEntered="6"/>
    <interval begin="1260.00" end="1290.00" id="D6_2_2" nVehContrib="1" flow="120.00" occupancy="91.47" speed="3.84" harmonicMeanSpeed="3.84" length="5.00" nVehEntered="1"/>
    <interval begin="1290.00" end="1320.00" id="D6_2_2" nVehContrib="6" flow="720.00" occupancy="50.57" speed="2.38" harmonicMeanSpeed="0.73" length="5.00" nVehEntered="6"/>
    <interval begin="1320.00" end="1350.00" id="D6_2_2" nVehContrib="2" flow="240.00" occupancy="87.39" speed="3.85" harmonicMeanSpeed="3.19" length="5.00" nVehEntered="2"/>
    <interval begin="1350.00" end="1380.00" id="D6_2_2" nVehContrib="1" flow="120.00" occupancy="30.07" speed="0.20" harmonicMeanSpeed="0.20" length="5.00" nVehEntered="1"/>
    <interval begin="1380.00" end="1410.00" id="D6_2_2" nVehContrib="2" flow="240.00" occupancy="82.89" speed="0.90" harmonicMeanSpeed="0.31" length="5.00" nVehEntered="1"/>
    <interval begin="1410.00" end="1440.00" id="D6_2_2" nVehContrib="2" flow="240.00" occupancy="34.17" speed="1.07" harmonicMeanSpeed="0.98" length="5.00" nVehEntered="2"/>
    <interval begin="1440.00" end="1470.00" id="D6_2_2" nVehContrib="1" flow="120.00" occupancy="35.26" speed="0.47" harmonicMeanSpeed="0.47" length="5.00" nVehEntered="1"/>
    <interval begin="1470.00" end="1500.00" id="D6_2_2" nVehContrib="2" flow="240.00" occupancy="85.33" speed="1.90" harmonicMeanSpeed="1.65" length="5.00" nVehEntered="3"/>
    <interval begin="1500.00" end="1530.00" id="D6_2_2" nVehContrib="3" flow="360.00" occupancy="59.43" speed="1.91" harmonicMeanSpeed="0.40" length="5.00" nVehEntered="2"/>
    <interval begin="1530.00" end="1560.00" id="D6_2_2" nVehContrib="1" flow="120.00" occupancy="88.32" speed="5.44" harmonicMeanSpeed="5.44" length="5.00" nVehEntered="2"/>
    <interval begin="1560.00" end="1590.00" id="D6_2_2" nVehContrib="3" flow="360.00" occupancy="36.59" speed="1.10" harmonicMeanSpeed="0.41" length="5.00" nVehEntered="2"/>
    <interval begin="1590.00" end="1620.00" id="D6_2_2" nVehContrib="1" flow="120.00" occupancy="6.00" speed="2.78" harmonicMeanSpeed="2.78" length="5.00" nVehEntered="1"/>
    <interval begin="1620.00" end="1650.00" id="D6_2_2" nVehContrib="3" flow="360.00" occupancy="65.44" speed="1.70" harmonicMeanSpeed="1.37" length="5.00" nVehEntered="4"/>
    <interval begin="1650.00" end="1680.00" id="D6_2_2" nVehContrib="2" flow="240.00" occupancy="84.22" speed="1.28" harmonicMeanSpeed="0.29" length="5.00" nVehEntered="1"/>
    <interval begin="1680.00" end="1710.00" id="D6_2_2" nVehContrib="4" flow="480.00" occupancy="67.49" speed="3.01" harmonicMeanSpeed="2.85" length="5.00" nVehEntered="5"/>
    <interval begin="1710.00" end="1740.00" id="D6_2_2" nVehContrib="2" flow="240.00" occupancy="83.77" speed="0.43" harmonicMeanSpeed="0.26" length="5.00" nVehEntered="1"/>
    <interval begin="1740.00" end="1770.00" id="D6_2_2" nVehContrib="1" flow="120.00" occupancy="58.13" speed="1.30" harmonicMeanSpeed="1.30" length="5.00" nVehEntered="2"/>
    <interval begin="1770.00" end="1800.00" id="D6_2_2" nVehContrib="6" flow="720.00" occupancy="53.71" speed="5.73" harmonicMeanSpeed="1.01" length="5.00" nVehEntered="5"/>
    <interval begin="1800.00" end="1830.00" id="D6_2_2" nVehContrib="1" flow="120.00" occupancy="86.52" speed="4.98" harmonicMeanSpeed="4.98" length="5.00" nVehEntered="2"/>
    <interval begin="1830.00" end="1860.00" id="D6_2_2" nVehContrib="4" flow="480.00" occupancy="47.40" speed="2.09" harmonicMeanSpeed="0.57" length="5.00" nVehEntered="4"/>
    <interval begin="1860.00" end="1890.00" id="D6_2_2" nVehContrib="0" flow="0.00" occupancy="100.00" speed="-1.00" harmonicMeanSpeed="-1.00" length="-1.00" nVehEntered="0"/>
    <interval begin="1890.00" end="1920.00" id="D6_2_2" nVehContrib="3" flow="360.00" occupancy="58.19" speed="2.36" harmonicMeanSpeed="0.37" length="5.00" nVehEntered="3"/>
    <interval begin="1920.00" end="1950.00" id="D6_2_2" nVehContrib="1" flow="120.00" occupancy="71.82" speed="0.15" harmonicMeanSpeed="0.15" length="5.00" nVehEntered="0"/>
    <interval begin="1950.00" end="1980.00" id="D6_2_2" nVehContrib="4" flow="480.00" occupancy="67.85" speed="3.25" harmonicMeanSpeed="2.45" length="5.00" nVehEntered="5"/>
    <interval begin="1980.00" end="2010.00" id="D6_2_2" nVehContrib="4" flow="480.00" occupancy="69.60" speed="3.30" harmonicMeanSpeed="0.62" length="5.00" nVehEntered="4"/>
    <interval begin="2010.00" end="2040.00" id="D6_2_2" nVehContrib="3" flow="360.00" occupancy="22.23" speed="3.74" harmonicMeanSpeed="2.00" length="5.00" nVehEntered="2"/>
    <interval begin="2040.00" end="2070.00" id="D6_2_2" nVehContrib="2" flow="240.00" occupancy="27.48" speed="2.07" harmonicMeanSpeed="2.05" length="5.00" nVehEntered="3"/>
    <interval begin="2070.00" end="2100.00" id="D6_2_2" nVehContrib="1" flow="120.00" occupancy="1.33" speed="1.33" harmonicMeanSpeed="1.33" length="5.00" nVehEntered="0"/>
    <interval begin="2100.00" end="2130.00" id="D6_2_2" nVehContrib="3" flow="360.00" occupancy="44.77" speed="1.43" harmonicMeanSpeed="1.42" length="5.00" nVehEntered="4"/>
    <interval begin="2130.00" end="2160.00" id="D6_2_2" nVehContrib="1" flow="120.00" occupancy="91.03" speed="0.17" harmonicMeanSpeed="0.17" length="5.00" nVehEntered="0"/>
    <interval begin="2160.00" end="2190.00" id="D6_2_2" nVehContrib="5" flow="600.00" occupancy="58.66" speed="3.44" harmonicMeanSpeed="2.45" length="5.00" nVehEntered="6"/>
    <interval begin="2190.00" end="2220.00" id="D6_2_2" nVehContrib="2" flow="240.00" occupancy="85.73" speed="0.76" harmonicMeanSpeed="0.30" length="5.00" nVehEntered="1"/>
    <interval begin="2220.00" end="2250.00" id="D6_2_2" nVehContrib="2" flow="240.00" occupancy="49.49" speed="1.61" harmonicMeanSpeed="1.25" length="5.00" nVehEntered="3"/>
    <interval begin="2250.00" end="2280.00" id="D6_2_2" nVehContrib="3" flow="360.00" occupancy="86.44" speed="2.92" harmonicMeanSpeed="0.46" length="5.00" nVehEntered="2"/>
    <interval begin="2280.00" end="2310.00" id="D6_2_2" nVehContrib="3" flow="360.00" occupancy="13.28" speed="4.49" harmonicMeanSpeed="3.76" length="5.00" nVehEntered="3"/>
    <interval begin="2310.00" end="2340.00" id="D6_2_2" nVehContrib="1" flow="120.00" occupancy="22.65" speed="1.27" harmonicMeanSpeed="1.27" length="5.00" nVehEntered="2"/>
    <interval begin="2340.00" end="2370.00" id="D6_2_2" nVehContrib="1" flow="120.00" occupancy="19.01" speed="0.58" harmonicMeanSpeed="0.58" length="5.00" nVehEntered="0"/>
    <interval begin="2370.00" end="2400.00" id="D6_2_2" nVehContrib="3" flow="360.00" occupancy="32.35" speed="1.79" harmonicMeanSpeed="1.72" length="5.00" nVehEntered="4"/>
    <interval begin="2400.00" end="2430.00" id="D6_2_2" nVehContrib="2" flow="240.00" occupancy="73.47" speed="0.47" harmonicMeanSpeed="0.43" length="5.00" nVehEntered="1"/>
    <interval begin="2430.00" end="2460.00" id="D6_2_2" nVehContrib="6" flow="720.00" occupancy="51.70" speed="5.02" harmonicMeanSpeed="4.79" length="5.00" nVehEntered="7"/>
    <interval begin="2460.00" end="2490.00" id="D6_2_2" nVehContrib="1" flow="120.00" occupancy="87.46" speed="0.16" harmonicMeanSpeed="0.16" length="5.00" nVehEntered="1"/>
    <interval begin="2490.00" end="2520.00" id="D6_2_2" nVehContrib="2" flow="240.00" occupancy="63.68" speed="2.12" harmonicMeanSpeed="1.30" length="5.00" nVehEntered="2"/>
    <interval begin="2520.00" end="2550.00" id="D6_2_2" nVehContrib="1" flow="120.00" occupancy="86.74" speed="0.12" harmonicMeanSpeed="0.12" length="5.00" nVehEntered="1"/>
    <interval begin="2550.00" end="2580.00" id="D6_2_2" nVehContrib="1" flow="120.00" occupancy="88.77" speed="0.82" harmonicMeanSpeed="0.82" length="5.00" nVehEntered="1"/>
    <interval begin="2580.00" end="2610.00" id="D6_2_2" nVehContrib="7" flow="840.00" occupancy="53.85" speed="4.85" harmonicMeanSpeed="0.91" length="5.00" nVehEntered="6"/>
    <interval begin="2610.00" end="2640.00" id="D6_2_2" nVehContrib="1" flow="120.00" occupancy="87.23" speed="3.28" harmonicMeanSpeed="3.28" length="5.00" nVehEntered="2"/>
    <interval begin="2640.00" end="2670.00" id="D6_2_2" nVehContrib="5" flow="600.00" occupancy="52.05" speed="2.10" harmonicMeanSpeed="0.62" length="5.00" nVehEntered="4"/>
    <interval begin="2670.00" end="2700.00" id="D6_2_2" nVehContrib="0" flow="0.00" occupancy="0.00" speed="-1.00" harmonicMeanSpeed="-1.00" length="-1.00" nVehEntered="0"/>
    <interval begin="2700.00" end="2730.00" id="D6_2_2" nVehContrib="5" flow="600.00" occupancy="58.81" speed="2.84" harmonicMeanSpeed="2.34" length="5.00" nVehEntered="6"/>
    <interval begin="2730.00" end="2760.00" id="D6_2_2" nVehContrib="2" flow="240.00" occupancy="19.17" speed="0.87" harmonicMeanSpeed="0.79" length="5.00" nVehEntered="1"/>
    <interval begin="2760.00" end="2790.00" id="D6_2_2" nVehContrib="2" flow="240.00" occupancy="47.31" speed="2.51" harmonicMeanSpeed="2.08" length="5.00" nVehEntered="3"/>
    <interval begin="2790.00" end="2820.00" id="D6_2_2" nVehContrib="1" flow="120.00" occupancy="62.92" speed="0.18" harmonicMeanSpeed="0.18" length="5.00" nVehEntered="1"/>
    <interval begin="2820.00" end="2850.00" id="D6_2_2" nVehContrib="2" flow="240.00" occupancy="87.48" speed="2.24" harmonicMeanSpeed="1.91" length="5.00" nVehEntered="2"/>
    <interval begin="2850.00" end="2880.00" id="D6_2_2" nVehContrib="5" flow="600.00" occupancy="55.27" speed="2.52" harmonicMeanSpeed="0.66" length="5.00" nVehEntered="4"/>
    <interval begin="2880.00" end="2910.00" id="D6_2_2" nVehContrib="1" flow="120.00" occupancy="26.79" speed="0.62" harmonicMeanSpeed="0.62" length="5.00" nVehEntered="1"/>
    <interval begin="2910.00" end="2940.00" id="D6_2_2" nVehContrib="4" flow="480.00" occupancy="38.89" speed="3.83" harmonicMeanSpeed="2.62" length="5.00" nVehEntered="5"/>
    <interval begin="2940.00" end="2970.00" id="D6_2_2" nVehContrib="0" flow="0.00" occupancy="100.00" speed="-1.00" harmonicMeanSpeed="-1.00" length="-1.00" nVehEntered="0"/>
    <interval begin="2970.00" end="3000.00" id="D6_2_2" nVehContrib="4" flow="480.00" occupancy="68.44" speed="2.40" harmonicMeanSpeed="0.43" length="5.00" nVehEntered="4"/>
    <interval begin="3000.00" end="3030.00" id="D6_2_2" nVehContrib="2" flow="240.00" occupancy="77.62" speed="1.70" harmonicMeanSpeed="0.32" length="5.00" nVehEntered="1"/>
    <interval begin="3030.00" end="3060.00" id="D6_2_2" nVehContrib="1" flow="120.00" occupancy="81.89" speed="1.27" harmonicMeanSpeed="1.27" length="5.00" nVehEntered="2"/>
    <interval begin="3060.00" end="3090.00" id="D6_2_2" nVehContrib="3" flow="360.00" occupancy="74.61" speed="1.91" harmonicMeanSpeed="0.35" length="5.00" nVehEntered="2"/>
    <interval begin="3090.00" end="3120.00" id="D6_2_2" nVehContrib="3" flow="360.00" occupancy="81.24" speed="4.64" harmonicMeanSpeed="4.47" length="5.00" nVehEntered="4"/>
    <interval begin="3120.00" end="3150.00" id="D6_2_2" nVehContrib="4" flow="480.00" occupancy="56.10" speed="2.44" harmonicMeanSpeed="0.53" length="5.00" nVehEntered="3"/>
    <interval begin="3150.00" end="3180.00" id="D6_2_2" nVehContrib="0" flow="0.00" occupancy="90.83" speed="-1.00" harmonicMeanSpeed="-1.00" length="-1.00" nVehEntered="1"/>
    <interval begin="3180.00" end="3210.00" id="D6_2_2" nVehContrib="7" flow="840.00" occupancy="51.01" speed="3.91" harmonicMeanSpeed="0.89" length="5.00" nVehEntered="7"/>
    <interval begin="3210.00" end="3240.00" id="D6_2_2" nVehContrib="0" flow="0.00" occupancy="100.00" speed="-1.00" harmonicMeanSpeed="-1.00" length="-1.00" nVehEntered="0"/>
    <interval begin="3240.00" end="3270.00" id="D6_2_2" nVehContrib="2" flow="240.00" occupancy="11.75" speed="1.23" harmonicMeanSpeed="0.27" length="5.00" nVehEntered="1"/>
    <interval begin="3270.00" end="3300.00" id="D6_2_2" nVehContrib="1" flow="120.00" occupancy="7.92" speed="2.10" harmonicMeanSpeed="2.10" length="5.00" nVehEntered="1"/>
    <interval begin="3300.00" end="3330.00" id="D6_2_2" nVehContrib="5" flow="600.00" occupancy="58.04" speed="5.55" harmonicMeanSpeed="5.04" length="5.00" nVehEntered="6"/>
    <interval begin="3330.00" end="3360.00" id="D6_2_2" nVehContrib="2" flow="240.00" occupancy="71.99" speed="0.97" harmonicMeanSpeed="0.31" length="5.00" nVehEntered="2"/>
    <interval begin="3360.00" end="3390.00" id="D6_2_2" nVehContrib="2" flow="240.00" occupancy="71.08" speed="2.58" harmonicMeanSpeed="1.67" length="5.00" nVehEntered="2"/>
    <interval begin="3390.00" end="3420.00" id="D6_2_2" nVehContrib="3" flow="360.00" occupancy="59.74" speed="2.39" harmonicMeanSpeed="0.46" length="5.00" nVehEntered="3"/>
    <interval begin="3420.00" end="3450.00" id="D6_2_2" nVehContrib="1" flow="120.00" occupancy="79.43" speed="1.59" harmonicMeanSpeed="1.59" length="5.00" nVehEntered="1"/>
    <interval begin="3450.00" end="3480.00" id="D6_2_2" nVehContrib="6" flow="720.00" occupancy="60.94" speed="3.63" harmonicMeanSpeed="0.81" length="5.00" nVehEntered="6"/>
    <interval begin="3480.00" end="3510.00" id="D6_2_2" nVehContrib="0" flow="0.00" occupancy="100.00" speed="-1.00" harmonicMeanSpeed="-1.00" length="-1.00" nVehEntered="0"/>
    <interval begin="3510.00" end="3540.00" id="D6_2_2" nVehContrib="2" flow="240.00" occupancy="43.88" speed="0.34" harmonicMeanSpeed="0.23" length="5.00" nVehEntered="2"/>
    <interval begin="3540.00" end="3570.00" id="D6_2_2" nVehContrib="2" flow="240.00" occupancy="76.95" speed="0.56" harmonicMeanSpeed="0.37" length="5.00" nVehEntered="1"/>
    <interval begin="3570.00" end="3594.00" id="D6_2_2" nVehContrib="0" flow="0.00" occupancy="92.28" speed="-1.00" harmonicMeanSpeed="-1.00" length="-1.00" nVehEntered="1"/>
</detector>
