<?xml version="1.0" encoding="UTF-8"?>

<!-- generated on 01/27/20 08:48:22 by Eclipse SUMO Version 1.3.1
<configuration xmlns:xsi="http://www.w3.org/2001/XMLSchema-instance" xsi:noNamespaceSchemaLocation="http://sumo.dlr.de/xsd/sumoConfiguration.xsd">

    <input>
        <net-file value="gnet.net.xml"/>
        <route-files value="grou.rou.xml"/>
        <additional-files value="gadd.additional.xml"/>
    </input>

    <output>
        <queue-output value="Queue.xml"/>
        <summary-output value="Summary.xml"/>
        <tripinfo-output value="output-tripinfos.xml"/>
    </output>

    <time>
        <begin value="0"/>
        <end value="3600"/>
    </time>

    <processing>
        <time-to-teleport value="3600"/>
    </processing>

    <traci_server>
        <remote-port value="12790"/>
    </traci_server>

    <gui_only>
        <gui-settings-file value="gview.view.xml"/>
        <quit-on-end value="true"/>
        <start value="true"/>
    </gui_only>

</configuration>
-->

<detector xmlns:xsi="http://www.w3.org/2001/XMLSchema-instance" xsi:noNamespaceSchemaLocation="http://sumo.dlr.de/xsd/det_e1_file.xsd">
    <interval begin="0.00" end="30.00" id="D6_2_0" nVehContrib="0" flow="0.00" occupancy="0.00" speed="-1.00" harmonicMeanSpeed="-1.00" length="-1.00" nVehEntered="0"/>
    <interval begin="30.00" end="60.00" id="D6_2_0" nVehContrib="0" flow="0.00" occupancy="0.00" speed="-1.00" harmonicMeanSpeed="-1.00" length="-1.00" nVehEntered="0"/>
    <interval begin="60.00" end="90.00" id="D6_2_0" nVehContrib="0" flow="0.00" occupancy="0.00" speed="-1.00" harmonicMeanSpeed="-1.00" length="-1.00" nVehEntered="0"/>
    <interval begin="90.00" end="120.00" id="D6_2_0" nVehContrib="0" flow="0.00" occupancy="0.00" speed="-1.00" harmonicMeanSpeed="-1.00" length="-1.00" nVehEntered="0"/>
    <interval begin="120.00" end="150.00" id="D6_2_0" nVehContrib="0" flow="0.00" occupancy="0.00" speed="-1.00" harmonicMeanSpeed="-1.00" length="-1.00" nVehEntered="0"/>
    <interval begin="150.00" end="180.00" id="D6_2_0" nVehContrib="0" flow="0.00" occupancy="0.00" speed="-1.00" harmonicMeanSpeed="-1.00" length="-1.00" nVehEntered="0"/>
    <interval begin="180.00" end="210.00" id="D6_2_0" nVehContrib="0" flow="0.00" occupancy="0.00" speed="-1.00" harmonicMeanSpeed="-1.00" length="-1.00" nVehEntered="0"/>
    <interval begin="210.00" end="240.00" id="D6_2_0" nVehContrib="0" flow="0.00" occupancy="0.00" speed="-1.00" harmonicMeanSpeed="-1.00" length="-1.00" nVehEntered="0"/>
    <interval begin="240.00" end="270.00" id="D6_2_0" nVehContrib="0" flow="0.00" occupancy="0.00" speed="-1.00" harmonicMeanSpeed="-1.00" length="-1.00" nVehEntered="0"/>
    <interval begin="270.00" end="300.00" id="D6_2_0" nVehContrib="0" flow="0.00" occupancy="0.00" speed="-1.00" harmonicMeanSpeed="-1.00" length="-1.00" nVehEntered="0"/>
    <interval begin="300.00" end="330.00" id="D6_2_0" nVehContrib="0" flow="0.00" occupancy="0.00" speed="-1.00" harmonicMeanSpeed="-1.00" length="-1.00" nVehEntered="0"/>
    <interval begin="330.00" end="360.00" id="D6_2_0" nVehContrib="0" flow="0.00" occupancy="0.00" speed="-1.00" harmonicMeanSpeed="-1.00" length="-1.00" nVehEntered="0"/>
    <interval begin="360.00" end="390.00" id="D6_2_0" nVehContrib="0" flow="0.00" occupancy="0.00" speed="-1.00" harmonicMeanSpeed="-1.00" length="-1.00" nVehEntered="0"/>
    <interval begin="390.00" end="420.00" id="D6_2_0" nVehContrib="0" flow="0.00" occupancy="0.00" speed="-1.00" harmonicMeanSpeed="-1.00" length="-1.00" nVehEntered="0"/>
    <interval begin="420.00" end="450.00" id="D6_2_0" nVehContrib="0" flow="0.00" occupancy="0.00" speed="-1.00" harmonicMeanSpeed="-1.00" length="-1.00" nVehEntered="0"/>
    <interval begin="450.00" end="480.00" id="D6_2_0" nVehContrib="0" flow="0.00" occupancy="0.00" speed="-1.00" harmonicMeanSpeed="-1.00" length="-1.00" nVehEntered="0"/>
    <interval begin="480.00" end="510.00" id="D6_2_0" nVehContrib="2" flow="240.00" occupancy="2.13" speed="15.66" harmonicMeanSpeed="15.62" length="5.00" nVehEntered="2"/>
    <interval begin="510.00" end="540.00" id="D6_2_0" nVehContrib="4" flow="480.00" occupancy="3.77" speed="17.76" harmonicMeanSpeed="17.69" length="5.00" nVehEntered="4"/>
    <interval begin="540.00" end="570.00" id="D6_2_0" nVehContrib="7" flow="840.00" occupancy="6.54" speed="17.90" harmonicMeanSpeed="17.83" length="5.00" nVehEntered="7"/>
    <interval begin="570.00" end="600.00" id="D6_2_0" nVehContrib="5" flow="600.00" occupancy="5.23" speed="16.21" harmonicMeanSpeed="15.93" length="5.00" nVehEntered="5"/>
    <interval begin="600.00" end="630.00" id="D6_2_0" nVehContrib="6" flow="720.00" occupancy="42.87" speed="8.74" harmonicMeanSpeed="8.38" length="5.00" nVehEntered="7"/>
    <interval begin="630.00" end="660.00" id="D6_2_0" nVehContrib="1" flow="120.00" occupancy="91.44" speed="0.14" harmonicMeanSpeed="0.14" length="5.00" nVehEntered="1"/>
    <interval begin="660.00" end="690.00" id="D6_2_0" nVehContrib="1" flow="120.00" occupancy="92.40" speed="1.07" harmonicMeanSpeed="1.07" length="5.00" nVehEntered="1"/>
    <interval begin="690.00" end="720.00" id="D6_2_0" nVehContrib="6" flow="720.00" occupancy="69.96" speed="7.86" harmonicMeanSpeed="0.68" length="5.00" nVehEntered="5"/>
    <interval begin="720.00" end="750.00" id="D6_2_0" nVehContrib="10" flow="1200.00" occupancy="14.99" speed="12.17" harmonicMeanSpeed="11.12" length="5.00" nVehEntered="10"/>
    <interval begin="750.00" end="780.00" id="D6_2_0" nVehContrib="0" flow="0.00" occupancy="0.00" speed="-1.00" harmonicMeanSpeed="-1.00" length="-1.00" nVehEntered="0"/>
    <interval begin="780.00" end="810.00" id="D6_2_0" nVehContrib="0" flow="0.00" occupancy="0.00" speed="-1.00" harmonicMeanSpeed="-1.00" length="-1.00" nVehEntered="0"/>
    <interval begin="810.00" end="840.00" id="D6_2_0" nVehContrib="2" flow="240.00" occupancy="7.31" speed="5.17" harmonicMeanSpeed="4.56" length="5.00" nVehEntered="2"/>
    <interval begin="840.00" end="870.00" id="D6_2_0" nVehContrib="12" flow="1440.00" occupancy="13.42" speed="15.11" harmonicMeanSpeed="14.90" length="5.00" nVehEntered="12"/>
    <interval begin="870.00" end="900.00" id="D6_2_0" nVehContrib="2" flow="240.00" occupancy="4.63" speed="7.92" harmonicMeanSpeed="7.20" length="5.00" nVehEntered="2"/>
    <interval begin="900.00" end="930.00" id="D6_2_0" nVehContrib="0" flow="0.00" occupancy="2.63" speed="-1.00" harmonicMeanSpeed="-1.00" length="-1.00" nVehEntered="1"/>
    <interval begin="930.00" end="960.00" id="D6_2_0" nVehContrib="14" flow="1680.00" occupancy="37.51" speed="9.35" harmonicMeanSpeed="5.81" length="5.00" nVehEntered="13"/>
    <interval begin="960.00" end="990.00" id="D6_2_0" nVehContrib="0" flow="0.00" occupancy="0.00" speed="-1.00" harmonicMeanSpeed="-1.00" length="-1.00" nVehEntered="0"/>
    <interval begin="990.00" end="1020.00" id="D6_2_0" nVehContrib="0" flow="0.00" occupancy="0.00" speed="-1.00" harmonicMeanSpeed="-1.00" length="-1.00" nVehEntered="0"/>
    <interval begin="1020.00" end="1050.00" id="D6_2_0" nVehContrib="2" flow="240.00" occupancy="10.88" speed="3.06" harmonicMeanSpeed="3.06" length="5.00" nVehEntered="2"/>
    <interval begin="1050.00" end="1080.00" id="D6_2_0" nVehContrib="0" flow="0.00" occupancy="0.00" speed="-1.00" harmonicMeanSpeed="-1.00" length="-1.00" nVehEntered="0"/>
    <interval begin="1080.00" end="1110.00" id="D6_2_0" nVehContrib="12" flow="1440.00" occupancy="14.68" speed="14.03" harmonicMeanSpeed="13.62" length="5.00" nVehEntered="12"/>
    <interval begin="1110.00" end="1140.00" id="D6_2_0" nVehContrib="3" flow="360.00" occupancy="3.37" speed="15.00" harmonicMeanSpeed="14.85" length="5.00" nVehEntered="3"/>
    <interval begin="1140.00" end="1170.00" id="D6_2_0" nVehContrib="4" flow="480.00" occupancy="11.19" speed="6.86" harmonicMeanSpeed="5.96" length="5.00" nVehEntered="4"/>
    <interval begin="1170.00" end="1200.00" id="D6_2_0" nVehContrib="0" flow="0.00" occupancy="0.00" speed="-1.00" harmonicMeanSpeed="-1.00" length="-1.00" nVehEntered="0"/>
    <interval begin="1200.00" end="1230.00" id="D6_2_0" nVehContrib="0" flow="0.00" occupancy="0.00" speed="-1.00" harmonicMeanSpeed="-1.00" length="-1.00" nVehEntered="0"/>
    <interval begin="1230.00" end="1260.00" id="D6_2_0" nVehContrib="0" flow="0.00" occupancy="0.00" speed="-1.00" harmonicMeanSpeed="-1.00" length="-1.00" nVehEntered="0"/>
    <interval begin="1260.00" end="1290.00" id="D6_2_0" nVehContrib="5" flow="600.00" occupancy="5.18" speed="16.20" harmonicMeanSpeed="16.08" length="5.00" nVehEntered="5"/>
    <interval begin="1290.00" end="1320.00" id="D6_2_0" nVehContrib="10" flow="1200.00" occupancy="9.28" speed="17.98" harmonicMeanSpeed="17.96" length="5.00" nVehEntered="10"/>
    <interval begin="1320.00" end="1350.00" id="D6_2_0" nVehContrib="4" flow="480.00" occupancy="3.71" speed="17.99" harmonicMeanSpeed="17.99" length="5.00" nVehEntered="4"/>
    <interval begin="1350.00" end="1380.00" id="D6_2_0" nVehContrib="7" flow="840.00" occupancy="34.01" speed="11.19" harmonicMeanSpeed="3.43" length="5.00" nVehEntered="7"/>
    <interval begin="1380.00" end="1410.00" id="D6_2_0" nVehContrib="9" flow="1080.00" occupancy="28.70" speed="7.79" harmonicMeanSpeed="5.32" length="5.00" nVehEntered="10"/>
    <interval begin="1410.00" end="1440.00" id="D6_2_0" nVehContrib="0" flow="0.00" occupancy="100.00" speed="-1.00" harmonicMeanSpeed="-1.00" length="-1.00" nVehEntered="0"/>
    <interval begin="1440.00" end="1470.00" id="D6_2_0" nVehContrib="1" flow="120.00" occupancy="98.45" speed="0.08" harmonicMeanSpeed="0.08" length="5.00" nVehEntered="0"/>
    <interval begin="1470.00" end="1500.00" id="D6_2_0" nVehContrib="5" flow="600.00" occupancy="13.95" speed="8.70" harmonicMeanSpeed="6.04" length="5.00" nVehEntered="6"/>
    <interval begin="1500.00" end="1530.00" id="D6_2_0" nVehContrib="6" flow="720.00" occupancy="14.57" speed="9.69" harmonicMeanSpeed="6.81" length="5.00" nVehEntered="6"/>
    <interval begin="1530.00" end="1560.00" id="D6_2_0" nVehContrib="13" flow="1560.00" occupancy="26.17" speed="10.84" harmonicMeanSpeed="8.26" length="5.00" nVehEntered="12"/>
    <interval begin="1560.00" end="1590.00" id="D6_2_0" nVehContrib="0" flow="0.00" occupancy="0.00" speed="-1.00" harmonicMeanSpeed="-1.00" length="-1.00" nVehEntered="0"/>
    <interval begin="1590.00" end="1620.00" id="D6_2_0" nVehContrib="0" flow="0.00" occupancy="0.00" speed="-1.00" harmonicMeanSpeed="-1.00" length="-1.00" nVehEntered="0"/>
    <interval begin="1620.00" end="1650.00" id="D6_2_0" nVehContrib="1" flow="120.00" occupancy="2.43" speed="6.85" harmonicMeanSpeed="6.85" length="5.00" nVehEntered="1"/>
    <interval begin="1650.00" end="1680.00" id="D6_2_0" nVehContrib="0" flow="0.00" occupancy="0.00" speed="-1.00" harmonicMeanSpeed="-1.00" length="-1.00" nVehEntered="0"/>
    <interval begin="1680.00" end="1710.00" id="D6_2_0" nVehContrib="12" flow="1440.00" occupancy="13.37" speed="15.13" harmonicMeanSpeed="14.96" length="5.00" nVehEntered="12"/>
    <interval begin="1710.00" end="1740.00" id="D6_2_0" nVehContrib="3" flow="360.00" occupancy="39.44" speed="11.66" harmonicMeanSpeed="11.03" length="5.00" nVehEntered="4"/>
    <interval begin="1740.00" end="1770.00" id="D6_2_0" nVehContrib="1" flow="120.00" occupancy="66.96" speed="4.99" harmonicMeanSpeed="4.99" length="5.00" nVehEntered="2"/>
    <interval begin="1770.00" end="1800.00" id="D6_2_0" nVehContrib="5" flow="600.00" occupancy="78.36" speed="6.37" harmonicMeanSpeed="0.59" length="5.00" nVehEntered="4"/>
    <interval begin="1800.00" end="1830.00" id="D6_2_0" nVehContrib="9" flow="1080.00" occupancy="11.48" speed="13.39" harmonicMeanSpeed="13.07" length="5.00" nVehEntered="9"/>
    <interval begin="1830.00" end="1860.00" id="D6_2_0" nVehContrib="6" flow="720.00" occupancy="21.75" speed="6.47" harmonicMeanSpeed="4.60" length="5.00" nVehEntered="6"/>
    <interval begin="1860.00" end="1890.00" id="D6_2_0" nVehContrib="1" flow="120.00" occupancy="7.14" speed="2.33" harmonicMeanSpeed="2.33" length="5.00" nVehEntered="1"/>
    <interval begin="1890.00" end="1920.00" id="D6_2_0" nVehContrib="0" flow="0.00" occupancy="0.00" speed="-1.00" harmonicMeanSpeed="-1.00" length="-1.00" nVehEntered="0"/>
    <interval begin="1920.00" end="1950.00" id="D6_2_0" nVehContrib="0" flow="0.00" occupancy="0.00" speed="-1.00" harmonicMeanSpeed="-1.00" length="-1.00" nVehEntered="0"/>
    <interval begin="1950.00" end="1980.00" id="D6_2_0" nVehContrib="13" flow="1560.00" occupancy="29.74" speed="8.92" harmonicMeanSpeed="7.29" length="5.00" nVehEntered="13"/>
    <interval begin="1980.00" end="2010.00" id="D6_2_0" nVehContrib="5" flow="600.00" occupancy="18.60" speed="7.26" harmonicMeanSpeed="4.48" length="5.00" nVehEntered="5"/>
    <interval begin="2010.00" end="2040.00" id="D6_2_0" nVehContrib="0" flow="0.00" occupancy="0.00" speed="-1.00" harmonicMeanSpeed="-1.00" length="-1.00" nVehEntered="0"/>
    <interval begin="2040.00" end="2070.00" id="D6_2_0" nVehContrib="3" flow="360.00" occupancy="8.61" speed="6.53" harmonicMeanSpeed="5.81" length="5.00" nVehEntered="3"/>
    <interval begin="2070.00" end="2100.00" id="D6_2_0" nVehContrib="3" flow="360.00" occupancy="6.90" speed="7.92" harmonicMeanSpeed="7.24" length="5.00" nVehEntered="3"/>
    <interval begin="2100.00" end="2130.00" id="D6_2_0" nVehContrib="0" flow="0.00" occupancy="0.00" speed="-1.00" harmonicMeanSpeed="-1.00" length="-1.00" nVehEntered="0"/>
    <interval begin="2130.00" end="2160.00" id="D6_2_0" nVehContrib="0" flow="0.00" occupancy="0.00" speed="-1.00" harmonicMeanSpeed="-1.00" length="-1.00" nVehEntered="0"/>
    <interval begin="2160.00" end="2190.00" id="D6_2_0" nVehContrib="13" flow="1560.00" occupancy="21.04" speed="12.40" harmonicMeanSpeed="10.30" length="5.00" nVehEntered="13"/>
    <interval begin="2190.00" end="2220.00" id="D6_2_0" nVehContrib="3" flow="360.00" occupancy="6.57" speed="8.73" harmonicMeanSpeed="7.61" length="5.00" nVehEntered="3"/>
    <interval begin="2220.00" end="2250.00" id="D6_2_0" nVehContrib="0" flow="0.00" occupancy="0.00" speed="-1.00" harmonicMeanSpeed="-1.00" length="-1.00" nVehEntered="0"/>
    <interval begin="2250.00" end="2280.00" id="D6_2_0" nVehContrib="4" flow="480.00" occupancy="17.53" speed="5.73" harmonicMeanSpeed="3.80" length="5.00" nVehEntered="4"/>
    <interval begin="2280.00" end="2310.00" id="D6_2_0" nVehContrib="10" flow="1200.00" occupancy="19.14" speed="10.07" harmonicMeanSpeed="8.71" length="5.00" nVehEntered="10"/>
    <interval begin="2310.00" end="2340.00" id="D6_2_0" nVehContrib="1" flow="120.00" occupancy="4.32" speed="3.85" harmonicMeanSpeed="3.85" length="5.00" nVehEntered="1"/>
    <interval begin="2340.00" end="2370.00" id="D6_2_0" nVehContrib="1" flow="120.00" occupancy="4.95" speed="3.37" harmonicMeanSpeed="3.37" length="5.00" nVehEntered="1"/>
    <interval begin="2370.00" end="2400.00" id="D6_2_0" nVehContrib="0" flow="0.00" occupancy="0.00" speed="-1.00" harmonicMeanSpeed="-1.00" length="-1.00" nVehEntered="0"/>
    <interval begin="2400.00" end="2430.00" id="D6_2_0" nVehContrib="0" flow="0.00" occupancy="0.93" speed="-1.00" harmonicMeanSpeed="-1.00" length="-1.00" nVehEntered="1"/>
    <interval begin="2430.00" end="2460.00" id="D6_2_0" nVehContrib="14" flow="1680.00" occupancy="20.99" speed="12.84" harmonicMeanSpeed="10.65" length="5.00" nVehEntered="13"/>
    <interval begin="2460.00" end="2490.00" id="D6_2_0" nVehContrib="2" flow="240.00" occupancy="1.99" speed="16.83" harmonicMeanSpeed="16.76" length="5.00" nVehEntered="2"/>
    <interval begin="2490.00" end="2520.00" id="D6_2_0" nVehContrib="4" flow="480.00" occupancy="61.37" speed="6.94" harmonicMeanSpeed="3.16" length="5.00" nVehEntered="5"/>
    <interval begin="2520.00" end="2550.00" id="D6_2_0" nVehContrib="8" flow="960.00" occupancy="21.39" speed="7.45" harmonicMeanSpeed="2.16" length="5.00" nVehEntered="7"/>
    <interval begin="2550.00" end="2580.00" id="D6_2_0" nVehContrib="0" flow="0.00" occupancy="0.00" speed="-1.00" harmonicMeanSpeed="-1.00" length="-1.00" nVehEntered="0"/>
    <interval begin="2580.00" end="2610.00" id="D6_2_0" nVehContrib="1" flow="120.00" occupancy="2.48" speed="6.73" harmonicMeanSpeed="6.73" length="5.00" nVehEntered="1"/>
    <interval begin="2610.00" end="2640.00" id="D6_2_0" nVehContrib="0" flow="0.00" occupancy="0.00" speed="-1.00" harmonicMeanSpeed="-1.00" length="-1.00" nVehEntered="0"/>
    <interval begin="2640.00" end="2670.00" id="D6_2_0" nVehContrib="0" flow="0.00" occupancy="0.00" speed="-1.00" harmonicMeanSpeed="-1.00" length="-1.00" nVehEntered="0"/>
    <interval begin="2670.00" end="2700.00" id="D6_2_0" nVehContrib="7" flow="840.00" occupancy="7.22" speed="16.18" harmonicMeanSpeed="16.15" length="5.00" nVehEntered="7"/>
    <interval begin="2700.00" end="2730.00" id="D6_2_0" nVehContrib="10" flow="1200.00" occupancy="9.54" speed="17.56" harmonicMeanSpeed="17.47" length="5.00" nVehEntered="10"/>
    <interval begin="2730.00" end="2760.00" id="D6_2_0" nVehContrib="4" flow="480.00" occupancy="4.38" speed="15.45" harmonicMeanSpeed="15.22" length="5.00" nVehEntered="4"/>
    <interval begin="2760.00" end="2790.00" id="D6_2_0" nVehContrib="3" flow="360.00" occupancy="7.40" speed="7.09" harmonicMeanSpeed="6.76" length="5.00" nVehEntered="3"/>
    <interval begin="2790.00" end="2820.00" id="D6_2_0" nVehContrib="0" flow="0.00" occupancy="0.00" speed="-1.00" harmonicMeanSpeed="-1.00" length="-1.00" nVehEntered="0"/>
    <interval begin="2820.00" end="2850.00" id="D6_2_0" nVehContrib="5" flow="600.00" occupancy="6.18" speed="13.69" harmonicMeanSpeed="13.49" length="5.00" nVehEntered="5"/>
    <interval begin="2850.00" end="2880.00" id="D6_2_0" nVehContrib="11" flow="1320.00" occupancy="10.33" speed="17.79" harmonicMeanSpeed="17.74" length="5.00" nVehEntered="11"/>
    <interval begin="2880.00" end="2910.00" id="D6_2_0" nVehContrib="5" flow="600.00" occupancy="5.94" speed="14.25" harmonicMeanSpeed="14.03" length="5.00" nVehEntered="5"/>
    <interval begin="2910.00" end="2940.00" id="D6_2_0" nVehContrib="4" flow="480.00" occupancy="49.41" speed="4.28" harmonicMeanSpeed="1.35" length="5.00" nVehEntered="4"/>
    <interval begin="2940.00" end="2970.00" id="D6_2_0" nVehContrib="0" flow="0.00" occupancy="0.00" speed="-1.00" harmonicMeanSpeed="-1.00" length="-1.00" nVehEntered="0"/>
    <interval begin="2970.00" end="3000.00" id="D6_2_0" nVehContrib="6" flow="720.00" occupancy="23.28" speed="4.88" harmonicMeanSpeed="4.30" length="5.00" nVehEntered="6"/>
    <interval begin="3000.00" end="3030.00" id="D6_2_0" nVehContrib="2" flow="240.00" occupancy="87.21" speed="5.01" harmonicMeanSpeed="4.71" length="5.00" nVehEntered="3"/>
    <interval begin="3030.00" end="3060.00" id="D6_2_0" nVehContrib="1" flow="120.00" occupancy="91.01" speed="0.16" harmonicMeanSpeed="0.16" length="5.00" nVehEntered="1"/>
    <interval begin="3060.00" end="3090.00" id="D6_2_0" nVehContrib="3" flow="360.00" occupancy="86.41" speed="4.82" harmonicMeanSpeed="0.33" length="5.00" nVehEntered="2"/>
    <interval begin="3090.00" end="3120.00" id="D6_2_0" nVehContrib="4" flow="480.00" occupancy="9.94" speed="8.35" harmonicMeanSpeed="6.71" length="5.00" nVehEntered="4"/>
    <interval begin="3120.00" end="3150.00" id="D6_2_0" nVehContrib="1" flow="120.00" occupancy="0.94" speed="17.70" harmonicMeanSpeed="17.70" length="5.00" nVehEntered="1"/>
    <interval begin="3150.00" end="3180.00" id="D6_2_0" nVehContrib="4" flow="480.00" occupancy="4.19" speed="17.20" harmonicMeanSpeed="17.14" length="5.00" nVehEntered="5"/>
    <interval begin="3180.00" end="3210.00" id="D6_2_0" nVehContrib="10" flow="1200.00" occupancy="9.41" speed="17.25" harmonicMeanSpeed="17.16" length="5.00" nVehEntered="9"/>
    <interval begin="3210.00" end="3240.00" id="D6_2_0" nVehContrib="3" flow="360.00" occupancy="3.12" speed="16.14" harmonicMeanSpeed="16.00" length="5.00" nVehEntered="3"/>
    <interval begin="3240.00" end="3270.00" id="D6_2_0" nVehContrib="3" flow="360.00" occupancy="6.46" speed="9.12" harmonicMeanSpeed="7.74" length="5.00" nVehEntered="3"/>
    <interval begin="3270.00" end="3300.00" id="D6_2_0" nVehContrib="0" flow="0.00" occupancy="0.00" speed="-1.00" harmonicMeanSpeed="-1.00" length="-1.00" nVehEntered="0"/>
    <interval begin="3300.00" end="3330.00" id="D6_2_0" nVehContrib="13" flow="1560.00" occupancy="31.79" speed="9.21" harmonicMeanSpeed="6.82" length="5.00" nVehEntered="13"/>
    <interval begin="3330.00" end="3360.00" id="D6_2_0" nVehContrib="0" flow="0.00" occupancy="0.00" speed="-1.00" harmonicMeanSpeed="-1.00" length="-1.00" nVehEntered="0"/>
    <interval begin="3360.00" end="3390.00" id="D6_2_0" nVehContrib="0" flow="0.00" occupancy="0.00" speed="-1.00" harmonicMeanSpeed="-1.00" length="-1.00" nVehEntered="0"/>
    <interval begin="3390.00" end="3420.00" id="D6_2_0" nVehContrib="2" flow="240.00" occupancy="6.66" speed="5.54" harmonicMeanSpeed="5.01" length="5.00" nVehEntered="2"/>
    <interval begin="3420.00" end="3450.00" id="D6_2_0" nVehContrib="0" flow="0.00" occupancy="0.00" speed="-1.00" harmonicMeanSpeed="-1.00" length="-1.00" nVehEntered="0"/>
    <interval begin="3450.00" end="3480.00" id="D6_2_0" nVehContrib="11" flow="1320.00" occupancy="12.10" speed="15.46" harmonicMeanSpeed="15.15" length="5.00" nVehEntered="11"/>
    <interval begin="3480.00" end="3510.00" id="D6_2_0" nVehContrib="3" flow="360.00" occupancy="3.15" speed="15.97" harmonicMeanSpeed="15.89" length="5.00" nVehEntered="3"/>
    <interval begin="3510.00" end="3540.00" id="D6_2_0" nVehContrib="8" flow="960.00" occupancy="20.20" speed="10.02" harmonicMeanSpeed="8.76" length="5.00" nVehEntered="9"/>
    <interval begin="3540.00" end="3570.00" id="D6_2_0" nVehContrib="0" flow="0.00" occupancy="100.00" speed="-1.00" harmonicMeanSpeed="-1.00" length="-1.00" nVehEntered="0"/>
    <interval begin="3570.00" end="3594.00" id="D6_2_0" nVehContrib="0" flow="0.00" occupancy="100.00" speed="-1.00" harmonicMeanSpeed="-1.00" length="-1.00" nVehEntered="0"/>
</detector>
