<?xml version="1.0" encoding="UTF-8"?>

<!-- generated on 01/27/20 08:48:22 by Eclipse SUMO Version 1.3.1
<configuration xmlns:xsi="http://www.w3.org/2001/XMLSchema-instance" xsi:noNamespaceSchemaLocation="http://sumo.dlr.de/xsd/sumoConfiguration.xsd">

    <input>
        <net-file value="gnet.net.xml"/>
        <route-files value="grou.rou.xml"/>
        <additional-files value="gadd.additional.xml"/>
    </input>

    <output>
        <queue-output value="Queue.xml"/>
        <summary-output value="Summary.xml"/>
        <tripinfo-output value="output-tripinfos.xml"/>
    </output>

    <time>
        <begin value="0"/>
        <end value="3600"/>
    </time>

    <processing>
        <time-to-teleport value="3600"/>
    </processing>

    <traci_server>
        <remote-port value="12790"/>
    </traci_server>

    <gui_only>
        <gui-settings-file value="gview.view.xml"/>
        <quit-on-end value="true"/>
        <start value="true"/>
    </gui_only>

</configuration>
-->

<detector xmlns:xsi="http://www.w3.org/2001/XMLSchema-instance" xsi:noNamespaceSchemaLocation="http://sumo.dlr.de/xsd/det_e1_file.xsd">
    <interval begin="0.00" end="30.00" id="D6_2_1" nVehContrib="4" flow="480.00" occupancy="3.28" speed="20.34" harmonicMeanSpeed="20.30" length="5.00" nVehEntered="5"/>
    <interval begin="30.00" end="60.00" id="D6_2_1" nVehContrib="4" flow="480.00" occupancy="3.21" speed="20.82" harmonicMeanSpeed="20.79" length="5.00" nVehEntered="5"/>
    <interval begin="60.00" end="90.00" id="D6_2_1" nVehContrib="7" flow="840.00" occupancy="5.81" speed="20.13" harmonicMeanSpeed="20.09" length="5.00" nVehEntered="8"/>
    <interval begin="90.00" end="120.00" id="D6_2_1" nVehContrib="4" flow="480.00" occupancy="3.26" speed="20.48" harmonicMeanSpeed="20.46" length="5.00" nVehEntered="5"/>
    <interval begin="120.00" end="150.00" id="D6_2_1" nVehContrib="4" flow="480.00" occupancy="3.34" speed="19.98" harmonicMeanSpeed="19.94" length="5.00" nVehEntered="5"/>
    <interval begin="150.00" end="180.00" id="D6_2_1" nVehContrib="4" flow="480.00" occupancy="3.58" speed="18.71" harmonicMeanSpeed="18.64" length="5.00" nVehEntered="4"/>
    <interval begin="180.00" end="210.00" id="D6_2_1" nVehContrib="3" flow="360.00" occupancy="2.52" speed="19.88" harmonicMeanSpeed="19.87" length="5.00" nVehEntered="5"/>
    <interval begin="210.00" end="240.00" id="D6_2_1" nVehContrib="6" flow="720.00" occupancy="5.76" speed="17.50" harmonicMeanSpeed="17.35" length="5.00" nVehEntered="7"/>
    <interval begin="240.00" end="270.00" id="D6_2_1" nVehContrib="4" flow="480.00" occupancy="3.40" speed="19.71" harmonicMeanSpeed="19.61" length="5.00" nVehEntered="4"/>
    <interval begin="270.00" end="300.00" id="D6_2_1" nVehContrib="5" flow="600.00" occupancy="5.95" speed="15.91" harmonicMeanSpeed="15.74" length="5.00" nVehEntered="6"/>
    <interval begin="300.00" end="330.00" id="D6_2_1" nVehContrib="6" flow="720.00" occupancy="6.25" speed="14.85" harmonicMeanSpeed="14.49" length="5.00" nVehEntered="5"/>
    <interval begin="330.00" end="360.00" id="D6_2_1" nVehContrib="5" flow="600.00" occupancy="6.51" speed="13.59" harmonicMeanSpeed="12.80" length="5.00" nVehEntered="5"/>
    <interval begin="360.00" end="390.00" id="D6_2_1" nVehContrib="4" flow="480.00" occupancy="41.34" speed="8.71" harmonicMeanSpeed="1.69" length="5.00" nVehEntered="5"/>
    <interval begin="390.00" end="420.00" id="D6_2_1" nVehContrib="6" flow="720.00" occupancy="23.04" speed="7.57" harmonicMeanSpeed="6.41" length="5.00" nVehEntered="7"/>
    <interval begin="420.00" end="450.00" id="D6_2_1" nVehContrib="4" flow="480.00" occupancy="73.46" speed="4.18" harmonicMeanSpeed="0.81" length="5.00" nVehEntered="4"/>
    <interval begin="450.00" end="480.00" id="D6_2_1" nVehContrib="3" flow="360.00" occupancy="82.35" speed="5.17" harmonicMeanSpeed="4.70" length="5.00" nVehEntered="3"/>
    <interval begin="480.00" end="510.00" id="D6_2_1" nVehContrib="6" flow="720.00" occupancy="60.21" speed="4.24" harmonicMeanSpeed="0.81" length="5.00" nVehEntered="6"/>
    <interval begin="510.00" end="540.00" id="D6_2_1" nVehContrib="1" flow="120.00" occupancy="14.66" speed="0.71" harmonicMeanSpeed="0.71" length="5.00" nVehEntered="0"/>
    <interval begin="540.00" end="570.00" id="D6_2_1" nVehContrib="2" flow="240.00" occupancy="47.28" speed="1.28" harmonicMeanSpeed="1.18" length="5.00" nVehEntered="3"/>
    <interval begin="570.00" end="600.00" id="D6_2_1" nVehContrib="1" flow="120.00" occupancy="90.78" speed="0.15" harmonicMeanSpeed="0.15" length="5.00" nVehEntered="0"/>
    <interval begin="600.00" end="630.00" id="D6_2_1" nVehContrib="0" flow="0.00" occupancy="73.25" speed="-1.00" harmonicMeanSpeed="-1.00" length="-1.00" nVehEntered="1"/>
    <interval begin="630.00" end="660.00" id="D6_2_1" nVehContrib="1" flow="120.00" occupancy="87.44" speed="0.13" harmonicMeanSpeed="0.13" length="5.00" nVehEntered="1"/>
    <interval begin="660.00" end="690.00" id="D6_2_1" nVehContrib="0" flow="0.00" occupancy="100.00" speed="-1.00" harmonicMeanSpeed="-1.00" length="-1.00" nVehEntered="0"/>
    <interval begin="690.00" end="720.00" id="D6_2_1" nVehContrib="3" flow="360.00" occupancy="58.22" speed="1.41" harmonicMeanSpeed="0.26" length="5.00" nVehEntered="2"/>
    <interval begin="720.00" end="750.00" id="D6_2_1" nVehContrib="1" flow="120.00" occupancy="89.62" speed="3.85" harmonicMeanSpeed="3.85" length="5.00" nVehEntered="2"/>
    <interval begin="750.00" end="780.00" id="D6_2_1" nVehContrib="1" flow="120.00" occupancy="15.13" speed="0.17" harmonicMeanSpeed="0.17" length="5.00" nVehEntered="0"/>
    <interval begin="780.00" end="810.00" id="D6_2_1" nVehContrib="1" flow="120.00" occupancy="77.77" speed="0.21" harmonicMeanSpeed="0.21" length="5.00" nVehEntered="1"/>
    <interval begin="810.00" end="840.00" id="D6_2_1" nVehContrib="1" flow="120.00" occupancy="31.99" speed="1.09" harmonicMeanSpeed="1.09" length="5.00" nVehEntered="2"/>
    <interval begin="840.00" end="870.00" id="D6_2_1" nVehContrib="0" flow="0.00" occupancy="100.00" speed="-1.00" harmonicMeanSpeed="-1.00" length="-1.00" nVehEntered="0"/>
    <interval begin="870.00" end="900.00" id="D6_2_1" nVehContrib="0" flow="0.00" occupancy="100.00" speed="-1.00" harmonicMeanSpeed="-1.00" length="-1.00" nVehEntered="0"/>
    <interval begin="900.00" end="930.00" id="D6_2_1" nVehContrib="2" flow="240.00" occupancy="63.93" speed="0.50" harmonicMeanSpeed="0.12" length="5.00" nVehEntered="1"/>
    <interval begin="930.00" end="960.00" id="D6_2_1" nVehContrib="2" flow="240.00" occupancy="63.30" speed="2.18" harmonicMeanSpeed="1.96" length="5.00" nVehEntered="3"/>
    <interval begin="960.00" end="990.00" id="D6_2_1" nVehContrib="1" flow="120.00" occupancy="38.34" speed="0.20" harmonicMeanSpeed="0.20" length="5.00" nVehEntered="0"/>
    <interval begin="990.00" end="1020.00" id="D6_2_1" nVehContrib="0" flow="0.00" occupancy="0.00" speed="-1.00" harmonicMeanSpeed="-1.00" length="-1.00" nVehEntered="0"/>
    <interval begin="1020.00" end="1050.00" id="D6_2_1" nVehContrib="0" flow="0.00" occupancy="9.71" speed="-1.00" harmonicMeanSpeed="-1.00" length="-1.00" nVehEntered="1"/>
    <interval begin="1050.00" end="1080.00" id="D6_2_1" nVehContrib="0" flow="0.00" occupancy="100.00" speed="-1.00" harmonicMeanSpeed="-1.00" length="-1.00" nVehEntered="0"/>
    <interval begin="1080.00" end="1110.00" id="D6_2_1" nVehContrib="5" flow="600.00" occupancy="48.60" speed="3.29" harmonicMeanSpeed="0.63" length="5.00" nVehEntered="5"/>
    <interval begin="1110.00" end="1140.00" id="D6_2_1" nVehContrib="1" flow="120.00" occupancy="80.76" speed="0.15" harmonicMeanSpeed="0.15" length="5.00" nVehEntered="0"/>
    <interval begin="1140.00" end="1170.00" id="D6_2_1" nVehContrib="1" flow="120.00" occupancy="56.38" speed="1.05" harmonicMeanSpeed="1.05" length="5.00" nVehEntered="2"/>
    <interval begin="1170.00" end="1200.00" id="D6_2_1" nVehContrib="1" flow="120.00" occupancy="59.79" speed="0.17" harmonicMeanSpeed="0.17" length="5.00" nVehEntered="0"/>
    <interval begin="1200.00" end="1230.00" id="D6_2_1" nVehContrib="0" flow="0.00" occupancy="80.33" speed="-1.00" harmonicMeanSpeed="-1.00" length="-1.00" nVehEntered="1"/>
    <interval begin="1230.00" end="1260.00" id="D6_2_1" nVehContrib="2" flow="240.00" occupancy="78.07" speed="0.81" harmonicMeanSpeed="0.23" length="5.00" nVehEntered="2"/>
    <interval begin="1260.00" end="1290.00" id="D6_2_1" nVehContrib="0" flow="0.00" occupancy="100.00" speed="-1.00" harmonicMeanSpeed="-1.00" length="-1.00" nVehEntered="0"/>
    <interval begin="1290.00" end="1320.00" id="D6_2_1" nVehContrib="4" flow="480.00" occupancy="40.46" speed="2.15" harmonicMeanSpeed="0.44" length="5.00" nVehEntered="3"/>
    <interval begin="1320.00" end="1350.00" id="D6_2_1" nVehContrib="0" flow="0.00" occupancy="99.84" speed="-1.00" harmonicMeanSpeed="-1.00" length="-1.00" nVehEntered="1"/>
    <interval begin="1350.00" end="1380.00" id="D6_2_1" nVehContrib="2" flow="240.00" occupancy="23.43" speed="0.46" harmonicMeanSpeed="0.27" length="5.00" nVehEntered="1"/>
    <interval begin="1380.00" end="1410.00" id="D6_2_1" nVehContrib="1" flow="120.00" occupancy="63.74" speed="0.26" harmonicMeanSpeed="0.26" length="5.00" nVehEntered="1"/>
    <interval begin="1410.00" end="1440.00" id="D6_2_1" nVehContrib="1" flow="120.00" occupancy="8.56" speed="1.95" harmonicMeanSpeed="1.95" length="5.00" nVehEntered="1"/>
    <interval begin="1440.00" end="1470.00" id="D6_2_1" nVehContrib="0" flow="0.00" occupancy="51.51" speed="-1.00" harmonicMeanSpeed="-1.00" length="-1.00" nVehEntered="1"/>
    <interval begin="1470.00" end="1500.00" id="D6_2_1" nVehContrib="1" flow="120.00" occupancy="93.15" speed="0.21" harmonicMeanSpeed="0.21" length="5.00" nVehEntered="1"/>
    <interval begin="1500.00" end="1530.00" id="D6_2_1" nVehContrib="1" flow="120.00" occupancy="48.25" speed="0.16" harmonicMeanSpeed="0.16" length="5.00" nVehEntered="1"/>
    <interval begin="1530.00" end="1560.00" id="D6_2_1" nVehContrib="1" flow="120.00" occupancy="89.46" speed="0.82" harmonicMeanSpeed="0.82" length="5.00" nVehEntered="1"/>
    <interval begin="1560.00" end="1590.00" id="D6_2_1" nVehContrib="1" flow="120.00" occupancy="17.13" speed="0.17" harmonicMeanSpeed="0.17" length="5.00" nVehEntered="0"/>
    <interval begin="1590.00" end="1620.00" id="D6_2_1" nVehContrib="0" flow="0.00" occupancy="39.33" speed="-1.00" harmonicMeanSpeed="-1.00" length="-1.00" nVehEntered="1"/>
    <interval begin="1620.00" end="1650.00" id="D6_2_1" nVehContrib="2" flow="240.00" occupancy="54.45" speed="0.54" harmonicMeanSpeed="0.50" length="5.00" nVehEntered="2"/>
    <interval begin="1650.00" end="1680.00" id="D6_2_1" nVehContrib="1" flow="120.00" occupancy="79.85" speed="0.16" harmonicMeanSpeed="0.16" length="5.00" nVehEntered="0"/>
    <interval begin="1680.00" end="1710.00" id="D6_2_1" nVehContrib="2" flow="240.00" occupancy="82.73" speed="2.04" harmonicMeanSpeed="0.76" length="5.00" nVehEntered="3"/>
    <interval begin="1710.00" end="1740.00" id="D6_2_1" nVehContrib="2" flow="240.00" occupancy="75.57" speed="0.49" harmonicMeanSpeed="0.29" length="5.00" nVehEntered="1"/>
    <interval begin="1740.00" end="1770.00" id="D6_2_1" nVehContrib="1" flow="120.00" occupancy="52.68" speed="2.34" harmonicMeanSpeed="2.34" length="5.00" nVehEntered="2"/>
    <interval begin="1770.00" end="1800.00" id="D6_2_1" nVehContrib="2" flow="240.00" occupancy="39.35" speed="1.41" harmonicMeanSpeed="0.39" length="5.00" nVehEntered="1"/>
    <interval begin="1800.00" end="1830.00" id="D6_2_1" nVehContrib="2" flow="240.00" occupancy="82.11" speed="4.27" harmonicMeanSpeed="4.25" length="5.00" nVehEntered="3"/>
    <interval begin="1830.00" end="1860.00" id="D6_2_1" nVehContrib="1" flow="120.00" occupancy="37.51" speed="0.16" harmonicMeanSpeed="0.16" length="5.00" nVehEntered="1"/>
    <interval begin="1860.00" end="1890.00" id="D6_2_1" nVehContrib="0" flow="0.00" occupancy="100.00" speed="-1.00" harmonicMeanSpeed="-1.00" length="-1.00" nVehEntered="0"/>
    <interval begin="1890.00" end="1920.00" id="D6_2_1" nVehContrib="1" flow="120.00" occupancy="8.94" speed="0.14" harmonicMeanSpeed="0.14" length="5.00" nVehEntered="0"/>
    <interval begin="1920.00" end="1950.00" id="D6_2_1" nVehContrib="0" flow="0.00" occupancy="0.00" speed="-1.00" harmonicMeanSpeed="-1.00" length="-1.00" nVehEntered="0"/>
    <interval begin="1950.00" end="1980.00" id="D6_2_1" nVehContrib="3" flow="360.00" occupancy="72.99" speed="2.31" harmonicMeanSpeed="1.58" length="5.00" nVehEntered="4"/>
    <interval begin="1980.00" end="2010.00" id="D6_2_1" nVehContrib="1" flow="120.00" occupancy="91.92" speed="0.13" harmonicMeanSpeed="0.13" length="5.00" nVehEntered="0"/>
    <interval begin="2010.00" end="2040.00" id="D6_2_1" nVehContrib="0" flow="0.00" occupancy="0.00" speed="-1.00" harmonicMeanSpeed="-1.00" length="-1.00" nVehEntered="0"/>
    <interval begin="2040.00" end="2070.00" id="D6_2_1" nVehContrib="0" flow="0.00" occupancy="6.43" speed="-1.00" harmonicMeanSpeed="-1.00" length="-1.00" nVehEntered="1"/>
    <interval begin="2070.00" end="2100.00" id="D6_2_1" nVehContrib="2" flow="240.00" occupancy="7.35" speed="2.48" harmonicMeanSpeed="2.42" length="5.00" nVehEntered="1"/>
    <interval begin="2100.00" end="2130.00" id="D6_2_1" nVehContrib="0" flow="0.00" occupancy="0.00" speed="-1.00" harmonicMeanSpeed="-1.00" length="-1.00" nVehEntered="0"/>
    <interval begin="2130.00" end="2160.00" id="D6_2_1" nVehContrib="0" flow="0.00" occupancy="64.88" speed="-1.00" harmonicMeanSpeed="-1.00" length="-1.00" nVehEntered="1"/>
    <interval begin="2160.00" end="2190.00" id="D6_2_1" nVehContrib="4" flow="480.00" occupancy="53.24" speed="2.94" harmonicMeanSpeed="0.73" length="5.00" nVehEntered="4"/>
    <interval begin="2190.00" end="2220.00" id="D6_2_1" nVehContrib="1" flow="120.00" occupancy="76.71" speed="0.16" harmonicMeanSpeed="0.16" length="5.00" nVehEntered="0"/>
    <interval begin="2220.00" end="2250.00" id="D6_2_1" nVehContrib="0" flow="0.00" occupancy="32.81" speed="-1.00" harmonicMeanSpeed="-1.00" length="-1.00" nVehEntered="1"/>
    <interval begin="2250.00" end="2280.00" id="D6_2_1" nVehContrib="1" flow="120.00" occupancy="78.14" speed="0.15" harmonicMeanSpeed="0.15" length="5.00" nVehEntered="1"/>
    <interval begin="2280.00" end="2310.00" id="D6_2_1" nVehContrib="2" flow="240.00" occupancy="81.62" speed="2.36" harmonicMeanSpeed="2.27" length="5.00" nVehEntered="2"/>
    <interval begin="2310.00" end="2340.00" id="D6_2_1" nVehContrib="1" flow="120.00" occupancy="47.62" speed="0.14" harmonicMeanSpeed="0.14" length="5.00" nVehEntered="0"/>
    <interval begin="2340.00" end="2370.00" id="D6_2_1" nVehContrib="0" flow="0.00" occupancy="91.66" speed="-1.00" harmonicMeanSpeed="-1.00" length="-1.00" nVehEntered="1"/>
    <interval begin="2370.00" end="2400.00" id="D6_2_1" nVehContrib="1" flow="120.00" occupancy="48.73" speed="0.12" harmonicMeanSpeed="0.12" length="5.00" nVehEntered="1"/>
    <interval begin="2400.00" end="2430.00" id="D6_2_1" nVehContrib="1" flow="120.00" occupancy="27.88" speed="0.60" harmonicMeanSpeed="0.60" length="5.00" nVehEntered="1"/>
    <interval begin="2430.00" end="2460.00" id="D6_2_1" nVehContrib="6" flow="720.00" occupancy="51.21" speed="5.20" harmonicMeanSpeed="3.70" length="5.00" nVehEntered="7"/>
    <interval begin="2460.00" end="2490.00" id="D6_2_1" nVehContrib="1" flow="120.00" occupancy="79.70" speed="0.16" harmonicMeanSpeed="0.16" length="5.00" nVehEntered="0"/>
    <interval begin="2490.00" end="2520.00" id="D6_2_1" nVehContrib="0" flow="0.00" occupancy="4.65" speed="-1.00" harmonicMeanSpeed="-1.00" length="-1.00" nVehEntered="1"/>
    <interval begin="2520.00" end="2550.00" id="D6_2_1" nVehContrib="0" flow="0.00" occupancy="100.00" speed="-1.00" harmonicMeanSpeed="-1.00" length="-1.00" nVehEntered="0"/>
    <interval begin="2550.00" end="2580.00" id="D6_2_1" nVehContrib="1" flow="120.00" occupancy="71.71" speed="0.15" harmonicMeanSpeed="0.15" length="5.00" nVehEntered="1"/>
    <interval begin="2580.00" end="2610.00" id="D6_2_1" nVehContrib="2" flow="240.00" occupancy="46.01" speed="1.44" harmonicMeanSpeed="0.30" length="5.00" nVehEntered="1"/>
    <interval begin="2610.00" end="2640.00" id="D6_2_1" nVehContrib="0" flow="0.00" occupancy="0.00" speed="-1.00" harmonicMeanSpeed="-1.00" length="-1.00" nVehEntered="0"/>
    <interval begin="2640.00" end="2670.00" id="D6_2_1" nVehContrib="2" flow="240.00" occupancy="25.20" speed="1.98" harmonicMeanSpeed="1.97" length="5.00" nVehEntered="3"/>
    <interval begin="2670.00" end="2700.00" id="D6_2_1" nVehContrib="1" flow="120.00" occupancy="97.77" speed="0.16" harmonicMeanSpeed="0.16" length="5.00" nVehEntered="0"/>
    <interval begin="2700.00" end="2730.00" id="D6_2_1" nVehContrib="3" flow="360.00" occupancy="57.30" speed="2.75" harmonicMeanSpeed="1.61" length="5.00" nVehEntered="4"/>
    <interval begin="2730.00" end="2760.00" id="D6_2_1" nVehContrib="1" flow="120.00" occupancy="80.98" speed="0.16" harmonicMeanSpeed="0.16" length="5.00" nVehEntered="0"/>
    <interval begin="2760.00" end="2790.00" id="D6_2_1" nVehContrib="1" flow="120.00" occupancy="45.40" speed="0.95" harmonicMeanSpeed="0.95" length="5.00" nVehEntered="2"/>
    <interval begin="2790.00" end="2820.00" id="D6_2_1" nVehContrib="1" flow="120.00" occupancy="60.89" speed="0.19" harmonicMeanSpeed="0.19" length="5.00" nVehEntered="0"/>
    <interval begin="2820.00" end="2850.00" id="D6_2_1" nVehContrib="1" flow="120.00" occupancy="83.78" speed="1.80" harmonicMeanSpeed="1.80" length="5.00" nVehEntered="2"/>
    <interval begin="2850.00" end="2880.00" id="D6_2_1" nVehContrib="4" flow="480.00" occupancy="65.55" speed="2.03" harmonicMeanSpeed="0.48" length="5.00" nVehEntered="3"/>
    <interval begin="2880.00" end="2910.00" id="D6_2_1" nVehContrib="0" flow="0.00" occupancy="77.44" speed="-1.00" harmonicMeanSpeed="-1.00" length="-1.00" nVehEntered="1"/>
    <interval begin="2910.00" end="2940.00" id="D6_2_1" nVehContrib="2" flow="240.00" occupancy="65.05" speed="0.36" harmonicMeanSpeed="0.27" length="5.00" nVehEntered="2"/>
    <interval begin="2940.00" end="2970.00" id="D6_2_1" nVehContrib="0" flow="0.00" occupancy="100.00" speed="-1.00" harmonicMeanSpeed="-1.00" length="-1.00" nVehEntered="0"/>
    <interval begin="2970.00" end="3000.00" id="D6_2_1" nVehContrib="1" flow="120.00" occupancy="40.48" speed="0.11" harmonicMeanSpeed="0.11" length="5.00" nVehEntered="1"/>
    <interval begin="3000.00" end="3030.00" id="D6_2_1" nVehContrib="1" flow="120.00" occupancy="25.07" speed="0.47" harmonicMeanSpeed="0.47" length="5.00" nVehEntered="0"/>
    <interval begin="3030.00" end="3060.00" id="D6_2_1" nVehContrib="1" flow="120.00" occupancy="25.12" speed="0.66" harmonicMeanSpeed="0.66" length="5.00" nVehEntered="1"/>
    <interval begin="3060.00" end="3090.00" id="D6_2_1" nVehContrib="1" flow="120.00" occupancy="28.60" speed="0.58" harmonicMeanSpeed="0.58" length="5.00" nVehEntered="1"/>
    <interval begin="3090.00" end="3120.00" id="D6_2_1" nVehContrib="1" flow="120.00" occupancy="79.74" speed="0.81" harmonicMeanSpeed="0.81" length="5.00" nVehEntered="2"/>
    <interval begin="3120.00" end="3150.00" id="D6_2_1" nVehContrib="3" flow="360.00" occupancy="55.95" speed="1.33" harmonicMeanSpeed="0.43" length="5.00" nVehEntered="2"/>
    <interval begin="3150.00" end="3180.00" id="D6_2_1" nVehContrib="0" flow="0.00" occupancy="97.44" speed="-1.00" harmonicMeanSpeed="-1.00" length="-1.00" nVehEntered="1"/>
    <interval begin="3180.00" end="3210.00" id="D6_2_1" nVehContrib="4" flow="480.00" occupancy="63.22" speed="2.33" harmonicMeanSpeed="0.46" length="5.00" nVehEntered="4"/>
    <interval begin="3210.00" end="3240.00" id="D6_2_1" nVehContrib="0" flow="0.00" occupancy="100.00" speed="-1.00" harmonicMeanSpeed="-1.00" length="-1.00" nVehEntered="0"/>
    <interval begin="3240.00" end="3270.00" id="D6_2_1" nVehContrib="1" flow="120.00" occupancy="1.47" speed="0.14" harmonicMeanSpeed="0.14" length="5.00" nVehEntered="0"/>
    <interval begin="3270.00" end="3300.00" id="D6_2_1" nVehContrib="1" flow="120.00" occupancy="5.48" speed="3.04" harmonicMeanSpeed="3.04" length="5.00" nVehEntered="1"/>
    <interval begin="3300.00" end="3330.00" id="D6_2_1" nVehContrib="2" flow="240.00" occupancy="59.86" speed="2.39" harmonicMeanSpeed="2.20" length="5.00" nVehEntered="3"/>
    <interval begin="3330.00" end="3360.00" id="D6_2_1" nVehContrib="1" flow="120.00" occupancy="58.05" speed="0.16" harmonicMeanSpeed="0.16" length="5.00" nVehEntered="0"/>
    <interval begin="3360.00" end="3390.00" id="D6_2_1" nVehContrib="0" flow="0.00" occupancy="0.00" speed="-1.00" harmonicMeanSpeed="-1.00" length="-1.00" nVehEntered="0"/>
    <interval begin="3390.00" end="3420.00" id="D6_2_1" nVehContrib="1" flow="120.00" occupancy="10.84" speed="1.54" harmonicMeanSpeed="1.54" length="5.00" nVehEntered="1"/>
    <interval begin="3420.00" end="3450.00" id="D6_2_1" nVehContrib="0" flow="0.00" occupancy="95.15" speed="-1.00" harmonicMeanSpeed="-1.00" length="-1.00" nVehEntered="1"/>
    <interval begin="3450.00" end="3480.00" id="D6_2_1" nVehContrib="6" flow="720.00" occupancy="41.03" speed="3.15" harmonicMeanSpeed="0.73" length="5.00" nVehEntered="5"/>
    <interval begin="3480.00" end="3510.00" id="D6_2_1" nVehContrib="0" flow="0.00" occupancy="0.00" speed="-1.00" harmonicMeanSpeed="-1.00" length="-1.00" nVehEntered="0"/>
    <interval begin="3510.00" end="3540.00" id="D6_2_1" nVehContrib="0" flow="0.00" occupancy="63.67" speed="-1.00" harmonicMeanSpeed="-1.00" length="-1.00" nVehEntered="1"/>
    <interval begin="3540.00" end="3570.00" id="D6_2_1" nVehContrib="1" flow="120.00" occupancy="85.15" speed="0.25" harmonicMeanSpeed="0.25" length="5.00" nVehEntered="1"/>
    <interval begin="3570.00" end="3594.00" id="D6_2_1" nVehContrib="0" flow="0.00" occupancy="100.00" speed="-1.00" harmonicMeanSpeed="-1.00" length="-1.00" nVehEntered="0"/>
</detector>
