<?xml version="1.0" encoding="UTF-8"?>

<!-- generated on 01/27/20 08:48:22 by Eclipse SUMO Version 1.3.1
<configuration xmlns:xsi="http://www.w3.org/2001/XMLSchema-instance" xsi:noNamespaceSchemaLocation="http://sumo.dlr.de/xsd/sumoConfiguration.xsd">

    <input>
        <net-file value="gnet.net.xml"/>
        <route-files value="grou.rou.xml"/>
        <additional-files value="gadd.additional.xml"/>
    </input>

    <output>
        <queue-output value="Queue.xml"/>
        <summary-output value="Summary.xml"/>
        <tripinfo-output value="output-tripinfos.xml"/>
    </output>

    <time>
        <begin value="0"/>
        <end value="3600"/>
    </time>

    <processing>
        <time-to-teleport value="3600"/>
    </processing>

    <traci_server>
        <remote-port value="12790"/>
    </traci_server>

    <gui_only>
        <gui-settings-file value="gview.view.xml"/>
        <quit-on-end value="true"/>
        <start value="true"/>
    </gui_only>

</configuration>
-->

<detector xmlns:xsi="http://www.w3.org/2001/XMLSchema-instance" xsi:noNamespaceSchemaLocation="http://sumo.dlr.de/xsd/det_e1_file.xsd">
    <interval begin="0.00" end="30.00" id="D6_3_0" nVehContrib="0" flow="0.00" occupancy="0.00" speed="-1.00" harmonicMeanSpeed="-1.00" length="-1.00" nVehEntered="1"/>
    <interval begin="30.00" end="60.00" id="D6_3_0" nVehContrib="0" flow="0.00" occupancy="0.00" speed="-1.00" harmonicMeanSpeed="-1.00" length="-1.00" nVehEntered="1"/>
    <interval begin="60.00" end="90.00" id="D6_3_0" nVehContrib="0" flow="0.00" occupancy="0.00" speed="-1.00" harmonicMeanSpeed="-1.00" length="-1.00" nVehEntered="0"/>
    <interval begin="90.00" end="120.00" id="D6_3_0" nVehContrib="0" flow="0.00" occupancy="0.00" speed="-1.00" harmonicMeanSpeed="-1.00" length="-1.00" nVehEntered="0"/>
    <interval begin="120.00" end="150.00" id="D6_3_0" nVehContrib="0" flow="0.00" occupancy="0.00" speed="-1.00" harmonicMeanSpeed="-1.00" length="-1.00" nVehEntered="0"/>
    <interval begin="150.00" end="180.00" id="D6_3_0" nVehContrib="0" flow="0.00" occupancy="0.00" speed="-1.00" harmonicMeanSpeed="-1.00" length="-1.00" nVehEntered="0"/>
    <interval begin="180.00" end="210.00" id="D6_3_0" nVehContrib="0" flow="0.00" occupancy="0.00" speed="-1.00" harmonicMeanSpeed="-1.00" length="-1.00" nVehEntered="0"/>
    <interval begin="210.00" end="240.00" id="D6_3_0" nVehContrib="0" flow="0.00" occupancy="0.00" speed="-1.00" harmonicMeanSpeed="-1.00" length="-1.00" nVehEntered="0"/>
    <interval begin="240.00" end="270.00" id="D6_3_0" nVehContrib="0" flow="0.00" occupancy="0.00" speed="-1.00" harmonicMeanSpeed="-1.00" length="-1.00" nVehEntered="0"/>
    <interval begin="270.00" end="300.00" id="D6_3_0" nVehContrib="0" flow="0.00" occupancy="0.00" speed="-1.00" harmonicMeanSpeed="-1.00" length="-1.00" nVehEntered="0"/>
    <interval begin="300.00" end="330.00" id="D6_3_0" nVehContrib="0" flow="0.00" occupancy="0.00" speed="-1.00" harmonicMeanSpeed="-1.00" length="-1.00" nVehEntered="0"/>
    <interval begin="330.00" end="360.00" id="D6_3_0" nVehContrib="0" flow="0.00" occupancy="0.00" speed="-1.00" harmonicMeanSpeed="-1.00" length="-1.00" nVehEntered="0"/>
    <interval begin="360.00" end="390.00" id="D6_3_0" nVehContrib="0" flow="0.00" occupancy="0.00" speed="-1.00" harmonicMeanSpeed="-1.00" length="-1.00" nVehEntered="0"/>
    <interval begin="390.00" end="420.00" id="D6_3_0" nVehContrib="0" flow="0.00" occupancy="0.00" speed="-1.00" harmonicMeanSpeed="-1.00" length="-1.00" nVehEntered="0"/>
    <interval begin="420.00" end="450.00" id="D6_3_0" nVehContrib="0" flow="0.00" occupancy="0.00" speed="-1.00" harmonicMeanSpeed="-1.00" length="-1.00" nVehEntered="0"/>
    <interval begin="450.00" end="480.00" id="D6_3_0" nVehContrib="0" flow="0.00" occupancy="0.00" speed="-1.00" harmonicMeanSpeed="-1.00" length="-1.00" nVehEntered="0"/>
    <interval begin="480.00" end="510.00" id="D6_3_0" nVehContrib="3" flow="360.00" occupancy="3.83" speed="13.09" harmonicMeanSpeed="13.07" length="5.00" nVehEntered="3"/>
    <interval begin="510.00" end="540.00" id="D6_3_0" nVehContrib="3" flow="360.00" occupancy="3.68" speed="13.59" harmonicMeanSpeed="13.57" length="5.00" nVehEntered="3"/>
    <interval begin="540.00" end="570.00" id="D6_3_0" nVehContrib="8" flow="960.00" occupancy="10.03" speed="13.31" harmonicMeanSpeed="13.29" length="5.00" nVehEntered="8"/>
    <interval begin="570.00" end="600.00" id="D6_3_0" nVehContrib="5" flow="600.00" occupancy="6.34" speed="13.17" harmonicMeanSpeed="13.14" length="5.00" nVehEntered="5"/>
    <interval begin="600.00" end="630.00" id="D6_3_0" nVehContrib="9" flow="1080.00" occupancy="11.75" speed="13.39" harmonicMeanSpeed="13.37" length="5.00" nVehEntered="10"/>
    <interval begin="630.00" end="660.00" id="D6_3_0" nVehContrib="5" flow="600.00" occupancy="41.97" speed="11.79" harmonicMeanSpeed="11.25" length="5.00" nVehEntered="5"/>
    <interval begin="660.00" end="690.00" id="D6_3_0" nVehContrib="0" flow="0.00" occupancy="100.00" speed="-1.00" harmonicMeanSpeed="-1.00" length="-1.00" nVehEntered="0"/>
    <interval begin="690.00" end="720.00" id="D6_3_0" nVehContrib="3" flow="360.00" occupancy="88.13" speed="4.53" harmonicMeanSpeed="0.22" length="5.00" nVehEntered="2"/>
    <interval begin="720.00" end="750.00" id="D6_3_0" nVehContrib="7" flow="840.00" occupancy="10.28" speed="11.63" harmonicMeanSpeed="11.35" length="5.00" nVehEntered="7"/>
    <interval begin="750.00" end="780.00" id="D6_3_0" nVehContrib="7" flow="840.00" occupancy="30.99" speed="12.07" harmonicMeanSpeed="11.92" length="5.00" nVehEntered="8"/>
    <interval begin="780.00" end="810.00" id="D6_3_0" nVehContrib="0" flow="0.00" occupancy="100.00" speed="-1.00" harmonicMeanSpeed="-1.00" length="-1.00" nVehEntered="0"/>
    <interval begin="810.00" end="840.00" id="D6_3_0" nVehContrib="0" flow="0.00" occupancy="100.00" speed="-1.00" harmonicMeanSpeed="-1.00" length="-1.00" nVehEntered="0"/>
    <interval begin="840.00" end="870.00" id="D6_3_0" nVehContrib="10" flow="1200.00" occupancy="31.58" speed="9.54" harmonicMeanSpeed="0.66" length="5.00" nVehEntered="9"/>
    <interval begin="870.00" end="900.00" id="D6_3_0" nVehContrib="8" flow="960.00" occupancy="18.69" speed="12.44" harmonicMeanSpeed="12.18" length="5.00" nVehEntered="9"/>
    <interval begin="900.00" end="930.00" id="D6_3_0" nVehContrib="0" flow="0.00" occupancy="100.00" speed="-1.00" harmonicMeanSpeed="-1.00" length="-1.00" nVehEntered="0"/>
    <interval begin="930.00" end="960.00" id="D6_3_0" nVehContrib="7" flow="840.00" occupancy="39.80" speed="8.37" harmonicMeanSpeed="0.79" length="5.00" nVehEntered="6"/>
    <interval begin="960.00" end="990.00" id="D6_3_0" nVehContrib="7" flow="840.00" occupancy="9.71" speed="12.28" harmonicMeanSpeed="12.01" length="5.00" nVehEntered="7"/>
    <interval begin="990.00" end="1020.00" id="D6_3_0" nVehContrib="0" flow="0.00" occupancy="96.77" speed="-1.00" harmonicMeanSpeed="-1.00" length="-1.00" nVehEntered="1"/>
    <interval begin="1020.00" end="1050.00" id="D6_3_0" nVehContrib="0" flow="0.00" occupancy="100.00" speed="-1.00" harmonicMeanSpeed="-1.00" length="-1.00" nVehEntered="0"/>
    <interval begin="1050.00" end="1080.00" id="D6_3_0" nVehContrib="1" flow="120.00" occupancy="91.05" speed="0.08" harmonicMeanSpeed="0.08" length="5.00" nVehEntered="1"/>
    <interval begin="1080.00" end="1110.00" id="D6_3_0" nVehContrib="7" flow="840.00" occupancy="47.49" speed="7.13" harmonicMeanSpeed="0.96" length="5.00" nVehEntered="6"/>
    <interval begin="1110.00" end="1140.00" id="D6_3_0" nVehContrib="5" flow="600.00" occupancy="6.41" speed="13.06" harmonicMeanSpeed="13.00" length="5.00" nVehEntered="5"/>
    <interval begin="1140.00" end="1170.00" id="D6_3_0" nVehContrib="8" flow="960.00" occupancy="10.72" speed="12.63" harmonicMeanSpeed="12.44" length="5.00" nVehEntered="8"/>
    <interval begin="1170.00" end="1200.00" id="D6_3_0" nVehContrib="0" flow="0.00" occupancy="97.37" speed="-1.00" harmonicMeanSpeed="-1.00" length="-1.00" nVehEntered="1"/>
    <interval begin="1200.00" end="1230.00" id="D6_3_0" nVehContrib="0" flow="0.00" occupancy="100.00" speed="-1.00" harmonicMeanSpeed="-1.00" length="-1.00" nVehEntered="0"/>
    <interval begin="1230.00" end="1260.00" id="D6_3_0" nVehContrib="0" flow="0.00" occupancy="100.00" speed="-1.00" harmonicMeanSpeed="-1.00" length="-1.00" nVehEntered="0"/>
    <interval begin="1260.00" end="1290.00" id="D6_3_0" nVehContrib="5" flow="600.00" occupancy="31.27" speed="8.94" harmonicMeanSpeed="0.25" length="5.00" nVehEntered="4"/>
    <interval begin="1290.00" end="1320.00" id="D6_3_0" nVehContrib="10" flow="1200.00" occupancy="12.74" speed="13.10" harmonicMeanSpeed="13.08" length="5.00" nVehEntered="10"/>
    <interval begin="1320.00" end="1350.00" id="D6_3_0" nVehContrib="4" flow="480.00" occupancy="5.14" speed="12.98" harmonicMeanSpeed="12.98" length="5.00" nVehEntered="4"/>
    <interval begin="1350.00" end="1380.00" id="D6_3_0" nVehContrib="10" flow="1200.00" occupancy="12.53" speed="13.33" harmonicMeanSpeed="13.30" length="5.00" nVehEntered="10"/>
    <interval begin="1380.00" end="1410.00" id="D6_3_0" nVehContrib="8" flow="960.00" occupancy="12.08" speed="11.28" harmonicMeanSpeed="11.03" length="5.00" nVehEntered="8"/>
    <interval begin="1410.00" end="1440.00" id="D6_3_0" nVehContrib="6" flow="720.00" occupancy="11.16" speed="10.79" harmonicMeanSpeed="8.96" length="5.00" nVehEntered="6"/>
    <interval begin="1440.00" end="1470.00" id="D6_3_0" nVehContrib="0" flow="0.00" occupancy="0.00" speed="-1.00" harmonicMeanSpeed="-1.00" length="-1.00" nVehEntered="0"/>
    <interval begin="1470.00" end="1500.00" id="D6_3_0" nVehContrib="1" flow="120.00" occupancy="30.33" speed="0.82" harmonicMeanSpeed="0.82" length="5.00" nVehEntered="2"/>
    <interval begin="1500.00" end="1530.00" id="D6_3_0" nVehContrib="10" flow="1200.00" occupancy="31.04" speed="9.17" harmonicMeanSpeed="6.19" length="5.00" nVehEntered="10"/>
    <interval begin="1530.00" end="1560.00" id="D6_3_0" nVehContrib="9" flow="1080.00" occupancy="33.64" speed="8.69" harmonicMeanSpeed="3.13" length="5.00" nVehEntered="8"/>
    <interval begin="1560.00" end="1590.00" id="D6_3_0" nVehContrib="5" flow="600.00" occupancy="52.59" speed="11.58" harmonicMeanSpeed="11.09" length="5.00" nVehEntered="6"/>
    <interval begin="1590.00" end="1620.00" id="D6_3_0" nVehContrib="0" flow="0.00" occupancy="100.00" speed="-1.00" harmonicMeanSpeed="-1.00" length="-1.00" nVehEntered="0"/>
    <interval begin="1620.00" end="1650.00" id="D6_3_0" nVehContrib="0" flow="0.00" occupancy="100.00" speed="-1.00" harmonicMeanSpeed="-1.00" length="-1.00" nVehEntered="0"/>
    <interval begin="1650.00" end="1680.00" id="D6_3_0" nVehContrib="0" flow="0.00" occupancy="100.00" speed="-1.00" harmonicMeanSpeed="-1.00" length="-1.00" nVehEntered="0"/>
    <interval begin="1680.00" end="1710.00" id="D6_3_0" nVehContrib="7" flow="840.00" occupancy="28.98" speed="8.61" harmonicMeanSpeed="0.31" length="5.00" nVehEntered="6"/>
    <interval begin="1710.00" end="1740.00" id="D6_3_0" nVehContrib="9" flow="1080.00" occupancy="11.47" speed="13.11" harmonicMeanSpeed="13.08" length="5.00" nVehEntered="9"/>
    <interval begin="1740.00" end="1770.00" id="D6_3_0" nVehContrib="3" flow="360.00" occupancy="69.64" speed="10.09" harmonicMeanSpeed="9.40" length="5.00" nVehEntered="4"/>
    <interval begin="1770.00" end="1800.00" id="D6_3_0" nVehContrib="2" flow="240.00" occupancy="92.58" speed="2.14" harmonicMeanSpeed="0.21" length="5.00" nVehEntered="1"/>
    <interval begin="1800.00" end="1830.00" id="D6_3_0" nVehContrib="5" flow="600.00" occupancy="9.18" speed="9.59" harmonicMeanSpeed="9.08" length="5.00" nVehEntered="5"/>
    <interval begin="1830.00" end="1860.00" id="D6_3_0" nVehContrib="8" flow="960.00" occupancy="10.09" speed="13.24" harmonicMeanSpeed="13.22" length="5.00" nVehEntered="8"/>
    <interval begin="1860.00" end="1890.00" id="D6_3_0" nVehContrib="7" flow="840.00" occupancy="14.42" speed="12.12" harmonicMeanSpeed="11.80" length="5.00" nVehEntered="8"/>
    <interval begin="1890.00" end="1920.00" id="D6_3_0" nVehContrib="0" flow="0.00" occupancy="100.00" speed="-1.00" harmonicMeanSpeed="-1.00" length="-1.00" nVehEntered="0"/>
    <interval begin="1920.00" end="1950.00" id="D6_3_0" nVehContrib="0" flow="0.00" occupancy="100.00" speed="-1.00" harmonicMeanSpeed="-1.00" length="-1.00" nVehEntered="0"/>
    <interval begin="1950.00" end="1980.00" id="D6_3_0" nVehContrib="6" flow="720.00" occupancy="46.98" speed="7.36" harmonicMeanSpeed="0.40" length="5.00" nVehEntered="5"/>
    <interval begin="1980.00" end="2010.00" id="D6_3_0" nVehContrib="7" flow="840.00" occupancy="8.92" speed="13.10" harmonicMeanSpeed="13.08" length="5.00" nVehEntered="7"/>
    <interval begin="2010.00" end="2040.00" id="D6_3_0" nVehContrib="5" flow="600.00" occupancy="23.22" speed="12.22" harmonicMeanSpeed="11.79" length="5.00" nVehEntered="6"/>
    <interval begin="2040.00" end="2070.00" id="D6_3_0" nVehContrib="0" flow="0.00" occupancy="100.00" speed="-1.00" harmonicMeanSpeed="-1.00" length="-1.00" nVehEntered="0"/>
    <interval begin="2070.00" end="2100.00" id="D6_3_0" nVehContrib="5" flow="600.00" occupancy="47.66" speed="6.60" harmonicMeanSpeed="0.51" length="5.00" nVehEntered="4"/>
    <interval begin="2100.00" end="2130.00" id="D6_3_0" nVehContrib="3" flow="360.00" occupancy="71.75" speed="11.29" harmonicMeanSpeed="10.95" length="5.00" nVehEntered="4"/>
    <interval begin="2130.00" end="2160.00" id="D6_3_0" nVehContrib="0" flow="0.00" occupancy="100.00" speed="-1.00" harmonicMeanSpeed="-1.00" length="-1.00" nVehEntered="0"/>
    <interval begin="2160.00" end="2190.00" id="D6_3_0" nVehContrib="7" flow="840.00" occupancy="63.07" speed="8.49" harmonicMeanSpeed="0.51" length="5.00" nVehEntered="6"/>
    <interval begin="2190.00" end="2220.00" id="D6_3_0" nVehContrib="3" flow="360.00" occupancy="3.85" speed="13.02" harmonicMeanSpeed="13.00" length="5.00" nVehEntered="3"/>
    <interval begin="2220.00" end="2250.00" id="D6_3_0" nVehContrib="6" flow="720.00" occupancy="40.00" speed="11.78" harmonicMeanSpeed="11.36" length="5.00" nVehEntered="7"/>
    <interval begin="2250.00" end="2280.00" id="D6_3_0" nVehContrib="1" flow="120.00" occupancy="96.68" speed="0.13" harmonicMeanSpeed="0.13" length="5.00" nVehEntered="0"/>
    <interval begin="2280.00" end="2310.00" id="D6_3_0" nVehContrib="9" flow="1080.00" occupancy="44.60" speed="5.76" harmonicMeanSpeed="3.36" length="5.00" nVehEntered="9"/>
    <interval begin="2310.00" end="2340.00" id="D6_3_0" nVehContrib="6" flow="720.00" occupancy="23.07" speed="11.89" harmonicMeanSpeed="11.51" length="5.00" nVehEntered="7"/>
    <interval begin="2340.00" end="2370.00" id="D6_3_0" nVehContrib="1" flow="120.00" occupancy="92.45" speed="0.32" harmonicMeanSpeed="0.32" length="5.00" nVehEntered="1"/>
    <interval begin="2370.00" end="2400.00" id="D6_3_0" nVehContrib="0" flow="0.00" occupancy="100.00" speed="-1.00" harmonicMeanSpeed="-1.00" length="-1.00" nVehEntered="0"/>
    <interval begin="2400.00" end="2430.00" id="D6_3_0" nVehContrib="2" flow="240.00" occupancy="88.03" speed="2.33" harmonicMeanSpeed="0.18" length="5.00" nVehEntered="2"/>
    <interval begin="2430.00" end="2460.00" id="D6_3_0" nVehContrib="6" flow="720.00" occupancy="40.40" speed="7.66" harmonicMeanSpeed="1.06" length="5.00" nVehEntered="5"/>
    <interval begin="2460.00" end="2490.00" id="D6_3_0" nVehContrib="4" flow="480.00" occupancy="5.27" speed="12.65" harmonicMeanSpeed="12.65" length="5.00" nVehEntered="4"/>
    <interval begin="2490.00" end="2520.00" id="D6_3_0" nVehContrib="9" flow="1080.00" occupancy="11.57" speed="13.01" harmonicMeanSpeed="12.97" length="5.00" nVehEntered="9"/>
    <interval begin="2520.00" end="2550.00" id="D6_3_0" nVehContrib="9" flow="1080.00" occupancy="19.78" speed="9.27" harmonicMeanSpeed="7.58" length="5.00" nVehEntered="9"/>
    <interval begin="2550.00" end="2580.00" id="D6_3_0" nVehContrib="0" flow="0.00" occupancy="94.67" speed="-1.00" harmonicMeanSpeed="-1.00" length="-1.00" nVehEntered="1"/>
    <interval begin="2580.00" end="2610.00" id="D6_3_0" nVehContrib="0" flow="0.00" occupancy="100.00" speed="-1.00" harmonicMeanSpeed="-1.00" length="-1.00" nVehEntered="0"/>
    <interval begin="2610.00" end="2640.00" id="D6_3_0" nVehContrib="1" flow="120.00" occupancy="66.71" speed="0.06" harmonicMeanSpeed="0.06" length="5.00" nVehEntered="0"/>
    <interval begin="2640.00" end="2670.00" id="D6_3_0" nVehContrib="2" flow="240.00" occupancy="43.29" speed="2.79" harmonicMeanSpeed="0.77" length="5.00" nVehEntered="2"/>
    <interval begin="2670.00" end="2700.00" id="D6_3_0" nVehContrib="5" flow="600.00" occupancy="8.76" speed="10.73" harmonicMeanSpeed="9.52" length="5.00" nVehEntered="5"/>
    <interval begin="2700.00" end="2730.00" id="D6_3_0" nVehContrib="9" flow="1080.00" occupancy="11.19" speed="13.42" harmonicMeanSpeed="13.40" length="5.00" nVehEntered="9"/>
    <interval begin="2730.00" end="2760.00" id="D6_3_0" nVehContrib="5" flow="600.00" occupancy="6.71" speed="12.51" harmonicMeanSpeed="12.42" length="5.00" nVehEntered="5"/>
    <interval begin="2760.00" end="2790.00" id="D6_3_0" nVehContrib="9" flow="1080.00" occupancy="12.10" speed="12.63" harmonicMeanSpeed="12.39" length="5.00" nVehEntered="9"/>
    <interval begin="2790.00" end="2820.00" id="D6_3_0" nVehContrib="0" flow="0.00" occupancy="98.19" speed="-1.00" harmonicMeanSpeed="-1.00" length="-1.00" nVehEntered="1"/>
    <interval begin="2820.00" end="2850.00" id="D6_3_0" nVehContrib="4" flow="480.00" occupancy="61.12" speed="7.18" harmonicMeanSpeed="0.42" length="5.00" nVehEntered="3"/>
    <interval begin="2850.00" end="2880.00" id="D6_3_0" nVehContrib="10" flow="1200.00" occupancy="12.50" speed="13.36" harmonicMeanSpeed="13.33" length="5.00" nVehEntered="10"/>
    <interval begin="2880.00" end="2910.00" id="D6_3_0" nVehContrib="5" flow="600.00" occupancy="6.14" speed="13.60" harmonicMeanSpeed="13.58" length="5.00" nVehEntered="5"/>
    <interval begin="2910.00" end="2940.00" id="D6_3_0" nVehContrib="9" flow="1080.00" occupancy="12.97" speed="12.17" harmonicMeanSpeed="11.57" length="5.00" nVehEntered="9"/>
    <interval begin="2940.00" end="2970.00" id="D6_3_0" nVehContrib="3" flow="360.00" occupancy="75.87" speed="3.05" harmonicMeanSpeed="2.79" length="5.00" nVehEntered="4"/>
    <interval begin="2970.00" end="3000.00" id="D6_3_0" nVehContrib="4" flow="480.00" occupancy="74.85" speed="2.68" harmonicMeanSpeed="0.50" length="5.00" nVehEntered="3"/>
    <interval begin="3000.00" end="3030.00" id="D6_3_0" nVehContrib="6" flow="720.00" occupancy="10.52" speed="11.07" harmonicMeanSpeed="9.51" length="5.00" nVehEntered="6"/>
    <interval begin="3030.00" end="3060.00" id="D6_3_0" nVehContrib="0" flow="0.00" occupancy="0.00" speed="-1.00" harmonicMeanSpeed="-1.00" length="-1.00" nVehEntered="0"/>
    <interval begin="3060.00" end="3090.00" id="D6_3_0" nVehContrib="1" flow="120.00" occupancy="5.26" speed="3.17" harmonicMeanSpeed="3.17" length="5.00" nVehEntered="1"/>
    <interval begin="3090.00" end="3120.00" id="D6_3_0" nVehContrib="0" flow="0.00" occupancy="0.00" speed="-1.00" harmonicMeanSpeed="-1.00" length="-1.00" nVehEntered="0"/>
    <interval begin="3120.00" end="3150.00" id="D6_3_0" nVehContrib="1" flow="120.00" occupancy="2.37" speed="7.02" harmonicMeanSpeed="7.02" length="5.00" nVehEntered="1"/>
    <interval begin="3150.00" end="3180.00" id="D6_3_0" nVehContrib="5" flow="600.00" occupancy="7.33" speed="11.60" harmonicMeanSpeed="11.36" length="5.00" nVehEntered="5"/>
    <interval begin="3180.00" end="3210.00" id="D6_3_0" nVehContrib="10" flow="1200.00" occupancy="12.69" speed="13.16" harmonicMeanSpeed="13.13" length="5.00" nVehEntered="10"/>
    <interval begin="3210.00" end="3240.00" id="D6_3_0" nVehContrib="4" flow="480.00" occupancy="5.01" speed="13.33" harmonicMeanSpeed="13.31" length="5.00" nVehEntered="4"/>
    <interval begin="3240.00" end="3270.00" id="D6_3_0" nVehContrib="9" flow="1080.00" occupancy="13.36" speed="12.51" harmonicMeanSpeed="12.11" length="5.00" nVehEntered="10"/>
    <interval begin="3270.00" end="3300.00" id="D6_3_0" nVehContrib="0" flow="0.00" occupancy="100.00" speed="-1.00" harmonicMeanSpeed="-1.00" length="-1.00" nVehEntered="0"/>
    <interval begin="3300.00" end="3330.00" id="D6_3_0" nVehContrib="8" flow="960.00" occupancy="46.67" speed="8.38" harmonicMeanSpeed="0.90" length="5.00" nVehEntered="7"/>
    <interval begin="3330.00" end="3360.00" id="D6_3_0" nVehContrib="5" flow="600.00" occupancy="28.22" speed="11.72" harmonicMeanSpeed="11.43" length="5.00" nVehEntered="6"/>
    <interval begin="3360.00" end="3390.00" id="D6_3_0" nVehContrib="0" flow="0.00" occupancy="100.00" speed="-1.00" harmonicMeanSpeed="-1.00" length="-1.00" nVehEntered="0"/>
    <interval begin="3390.00" end="3420.00" id="D6_3_0" nVehContrib="0" flow="0.00" occupancy="100.00" speed="-1.00" harmonicMeanSpeed="-1.00" length="-1.00" nVehEntered="0"/>
    <interval begin="3420.00" end="3450.00" id="D6_3_0" nVehContrib="0" flow="0.00" occupancy="100.00" speed="-1.00" harmonicMeanSpeed="-1.00" length="-1.00" nVehEntered="0"/>
    <interval begin="3450.00" end="3480.00" id="D6_3_0" nVehContrib="8" flow="960.00" occupancy="42.04" speed="9.02" harmonicMeanSpeed="0.37" length="5.00" nVehEntered="7"/>
    <interval begin="3480.00" end="3510.00" id="D6_3_0" nVehContrib="3" flow="360.00" occupancy="3.84" speed="13.04" harmonicMeanSpeed="13.02" length="5.00" nVehEntered="3"/>
    <interval begin="3510.00" end="3540.00" id="D6_3_0" nVehContrib="10" flow="1200.00" occupancy="12.71" speed="13.13" harmonicMeanSpeed="13.12" length="5.00" nVehEntered="10"/>
    <interval begin="3540.00" end="3570.00" id="D6_3_0" nVehContrib="6" flow="720.00" occupancy="25.79" speed="11.51" harmonicMeanSpeed="11.05" length="5.00" nVehEntered="7"/>
    <interval begin="3570.00" end="3594.00" id="D6_3_0" nVehContrib="0" flow="0.00" occupancy="100.00" speed="-1.00" harmonicMeanSpeed="-1.00" length="-1.00" nVehEntered="0"/>
</detector>
