<?xml version="1.0" encoding="UTF-8"?>

<!-- generated on 01/27/20 08:48:22 by Eclipse SUMO Version 1.3.1
<configuration xmlns:xsi="http://www.w3.org/2001/XMLSchema-instance" xsi:noNamespaceSchemaLocation="http://sumo.dlr.de/xsd/sumoConfiguration.xsd">

    <input>
        <net-file value="gnet.net.xml"/>
        <route-files value="grou.rou.xml"/>
        <additional-files value="gadd.additional.xml"/>
    </input>

    <output>
        <queue-output value="Queue.xml"/>
        <summary-output value="Summary.xml"/>
        <tripinfo-output value="output-tripinfos.xml"/>
    </output>

    <time>
        <begin value="0"/>
        <end value="3600"/>
    </time>

    <processing>
        <time-to-teleport value="3600"/>
    </processing>

    <traci_server>
        <remote-port value="12790"/>
    </traci_server>

    <gui_only>
        <gui-settings-file value="gview.view.xml"/>
        <quit-on-end value="true"/>
        <start value="true"/>
    </gui_only>

</configuration>
-->

<detector xmlns:xsi="http://www.w3.org/2001/XMLSchema-instance" xsi:noNamespaceSchemaLocation="http://sumo.dlr.de/xsd/det_e1_file.xsd">
    <interval begin="0.00" end="30.00" id="D7_1_0" nVehContrib="0" flow="0.00" occupancy="0.00" speed="-1.00" harmonicMeanSpeed="-1.00" length="-1.00" nVehEntered="0"/>
    <interval begin="30.00" end="60.00" id="D7_1_0" nVehContrib="1" flow="120.00" occupancy="0.82" speed="20.31" harmonicMeanSpeed="20.31" length="5.00" nVehEntered="1"/>
    <interval begin="60.00" end="90.00" id="D7_1_0" nVehContrib="5" flow="600.00" occupancy="4.28" speed="19.52" harmonicMeanSpeed="19.48" length="5.00" nVehEntered="5"/>
    <interval begin="90.00" end="120.00" id="D7_1_0" nVehContrib="5" flow="600.00" occupancy="4.14" speed="20.15" harmonicMeanSpeed="20.11" length="5.00" nVehEntered="5"/>
    <interval begin="120.00" end="150.00" id="D7_1_0" nVehContrib="3" flow="360.00" occupancy="2.40" speed="20.91" harmonicMeanSpeed="20.87" length="5.00" nVehEntered="3"/>
    <interval begin="150.00" end="180.00" id="D7_1_0" nVehContrib="9" flow="1080.00" occupancy="7.51" speed="20.05" harmonicMeanSpeed="19.98" length="5.00" nVehEntered="9"/>
    <interval begin="180.00" end="210.00" id="D7_1_0" nVehContrib="0" flow="0.00" occupancy="0.00" speed="-1.00" harmonicMeanSpeed="-1.00" length="-1.00" nVehEntered="0"/>
    <interval begin="210.00" end="240.00" id="D7_1_0" nVehContrib="8" flow="960.00" occupancy="6.69" speed="20.02" harmonicMeanSpeed="19.93" length="5.00" nVehEntered="8"/>
    <interval begin="240.00" end="270.00" id="D7_1_0" nVehContrib="1" flow="120.00" occupancy="0.89" speed="18.71" harmonicMeanSpeed="18.71" length="5.00" nVehEntered="1"/>
    <interval begin="270.00" end="300.00" id="D7_1_0" nVehContrib="7" flow="840.00" occupancy="5.85" speed="19.99" harmonicMeanSpeed="19.94" length="5.00" nVehEntered="7"/>
    <interval begin="300.00" end="330.00" id="D7_1_0" nVehContrib="6" flow="720.00" occupancy="4.97" speed="20.16" harmonicMeanSpeed="20.14" length="5.00" nVehEntered="6"/>
    <interval begin="330.00" end="360.00" id="D7_1_0" nVehContrib="3" flow="360.00" occupancy="2.47" speed="20.33" harmonicMeanSpeed="20.22" length="5.00" nVehEntered="3"/>
    <interval begin="360.00" end="390.00" id="D7_1_0" nVehContrib="8" flow="960.00" occupancy="6.70" speed="19.95" harmonicMeanSpeed="19.90" length="5.00" nVehEntered="8"/>
    <interval begin="390.00" end="420.00" id="D7_1_0" nVehContrib="1" flow="120.00" occupancy="0.92" speed="18.06" harmonicMeanSpeed="18.06" length="5.00" nVehEntered="1"/>
    <interval begin="420.00" end="450.00" id="D7_1_0" nVehContrib="7" flow="840.00" occupancy="5.62" speed="20.79" harmonicMeanSpeed="20.75" length="5.00" nVehEntered="7"/>
    <interval begin="450.00" end="480.00" id="D7_1_0" nVehContrib="3" flow="360.00" occupancy="2.55" speed="19.70" harmonicMeanSpeed="19.64" length="5.00" nVehEntered="3"/>
    <interval begin="480.00" end="510.00" id="D7_1_0" nVehContrib="4" flow="480.00" occupancy="3.25" speed="20.52" harmonicMeanSpeed="20.51" length="5.00" nVehEntered="4"/>
    <interval begin="510.00" end="540.00" id="D7_1_0" nVehContrib="6" flow="720.00" occupancy="5.06" speed="19.80" harmonicMeanSpeed="19.75" length="5.00" nVehEntered="6"/>
    <interval begin="540.00" end="570.00" id="D7_1_0" nVehContrib="1" flow="120.00" occupancy="0.84" speed="19.91" harmonicMeanSpeed="19.91" length="5.00" nVehEntered="1"/>
    <interval begin="570.00" end="600.00" id="D7_1_0" nVehContrib="7" flow="840.00" occupancy="6.01" speed="19.44" harmonicMeanSpeed="19.40" length="5.00" nVehEntered="7"/>
    <interval begin="600.00" end="630.00" id="D7_1_0" nVehContrib="1" flow="120.00" occupancy="0.90" speed="18.60" harmonicMeanSpeed="18.60" length="5.00" nVehEntered="1"/>
    <interval begin="630.00" end="660.00" id="D7_1_0" nVehContrib="7" flow="840.00" occupancy="5.77" speed="20.29" harmonicMeanSpeed="20.22" length="5.00" nVehEntered="7"/>
    <interval begin="660.00" end="690.00" id="D7_1_0" nVehContrib="2" flow="240.00" occupancy="1.75" speed="19.04" harmonicMeanSpeed="19.04" length="5.00" nVehEntered="2"/>
    <interval begin="690.00" end="720.00" id="D7_1_0" nVehContrib="5" flow="600.00" occupancy="4.15" speed="20.11" harmonicMeanSpeed="20.09" length="5.00" nVehEntered="5"/>
    <interval begin="720.00" end="750.00" id="D7_1_0" nVehContrib="3" flow="360.00" occupancy="2.51" speed="19.97" harmonicMeanSpeed="19.94" length="5.00" nVehEntered="3"/>
    <interval begin="750.00" end="780.00" id="D7_1_0" nVehContrib="3" flow="360.00" occupancy="2.53" speed="19.82" harmonicMeanSpeed="19.75" length="5.00" nVehEntered="3"/>
    <interval begin="780.00" end="810.00" id="D7_1_0" nVehContrib="6" flow="720.00" occupancy="4.97" speed="20.13" harmonicMeanSpeed="20.12" length="5.00" nVehEntered="6"/>
    <interval begin="810.00" end="840.00" id="D7_1_0" nVehContrib="0" flow="0.00" occupancy="0.00" speed="-1.00" harmonicMeanSpeed="-1.00" length="-1.00" nVehEntered="0"/>
    <interval begin="840.00" end="870.00" id="D7_1_0" nVehContrib="5" flow="600.00" occupancy="4.33" speed="19.26" harmonicMeanSpeed="19.24" length="5.00" nVehEntered="5"/>
    <interval begin="870.00" end="900.00" id="D7_1_0" nVehContrib="1" flow="120.00" occupancy="0.88" speed="18.84" harmonicMeanSpeed="18.84" length="5.00" nVehEntered="1"/>
    <interval begin="900.00" end="930.00" id="D7_1_0" nVehContrib="8" flow="960.00" occupancy="6.71" speed="19.93" harmonicMeanSpeed="19.87" length="5.00" nVehEntered="8"/>
    <interval begin="930.00" end="960.00" id="D7_1_0" nVehContrib="2" flow="240.00" occupancy="1.67" speed="20.01" harmonicMeanSpeed="20.01" length="5.00" nVehEntered="2"/>
    <interval begin="960.00" end="990.00" id="D7_1_0" nVehContrib="5" flow="600.00" occupancy="4.47" speed="18.65" harmonicMeanSpeed="18.64" length="5.00" nVehEntered="5"/>
    <interval begin="990.00" end="1020.00" id="D7_1_0" nVehContrib="4" flow="480.00" occupancy="4.06" speed="19.32" harmonicMeanSpeed="19.29" length="5.00" nVehEntered="5"/>
    <interval begin="1020.00" end="1050.00" id="D7_1_0" nVehContrib="3" flow="360.00" occupancy="1.90" speed="20.46" harmonicMeanSpeed="20.45" length="5.00" nVehEntered="3"/>
    <interval begin="1050.00" end="1080.00" id="D7_1_0" nVehContrib="9" flow="1080.00" occupancy="7.62" speed="19.56" harmonicMeanSpeed="19.52" length="5.00" nVehEntered="8"/>
    <interval begin="1080.00" end="1110.00" id="D7_1_0" nVehContrib="1" flow="120.00" occupancy="0.84" speed="19.87" harmonicMeanSpeed="19.87" length="5.00" nVehEntered="1"/>
    <interval begin="1110.00" end="1140.00" id="D7_1_0" nVehContrib="6" flow="720.00" occupancy="5.22" speed="19.20" harmonicMeanSpeed="19.17" length="5.00" nVehEntered="6"/>
    <interval begin="1140.00" end="1170.00" id="D7_1_0" nVehContrib="0" flow="0.00" occupancy="0.23" speed="-1.00" harmonicMeanSpeed="-1.00" length="-1.00" nVehEntered="1"/>
    <interval begin="1170.00" end="1200.00" id="D7_1_0" nVehContrib="7" flow="840.00" occupancy="5.69" speed="19.72" harmonicMeanSpeed="19.69" length="5.00" nVehEntered="6"/>
    <interval begin="1200.00" end="1230.00" id="D7_1_0" nVehContrib="2" flow="240.00" occupancy="1.67" speed="20.03" harmonicMeanSpeed="19.97" length="5.00" nVehEntered="2"/>
    <interval begin="1230.00" end="1260.00" id="D7_1_0" nVehContrib="5" flow="600.00" occupancy="4.10" speed="20.36" harmonicMeanSpeed="20.35" length="5.00" nVehEntered="5"/>
    <interval begin="1260.00" end="1290.00" id="D7_1_0" nVehContrib="4" flow="480.00" occupancy="3.50" speed="19.10" harmonicMeanSpeed="19.05" length="5.00" nVehEntered="4"/>
    <interval begin="1290.00" end="1320.00" id="D7_1_0" nVehContrib="4" flow="480.00" occupancy="3.22" speed="20.71" harmonicMeanSpeed="20.69" length="5.00" nVehEntered="4"/>
    <interval begin="1320.00" end="1350.00" id="D7_1_0" nVehContrib="7" flow="840.00" occupancy="5.99" speed="19.51" harmonicMeanSpeed="19.48" length="5.00" nVehEntered="7"/>
    <interval begin="1350.00" end="1380.00" id="D7_1_0" nVehContrib="1" flow="120.00" occupancy="0.88" speed="18.86" harmonicMeanSpeed="18.86" length="5.00" nVehEntered="1"/>
    <interval begin="1380.00" end="1410.00" id="D7_1_0" nVehContrib="6" flow="720.00" occupancy="4.97" speed="20.13" harmonicMeanSpeed="20.13" length="5.00" nVehEntered="6"/>
    <interval begin="1410.00" end="1440.00" id="D7_1_0" nVehContrib="0" flow="0.00" occupancy="0.00" speed="-1.00" harmonicMeanSpeed="-1.00" length="-1.00" nVehEntered="0"/>
    <interval begin="1440.00" end="1470.00" id="D7_1_0" nVehContrib="7" flow="840.00" occupancy="5.81" speed="20.18" harmonicMeanSpeed="20.06" length="5.00" nVehEntered="7"/>
    <interval begin="1470.00" end="1500.00" id="D7_1_0" nVehContrib="3" flow="360.00" occupancy="2.56" speed="19.58" harmonicMeanSpeed="19.51" length="5.00" nVehEntered="3"/>
    <interval begin="1500.00" end="1530.00" id="D7_1_0" nVehContrib="5" flow="600.00" occupancy="3.98" speed="20.97" harmonicMeanSpeed="20.92" length="5.00" nVehEntered="5"/>
    <interval begin="1530.00" end="1560.00" id="D7_1_0" nVehContrib="5" flow="600.00" occupancy="4.36" speed="19.21" harmonicMeanSpeed="19.13" length="5.00" nVehEntered="5"/>
    <interval begin="1560.00" end="1590.00" id="D7_1_0" nVehContrib="2" flow="240.00" occupancy="1.58" speed="21.08" harmonicMeanSpeed="21.05" length="5.00" nVehEntered="2"/>
    <interval begin="1590.00" end="1620.00" id="D7_1_0" nVehContrib="7" flow="840.00" occupancy="6.10" speed="19.18" harmonicMeanSpeed="19.14" length="5.00" nVehEntered="7"/>
    <interval begin="1620.00" end="1650.00" id="D7_1_0" nVehContrib="1" flow="120.00" occupancy="0.84" speed="19.83" harmonicMeanSpeed="19.83" length="5.00" nVehEntered="1"/>
    <interval begin="1650.00" end="1680.00" id="D7_1_0" nVehContrib="8" flow="960.00" occupancy="6.74" speed="19.83" harmonicMeanSpeed="19.79" length="5.00" nVehEntered="8"/>
    <interval begin="1680.00" end="1710.00" id="D7_1_0" nVehContrib="1" flow="120.00" occupancy="0.88" speed="18.99" harmonicMeanSpeed="18.99" length="5.00" nVehEntered="1"/>
    <interval begin="1710.00" end="1740.00" id="D7_1_0" nVehContrib="7" flow="840.00" occupancy="5.69" speed="20.59" harmonicMeanSpeed="20.51" length="5.00" nVehEntered="7"/>
    <interval begin="1740.00" end="1770.00" id="D7_1_0" nVehContrib="3" flow="360.00" occupancy="2.57" speed="19.47" harmonicMeanSpeed="19.47" length="5.00" nVehEntered="3"/>
    <interval begin="1770.00" end="1800.00" id="D7_1_0" nVehContrib="5" flow="600.00" occupancy="4.18" speed="19.97" harmonicMeanSpeed="19.94" length="5.00" nVehEntered="5"/>
    <interval begin="1800.00" end="1830.00" id="D7_1_0" nVehContrib="5" flow="600.00" occupancy="4.20" speed="19.87" harmonicMeanSpeed="19.86" length="5.00" nVehEntered="5"/>
    <interval begin="1830.00" end="1860.00" id="D7_1_0" nVehContrib="2" flow="240.00" occupancy="1.76" speed="19.00" harmonicMeanSpeed="18.99" length="5.00" nVehEntered="2"/>
    <interval begin="1860.00" end="1890.00" id="D7_1_0" nVehContrib="6" flow="720.00" occupancy="5.09" speed="19.66" harmonicMeanSpeed="19.63" length="5.00" nVehEntered="6"/>
    <interval begin="1890.00" end="1920.00" id="D7_1_0" nVehContrib="1" flow="120.00" occupancy="0.86" speed="19.41" harmonicMeanSpeed="19.41" length="5.00" nVehEntered="1"/>
    <interval begin="1920.00" end="1950.00" id="D7_1_0" nVehContrib="7" flow="840.00" occupancy="5.87" speed="19.95" harmonicMeanSpeed="19.86" length="5.00" nVehEntered="7"/>
    <interval begin="1950.00" end="1980.00" id="D7_1_0" nVehContrib="1" flow="120.00" occupancy="0.86" speed="19.42" harmonicMeanSpeed="19.42" length="5.00" nVehEntered="1"/>
    <interval begin="1980.00" end="2010.00" id="D7_1_0" nVehContrib="5" flow="600.00" occupancy="4.19" speed="19.88" harmonicMeanSpeed="19.87" length="5.00" nVehEntered="5"/>
    <interval begin="2010.00" end="2040.00" id="D7_1_0" nVehContrib="2" flow="240.00" occupancy="1.80" speed="18.67" harmonicMeanSpeed="18.52" length="5.00" nVehEntered="2"/>
    <interval begin="2040.00" end="2070.00" id="D7_1_0" nVehContrib="4" flow="480.00" occupancy="3.38" speed="19.72" harmonicMeanSpeed="19.70" length="5.00" nVehEntered="4"/>
    <interval begin="2070.00" end="2100.00" id="D7_1_0" nVehContrib="6" flow="720.00" occupancy="5.20" speed="19.27" harmonicMeanSpeed="19.25" length="5.00" nVehEntered="6"/>
    <interval begin="2100.00" end="2130.00" id="D7_1_0" nVehContrib="2" flow="240.00" occupancy="1.50" speed="22.26" harmonicMeanSpeed="22.26" length="5.00" nVehEntered="2"/>
    <interval begin="2130.00" end="2160.00" id="D7_1_0" nVehContrib="7" flow="840.00" occupancy="5.82" speed="20.09" harmonicMeanSpeed="20.05" length="5.00" nVehEntered="7"/>
    <interval begin="2160.00" end="2190.00" id="D7_1_0" nVehContrib="0" flow="0.00" occupancy="0.00" speed="-1.00" harmonicMeanSpeed="-1.00" length="-1.00" nVehEntered="0"/>
    <interval begin="2190.00" end="2220.00" id="D7_1_0" nVehContrib="7" flow="840.00" occupancy="5.88" speed="19.90" harmonicMeanSpeed="19.85" length="5.00" nVehEntered="7"/>
    <interval begin="2220.00" end="2250.00" id="D7_1_0" nVehContrib="1" flow="120.00" occupancy="0.86" speed="19.27" harmonicMeanSpeed="19.27" length="5.00" nVehEntered="1"/>
    <interval begin="2250.00" end="2280.00" id="D7_1_0" nVehContrib="7" flow="840.00" occupancy="5.72" speed="20.40" harmonicMeanSpeed="20.38" length="5.00" nVehEntered="7"/>
    <interval begin="2280.00" end="2310.00" id="D7_1_0" nVehContrib="1" flow="120.00" occupancy="0.88" speed="18.98" harmonicMeanSpeed="18.98" length="5.00" nVehEntered="1"/>
    <interval begin="2310.00" end="2340.00" id="D7_1_0" nVehContrib="5" flow="600.00" occupancy="4.39" speed="18.99" harmonicMeanSpeed="18.97" length="5.00" nVehEntered="5"/>
    <interval begin="2340.00" end="2370.00" id="D7_1_0" nVehContrib="6" flow="720.00" occupancy="5.19" speed="19.32" harmonicMeanSpeed="19.25" length="5.00" nVehEntered="6"/>
    <interval begin="2370.00" end="2400.00" id="D7_1_0" nVehContrib="1" flow="120.00" occupancy="0.77" speed="21.73" harmonicMeanSpeed="21.73" length="5.00" nVehEntered="1"/>
    <interval begin="2400.00" end="2430.00" id="D7_1_0" nVehContrib="7" flow="840.00" occupancy="5.64" speed="20.76" harmonicMeanSpeed="20.68" length="5.00" nVehEntered="7"/>
    <interval begin="2430.00" end="2460.00" id="D7_1_0" nVehContrib="0" flow="0.00" occupancy="0.00" speed="-1.00" harmonicMeanSpeed="-1.00" length="-1.00" nVehEntered="0"/>
    <interval begin="2460.00" end="2490.00" id="D7_1_0" nVehContrib="8" flow="960.00" occupancy="6.80" speed="19.70" harmonicMeanSpeed="19.61" length="5.00" nVehEntered="8"/>
    <interval begin="2490.00" end="2520.00" id="D7_1_0" nVehContrib="1" flow="120.00" occupancy="0.90" speed="18.62" harmonicMeanSpeed="18.62" length="5.00" nVehEntered="1"/>
    <interval begin="2520.00" end="2550.00" id="D7_1_0" nVehContrib="7" flow="840.00" occupancy="5.78" speed="20.23" harmonicMeanSpeed="20.20" length="5.00" nVehEntered="7"/>
    <interval begin="2550.00" end="2580.00" id="D7_1_0" nVehContrib="2" flow="240.00" occupancy="1.74" speed="19.21" harmonicMeanSpeed="19.16" length="5.00" nVehEntered="2"/>
    <interval begin="2580.00" end="2610.00" id="D7_1_0" nVehContrib="5" flow="600.00" occupancy="4.19" speed="19.92" harmonicMeanSpeed="19.89" length="5.00" nVehEntered="5"/>
    <interval begin="2610.00" end="2640.00" id="D7_1_0" nVehContrib="5" flow="600.00" occupancy="4.13" speed="20.24" harmonicMeanSpeed="20.18" length="5.00" nVehEntered="5"/>
    <interval begin="2640.00" end="2670.00" id="D7_1_0" nVehContrib="3" flow="360.00" occupancy="2.79" speed="20.23" harmonicMeanSpeed="20.22" length="5.00" nVehEntered="4"/>
    <interval begin="2670.00" end="2700.00" id="D7_1_0" nVehContrib="8" flow="960.00" occupancy="6.28" speed="20.29" harmonicMeanSpeed="20.22" length="5.00" nVehEntered="7"/>
    <interval begin="2700.00" end="2730.00" id="D7_1_0" nVehContrib="0" flow="0.00" occupancy="0.00" speed="-1.00" harmonicMeanSpeed="-1.00" length="-1.00" nVehEntered="0"/>
    <interval begin="2730.00" end="2760.00" id="D7_1_0" nVehContrib="7" flow="840.00" occupancy="5.80" speed="20.13" harmonicMeanSpeed="20.11" length="5.00" nVehEntered="7"/>
    <interval begin="2760.00" end="2790.00" id="D7_1_0" nVehContrib="1" flow="120.00" occupancy="0.86" speed="19.42" harmonicMeanSpeed="19.42" length="5.00" nVehEntered="1"/>
    <interval begin="2790.00" end="2820.00" id="D7_1_0" nVehContrib="7" flow="840.00" occupancy="5.95" speed="19.67" harmonicMeanSpeed="19.62" length="5.00" nVehEntered="7"/>
    <interval begin="2820.00" end="2850.00" id="D7_1_0" nVehContrib="2" flow="240.00" occupancy="1.79" speed="18.64" harmonicMeanSpeed="18.64" length="5.00" nVehEntered="2"/>
    <interval begin="2850.00" end="2880.00" id="D7_1_0" nVehContrib="5" flow="600.00" occupancy="4.28" speed="19.46" harmonicMeanSpeed="19.45" length="5.00" nVehEntered="5"/>
    <interval begin="2880.00" end="2910.00" id="D7_1_0" nVehContrib="5" flow="600.00" occupancy="4.27" speed="19.57" harmonicMeanSpeed="19.51" length="5.00" nVehEntered="5"/>
    <interval begin="2910.00" end="2940.00" id="D7_1_0" nVehContrib="2" flow="240.00" occupancy="1.59" speed="21.02" harmonicMeanSpeed="21.00" length="5.00" nVehEntered="2"/>
    <interval begin="2940.00" end="2970.00" id="D7_1_0" nVehContrib="8" flow="960.00" occupancy="6.73" speed="19.90" harmonicMeanSpeed="19.80" length="5.00" nVehEntered="8"/>
    <interval begin="2970.00" end="3000.00" id="D7_1_0" nVehContrib="0" flow="0.00" occupancy="0.54" speed="-1.00" harmonicMeanSpeed="-1.00" length="-1.00" nVehEntered="1"/>
    <interval begin="3000.00" end="3030.00" id="D7_1_0" nVehContrib="7" flow="840.00" occupancy="5.37" speed="19.77" harmonicMeanSpeed="19.76" length="5.00" nVehEntered="6"/>
    <interval begin="3030.00" end="3060.00" id="D7_1_0" nVehContrib="0" flow="0.00" occupancy="0.07" speed="-1.00" harmonicMeanSpeed="-1.00" length="-1.00" nVehEntered="1"/>
    <interval begin="3060.00" end="3090.00" id="D7_1_0" nVehContrib="8" flow="960.00" occupancy="6.54" speed="20.21" harmonicMeanSpeed="20.17" length="5.00" nVehEntered="7"/>
    <interval begin="3090.00" end="3120.00" id="D7_1_0" nVehContrib="3" flow="360.00" occupancy="2.53" speed="19.80" harmonicMeanSpeed="19.74" length="5.00" nVehEntered="3"/>
    <interval begin="3120.00" end="3150.00" id="D7_1_0" nVehContrib="5" flow="600.00" occupancy="4.18" speed="19.99" harmonicMeanSpeed="19.96" length="5.00" nVehEntered="5"/>
    <interval begin="3150.00" end="3180.00" id="D7_1_0" nVehContrib="4" flow="480.00" occupancy="3.35" speed="19.97" harmonicMeanSpeed="19.93" length="5.00" nVehEntered="4"/>
    <interval begin="3180.00" end="3210.00" id="D7_1_0" nVehContrib="3" flow="360.00" occupancy="2.51" speed="19.96" harmonicMeanSpeed="19.95" length="5.00" nVehEntered="3"/>
    <interval begin="3210.00" end="3240.00" id="D7_1_0" nVehContrib="8" flow="960.00" occupancy="6.95" speed="19.23" harmonicMeanSpeed="19.19" length="5.00" nVehEntered="8"/>
    <interval begin="3240.00" end="3270.00" id="D7_1_0" nVehContrib="1" flow="120.00" occupancy="0.81" speed="20.52" harmonicMeanSpeed="20.52" length="5.00" nVehEntered="1"/>
    <interval begin="3270.00" end="3300.00" id="D7_1_0" nVehContrib="6" flow="720.00" occupancy="5.05" speed="19.81" harmonicMeanSpeed="19.80" length="5.00" nVehEntered="6"/>
    <interval begin="3300.00" end="3330.00" id="D7_1_0" nVehContrib="1" flow="120.00" occupancy="0.86" speed="19.45" harmonicMeanSpeed="19.45" length="5.00" nVehEntered="1"/>
    <interval begin="3330.00" end="3360.00" id="D7_1_0" nVehContrib="5" flow="600.00" occupancy="4.08" speed="20.46" harmonicMeanSpeed="20.45" length="5.00" nVehEntered="5"/>
    <interval begin="3360.00" end="3390.00" id="D7_1_0" nVehContrib="3" flow="360.00" occupancy="2.55" speed="19.64" harmonicMeanSpeed="19.60" length="5.00" nVehEntered="3"/>
    <interval begin="3390.00" end="3420.00" id="D7_1_0" nVehContrib="5" flow="600.00" occupancy="4.22" speed="19.78" harmonicMeanSpeed="19.77" length="5.00" nVehEntered="5"/>
    <interval begin="3420.00" end="3450.00" id="D7_1_0" nVehContrib="5" flow="600.00" occupancy="4.24" speed="19.67" harmonicMeanSpeed="19.67" length="5.00" nVehEntered="5"/>
    <interval begin="3450.00" end="3480.00" id="D7_1_0" nVehContrib="1" flow="120.00" occupancy="0.89" speed="18.83" harmonicMeanSpeed="18.83" length="5.00" nVehEntered="1"/>
    <interval begin="3480.00" end="3510.00" id="D7_1_0" nVehContrib="7" flow="840.00" occupancy="5.96" speed="19.61" harmonicMeanSpeed="19.57" length="5.00" nVehEntered="7"/>
    <interval begin="3510.00" end="3540.00" id="D7_1_0" nVehContrib="1" flow="120.00" occupancy="0.86" speed="19.40" harmonicMeanSpeed="19.40" length="5.00" nVehEntered="1"/>
    <interval begin="3540.00" end="3570.00" id="D7_1_0" nVehContrib="6" flow="720.00" occupancy="4.89" speed="20.46" harmonicMeanSpeed="20.43" length="5.00" nVehEntered="6"/>
    <interval begin="3570.00" end="3594.00" id="D7_1_0" nVehContrib="0" flow="0.00" occupancy="0.00" speed="-1.00" harmonicMeanSpeed="-1.00" length="-1.00" nVehEntered="0"/>
</detector>
