<?xml version="1.0" encoding="UTF-8"?>

<!-- generated on 01/27/20 08:48:22 by Eclipse SUMO Version 1.3.1
<configuration xmlns:xsi="http://www.w3.org/2001/XMLSchema-instance" xsi:noNamespaceSchemaLocation="http://sumo.dlr.de/xsd/sumoConfiguration.xsd">

    <input>
        <net-file value="gnet.net.xml"/>
        <route-files value="grou.rou.xml"/>
        <additional-files value="gadd.additional.xml"/>
    </input>

    <output>
        <queue-output value="Queue.xml"/>
        <summary-output value="Summary.xml"/>
        <tripinfo-output value="output-tripinfos.xml"/>
    </output>

    <time>
        <begin value="0"/>
        <end value="3600"/>
    </time>

    <processing>
        <time-to-teleport value="3600"/>
    </processing>

    <traci_server>
        <remote-port value="12790"/>
    </traci_server>

    <gui_only>
        <gui-settings-file value="gview.view.xml"/>
        <quit-on-end value="true"/>
        <start value="true"/>
    </gui_only>

</configuration>
-->

<detector xmlns:xsi="http://www.w3.org/2001/XMLSchema-instance" xsi:noNamespaceSchemaLocation="http://sumo.dlr.de/xsd/det_e1_file.xsd">
    <interval begin="0.00" end="30.00" id="D8_1_2" nVehContrib="1" flow="120.00" occupancy="1.65" speed="10.09" harmonicMeanSpeed="10.09" length="5.00" nVehEntered="1"/>
    <interval begin="30.00" end="60.00" id="D8_1_2" nVehContrib="0" flow="0.00" occupancy="0.00" speed="-1.00" harmonicMeanSpeed="-1.00" length="-1.00" nVehEntered="0"/>
    <interval begin="60.00" end="90.00" id="D8_1_2" nVehContrib="1" flow="120.00" occupancy="4.43" speed="3.76" harmonicMeanSpeed="3.76" length="5.00" nVehEntered="1"/>
    <interval begin="90.00" end="120.00" id="D8_1_2" nVehContrib="0" flow="0.00" occupancy="0.00" speed="-1.00" harmonicMeanSpeed="-1.00" length="-1.00" nVehEntered="0"/>
    <interval begin="120.00" end="150.00" id="D8_1_2" nVehContrib="2" flow="240.00" occupancy="7.09" speed="5.80" harmonicMeanSpeed="4.70" length="5.00" nVehEntered="2"/>
    <interval begin="150.00" end="180.00" id="D8_1_2" nVehContrib="1" flow="120.00" occupancy="5.33" speed="3.13" harmonicMeanSpeed="3.13" length="5.00" nVehEntered="1"/>
    <interval begin="180.00" end="210.00" id="D8_1_2" nVehContrib="0" flow="0.00" occupancy="0.00" speed="-1.00" harmonicMeanSpeed="-1.00" length="-1.00" nVehEntered="0"/>
    <interval begin="210.00" end="240.00" id="D8_1_2" nVehContrib="2" flow="240.00" occupancy="7.01" speed="6.21" harmonicMeanSpeed="4.76" length="5.00" nVehEntered="2"/>
    <interval begin="240.00" end="270.00" id="D8_1_2" nVehContrib="0" flow="0.00" occupancy="0.00" speed="-1.00" harmonicMeanSpeed="-1.00" length="-1.00" nVehEntered="0"/>
    <interval begin="270.00" end="300.00" id="D8_1_2" nVehContrib="1" flow="120.00" occupancy="4.84" speed="3.44" harmonicMeanSpeed="3.44" length="5.00" nVehEntered="1"/>
    <interval begin="300.00" end="330.00" id="D8_1_2" nVehContrib="0" flow="0.00" occupancy="0.00" speed="-1.00" harmonicMeanSpeed="-1.00" length="-1.00" nVehEntered="0"/>
    <interval begin="330.00" end="360.00" id="D8_1_2" nVehContrib="2" flow="240.00" occupancy="8.00" speed="4.55" harmonicMeanSpeed="4.17" length="5.00" nVehEntered="2"/>
    <interval begin="360.00" end="390.00" id="D8_1_2" nVehContrib="1" flow="120.00" occupancy="5.34" speed="3.12" harmonicMeanSpeed="3.12" length="5.00" nVehEntered="1"/>
    <interval begin="390.00" end="420.00" id="D8_1_2" nVehContrib="0" flow="0.00" occupancy="0.00" speed="-1.00" harmonicMeanSpeed="-1.00" length="-1.00" nVehEntered="0"/>
    <interval begin="420.00" end="450.00" id="D8_1_2" nVehContrib="2" flow="240.00" occupancy="7.81" speed="5.06" harmonicMeanSpeed="4.27" length="5.00" nVehEntered="2"/>
    <interval begin="450.00" end="480.00" id="D8_1_2" nVehContrib="0" flow="0.00" occupancy="0.00" speed="-1.00" harmonicMeanSpeed="-1.00" length="-1.00" nVehEntered="0"/>
    <interval begin="480.00" end="510.00" id="D8_1_2" nVehContrib="2" flow="240.00" occupancy="6.26" speed="7.08" harmonicMeanSpeed="5.32" length="5.00" nVehEntered="2"/>
    <interval begin="510.00" end="540.00" id="D8_1_2" nVehContrib="0" flow="0.00" occupancy="0.00" speed="-1.00" harmonicMeanSpeed="-1.00" length="-1.00" nVehEntered="0"/>
    <interval begin="540.00" end="570.00" id="D8_1_2" nVehContrib="1" flow="120.00" occupancy="1.79" speed="9.31" harmonicMeanSpeed="9.31" length="5.00" nVehEntered="1"/>
    <interval begin="570.00" end="600.00" id="D8_1_2" nVehContrib="1" flow="120.00" occupancy="4.25" speed="3.92" harmonicMeanSpeed="3.92" length="5.00" nVehEntered="1"/>
    <interval begin="600.00" end="630.00" id="D8_1_2" nVehContrib="0" flow="0.00" occupancy="73.33" speed="-1.00" harmonicMeanSpeed="-1.00" length="-1.00" nVehEntered="2"/>
    <interval begin="630.00" end="660.00" id="D8_1_2" nVehContrib="2" flow="240.00" occupancy="49.11" speed="3.26" harmonicMeanSpeed="0.27" length="5.00" nVehEntered="1"/>
    <interval begin="660.00" end="690.00" id="D8_1_2" nVehContrib="0" flow="0.00" occupancy="0.00" speed="-1.00" harmonicMeanSpeed="-1.00" length="-1.00" nVehEntered="0"/>
    <interval begin="690.00" end="720.00" id="D8_1_2" nVehContrib="2" flow="240.00" occupancy="6.49" speed="6.45" harmonicMeanSpeed="5.13" length="5.00" nVehEntered="2"/>
    <interval begin="720.00" end="750.00" id="D8_1_2" nVehContrib="0" flow="0.00" occupancy="0.00" speed="-1.00" harmonicMeanSpeed="-1.00" length="-1.00" nVehEntered="0"/>
    <interval begin="750.00" end="780.00" id="D8_1_2" nVehContrib="1" flow="120.00" occupancy="5.32" speed="3.13" harmonicMeanSpeed="3.13" length="5.00" nVehEntered="1"/>
    <interval begin="780.00" end="810.00" id="D8_1_2" nVehContrib="1" flow="120.00" occupancy="5.33" speed="3.13" harmonicMeanSpeed="3.13" length="5.00" nVehEntered="1"/>
    <interval begin="810.00" end="840.00" id="D8_1_2" nVehContrib="1" flow="120.00" occupancy="1.81" speed="9.23" harmonicMeanSpeed="9.23" length="5.00" nVehEntered="1"/>
    <interval begin="840.00" end="870.00" id="D8_1_2" nVehContrib="1" flow="120.00" occupancy="5.34" speed="3.12" harmonicMeanSpeed="3.12" length="5.00" nVehEntered="1"/>
    <interval begin="870.00" end="900.00" id="D8_1_2" nVehContrib="0" flow="0.00" occupancy="0.00" speed="-1.00" harmonicMeanSpeed="-1.00" length="-1.00" nVehEntered="0"/>
    <interval begin="900.00" end="930.00" id="D8_1_2" nVehContrib="2" flow="240.00" occupancy="7.16" speed="5.80" harmonicMeanSpeed="4.66" length="5.00" nVehEntered="2"/>
    <interval begin="930.00" end="960.00" id="D8_1_2" nVehContrib="0" flow="0.00" occupancy="0.00" speed="-1.00" harmonicMeanSpeed="-1.00" length="-1.00" nVehEntered="0"/>
    <interval begin="960.00" end="990.00" id="D8_1_2" nVehContrib="1" flow="120.00" occupancy="4.98" speed="3.35" harmonicMeanSpeed="3.35" length="5.00" nVehEntered="1"/>
    <interval begin="990.00" end="1020.00" id="D8_1_2" nVehContrib="0" flow="0.00" occupancy="0.00" speed="-1.00" harmonicMeanSpeed="-1.00" length="-1.00" nVehEntered="0"/>
    <interval begin="1020.00" end="1050.00" id="D8_1_2" nVehContrib="2" flow="240.00" occupancy="6.95" speed="5.36" harmonicMeanSpeed="4.80" length="5.00" nVehEntered="2"/>
    <interval begin="1050.00" end="1080.00" id="D8_1_2" nVehContrib="1" flow="120.00" occupancy="4.90" speed="3.40" harmonicMeanSpeed="3.40" length="5.00" nVehEntered="1"/>
    <interval begin="1080.00" end="1110.00" id="D8_1_2" nVehContrib="0" flow="0.00" occupancy="0.00" speed="-1.00" harmonicMeanSpeed="-1.00" length="-1.00" nVehEntered="0"/>
    <interval begin="1110.00" end="1140.00" id="D8_1_2" nVehContrib="2" flow="240.00" occupancy="4.28" speed="7.79" harmonicMeanSpeed="7.79" length="5.00" nVehEntered="2"/>
    <interval begin="1140.00" end="1170.00" id="D8_1_2" nVehContrib="0" flow="0.00" occupancy="0.00" speed="-1.00" harmonicMeanSpeed="-1.00" length="-1.00" nVehEntered="0"/>
    <interval begin="1170.00" end="1200.00" id="D8_1_2" nVehContrib="2" flow="240.00" occupancy="6.66" speed="6.91" harmonicMeanSpeed="5.00" length="5.00" nVehEntered="2"/>
    <interval begin="1200.00" end="1230.00" id="D8_1_2" nVehContrib="0" flow="0.00" occupancy="0.00" speed="-1.00" harmonicMeanSpeed="-1.00" length="-1.00" nVehEntered="0"/>
    <interval begin="1230.00" end="1260.00" id="D8_1_2" nVehContrib="0" flow="0.00" occupancy="0.00" speed="-1.00" harmonicMeanSpeed="-1.00" length="-1.00" nVehEntered="0"/>
    <interval begin="1260.00" end="1290.00" id="D8_1_2" nVehContrib="0" flow="0.00" occupancy="0.00" speed="-1.00" harmonicMeanSpeed="-1.00" length="-1.00" nVehEntered="0"/>
    <interval begin="1290.00" end="1320.00" id="D8_1_2" nVehContrib="1" flow="120.00" occupancy="4.98" speed="3.35" harmonicMeanSpeed="3.35" length="5.00" nVehEntered="1"/>
    <interval begin="1320.00" end="1350.00" id="D8_1_2" nVehContrib="2" flow="240.00" occupancy="7.48" speed="5.01" harmonicMeanSpeed="4.46" length="5.00" nVehEntered="2"/>
    <interval begin="1350.00" end="1380.00" id="D8_1_2" nVehContrib="0" flow="0.00" occupancy="0.00" speed="-1.00" harmonicMeanSpeed="-1.00" length="-1.00" nVehEntered="0"/>
    <interval begin="1380.00" end="1410.00" id="D8_1_2" nVehContrib="0" flow="0.00" occupancy="0.00" speed="-1.00" harmonicMeanSpeed="-1.00" length="-1.00" nVehEntered="0"/>
    <interval begin="1410.00" end="1440.00" id="D8_1_2" nVehContrib="0" flow="0.00" occupancy="0.00" speed="-1.00" harmonicMeanSpeed="-1.00" length="-1.00" nVehEntered="0"/>
    <interval begin="1440.00" end="1470.00" id="D8_1_2" nVehContrib="3" flow="360.00" occupancy="9.88" speed="5.65" harmonicMeanSpeed="5.06" length="5.00" nVehEntered="3"/>
    <interval begin="1470.00" end="1500.00" id="D8_1_2" nVehContrib="0" flow="0.00" occupancy="0.00" speed="-1.00" harmonicMeanSpeed="-1.00" length="-1.00" nVehEntered="0"/>
    <interval begin="1500.00" end="1530.00" id="D8_1_2" nVehContrib="0" flow="0.00" occupancy="0.00" speed="-1.00" harmonicMeanSpeed="-1.00" length="-1.00" nVehEntered="0"/>
    <interval begin="1530.00" end="1560.00" id="D8_1_2" nVehContrib="0" flow="0.00" occupancy="0.00" speed="-1.00" harmonicMeanSpeed="-1.00" length="-1.00" nVehEntered="0"/>
    <interval begin="1560.00" end="1590.00" id="D8_1_2" nVehContrib="1" flow="120.00" occupancy="5.10" speed="3.27" harmonicMeanSpeed="3.27" length="5.00" nVehEntered="1"/>
    <interval begin="1590.00" end="1620.00" id="D8_1_2" nVehContrib="0" flow="0.00" occupancy="0.00" speed="-1.00" harmonicMeanSpeed="-1.00" length="-1.00" nVehEntered="0"/>
    <interval begin="1620.00" end="1650.00" id="D8_1_2" nVehContrib="0" flow="0.00" occupancy="0.00" speed="-1.00" harmonicMeanSpeed="-1.00" length="-1.00" nVehEntered="0"/>
    <interval begin="1650.00" end="1680.00" id="D8_1_2" nVehContrib="4" flow="480.00" occupancy="11.99" speed="6.40" harmonicMeanSpeed="5.56" length="5.00" nVehEntered="4"/>
    <interval begin="1680.00" end="1710.00" id="D8_1_2" nVehContrib="0" flow="0.00" occupancy="0.00" speed="-1.00" harmonicMeanSpeed="-1.00" length="-1.00" nVehEntered="0"/>
    <interval begin="1710.00" end="1740.00" id="D8_1_2" nVehContrib="0" flow="0.00" occupancy="0.00" speed="-1.00" harmonicMeanSpeed="-1.00" length="-1.00" nVehEntered="0"/>
    <interval begin="1740.00" end="1770.00" id="D8_1_2" nVehContrib="0" flow="0.00" occupancy="0.00" speed="-1.00" harmonicMeanSpeed="-1.00" length="-1.00" nVehEntered="0"/>
    <interval begin="1770.00" end="1800.00" id="D8_1_2" nVehContrib="3" flow="360.00" occupancy="10.85" speed="5.31" harmonicMeanSpeed="4.61" length="5.00" nVehEntered="3"/>
    <interval begin="1800.00" end="1830.00" id="D8_1_2" nVehContrib="0" flow="0.00" occupancy="0.00" speed="-1.00" harmonicMeanSpeed="-1.00" length="-1.00" nVehEntered="0"/>
    <interval begin="1830.00" end="1860.00" id="D8_1_2" nVehContrib="1" flow="120.00" occupancy="1.95" speed="8.54" harmonicMeanSpeed="8.54" length="5.00" nVehEntered="1"/>
    <interval begin="1860.00" end="1890.00" id="D8_1_2" nVehContrib="1" flow="120.00" occupancy="1.65" speed="10.13" harmonicMeanSpeed="10.13" length="5.00" nVehEntered="1"/>
    <interval begin="1890.00" end="1920.00" id="D8_1_2" nVehContrib="0" flow="0.00" occupancy="0.00" speed="-1.00" harmonicMeanSpeed="-1.00" length="-1.00" nVehEntered="0"/>
    <interval begin="1920.00" end="1950.00" id="D8_1_2" nVehContrib="1" flow="120.00" occupancy="4.74" speed="3.52" harmonicMeanSpeed="3.52" length="5.00" nVehEntered="1"/>
    <interval begin="1950.00" end="1980.00" id="D8_1_2" nVehContrib="0" flow="0.00" occupancy="0.00" speed="-1.00" harmonicMeanSpeed="-1.00" length="-1.00" nVehEntered="0"/>
    <interval begin="1980.00" end="2010.00" id="D8_1_2" nVehContrib="2" flow="240.00" occupancy="6.94" speed="5.94" harmonicMeanSpeed="4.80" length="5.00" nVehEntered="2"/>
    <interval begin="2010.00" end="2040.00" id="D8_1_2" nVehContrib="0" flow="0.00" occupancy="0.00" speed="-1.00" harmonicMeanSpeed="-1.00" length="-1.00" nVehEntered="0"/>
    <interval begin="2040.00" end="2070.00" id="D8_1_2" nVehContrib="1" flow="120.00" occupancy="1.84" speed="9.06" harmonicMeanSpeed="9.06" length="5.00" nVehEntered="1"/>
    <interval begin="2070.00" end="2100.00" id="D8_1_2" nVehContrib="0" flow="0.00" occupancy="0.00" speed="-1.00" harmonicMeanSpeed="-1.00" length="-1.00" nVehEntered="0"/>
    <interval begin="2100.00" end="2130.00" id="D8_1_2" nVehContrib="0" flow="0.00" occupancy="0.00" speed="-1.00" harmonicMeanSpeed="-1.00" length="-1.00" nVehEntered="0"/>
    <interval begin="2130.00" end="2160.00" id="D8_1_2" nVehContrib="1" flow="120.00" occupancy="1.82" speed="9.17" harmonicMeanSpeed="9.17" length="5.00" nVehEntered="1"/>
    <interval begin="2160.00" end="2190.00" id="D8_1_2" nVehContrib="0" flow="0.00" occupancy="0.00" speed="-1.00" harmonicMeanSpeed="-1.00" length="-1.00" nVehEntered="0"/>
    <interval begin="2190.00" end="2220.00" id="D8_1_2" nVehContrib="3" flow="360.00" occupancy="5.76" speed="8.69" harmonicMeanSpeed="8.68" length="5.00" nVehEntered="3"/>
    <interval begin="2220.00" end="2250.00" id="D8_1_2" nVehContrib="0" flow="0.00" occupancy="0.00" speed="-1.00" harmonicMeanSpeed="-1.00" length="-1.00" nVehEntered="0"/>
    <interval begin="2250.00" end="2280.00" id="D8_1_2" nVehContrib="2" flow="240.00" occupancy="7.82" speed="4.75" harmonicMeanSpeed="4.26" length="5.00" nVehEntered="2"/>
    <interval begin="2280.00" end="2310.00" id="D8_1_2" nVehContrib="0" flow="0.00" occupancy="0.00" speed="-1.00" harmonicMeanSpeed="-1.00" length="-1.00" nVehEntered="0"/>
    <interval begin="2310.00" end="2340.00" id="D8_1_2" nVehContrib="0" flow="0.00" occupancy="0.00" speed="-1.00" harmonicMeanSpeed="-1.00" length="-1.00" nVehEntered="0"/>
    <interval begin="2340.00" end="2370.00" id="D8_1_2" nVehContrib="0" flow="0.00" occupancy="0.00" speed="-1.00" harmonicMeanSpeed="-1.00" length="-1.00" nVehEntered="0"/>
    <interval begin="2370.00" end="2400.00" id="D8_1_2" nVehContrib="0" flow="0.00" occupancy="0.00" speed="-1.00" harmonicMeanSpeed="-1.00" length="-1.00" nVehEntered="0"/>
    <interval begin="2400.00" end="2430.00" id="D8_1_2" nVehContrib="0" flow="0.00" occupancy="0.00" speed="-1.00" harmonicMeanSpeed="-1.00" length="-1.00" nVehEntered="0"/>
    <interval begin="2430.00" end="2460.00" id="D8_1_2" nVehContrib="0" flow="0.00" occupancy="0.00" speed="-1.00" harmonicMeanSpeed="-1.00" length="-1.00" nVehEntered="0"/>
    <interval begin="2460.00" end="2490.00" id="D8_1_2" nVehContrib="2" flow="240.00" occupancy="7.42" speed="5.05" harmonicMeanSpeed="4.49" length="5.00" nVehEntered="2"/>
    <interval begin="2490.00" end="2520.00" id="D8_1_2" nVehContrib="0" flow="0.00" occupancy="0.00" speed="-1.00" harmonicMeanSpeed="-1.00" length="-1.00" nVehEntered="0"/>
    <interval begin="2520.00" end="2550.00" id="D8_1_2" nVehContrib="3" flow="360.00" occupancy="8.86" speed="6.61" harmonicMeanSpeed="5.65" length="5.00" nVehEntered="3"/>
    <interval begin="2550.00" end="2580.00" id="D8_1_2" nVehContrib="0" flow="0.00" occupancy="0.00" speed="-1.00" harmonicMeanSpeed="-1.00" length="-1.00" nVehEntered="0"/>
    <interval begin="2580.00" end="2610.00" id="D8_1_2" nVehContrib="2" flow="240.00" occupancy="3.78" speed="8.85" harmonicMeanSpeed="8.81" length="5.00" nVehEntered="2"/>
    <interval begin="2610.00" end="2640.00" id="D8_1_2" nVehContrib="0" flow="0.00" occupancy="0.00" speed="-1.00" harmonicMeanSpeed="-1.00" length="-1.00" nVehEntered="0"/>
    <interval begin="2640.00" end="2670.00" id="D8_1_2" nVehContrib="2" flow="240.00" occupancy="3.40" speed="9.88" harmonicMeanSpeed="9.79" length="5.00" nVehEntered="2"/>
    <interval begin="2670.00" end="2700.00" id="D8_1_2" nVehContrib="0" flow="0.00" occupancy="0.00" speed="-1.00" harmonicMeanSpeed="-1.00" length="-1.00" nVehEntered="0"/>
    <interval begin="2700.00" end="2730.00" id="D8_1_2" nVehContrib="0" flow="0.00" occupancy="0.00" speed="-1.00" harmonicMeanSpeed="-1.00" length="-1.00" nVehEntered="0"/>
    <interval begin="2730.00" end="2760.00" id="D8_1_2" nVehContrib="3" flow="360.00" occupancy="5.74" speed="8.79" harmonicMeanSpeed="8.72" length="5.00" nVehEntered="3"/>
    <interval begin="2760.00" end="2790.00" id="D8_1_2" nVehContrib="0" flow="0.00" occupancy="0.00" speed="-1.00" harmonicMeanSpeed="-1.00" length="-1.00" nVehEntered="0"/>
    <interval begin="2790.00" end="2820.00" id="D8_1_2" nVehContrib="1" flow="120.00" occupancy="1.77" speed="9.44" harmonicMeanSpeed="9.44" length="5.00" nVehEntered="1"/>
    <interval begin="2820.00" end="2850.00" id="D8_1_2" nVehContrib="0" flow="0.00" occupancy="0.00" speed="-1.00" harmonicMeanSpeed="-1.00" length="-1.00" nVehEntered="0"/>
    <interval begin="2850.00" end="2880.00" id="D8_1_2" nVehContrib="0" flow="0.00" occupancy="0.00" speed="-1.00" harmonicMeanSpeed="-1.00" length="-1.00" nVehEntered="0"/>
    <interval begin="2880.00" end="2910.00" id="D8_1_2" nVehContrib="0" flow="0.00" occupancy="0.00" speed="-1.00" harmonicMeanSpeed="-1.00" length="-1.00" nVehEntered="0"/>
    <interval begin="2910.00" end="2940.00" id="D8_1_2" nVehContrib="3" flow="360.00" occupancy="5.98" speed="8.51" harmonicMeanSpeed="8.36" length="5.00" nVehEntered="3"/>
    <interval begin="2940.00" end="2970.00" id="D8_1_2" nVehContrib="0" flow="0.00" occupancy="0.00" speed="-1.00" harmonicMeanSpeed="-1.00" length="-1.00" nVehEntered="0"/>
    <interval begin="2970.00" end="3000.00" id="D8_1_2" nVehContrib="0" flow="0.00" occupancy="0.00" speed="-1.00" harmonicMeanSpeed="-1.00" length="-1.00" nVehEntered="0"/>
    <interval begin="3000.00" end="3030.00" id="D8_1_2" nVehContrib="0" flow="0.00" occupancy="0.00" speed="-1.00" harmonicMeanSpeed="-1.00" length="-1.00" nVehEntered="0"/>
    <interval begin="3030.00" end="3060.00" id="D8_1_2" nVehContrib="0" flow="0.00" occupancy="0.00" speed="-1.00" harmonicMeanSpeed="-1.00" length="-1.00" nVehEntered="0"/>
    <interval begin="3060.00" end="3090.00" id="D8_1_2" nVehContrib="3" flow="360.00" occupancy="10.38" speed="5.42" harmonicMeanSpeed="4.82" length="5.00" nVehEntered="3"/>
    <interval begin="3090.00" end="3120.00" id="D8_1_2" nVehContrib="0" flow="0.00" occupancy="0.00" speed="-1.00" harmonicMeanSpeed="-1.00" length="-1.00" nVehEntered="0"/>
    <interval begin="3120.00" end="3150.00" id="D8_1_2" nVehContrib="0" flow="0.00" occupancy="0.00" speed="-1.00" harmonicMeanSpeed="-1.00" length="-1.00" nVehEntered="0"/>
    <interval begin="3150.00" end="3180.00" id="D8_1_2" nVehContrib="0" flow="0.00" occupancy="0.00" speed="-1.00" harmonicMeanSpeed="-1.00" length="-1.00" nVehEntered="0"/>
    <interval begin="3180.00" end="3210.00" id="D8_1_2" nVehContrib="2" flow="240.00" occupancy="3.61" speed="9.30" harmonicMeanSpeed="9.22" length="5.00" nVehEntered="2"/>
    <interval begin="3210.00" end="3240.00" id="D8_1_2" nVehContrib="2" flow="240.00" occupancy="3.95" speed="8.55" harmonicMeanSpeed="8.44" length="5.00" nVehEntered="2"/>
    <interval begin="3240.00" end="3270.00" id="D8_1_2" nVehContrib="0" flow="0.00" occupancy="0.00" speed="-1.00" harmonicMeanSpeed="-1.00" length="-1.00" nVehEntered="0"/>
    <interval begin="3270.00" end="3300.00" id="D8_1_2" nVehContrib="1" flow="120.00" occupancy="2.11" speed="7.91" harmonicMeanSpeed="7.91" length="5.00" nVehEntered="1"/>
    <interval begin="3300.00" end="3330.00" id="D8_1_2" nVehContrib="0" flow="0.00" occupancy="0.00" speed="-1.00" harmonicMeanSpeed="-1.00" length="-1.00" nVehEntered="0"/>
    <interval begin="3330.00" end="3360.00" id="D8_1_2" nVehContrib="0" flow="0.00" occupancy="0.00" speed="-1.00" harmonicMeanSpeed="-1.00" length="-1.00" nVehEntered="0"/>
    <interval begin="3360.00" end="3390.00" id="D8_1_2" nVehContrib="0" flow="0.00" occupancy="0.00" speed="-1.00" harmonicMeanSpeed="-1.00" length="-1.00" nVehEntered="0"/>
    <interval begin="3390.00" end="3420.00" id="D8_1_2" nVehContrib="0" flow="0.00" occupancy="0.00" speed="-1.00" harmonicMeanSpeed="-1.00" length="-1.00" nVehEntered="0"/>
    <interval begin="3420.00" end="3450.00" id="D8_1_2" nVehContrib="0" flow="0.00" occupancy="0.00" speed="-1.00" harmonicMeanSpeed="-1.00" length="-1.00" nVehEntered="0"/>
    <interval begin="3450.00" end="3480.00" id="D8_1_2" nVehContrib="0" flow="0.00" occupancy="0.00" speed="-1.00" harmonicMeanSpeed="-1.00" length="-1.00" nVehEntered="0"/>
    <interval begin="3480.00" end="3510.00" id="D8_1_2" nVehContrib="2" flow="240.00" occupancy="8.01" speed="4.67" harmonicMeanSpeed="4.16" length="5.00" nVehEntered="2"/>
    <interval begin="3510.00" end="3540.00" id="D8_1_2" nVehContrib="2" flow="240.00" occupancy="3.88" speed="8.61" harmonicMeanSpeed="8.60" length="5.00" nVehEntered="2"/>
    <interval begin="3540.00" end="3570.00" id="D8_1_2" nVehContrib="0" flow="0.00" occupancy="0.00" speed="-1.00" harmonicMeanSpeed="-1.00" length="-1.00" nVehEntered="0"/>
    <interval begin="3570.00" end="3594.00" id="D8_1_2" nVehContrib="0" flow="0.00" occupancy="0.00" speed="-1.00" harmonicMeanSpeed="-1.00" length="-1.00" nVehEntered="0"/>
</detector>
