<?xml version="1.0" encoding="UTF-8"?>

<!-- generated on 01/27/20 08:48:22 by Eclipse SUMO Version 1.3.1
<configuration xmlns:xsi="http://www.w3.org/2001/XMLSchema-instance" xsi:noNamespaceSchemaLocation="http://sumo.dlr.de/xsd/sumoConfiguration.xsd">

    <input>
        <net-file value="gnet.net.xml"/>
        <route-files value="grou.rou.xml"/>
        <additional-files value="gadd.additional.xml"/>
    </input>

    <output>
        <queue-output value="Queue.xml"/>
        <summary-output value="Summary.xml"/>
        <tripinfo-output value="output-tripinfos.xml"/>
    </output>

    <time>
        <begin value="0"/>
        <end value="3600"/>
    </time>

    <processing>
        <time-to-teleport value="3600"/>
    </processing>

    <traci_server>
        <remote-port value="12790"/>
    </traci_server>

    <gui_only>
        <gui-settings-file value="gview.view.xml"/>
        <quit-on-end value="true"/>
        <start value="true"/>
    </gui_only>

</configuration>
-->

<detector xmlns:xsi="http://www.w3.org/2001/XMLSchema-instance" xsi:noNamespaceSchemaLocation="http://sumo.dlr.de/xsd/det_e1_file.xsd">
    <interval begin="0.00" end="30.00" id="D8_1_1" nVehContrib="0" flow="0.00" occupancy="0.00" speed="-1.00" harmonicMeanSpeed="-1.00" length="-1.00" nVehEntered="0"/>
    <interval begin="30.00" end="60.00" id="D8_1_1" nVehContrib="2" flow="240.00" occupancy="10.53" speed="3.66" harmonicMeanSpeed="3.65" length="5.00" nVehEntered="3"/>
    <interval begin="60.00" end="90.00" id="D8_1_1" nVehContrib="4" flow="480.00" occupancy="6.86" speed="8.49" harmonicMeanSpeed="8.08" length="5.00" nVehEntered="3"/>
    <interval begin="90.00" end="120.00" id="D8_1_1" nVehContrib="7" flow="840.00" occupancy="18.32" speed="8.66" harmonicMeanSpeed="6.37" length="5.00" nVehEntered="7"/>
    <interval begin="120.00" end="150.00" id="D8_1_1" nVehContrib="0" flow="0.00" occupancy="0.00" speed="-1.00" harmonicMeanSpeed="-1.00" length="-1.00" nVehEntered="0"/>
    <interval begin="150.00" end="180.00" id="D8_1_1" nVehContrib="7" flow="840.00" occupancy="15.76" speed="9.01" harmonicMeanSpeed="7.40" length="5.00" nVehEntered="7"/>
    <interval begin="180.00" end="210.00" id="D8_1_1" nVehContrib="1" flow="120.00" occupancy="4.64" speed="3.59" harmonicMeanSpeed="3.59" length="5.00" nVehEntered="1"/>
    <interval begin="210.00" end="240.00" id="D8_1_1" nVehContrib="7" flow="840.00" occupancy="11.67" speed="10.77" harmonicMeanSpeed="10.00" length="5.00" nVehEntered="7"/>
    <interval begin="240.00" end="270.00" id="D8_1_1" nVehContrib="4" flow="480.00" occupancy="11.37" speed="6.78" harmonicMeanSpeed="5.86" length="5.00" nVehEntered="4"/>
    <interval begin="270.00" end="300.00" id="D8_1_1" nVehContrib="3" flow="360.00" occupancy="4.18" speed="12.00" harmonicMeanSpeed="11.97" length="5.00" nVehEntered="3"/>
    <interval begin="300.00" end="330.00" id="D8_1_1" nVehContrib="6" flow="720.00" occupancy="17.53" speed="6.80" harmonicMeanSpeed="5.71" length="5.00" nVehEntered="6"/>
    <interval begin="330.00" end="360.00" id="D8_1_1" nVehContrib="0" flow="0.00" occupancy="0.00" speed="-1.00" harmonicMeanSpeed="-1.00" length="-1.00" nVehEntered="0"/>
    <interval begin="360.00" end="390.00" id="D8_1_1" nVehContrib="7" flow="840.00" occupancy="16.05" speed="9.00" harmonicMeanSpeed="7.27" length="5.00" nVehEntered="7"/>
    <interval begin="390.00" end="420.00" id="D8_1_1" nVehContrib="1" flow="120.00" occupancy="6.75" speed="3.52" harmonicMeanSpeed="3.52" length="5.00" nVehEntered="2"/>
    <interval begin="420.00" end="450.00" id="D8_1_1" nVehContrib="6" flow="720.00" occupancy="8.53" speed="10.31" harmonicMeanSpeed="9.48" length="5.00" nVehEntered="5"/>
    <interval begin="450.00" end="480.00" id="D8_1_1" nVehContrib="5" flow="600.00" occupancy="13.52" speed="7.57" harmonicMeanSpeed="6.17" length="5.00" nVehEntered="5"/>
    <interval begin="480.00" end="510.00" id="D8_1_1" nVehContrib="2" flow="240.00" occupancy="2.98" speed="11.23" harmonicMeanSpeed="11.19" length="5.00" nVehEntered="2"/>
    <interval begin="510.00" end="540.00" id="D8_1_1" nVehContrib="7" flow="840.00" occupancy="15.37" speed="9.32" harmonicMeanSpeed="7.59" length="5.00" nVehEntered="7"/>
    <interval begin="540.00" end="570.00" id="D8_1_1" nVehContrib="0" flow="0.00" occupancy="0.00" speed="-1.00" harmonicMeanSpeed="-1.00" length="-1.00" nVehEntered="0"/>
    <interval begin="570.00" end="600.00" id="D8_1_1" nVehContrib="7" flow="840.00" occupancy="17.96" speed="7.91" harmonicMeanSpeed="6.50" length="5.00" nVehEntered="7"/>
    <interval begin="600.00" end="630.00" id="D8_1_1" nVehContrib="2" flow="240.00" occupancy="7.55" speed="4.81" harmonicMeanSpeed="4.42" length="5.00" nVehEntered="2"/>
    <interval begin="630.00" end="660.00" id="D8_1_1" nVehContrib="5" flow="600.00" occupancy="7.67" speed="11.16" harmonicMeanSpeed="10.86" length="5.00" nVehEntered="5"/>
    <interval begin="660.00" end="690.00" id="D8_1_1" nVehContrib="5" flow="600.00" occupancy="13.21" speed="7.41" harmonicMeanSpeed="6.31" length="5.00" nVehEntered="5"/>
    <interval begin="690.00" end="720.00" id="D8_1_1" nVehContrib="2" flow="240.00" occupancy="2.93" speed="11.39" harmonicMeanSpeed="11.38" length="5.00" nVehEntered="2"/>
    <interval begin="720.00" end="750.00" id="D8_1_1" nVehContrib="7" flow="840.00" occupancy="16.42" speed="8.84" harmonicMeanSpeed="7.11" length="5.00" nVehEntered="7"/>
    <interval begin="750.00" end="780.00" id="D8_1_1" nVehContrib="0" flow="0.00" occupancy="0.00" speed="-1.00" harmonicMeanSpeed="-1.00" length="-1.00" nVehEntered="0"/>
    <interval begin="780.00" end="810.00" id="D8_1_1" nVehContrib="7" flow="840.00" occupancy="16.44" speed="8.80" harmonicMeanSpeed="7.10" length="5.00" nVehEntered="7"/>
    <interval begin="810.00" end="840.00" id="D8_1_1" nVehContrib="0" flow="0.00" occupancy="0.00" speed="-1.00" harmonicMeanSpeed="-1.00" length="-1.00" nVehEntered="0"/>
    <interval begin="840.00" end="870.00" id="D8_1_1" nVehContrib="6" flow="720.00" occupancy="17.57" speed="7.06" harmonicMeanSpeed="5.69" length="5.00" nVehEntered="6"/>
    <interval begin="870.00" end="900.00" id="D8_1_1" nVehContrib="2" flow="240.00" occupancy="6.76" speed="5.39" harmonicMeanSpeed="4.93" length="5.00" nVehEntered="2"/>
    <interval begin="900.00" end="930.00" id="D8_1_1" nVehContrib="5" flow="600.00" occupancy="8.12" speed="10.56" harmonicMeanSpeed="10.26" length="5.00" nVehEntered="5"/>
    <interval begin="930.00" end="960.00" id="D8_1_1" nVehContrib="5" flow="600.00" occupancy="13.00" speed="7.78" harmonicMeanSpeed="6.41" length="5.00" nVehEntered="5"/>
    <interval begin="960.00" end="990.00" id="D8_1_1" nVehContrib="2" flow="240.00" occupancy="2.59" speed="12.88" harmonicMeanSpeed="12.88" length="5.00" nVehEntered="2"/>
    <interval begin="990.00" end="1020.00" id="D8_1_1" nVehContrib="7" flow="840.00" occupancy="16.76" speed="8.46" harmonicMeanSpeed="6.96" length="5.00" nVehEntered="7"/>
    <interval begin="1020.00" end="1050.00" id="D8_1_1" nVehContrib="0" flow="0.00" occupancy="0.00" speed="-1.00" harmonicMeanSpeed="-1.00" length="-1.00" nVehEntered="0"/>
    <interval begin="1050.00" end="1080.00" id="D8_1_1" nVehContrib="5" flow="600.00" occupancy="14.81" speed="6.81" harmonicMeanSpeed="5.63" length="5.00" nVehEntered="5"/>
    <interval begin="1080.00" end="1110.00" id="D8_1_1" nVehContrib="0" flow="0.00" occupancy="0.00" speed="-1.00" harmonicMeanSpeed="-1.00" length="-1.00" nVehEntered="0"/>
    <interval begin="1110.00" end="1140.00" id="D8_1_1" nVehContrib="6" flow="720.00" occupancy="13.79" speed="8.27" harmonicMeanSpeed="7.25" length="5.00" nVehEntered="6"/>
    <interval begin="1140.00" end="1170.00" id="D8_1_1" nVehContrib="2" flow="240.00" occupancy="8.23" speed="4.72" harmonicMeanSpeed="4.35" length="5.00" nVehEntered="3"/>
    <interval begin="1170.00" end="1200.00" id="D8_1_1" nVehContrib="5" flow="600.00" occupancy="7.61" speed="10.50" harmonicMeanSpeed="10.19" length="5.00" nVehEntered="4"/>
    <interval begin="1200.00" end="1230.00" id="D8_1_1" nVehContrib="5" flow="600.00" occupancy="12.42" speed="7.69" harmonicMeanSpeed="6.71" length="5.00" nVehEntered="5"/>
    <interval begin="1230.00" end="1260.00" id="D8_1_1" nVehContrib="0" flow="0.00" occupancy="0.00" speed="-1.00" harmonicMeanSpeed="-1.00" length="-1.00" nVehEntered="0"/>
    <interval begin="1260.00" end="1290.00" id="D8_1_1" nVehContrib="6" flow="720.00" occupancy="19.01" speed="6.57" harmonicMeanSpeed="5.26" length="5.00" nVehEntered="6"/>
    <interval begin="1290.00" end="1320.00" id="D8_1_1" nVehContrib="0" flow="0.00" occupancy="0.00" speed="-1.00" harmonicMeanSpeed="-1.00" length="-1.00" nVehEntered="0"/>
    <interval begin="1320.00" end="1350.00" id="D8_1_1" nVehContrib="6" flow="720.00" occupancy="15.02" speed="8.05" harmonicMeanSpeed="6.66" length="5.00" nVehEntered="6"/>
    <interval begin="1350.00" end="1380.00" id="D8_1_1" nVehContrib="0" flow="0.00" occupancy="0.00" speed="-1.00" harmonicMeanSpeed="-1.00" length="-1.00" nVehEntered="0"/>
    <interval begin="1380.00" end="1410.00" id="D8_1_1" nVehContrib="7" flow="840.00" occupancy="15.77" speed="8.62" harmonicMeanSpeed="7.40" length="5.00" nVehEntered="7"/>
    <interval begin="1410.00" end="1440.00" id="D8_1_1" nVehContrib="2" flow="240.00" occupancy="7.98" speed="4.59" harmonicMeanSpeed="4.18" length="5.00" nVehEntered="2"/>
    <interval begin="1440.00" end="1470.00" id="D8_1_1" nVehContrib="5" flow="600.00" occupancy="8.53" speed="10.21" harmonicMeanSpeed="9.77" length="5.00" nVehEntered="5"/>
    <interval begin="1470.00" end="1500.00" id="D8_1_1" nVehContrib="5" flow="600.00" occupancy="12.72" speed="7.62" harmonicMeanSpeed="6.55" length="5.00" nVehEntered="5"/>
    <interval begin="1500.00" end="1530.00" id="D8_1_1" nVehContrib="1" flow="120.00" occupancy="1.35" speed="12.32" harmonicMeanSpeed="12.32" length="5.00" nVehEntered="1"/>
    <interval begin="1530.00" end="1560.00" id="D8_1_1" nVehContrib="7" flow="840.00" occupancy="14.87" speed="9.26" harmonicMeanSpeed="7.84" length="5.00" nVehEntered="7"/>
    <interval begin="1560.00" end="1590.00" id="D8_1_1" nVehContrib="0" flow="0.00" occupancy="0.00" speed="-1.00" harmonicMeanSpeed="-1.00" length="-1.00" nVehEntered="0"/>
    <interval begin="1590.00" end="1620.00" id="D8_1_1" nVehContrib="7" flow="840.00" occupancy="16.07" speed="8.76" harmonicMeanSpeed="7.26" length="5.00" nVehEntered="7"/>
    <interval begin="1620.00" end="1650.00" id="D8_1_1" nVehContrib="0" flow="0.00" occupancy="0.00" speed="-1.00" harmonicMeanSpeed="-1.00" length="-1.00" nVehEntered="0"/>
    <interval begin="1650.00" end="1680.00" id="D8_1_1" nVehContrib="7" flow="840.00" occupancy="15.79" speed="8.89" harmonicMeanSpeed="7.39" length="5.00" nVehEntered="7"/>
    <interval begin="1680.00" end="1710.00" id="D8_1_1" nVehContrib="2" flow="240.00" occupancy="7.90" speed="4.60" harmonicMeanSpeed="4.22" length="5.00" nVehEntered="2"/>
    <interval begin="1710.00" end="1740.00" id="D8_1_1" nVehContrib="3" flow="360.00" occupancy="5.37" speed="9.40" harmonicMeanSpeed="9.31" length="5.00" nVehEntered="3"/>
    <interval begin="1740.00" end="1770.00" id="D8_1_1" nVehContrib="5" flow="600.00" occupancy="12.93" speed="7.42" harmonicMeanSpeed="6.44" length="5.00" nVehEntered="5"/>
    <interval begin="1770.00" end="1800.00" id="D8_1_1" nVehContrib="2" flow="240.00" occupancy="3.08" speed="10.86" harmonicMeanSpeed="10.84" length="5.00" nVehEntered="2"/>
    <interval begin="1800.00" end="1830.00" id="D8_1_1" nVehContrib="7" flow="840.00" occupancy="16.06" speed="8.23" harmonicMeanSpeed="7.27" length="5.00" nVehEntered="7"/>
    <interval begin="1830.00" end="1860.00" id="D8_1_1" nVehContrib="0" flow="0.00" occupancy="0.00" speed="-1.00" harmonicMeanSpeed="-1.00" length="-1.00" nVehEntered="0"/>
    <interval begin="1860.00" end="1890.00" id="D8_1_1" nVehContrib="7" flow="840.00" occupancy="15.65" speed="8.62" harmonicMeanSpeed="7.46" length="5.00" nVehEntered="7"/>
    <interval begin="1890.00" end="1920.00" id="D8_1_1" nVehContrib="0" flow="0.00" occupancy="0.00" speed="-1.00" harmonicMeanSpeed="-1.00" length="-1.00" nVehEntered="0"/>
    <interval begin="1920.00" end="1950.00" id="D8_1_1" nVehContrib="8" flow="960.00" occupancy="16.44" speed="9.75" harmonicMeanSpeed="8.11" length="5.00" nVehEntered="8"/>
    <interval begin="1950.00" end="1980.00" id="D8_1_1" nVehContrib="2" flow="240.00" occupancy="7.46" speed="4.98" harmonicMeanSpeed="4.47" length="5.00" nVehEntered="2"/>
    <interval begin="1980.00" end="2010.00" id="D8_1_1" nVehContrib="5" flow="600.00" occupancy="8.33" speed="10.30" harmonicMeanSpeed="10.00" length="5.00" nVehEntered="5"/>
    <interval begin="2010.00" end="2040.00" id="D8_1_1" nVehContrib="5" flow="600.00" occupancy="12.80" speed="7.32" harmonicMeanSpeed="6.51" length="5.00" nVehEntered="5"/>
    <interval begin="2040.00" end="2070.00" id="D8_1_1" nVehContrib="0" flow="0.00" occupancy="0.00" speed="-1.00" harmonicMeanSpeed="-1.00" length="-1.00" nVehEntered="0"/>
    <interval begin="2070.00" end="2100.00" id="D8_1_1" nVehContrib="7" flow="840.00" occupancy="15.39" speed="9.41" harmonicMeanSpeed="7.58" length="5.00" nVehEntered="7"/>
    <interval begin="2100.00" end="2130.00" id="D8_1_1" nVehContrib="0" flow="0.00" occupancy="0.00" speed="-1.00" harmonicMeanSpeed="-1.00" length="-1.00" nVehEntered="0"/>
    <interval begin="2130.00" end="2160.00" id="D8_1_1" nVehContrib="6" flow="720.00" occupancy="15.41" speed="7.73" harmonicMeanSpeed="6.49" length="5.00" nVehEntered="6"/>
    <interval begin="2160.00" end="2190.00" id="D8_1_1" nVehContrib="0" flow="0.00" occupancy="0.00" speed="-1.00" harmonicMeanSpeed="-1.00" length="-1.00" nVehEntered="0"/>
    <interval begin="2190.00" end="2220.00" id="D8_1_1" nVehContrib="7" flow="840.00" occupancy="15.34" speed="8.63" harmonicMeanSpeed="7.61" length="5.00" nVehEntered="7"/>
    <interval begin="2220.00" end="2250.00" id="D8_1_1" nVehContrib="2" flow="240.00" occupancy="8.07" speed="4.68" harmonicMeanSpeed="4.19" length="5.00" nVehEntered="3"/>
    <interval begin="2250.00" end="2280.00" id="D8_1_1" nVehContrib="5" flow="600.00" occupancy="7.86" speed="10.60" harmonicMeanSpeed="10.44" length="5.00" nVehEntered="4"/>
    <interval begin="2280.00" end="2310.00" id="D8_1_1" nVehContrib="5" flow="600.00" occupancy="12.66" speed="7.59" harmonicMeanSpeed="6.58" length="5.00" nVehEntered="5"/>
    <interval begin="2310.00" end="2340.00" id="D8_1_1" nVehContrib="0" flow="0.00" occupancy="0.00" speed="-1.00" harmonicMeanSpeed="-1.00" length="-1.00" nVehEntered="0"/>
    <interval begin="2340.00" end="2370.00" id="D8_1_1" nVehContrib="7" flow="840.00" occupancy="15.81" speed="8.44" harmonicMeanSpeed="7.38" length="5.00" nVehEntered="7"/>
    <interval begin="2370.00" end="2400.00" id="D8_1_1" nVehContrib="0" flow="0.00" occupancy="0.00" speed="-1.00" harmonicMeanSpeed="-1.00" length="-1.00" nVehEntered="0"/>
    <interval begin="2400.00" end="2430.00" id="D8_1_1" nVehContrib="5" flow="600.00" occupancy="12.55" speed="7.97" harmonicMeanSpeed="6.64" length="5.00" nVehEntered="5"/>
    <interval begin="2430.00" end="2460.00" id="D8_1_1" nVehContrib="0" flow="0.00" occupancy="0.00" speed="-1.00" harmonicMeanSpeed="-1.00" length="-1.00" nVehEntered="0"/>
    <interval begin="2460.00" end="2490.00" id="D8_1_1" nVehContrib="7" flow="840.00" occupancy="15.67" speed="9.02" harmonicMeanSpeed="7.44" length="5.00" nVehEntered="7"/>
    <interval begin="2490.00" end="2520.00" id="D8_1_1" nVehContrib="2" flow="240.00" occupancy="7.83" speed="5.03" harmonicMeanSpeed="4.26" length="5.00" nVehEntered="2"/>
    <interval begin="2520.00" end="2550.00" id="D8_1_1" nVehContrib="5" flow="600.00" occupancy="8.21" speed="10.58" harmonicMeanSpeed="10.15" length="5.00" nVehEntered="5"/>
    <interval begin="2550.00" end="2580.00" id="D8_1_1" nVehContrib="4" flow="480.00" occupancy="13.25" speed="6.78" harmonicMeanSpeed="5.77" length="5.00" nVehEntered="5"/>
    <interval begin="2580.00" end="2610.00" id="D8_1_1" nVehContrib="3" flow="360.00" occupancy="3.24" speed="10.16" harmonicMeanSpeed="10.12" length="5.00" nVehEntered="2"/>
    <interval begin="2610.00" end="2640.00" id="D8_1_1" nVehContrib="5" flow="600.00" occupancy="12.76" speed="7.30" harmonicMeanSpeed="6.53" length="5.00" nVehEntered="5"/>
    <interval begin="2640.00" end="2670.00" id="D8_1_1" nVehContrib="0" flow="0.00" occupancy="0.00" speed="-1.00" harmonicMeanSpeed="-1.00" length="-1.00" nVehEntered="0"/>
    <interval begin="2670.00" end="2700.00" id="D8_1_1" nVehContrib="5" flow="600.00" occupancy="13.83" speed="7.20" harmonicMeanSpeed="6.02" length="5.00" nVehEntered="5"/>
    <interval begin="2700.00" end="2730.00" id="D8_1_1" nVehContrib="0" flow="0.00" occupancy="0.00" speed="-1.00" harmonicMeanSpeed="-1.00" length="-1.00" nVehEntered="0"/>
    <interval begin="2730.00" end="2760.00" id="D8_1_1" nVehContrib="6" flow="720.00" occupancy="14.46" speed="7.94" harmonicMeanSpeed="6.92" length="5.00" nVehEntered="6"/>
    <interval begin="2760.00" end="2790.00" id="D8_1_1" nVehContrib="2" flow="240.00" occupancy="8.19" speed="4.46" harmonicMeanSpeed="4.07" length="5.00" nVehEntered="2"/>
    <interval begin="2790.00" end="2820.00" id="D8_1_1" nVehContrib="5" flow="600.00" occupancy="8.69" speed="9.93" harmonicMeanSpeed="9.59" length="5.00" nVehEntered="5"/>
    <interval begin="2820.00" end="2850.00" id="D8_1_1" nVehContrib="5" flow="600.00" occupancy="13.00" speed="7.49" harmonicMeanSpeed="6.41" length="5.00" nVehEntered="5"/>
    <interval begin="2850.00" end="2880.00" id="D8_1_1" nVehContrib="2" flow="240.00" occupancy="2.79" speed="12.01" harmonicMeanSpeed="11.93" length="5.00" nVehEntered="2"/>
    <interval begin="2880.00" end="2910.00" id="D8_1_1" nVehContrib="7" flow="840.00" occupancy="15.83" speed="8.65" harmonicMeanSpeed="7.37" length="5.00" nVehEntered="7"/>
    <interval begin="2910.00" end="2940.00" id="D8_1_1" nVehContrib="0" flow="0.00" occupancy="0.00" speed="-1.00" harmonicMeanSpeed="-1.00" length="-1.00" nVehEntered="0"/>
    <interval begin="2940.00" end="2970.00" id="D8_1_1" nVehContrib="8" flow="960.00" occupancy="15.58" speed="10.48" harmonicMeanSpeed="8.56" length="5.00" nVehEntered="8"/>
    <interval begin="2970.00" end="3000.00" id="D8_1_1" nVehContrib="0" flow="0.00" occupancy="0.00" speed="-1.00" harmonicMeanSpeed="-1.00" length="-1.00" nVehEntered="0"/>
    <interval begin="3000.00" end="3030.00" id="D8_1_1" nVehContrib="5" flow="600.00" occupancy="14.21" speed="6.90" harmonicMeanSpeed="5.87" length="5.00" nVehEntered="5"/>
    <interval begin="3030.00" end="3060.00" id="D8_1_1" nVehContrib="2" flow="240.00" occupancy="7.91" speed="4.76" harmonicMeanSpeed="4.22" length="5.00" nVehEntered="2"/>
    <interval begin="3060.00" end="3090.00" id="D8_1_1" nVehContrib="5" flow="600.00" occupancy="8.16" speed="10.48" harmonicMeanSpeed="10.21" length="5.00" nVehEntered="5"/>
    <interval begin="3090.00" end="3120.00" id="D8_1_1" nVehContrib="5" flow="600.00" occupancy="12.65" speed="7.46" harmonicMeanSpeed="6.59" length="5.00" nVehEntered="5"/>
    <interval begin="3120.00" end="3150.00" id="D8_1_1" nVehContrib="0" flow="0.00" occupancy="0.00" speed="-1.00" harmonicMeanSpeed="-1.00" length="-1.00" nVehEntered="0"/>
    <interval begin="3150.00" end="3180.00" id="D8_1_1" nVehContrib="5" flow="600.00" occupancy="13.73" speed="7.23" harmonicMeanSpeed="6.07" length="5.00" nVehEntered="5"/>
    <interval begin="3180.00" end="3210.00" id="D8_1_1" nVehContrib="0" flow="0.00" occupancy="0.00" speed="-1.00" harmonicMeanSpeed="-1.00" length="-1.00" nVehEntered="0"/>
    <interval begin="3210.00" end="3240.00" id="D8_1_1" nVehContrib="5" flow="600.00" occupancy="13.18" speed="7.13" harmonicMeanSpeed="6.32" length="5.00" nVehEntered="5"/>
    <interval begin="3240.00" end="3270.00" id="D8_1_1" nVehContrib="0" flow="0.00" occupancy="0.00" speed="-1.00" harmonicMeanSpeed="-1.00" length="-1.00" nVehEntered="0"/>
    <interval begin="3270.00" end="3300.00" id="D8_1_1" nVehContrib="5" flow="600.00" occupancy="13.26" speed="7.28" harmonicMeanSpeed="6.29" length="5.00" nVehEntered="5"/>
    <interval begin="3300.00" end="3330.00" id="D8_1_1" nVehContrib="2" flow="240.00" occupancy="7.79" speed="4.73" harmonicMeanSpeed="4.28" length="5.00" nVehEntered="2"/>
    <interval begin="3330.00" end="3360.00" id="D8_1_1" nVehContrib="4" flow="480.00" occupancy="7.14" speed="9.53" harmonicMeanSpeed="9.34" length="5.00" nVehEntered="4"/>
    <interval begin="3360.00" end="3390.00" id="D8_1_1" nVehContrib="5" flow="600.00" occupancy="13.01" speed="7.61" harmonicMeanSpeed="6.41" length="5.00" nVehEntered="5"/>
    <interval begin="3390.00" end="3420.00" id="D8_1_1" nVehContrib="2" flow="240.00" occupancy="2.89" speed="11.57" harmonicMeanSpeed="11.54" length="5.00" nVehEntered="2"/>
    <interval begin="3420.00" end="3450.00" id="D8_1_1" nVehContrib="5" flow="600.00" occupancy="13.53" speed="7.11" harmonicMeanSpeed="6.16" length="5.00" nVehEntered="5"/>
    <interval begin="3450.00" end="3480.00" id="D8_1_1" nVehContrib="0" flow="0.00" occupancy="0.00" speed="-1.00" harmonicMeanSpeed="-1.00" length="-1.00" nVehEntered="0"/>
    <interval begin="3480.00" end="3510.00" id="D8_1_1" nVehContrib="7" flow="840.00" occupancy="15.89" speed="8.50" harmonicMeanSpeed="7.34" length="5.00" nVehEntered="7"/>
    <interval begin="3510.00" end="3540.00" id="D8_1_1" nVehContrib="0" flow="0.00" occupancy="0.00" speed="-1.00" harmonicMeanSpeed="-1.00" length="-1.00" nVehEntered="0"/>
    <interval begin="3540.00" end="3570.00" id="D8_1_1" nVehContrib="7" flow="840.00" occupancy="15.88" speed="8.45" harmonicMeanSpeed="7.35" length="5.00" nVehEntered="7"/>
    <interval begin="3570.00" end="3594.00" id="D8_1_1" nVehContrib="0" flow="0.00" occupancy="0.00" speed="-1.00" harmonicMeanSpeed="-1.00" length="-1.00" nVehEntered="0"/>
</detector>
