<?xml version="1.0" encoding="UTF-8"?>

<!-- generated on 01/27/20 08:48:22 by Eclipse SUMO Version 1.3.1
<configuration xmlns:xsi="http://www.w3.org/2001/XMLSchema-instance" xsi:noNamespaceSchemaLocation="http://sumo.dlr.de/xsd/sumoConfiguration.xsd">

    <input>
        <net-file value="gnet.net.xml"/>
        <route-files value="grou.rou.xml"/>
        <additional-files value="gadd.additional.xml"/>
    </input>

    <output>
        <queue-output value="Queue.xml"/>
        <summary-output value="Summary.xml"/>
        <tripinfo-output value="output-tripinfos.xml"/>
    </output>

    <time>
        <begin value="0"/>
        <end value="3600"/>
    </time>

    <processing>
        <time-to-teleport value="3600"/>
    </processing>

    <traci_server>
        <remote-port value="12790"/>
    </traci_server>

    <gui_only>
        <gui-settings-file value="gview.view.xml"/>
        <quit-on-end value="true"/>
        <start value="true"/>
    </gui_only>

</configuration>
-->

<detector xmlns:xsi="http://www.w3.org/2001/XMLSchema-instance" xsi:noNamespaceSchemaLocation="http://sumo.dlr.de/xsd/det_e1_file.xsd">
    <interval begin="0.00" end="30.00" id="D8_1_0" nVehContrib="0" flow="0.00" occupancy="0.00" speed="-1.00" harmonicMeanSpeed="-1.00" length="-1.00" nVehEntered="0"/>
    <interval begin="30.00" end="60.00" id="D8_1_0" nVehContrib="3" flow="360.00" occupancy="10.02" speed="5.68" harmonicMeanSpeed="4.99" length="5.00" nVehEntered="3"/>
    <interval begin="60.00" end="90.00" id="D8_1_0" nVehContrib="4" flow="480.00" occupancy="5.93" speed="11.64" harmonicMeanSpeed="11.24" length="5.00" nVehEntered="4"/>
    <interval begin="90.00" end="120.00" id="D8_1_0" nVehContrib="6" flow="720.00" occupancy="19.40" speed="7.57" harmonicMeanSpeed="5.15" length="5.00" nVehEntered="6"/>
    <interval begin="120.00" end="150.00" id="D8_1_0" nVehContrib="0" flow="0.00" occupancy="0.00" speed="-1.00" harmonicMeanSpeed="-1.00" length="-1.00" nVehEntered="0"/>
    <interval begin="150.00" end="180.00" id="D8_1_0" nVehContrib="7" flow="840.00" occupancy="14.90" speed="9.53" harmonicMeanSpeed="7.83" length="5.00" nVehEntered="7"/>
    <interval begin="180.00" end="210.00" id="D8_1_0" nVehContrib="0" flow="0.00" occupancy="4.86" speed="-1.00" harmonicMeanSpeed="-1.00" length="-1.00" nVehEntered="1"/>
    <interval begin="210.00" end="240.00" id="D8_1_0" nVehContrib="7" flow="840.00" occupancy="10.52" speed="9.26" harmonicMeanSpeed="7.59" length="5.00" nVehEntered="6"/>
    <interval begin="240.00" end="270.00" id="D8_1_0" nVehContrib="4" flow="480.00" occupancy="11.76" speed="6.83" harmonicMeanSpeed="5.67" length="5.00" nVehEntered="4"/>
    <interval begin="270.00" end="300.00" id="D8_1_0" nVehContrib="3" flow="360.00" occupancy="4.39" speed="11.45" harmonicMeanSpeed="11.38" length="5.00" nVehEntered="3"/>
    <interval begin="300.00" end="330.00" id="D8_1_0" nVehContrib="6" flow="720.00" occupancy="15.92" speed="8.26" harmonicMeanSpeed="6.28" length="5.00" nVehEntered="6"/>
    <interval begin="330.00" end="360.00" id="D8_1_0" nVehContrib="0" flow="0.00" occupancy="0.00" speed="-1.00" harmonicMeanSpeed="-1.00" length="-1.00" nVehEntered="0"/>
    <interval begin="360.00" end="390.00" id="D8_1_0" nVehContrib="7" flow="840.00" occupancy="15.60" speed="9.17" harmonicMeanSpeed="7.48" length="5.00" nVehEntered="7"/>
    <interval begin="390.00" end="420.00" id="D8_1_0" nVehContrib="1" flow="120.00" occupancy="5.37" speed="3.32" harmonicMeanSpeed="3.32" length="5.00" nVehEntered="2"/>
    <interval begin="420.00" end="450.00" id="D8_1_0" nVehContrib="6" flow="720.00" occupancy="10.89" speed="9.39" harmonicMeanSpeed="8.89" length="5.00" nVehEntered="5"/>
    <interval begin="450.00" end="480.00" id="D8_1_0" nVehContrib="5" flow="600.00" occupancy="13.87" speed="7.25" harmonicMeanSpeed="6.01" length="5.00" nVehEntered="5"/>
    <interval begin="480.00" end="510.00" id="D8_1_0" nVehContrib="2" flow="240.00" occupancy="3.06" speed="10.89" harmonicMeanSpeed="10.89" length="5.00" nVehEntered="2"/>
    <interval begin="510.00" end="540.00" id="D8_1_0" nVehContrib="7" flow="840.00" occupancy="15.43" speed="9.17" harmonicMeanSpeed="7.56" length="5.00" nVehEntered="7"/>
    <interval begin="540.00" end="570.00" id="D8_1_0" nVehContrib="0" flow="0.00" occupancy="0.00" speed="-1.00" harmonicMeanSpeed="-1.00" length="-1.00" nVehEntered="0"/>
    <interval begin="570.00" end="600.00" id="D8_1_0" nVehContrib="6" flow="720.00" occupancy="15.62" speed="8.21" harmonicMeanSpeed="6.40" length="5.00" nVehEntered="6"/>
    <interval begin="600.00" end="630.00" id="D8_1_0" nVehContrib="2" flow="240.00" occupancy="7.02" speed="5.12" harmonicMeanSpeed="4.75" length="5.00" nVehEntered="2"/>
    <interval begin="630.00" end="660.00" id="D8_1_0" nVehContrib="5" flow="600.00" occupancy="7.99" speed="10.80" harmonicMeanSpeed="10.43" length="5.00" nVehEntered="5"/>
    <interval begin="660.00" end="690.00" id="D8_1_0" nVehContrib="5" flow="600.00" occupancy="12.25" speed="7.93" harmonicMeanSpeed="6.80" length="5.00" nVehEntered="5"/>
    <interval begin="690.00" end="720.00" id="D8_1_0" nVehContrib="2" flow="240.00" occupancy="2.81" speed="11.88" harmonicMeanSpeed="11.88" length="5.00" nVehEntered="2"/>
    <interval begin="720.00" end="750.00" id="D8_1_0" nVehContrib="7" flow="840.00" occupancy="15.81" speed="9.15" harmonicMeanSpeed="7.38" length="5.00" nVehEntered="7"/>
    <interval begin="750.00" end="780.00" id="D8_1_0" nVehContrib="0" flow="0.00" occupancy="0.00" speed="-1.00" harmonicMeanSpeed="-1.00" length="-1.00" nVehEntered="0"/>
    <interval begin="780.00" end="810.00" id="D8_1_0" nVehContrib="7" flow="840.00" occupancy="15.36" speed="9.00" harmonicMeanSpeed="7.60" length="5.00" nVehEntered="7"/>
    <interval begin="810.00" end="840.00" id="D8_1_0" nVehContrib="0" flow="0.00" occupancy="0.00" speed="-1.00" harmonicMeanSpeed="-1.00" length="-1.00" nVehEntered="0"/>
    <interval begin="840.00" end="870.00" id="D8_1_0" nVehContrib="7" flow="840.00" occupancy="18.73" speed="7.98" harmonicMeanSpeed="6.23" length="5.00" nVehEntered="7"/>
    <interval begin="870.00" end="900.00" id="D8_1_0" nVehContrib="2" flow="240.00" occupancy="8.05" speed="4.61" harmonicMeanSpeed="4.22" length="5.00" nVehEntered="3"/>
    <interval begin="900.00" end="930.00" id="D8_1_0" nVehContrib="5" flow="600.00" occupancy="8.20" speed="10.24" harmonicMeanSpeed="9.97" length="5.00" nVehEntered="4"/>
    <interval begin="930.00" end="960.00" id="D8_1_0" nVehContrib="5" flow="600.00" occupancy="13.51" speed="7.55" harmonicMeanSpeed="6.36" length="5.00" nVehEntered="6"/>
    <interval begin="960.00" end="990.00" id="D8_1_0" nVehContrib="2" flow="240.00" occupancy="2.27" speed="12.47" harmonicMeanSpeed="12.46" length="5.00" nVehEntered="1"/>
    <interval begin="990.00" end="1020.00" id="D8_1_0" nVehContrib="7" flow="840.00" occupancy="16.29" speed="8.60" harmonicMeanSpeed="7.16" length="5.00" nVehEntered="7"/>
    <interval begin="1020.00" end="1050.00" id="D8_1_0" nVehContrib="0" flow="0.00" occupancy="0.00" speed="-1.00" harmonicMeanSpeed="-1.00" length="-1.00" nVehEntered="0"/>
    <interval begin="1050.00" end="1080.00" id="D8_1_0" nVehContrib="6" flow="720.00" occupancy="13.95" speed="8.62" harmonicMeanSpeed="7.17" length="5.00" nVehEntered="6"/>
    <interval begin="1080.00" end="1110.00" id="D8_1_0" nVehContrib="0" flow="0.00" occupancy="0.00" speed="-1.00" harmonicMeanSpeed="-1.00" length="-1.00" nVehEntered="0"/>
    <interval begin="1110.00" end="1140.00" id="D8_1_0" nVehContrib="7" flow="840.00" occupancy="16.84" speed="8.60" harmonicMeanSpeed="6.93" length="5.00" nVehEntered="7"/>
    <interval begin="1140.00" end="1170.00" id="D8_1_0" nVehContrib="2" flow="240.00" occupancy="8.08" speed="4.39" harmonicMeanSpeed="4.12" length="5.00" nVehEntered="2"/>
    <interval begin="1170.00" end="1200.00" id="D8_1_0" nVehContrib="5" flow="600.00" occupancy="8.63" speed="10.05" harmonicMeanSpeed="9.65" length="5.00" nVehEntered="5"/>
    <interval begin="1200.00" end="1230.00" id="D8_1_0" nVehContrib="5" flow="600.00" occupancy="12.33" speed="7.83" harmonicMeanSpeed="6.76" length="5.00" nVehEntered="5"/>
    <interval begin="1230.00" end="1260.00" id="D8_1_0" nVehContrib="2" flow="240.00" occupancy="2.93" speed="11.39" harmonicMeanSpeed="11.39" length="5.00" nVehEntered="2"/>
    <interval begin="1260.00" end="1290.00" id="D8_1_0" nVehContrib="7" flow="840.00" occupancy="15.54" speed="9.02" harmonicMeanSpeed="7.51" length="5.00" nVehEntered="7"/>
    <interval begin="1290.00" end="1320.00" id="D8_1_0" nVehContrib="0" flow="0.00" occupancy="0.00" speed="-1.00" harmonicMeanSpeed="-1.00" length="-1.00" nVehEntered="0"/>
    <interval begin="1320.00" end="1350.00" id="D8_1_0" nVehContrib="7" flow="840.00" occupancy="15.43" speed="8.77" harmonicMeanSpeed="7.56" length="5.00" nVehEntered="7"/>
    <interval begin="1350.00" end="1380.00" id="D8_1_0" nVehContrib="0" flow="0.00" occupancy="0.00" speed="-1.00" harmonicMeanSpeed="-1.00" length="-1.00" nVehEntered="0"/>
    <interval begin="1380.00" end="1410.00" id="D8_1_0" nVehContrib="7" flow="840.00" occupancy="15.73" speed="9.10" harmonicMeanSpeed="7.42" length="5.00" nVehEntered="7"/>
    <interval begin="1410.00" end="1440.00" id="D8_1_0" nVehContrib="2" flow="240.00" occupancy="8.08" speed="4.53" harmonicMeanSpeed="4.13" length="5.00" nVehEntered="2"/>
    <interval begin="1440.00" end="1470.00" id="D8_1_0" nVehContrib="5" flow="600.00" occupancy="8.22" speed="10.43" harmonicMeanSpeed="10.14" length="5.00" nVehEntered="5"/>
    <interval begin="1470.00" end="1500.00" id="D8_1_0" nVehContrib="5" flow="600.00" occupancy="13.15" speed="7.03" harmonicMeanSpeed="6.34" length="5.00" nVehEntered="5"/>
    <interval begin="1500.00" end="1530.00" id="D8_1_0" nVehContrib="2" flow="240.00" occupancy="2.79" speed="12.02" harmonicMeanSpeed="11.97" length="5.00" nVehEntered="2"/>
    <interval begin="1530.00" end="1560.00" id="D8_1_0" nVehContrib="7" flow="840.00" occupancy="14.72" speed="9.44" harmonicMeanSpeed="7.93" length="5.00" nVehEntered="7"/>
    <interval begin="1560.00" end="1590.00" id="D8_1_0" nVehContrib="0" flow="0.00" occupancy="0.00" speed="-1.00" harmonicMeanSpeed="-1.00" length="-1.00" nVehEntered="0"/>
    <interval begin="1590.00" end="1620.00" id="D8_1_0" nVehContrib="7" flow="840.00" occupancy="16.32" speed="8.80" harmonicMeanSpeed="7.15" length="5.00" nVehEntered="7"/>
    <interval begin="1620.00" end="1650.00" id="D8_1_0" nVehContrib="0" flow="0.00" occupancy="0.00" speed="-1.00" harmonicMeanSpeed="-1.00" length="-1.00" nVehEntered="0"/>
    <interval begin="1650.00" end="1680.00" id="D8_1_0" nVehContrib="7" flow="840.00" occupancy="16.60" speed="8.34" harmonicMeanSpeed="7.03" length="5.00" nVehEntered="7"/>
    <interval begin="1680.00" end="1710.00" id="D8_1_0" nVehContrib="2" flow="240.00" occupancy="7.73" speed="4.97" harmonicMeanSpeed="4.54" length="5.00" nVehEntered="3"/>
    <interval begin="1710.00" end="1740.00" id="D8_1_0" nVehContrib="6" flow="720.00" occupancy="8.53" speed="11.60" harmonicMeanSpeed="11.21" length="5.00" nVehEntered="5"/>
    <interval begin="1740.00" end="1770.00" id="D8_1_0" nVehContrib="5" flow="600.00" occupancy="13.26" speed="7.46" harmonicMeanSpeed="6.29" length="5.00" nVehEntered="5"/>
    <interval begin="1770.00" end="1800.00" id="D8_1_0" nVehContrib="2" flow="240.00" occupancy="2.43" speed="13.79" harmonicMeanSpeed="13.72" length="5.00" nVehEntered="2"/>
    <interval begin="1800.00" end="1830.00" id="D8_1_0" nVehContrib="7" flow="840.00" occupancy="15.56" speed="8.89" harmonicMeanSpeed="7.50" length="5.00" nVehEntered="7"/>
    <interval begin="1830.00" end="1860.00" id="D8_1_0" nVehContrib="0" flow="0.00" occupancy="0.00" speed="-1.00" harmonicMeanSpeed="-1.00" length="-1.00" nVehEntered="0"/>
    <interval begin="1860.00" end="1890.00" id="D8_1_0" nVehContrib="7" flow="840.00" occupancy="16.00" speed="8.72" harmonicMeanSpeed="7.29" length="5.00" nVehEntered="7"/>
    <interval begin="1890.00" end="1920.00" id="D8_1_0" nVehContrib="0" flow="0.00" occupancy="0.00" speed="-1.00" harmonicMeanSpeed="-1.00" length="-1.00" nVehEntered="0"/>
    <interval begin="1920.00" end="1950.00" id="D8_1_0" nVehContrib="7" flow="840.00" occupancy="15.60" speed="8.97" harmonicMeanSpeed="7.48" length="5.00" nVehEntered="7"/>
    <interval begin="1950.00" end="1980.00" id="D8_1_0" nVehContrib="2" flow="240.00" occupancy="7.78" speed="4.55" harmonicMeanSpeed="4.29" length="5.00" nVehEntered="2"/>
    <interval begin="1980.00" end="2010.00" id="D8_1_0" nVehContrib="5" flow="600.00" occupancy="7.96" speed="10.83" harmonicMeanSpeed="10.47" length="5.00" nVehEntered="5"/>
    <interval begin="2010.00" end="2040.00" id="D8_1_0" nVehContrib="5" flow="600.00" occupancy="13.47" speed="7.39" harmonicMeanSpeed="6.19" length="5.00" nVehEntered="5"/>
    <interval begin="2040.00" end="2070.00" id="D8_1_0" nVehContrib="2" flow="240.00" occupancy="2.95" speed="11.32" harmonicMeanSpeed="11.31" length="5.00" nVehEntered="2"/>
    <interval begin="2070.00" end="2100.00" id="D8_1_0" nVehContrib="7" flow="840.00" occupancy="16.75" speed="8.34" harmonicMeanSpeed="6.96" length="5.00" nVehEntered="7"/>
    <interval begin="2100.00" end="2130.00" id="D8_1_0" nVehContrib="0" flow="0.00" occupancy="0.00" speed="-1.00" harmonicMeanSpeed="-1.00" length="-1.00" nVehEntered="0"/>
    <interval begin="2130.00" end="2160.00" id="D8_1_0" nVehContrib="8" flow="960.00" occupancy="16.05" speed="10.08" harmonicMeanSpeed="8.31" length="5.00" nVehEntered="8"/>
    <interval begin="2160.00" end="2190.00" id="D8_1_0" nVehContrib="0" flow="0.00" occupancy="0.00" speed="-1.00" harmonicMeanSpeed="-1.00" length="-1.00" nVehEntered="0"/>
    <interval begin="2190.00" end="2220.00" id="D8_1_0" nVehContrib="7" flow="840.00" occupancy="16.51" speed="8.88" harmonicMeanSpeed="7.07" length="5.00" nVehEntered="7"/>
    <interval begin="2220.00" end="2250.00" id="D8_1_0" nVehContrib="2" flow="240.00" occupancy="7.14" speed="5.14" harmonicMeanSpeed="4.67" length="5.00" nVehEntered="2"/>
    <interval begin="2250.00" end="2280.00" id="D8_1_0" nVehContrib="5" flow="600.00" occupancy="7.34" speed="11.71" harmonicMeanSpeed="11.35" length="5.00" nVehEntered="5"/>
    <interval begin="2280.00" end="2310.00" id="D8_1_0" nVehContrib="5" flow="600.00" occupancy="12.10" speed="8.03" harmonicMeanSpeed="6.89" length="5.00" nVehEntered="5"/>
    <interval begin="2310.00" end="2340.00" id="D8_1_0" nVehContrib="2" flow="240.00" occupancy="2.78" speed="12.04" harmonicMeanSpeed="11.99" length="5.00" nVehEntered="2"/>
    <interval begin="2340.00" end="2370.00" id="D8_1_0" nVehContrib="7" flow="840.00" occupancy="15.72" speed="9.09" harmonicMeanSpeed="7.42" length="5.00" nVehEntered="7"/>
    <interval begin="2370.00" end="2400.00" id="D8_1_0" nVehContrib="0" flow="0.00" occupancy="0.00" speed="-1.00" harmonicMeanSpeed="-1.00" length="-1.00" nVehEntered="0"/>
    <interval begin="2400.00" end="2430.00" id="D8_1_0" nVehContrib="6" flow="720.00" occupancy="14.05" speed="8.61" harmonicMeanSpeed="7.12" length="5.00" nVehEntered="6"/>
    <interval begin="2430.00" end="2460.00" id="D8_1_0" nVehContrib="0" flow="0.00" occupancy="0.00" speed="-1.00" harmonicMeanSpeed="-1.00" length="-1.00" nVehEntered="0"/>
    <interval begin="2460.00" end="2490.00" id="D8_1_0" nVehContrib="7" flow="840.00" occupancy="16.25" speed="8.71" harmonicMeanSpeed="7.18" length="5.00" nVehEntered="7"/>
    <interval begin="2490.00" end="2520.00" id="D8_1_0" nVehContrib="2" flow="240.00" occupancy="8.15" speed="4.55" harmonicMeanSpeed="4.09" length="5.00" nVehEntered="2"/>
    <interval begin="2520.00" end="2550.00" id="D8_1_0" nVehContrib="5" flow="600.00" occupancy="8.68" speed="9.97" harmonicMeanSpeed="9.60" length="5.00" nVehEntered="5"/>
    <interval begin="2550.00" end="2580.00" id="D8_1_0" nVehContrib="5" flow="600.00" occupancy="12.60" speed="7.87" harmonicMeanSpeed="6.61" length="5.00" nVehEntered="5"/>
    <interval begin="2580.00" end="2610.00" id="D8_1_0" nVehContrib="2" flow="240.00" occupancy="2.65" speed="12.61" harmonicMeanSpeed="12.59" length="5.00" nVehEntered="2"/>
    <interval begin="2610.00" end="2640.00" id="D8_1_0" nVehContrib="6" flow="720.00" occupancy="15.51" speed="7.66" harmonicMeanSpeed="6.45" length="5.00" nVehEntered="6"/>
    <interval begin="2640.00" end="2670.00" id="D8_1_0" nVehContrib="0" flow="0.00" occupancy="0.00" speed="-1.00" harmonicMeanSpeed="-1.00" length="-1.00" nVehEntered="0"/>
    <interval begin="2670.00" end="2700.00" id="D8_1_0" nVehContrib="6" flow="720.00" occupancy="13.54" speed="8.56" harmonicMeanSpeed="7.39" length="5.00" nVehEntered="6"/>
    <interval begin="2700.00" end="2730.00" id="D8_1_0" nVehContrib="0" flow="0.00" occupancy="0.00" speed="-1.00" harmonicMeanSpeed="-1.00" length="-1.00" nVehEntered="0"/>
    <interval begin="2730.00" end="2760.00" id="D8_1_0" nVehContrib="7" flow="840.00" occupancy="15.51" speed="9.00" harmonicMeanSpeed="7.52" length="5.00" nVehEntered="7"/>
    <interval begin="2760.00" end="2790.00" id="D8_1_0" nVehContrib="2" flow="240.00" occupancy="7.47" speed="4.87" harmonicMeanSpeed="4.46" length="5.00" nVehEntered="2"/>
    <interval begin="2790.00" end="2820.00" id="D8_1_0" nVehContrib="5" flow="600.00" occupancy="7.82" speed="10.93" harmonicMeanSpeed="10.66" length="5.00" nVehEntered="5"/>
    <interval begin="2820.00" end="2850.00" id="D8_1_0" nVehContrib="5" flow="600.00" occupancy="12.96" speed="7.97" harmonicMeanSpeed="6.43" length="5.00" nVehEntered="5"/>
    <interval begin="2850.00" end="2880.00" id="D8_1_0" nVehContrib="2" flow="240.00" occupancy="2.59" speed="12.85" harmonicMeanSpeed="12.85" length="5.00" nVehEntered="2"/>
    <interval begin="2880.00" end="2910.00" id="D8_1_0" nVehContrib="7" flow="840.00" occupancy="15.49" speed="8.86" harmonicMeanSpeed="7.53" length="5.00" nVehEntered="7"/>
    <interval begin="2910.00" end="2940.00" id="D8_1_0" nVehContrib="0" flow="0.00" occupancy="0.00" speed="-1.00" harmonicMeanSpeed="-1.00" length="-1.00" nVehEntered="0"/>
    <interval begin="2940.00" end="2970.00" id="D8_1_0" nVehContrib="7" flow="840.00" occupancy="16.70" speed="8.62" harmonicMeanSpeed="6.98" length="5.00" nVehEntered="7"/>
    <interval begin="2970.00" end="3000.00" id="D8_1_0" nVehContrib="0" flow="0.00" occupancy="0.00" speed="-1.00" harmonicMeanSpeed="-1.00" length="-1.00" nVehEntered="0"/>
    <interval begin="3000.00" end="3030.00" id="D8_1_0" nVehContrib="6" flow="720.00" occupancy="13.87" speed="8.87" harmonicMeanSpeed="7.21" length="5.00" nVehEntered="6"/>
    <interval begin="3030.00" end="3060.00" id="D8_1_0" nVehContrib="2" flow="240.00" occupancy="8.26" speed="4.25" harmonicMeanSpeed="4.03" length="5.00" nVehEntered="2"/>
    <interval begin="3060.00" end="3090.00" id="D8_1_0" nVehContrib="5" flow="600.00" occupancy="8.35" speed="10.44" harmonicMeanSpeed="9.98" length="5.00" nVehEntered="5"/>
    <interval begin="3090.00" end="3120.00" id="D8_1_0" nVehContrib="5" flow="600.00" occupancy="13.59" speed="7.38" harmonicMeanSpeed="6.13" length="5.00" nVehEntered="5"/>
    <interval begin="3120.00" end="3150.00" id="D8_1_0" nVehContrib="1" flow="120.00" occupancy="1.45" speed="11.50" harmonicMeanSpeed="11.50" length="5.00" nVehEntered="1"/>
    <interval begin="3150.00" end="3180.00" id="D8_1_0" nVehContrib="6" flow="720.00" occupancy="14.08" speed="8.39" harmonicMeanSpeed="7.10" length="5.00" nVehEntered="6"/>
    <interval begin="3180.00" end="3210.00" id="D8_1_0" nVehContrib="0" flow="0.00" occupancy="0.00" speed="-1.00" harmonicMeanSpeed="-1.00" length="-1.00" nVehEntered="0"/>
    <interval begin="3210.00" end="3240.00" id="D8_1_0" nVehContrib="6" flow="720.00" occupancy="14.16" speed="8.44" harmonicMeanSpeed="7.06" length="5.00" nVehEntered="6"/>
    <interval begin="3240.00" end="3270.00" id="D8_1_0" nVehContrib="0" flow="0.00" occupancy="0.00" speed="-1.00" harmonicMeanSpeed="-1.00" length="-1.00" nVehEntered="0"/>
    <interval begin="3270.00" end="3300.00" id="D8_1_0" nVehContrib="6" flow="720.00" occupancy="14.01" speed="8.58" harmonicMeanSpeed="7.14" length="5.00" nVehEntered="6"/>
    <interval begin="3300.00" end="3330.00" id="D8_1_0" nVehContrib="2" flow="240.00" occupancy="8.26" speed="4.80" harmonicMeanSpeed="4.30" length="5.00" nVehEntered="3"/>
    <interval begin="3330.00" end="3360.00" id="D8_1_0" nVehContrib="5" flow="600.00" occupancy="7.77" speed="10.25" harmonicMeanSpeed="10.07" length="5.00" nVehEntered="4"/>
    <interval begin="3360.00" end="3390.00" id="D8_1_0" nVehContrib="5" flow="600.00" occupancy="13.87" speed="7.32" harmonicMeanSpeed="6.01" length="5.00" nVehEntered="5"/>
    <interval begin="3390.00" end="3420.00" id="D8_1_0" nVehContrib="2" flow="240.00" occupancy="2.63" speed="12.77" harmonicMeanSpeed="12.66" length="5.00" nVehEntered="2"/>
    <interval begin="3420.00" end="3450.00" id="D8_1_0" nVehContrib="6" flow="720.00" occupancy="14.45" speed="8.26" harmonicMeanSpeed="6.92" length="5.00" nVehEntered="6"/>
    <interval begin="3450.00" end="3480.00" id="D8_1_0" nVehContrib="0" flow="0.00" occupancy="0.00" speed="-1.00" harmonicMeanSpeed="-1.00" length="-1.00" nVehEntered="0"/>
    <interval begin="3480.00" end="3510.00" id="D8_1_0" nVehContrib="7" flow="840.00" occupancy="16.08" speed="8.72" harmonicMeanSpeed="7.26" length="5.00" nVehEntered="7"/>
    <interval begin="3510.00" end="3540.00" id="D8_1_0" nVehContrib="0" flow="0.00" occupancy="0.00" speed="-1.00" harmonicMeanSpeed="-1.00" length="-1.00" nVehEntered="0"/>
    <interval begin="3540.00" end="3570.00" id="D8_1_0" nVehContrib="7" flow="840.00" occupancy="16.21" speed="8.82" harmonicMeanSpeed="7.20" length="5.00" nVehEntered="7"/>
    <interval begin="3570.00" end="3594.00" id="D8_1_0" nVehContrib="0" flow="0.00" occupancy="0.00" speed="-1.00" harmonicMeanSpeed="-1.00" length="-1.00" nVehEntered="0"/>
</detector>
