<?xml version="1.0" encoding="UTF-8"?>

<!-- generated on 01/27/20 08:48:22 by Eclipse SUMO Version 1.3.1
<configuration xmlns:xsi="http://www.w3.org/2001/XMLSchema-instance" xsi:noNamespaceSchemaLocation="http://sumo.dlr.de/xsd/sumoConfiguration.xsd">

    <input>
        <net-file value="gnet.net.xml"/>
        <route-files value="grou.rou.xml"/>
        <additional-files value="gadd.additional.xml"/>
    </input>

    <output>
        <queue-output value="Queue.xml"/>
        <summary-output value="Summary.xml"/>
        <tripinfo-output value="output-tripinfos.xml"/>
    </output>

    <time>
        <begin value="0"/>
        <end value="3600"/>
    </time>

    <processing>
        <time-to-teleport value="3600"/>
    </processing>

    <traci_server>
        <remote-port value="12790"/>
    </traci_server>

    <gui_only>
        <gui-settings-file value="gview.view.xml"/>
        <quit-on-end value="true"/>
        <start value="true"/>
    </gui_only>

</configuration>
-->

<detector xmlns:xsi="http://www.w3.org/2001/XMLSchema-instance" xsi:noNamespaceSchemaLocation="http://sumo.dlr.de/xsd/det_e1_file.xsd">
    <interval begin="0.00" end="30.00" id="D8_2_2" nVehContrib="1" flow="120.00" occupancy="0.61" speed="27.22" harmonicMeanSpeed="27.22" length="5.00" nVehEntered="1"/>
    <interval begin="30.00" end="60.00" id="D8_2_2" nVehContrib="1" flow="120.00" occupancy="0.69" speed="24.27" harmonicMeanSpeed="24.27" length="5.00" nVehEntered="1"/>
    <interval begin="60.00" end="90.00" id="D8_2_2" nVehContrib="1" flow="120.00" occupancy="0.62" speed="26.98" harmonicMeanSpeed="26.98" length="5.00" nVehEntered="1"/>
    <interval begin="90.00" end="120.00" id="D8_2_2" nVehContrib="0" flow="0.00" occupancy="0.00" speed="-1.00" harmonicMeanSpeed="-1.00" length="-1.00" nVehEntered="0"/>
    <interval begin="120.00" end="150.00" id="D8_2_2" nVehContrib="1" flow="120.00" occupancy="0.66" speed="25.23" harmonicMeanSpeed="25.23" length="5.00" nVehEntered="1"/>
    <interval begin="150.00" end="180.00" id="D8_2_2" nVehContrib="1" flow="120.00" occupancy="0.64" speed="25.85" harmonicMeanSpeed="25.85" length="5.00" nVehEntered="1"/>
    <interval begin="180.00" end="210.00" id="D8_2_2" nVehContrib="1" flow="120.00" occupancy="0.71" speed="23.53" harmonicMeanSpeed="23.53" length="5.00" nVehEntered="1"/>
    <interval begin="210.00" end="240.00" id="D8_2_2" nVehContrib="1" flow="120.00" occupancy="0.67" speed="24.94" harmonicMeanSpeed="24.94" length="5.00" nVehEntered="1"/>
    <interval begin="240.00" end="270.00" id="D8_2_2" nVehContrib="1" flow="120.00" occupancy="0.63" speed="26.62" harmonicMeanSpeed="26.62" length="5.00" nVehEntered="1"/>
    <interval begin="270.00" end="300.00" id="D8_2_2" nVehContrib="1" flow="120.00" occupancy="0.74" speed="22.43" harmonicMeanSpeed="22.43" length="5.00" nVehEntered="1"/>
    <interval begin="300.00" end="330.00" id="D8_2_2" nVehContrib="1" flow="120.00" occupancy="0.67" speed="24.85" harmonicMeanSpeed="24.85" length="5.00" nVehEntered="1"/>
    <interval begin="330.00" end="360.00" id="D8_2_2" nVehContrib="0" flow="0.00" occupancy="0.00" speed="-1.00" harmonicMeanSpeed="-1.00" length="-1.00" nVehEntered="0"/>
    <interval begin="360.00" end="390.00" id="D8_2_2" nVehContrib="1" flow="120.00" occupancy="0.69" speed="24.32" harmonicMeanSpeed="24.32" length="5.00" nVehEntered="1"/>
    <interval begin="390.00" end="420.00" id="D8_2_2" nVehContrib="1" flow="120.00" occupancy="0.68" speed="24.51" harmonicMeanSpeed="24.51" length="5.00" nVehEntered="1"/>
    <interval begin="420.00" end="450.00" id="D8_2_2" nVehContrib="1" flow="120.00" occupancy="0.68" speed="24.34" harmonicMeanSpeed="24.34" length="5.00" nVehEntered="1"/>
    <interval begin="450.00" end="480.00" id="D8_2_2" nVehContrib="1" flow="120.00" occupancy="0.62" speed="26.72" harmonicMeanSpeed="26.72" length="5.00" nVehEntered="1"/>
    <interval begin="480.00" end="510.00" id="D8_2_2" nVehContrib="1" flow="120.00" occupancy="0.63" speed="26.39" harmonicMeanSpeed="26.39" length="5.00" nVehEntered="1"/>
    <interval begin="510.00" end="540.00" id="D8_2_2" nVehContrib="1" flow="120.00" occupancy="0.64" speed="26.16" harmonicMeanSpeed="26.16" length="5.00" nVehEntered="1"/>
    <interval begin="540.00" end="570.00" id="D8_2_2" nVehContrib="1" flow="120.00" occupancy="0.72" speed="23.15" harmonicMeanSpeed="23.15" length="5.00" nVehEntered="1"/>
    <interval begin="570.00" end="600.00" id="D8_2_2" nVehContrib="0" flow="0.00" occupancy="0.00" speed="-1.00" harmonicMeanSpeed="-1.00" length="-1.00" nVehEntered="0"/>
    <interval begin="600.00" end="630.00" id="D8_2_2" nVehContrib="1" flow="120.00" occupancy="0.62" speed="26.72" harmonicMeanSpeed="26.72" length="5.00" nVehEntered="1"/>
    <interval begin="630.00" end="660.00" id="D8_2_2" nVehContrib="1" flow="120.00" occupancy="0.76" speed="21.79" harmonicMeanSpeed="21.79" length="5.00" nVehEntered="1"/>
    <interval begin="660.00" end="690.00" id="D8_2_2" nVehContrib="1" flow="120.00" occupancy="0.71" speed="23.61" harmonicMeanSpeed="23.61" length="5.00" nVehEntered="1"/>
    <interval begin="690.00" end="720.00" id="D8_2_2" nVehContrib="1" flow="120.00" occupancy="0.65" speed="25.63" harmonicMeanSpeed="25.63" length="5.00" nVehEntered="1"/>
    <interval begin="720.00" end="750.00" id="D8_2_2" nVehContrib="1" flow="120.00" occupancy="0.65" speed="25.49" harmonicMeanSpeed="25.49" length="5.00" nVehEntered="1"/>
    <interval begin="750.00" end="780.00" id="D8_2_2" nVehContrib="1" flow="120.00" occupancy="0.64" speed="26.00" harmonicMeanSpeed="26.00" length="5.00" nVehEntered="1"/>
    <interval begin="780.00" end="810.00" id="D8_2_2" nVehContrib="1" flow="120.00" occupancy="0.63" speed="26.62" harmonicMeanSpeed="26.62" length="5.00" nVehEntered="1"/>
    <interval begin="810.00" end="840.00" id="D8_2_2" nVehContrib="0" flow="0.00" occupancy="0.00" speed="-1.00" harmonicMeanSpeed="-1.00" length="-1.00" nVehEntered="0"/>
    <interval begin="840.00" end="870.00" id="D8_2_2" nVehContrib="1" flow="120.00" occupancy="0.69" speed="24.31" harmonicMeanSpeed="24.31" length="5.00" nVehEntered="1"/>
    <interval begin="870.00" end="900.00" id="D8_2_2" nVehContrib="1" flow="120.00" occupancy="0.62" speed="26.70" harmonicMeanSpeed="26.70" length="5.00" nVehEntered="1"/>
    <interval begin="900.00" end="930.00" id="D8_2_2" nVehContrib="1" flow="120.00" occupancy="0.71" speed="23.43" harmonicMeanSpeed="23.43" length="5.00" nVehEntered="1"/>
    <interval begin="930.00" end="960.00" id="D8_2_2" nVehContrib="1" flow="120.00" occupancy="0.67" speed="24.85" harmonicMeanSpeed="24.85" length="5.00" nVehEntered="1"/>
    <interval begin="960.00" end="990.00" id="D8_2_2" nVehContrib="2" flow="240.00" occupancy="3.90" speed="8.61" harmonicMeanSpeed="8.54" length="5.00" nVehEntered="2"/>
    <interval begin="990.00" end="1020.00" id="D8_2_2" nVehContrib="1" flow="120.00" occupancy="0.68" speed="24.64" harmonicMeanSpeed="24.64" length="5.00" nVehEntered="1"/>
    <interval begin="1020.00" end="1050.00" id="D8_2_2" nVehContrib="2" flow="240.00" occupancy="1.75" speed="19.17" harmonicMeanSpeed="19.07" length="5.00" nVehEntered="2"/>
    <interval begin="1050.00" end="1080.00" id="D8_2_2" nVehContrib="1" flow="120.00" occupancy="0.88" speed="18.85" harmonicMeanSpeed="18.85" length="5.00" nVehEntered="1"/>
    <interval begin="1080.00" end="1110.00" id="D8_2_2" nVehContrib="4" flow="480.00" occupancy="4.11" speed="16.57" harmonicMeanSpeed="16.24" length="5.00" nVehEntered="4"/>
    <interval begin="1110.00" end="1140.00" id="D8_2_2" nVehContrib="1" flow="120.00" occupancy="1.30" speed="12.83" harmonicMeanSpeed="12.83" length="5.00" nVehEntered="1"/>
    <interval begin="1140.00" end="1170.00" id="D8_2_2" nVehContrib="1" flow="120.00" occupancy="0.70" speed="23.93" harmonicMeanSpeed="23.93" length="5.00" nVehEntered="1"/>
    <interval begin="1170.00" end="1200.00" id="D8_2_2" nVehContrib="1" flow="120.00" occupancy="0.60" speed="27.73" harmonicMeanSpeed="27.73" length="5.00" nVehEntered="1"/>
    <interval begin="1200.00" end="1230.00" id="D8_2_2" nVehContrib="4" flow="480.00" occupancy="4.85" speed="13.98" harmonicMeanSpeed="13.75" length="5.00" nVehEntered="4"/>
    <interval begin="1230.00" end="1260.00" id="D8_2_2" nVehContrib="5" flow="600.00" occupancy="5.92" speed="14.72" harmonicMeanSpeed="14.08" length="5.00" nVehEntered="5"/>
    <interval begin="1260.00" end="1290.00" id="D8_2_2" nVehContrib="1" flow="120.00" occupancy="3.95" speed="7.21" harmonicMeanSpeed="7.21" length="5.00" nVehEntered="2"/>
    <interval begin="1290.00" end="1320.00" id="D8_2_2" nVehContrib="1" flow="120.00" occupancy="1.63" speed="5.09" harmonicMeanSpeed="5.09" length="5.00" nVehEntered="0"/>
    <interval begin="1320.00" end="1350.00" id="D8_2_2" nVehContrib="0" flow="0.00" occupancy="0.00" speed="-1.00" harmonicMeanSpeed="-1.00" length="-1.00" nVehEntered="0"/>
    <interval begin="1350.00" end="1380.00" id="D8_2_2" nVehContrib="7" flow="840.00" occupancy="17.33" speed="12.84" harmonicMeanSpeed="6.73" length="5.00" nVehEntered="7"/>
    <interval begin="1380.00" end="1410.00" id="D8_2_2" nVehContrib="2" flow="240.00" occupancy="10.28" speed="3.79" harmonicMeanSpeed="3.24" length="5.00" nVehEntered="2"/>
    <interval begin="1410.00" end="1440.00" id="D8_2_2" nVehContrib="1" flow="120.00" occupancy="1.04" speed="15.96" harmonicMeanSpeed="15.96" length="5.00" nVehEntered="1"/>
    <interval begin="1440.00" end="1470.00" id="D8_2_2" nVehContrib="0" flow="0.00" occupancy="0.00" speed="-1.00" harmonicMeanSpeed="-1.00" length="-1.00" nVehEntered="0"/>
    <interval begin="1470.00" end="1500.00" id="D8_2_2" nVehContrib="7" flow="840.00" occupancy="14.07" speed="9.06" harmonicMeanSpeed="8.29" length="5.00" nVehEntered="7"/>
    <interval begin="1500.00" end="1530.00" id="D8_2_2" nVehContrib="0" flow="0.00" occupancy="0.00" speed="-1.00" harmonicMeanSpeed="-1.00" length="-1.00" nVehEntered="0"/>
    <interval begin="1530.00" end="1560.00" id="D8_2_2" nVehContrib="1" flow="120.00" occupancy="0.88" speed="18.91" harmonicMeanSpeed="18.91" length="5.00" nVehEntered="1"/>
    <interval begin="1560.00" end="1590.00" id="D8_2_2" nVehContrib="3" flow="360.00" occupancy="7.32" speed="8.00" harmonicMeanSpeed="7.66" length="5.00" nVehEntered="4"/>
    <interval begin="1590.00" end="1620.00" id="D8_2_2" nVehContrib="6" flow="720.00" occupancy="24.83" speed="6.55" harmonicMeanSpeed="3.90" length="5.00" nVehEntered="5"/>
    <interval begin="1620.00" end="1650.00" id="D8_2_2" nVehContrib="1" flow="120.00" occupancy="7.11" speed="2.35" harmonicMeanSpeed="2.35" length="5.00" nVehEntered="1"/>
    <interval begin="1650.00" end="1680.00" id="D8_2_2" nVehContrib="0" flow="0.00" occupancy="0.00" speed="-1.00" harmonicMeanSpeed="-1.00" length="-1.00" nVehEntered="0"/>
    <interval begin="1680.00" end="1710.00" id="D8_2_2" nVehContrib="3" flow="360.00" occupancy="6.75" speed="7.53" harmonicMeanSpeed="7.40" length="5.00" nVehEntered="3"/>
    <interval begin="1710.00" end="1740.00" id="D8_2_2" nVehContrib="0" flow="0.00" occupancy="0.00" speed="-1.00" harmonicMeanSpeed="-1.00" length="-1.00" nVehEntered="0"/>
    <interval begin="1740.00" end="1770.00" id="D8_2_2" nVehContrib="5" flow="600.00" occupancy="8.93" speed="10.71" harmonicMeanSpeed="9.33" length="5.00" nVehEntered="5"/>
    <interval begin="1770.00" end="1800.00" id="D8_2_2" nVehContrib="2" flow="240.00" occupancy="1.72" speed="19.61" harmonicMeanSpeed="19.35" length="5.00" nVehEntered="2"/>
    <interval begin="1800.00" end="1830.00" id="D8_2_2" nVehContrib="0" flow="0.00" occupancy="0.00" speed="-1.00" harmonicMeanSpeed="-1.00" length="-1.00" nVehEntered="0"/>
    <interval begin="1830.00" end="1860.00" id="D8_2_2" nVehContrib="4" flow="480.00" occupancy="3.69" speed="19.01" harmonicMeanSpeed="18.06" length="5.00" nVehEntered="4"/>
    <interval begin="1860.00" end="1890.00" id="D8_2_2" nVehContrib="2" flow="240.00" occupancy="2.18" speed="15.43" harmonicMeanSpeed="15.30" length="5.00" nVehEntered="2"/>
    <interval begin="1890.00" end="1920.00" id="D8_2_2" nVehContrib="1" flow="120.00" occupancy="0.63" speed="26.46" harmonicMeanSpeed="26.46" length="5.00" nVehEntered="1"/>
    <interval begin="1920.00" end="1950.00" id="D8_2_2" nVehContrib="0" flow="0.00" occupancy="0.00" speed="-1.00" harmonicMeanSpeed="-1.00" length="-1.00" nVehEntered="0"/>
    <interval begin="1950.00" end="1980.00" id="D8_2_2" nVehContrib="2" flow="240.00" occupancy="1.70" speed="19.66" harmonicMeanSpeed="19.65" length="5.00" nVehEntered="2"/>
    <interval begin="1980.00" end="2010.00" id="D8_2_2" nVehContrib="1" flow="120.00" occupancy="0.67" speed="24.82" harmonicMeanSpeed="24.82" length="5.00" nVehEntered="1"/>
    <interval begin="2010.00" end="2040.00" id="D8_2_2" nVehContrib="4" flow="480.00" occupancy="9.04" speed="12.11" harmonicMeanSpeed="7.38" length="5.00" nVehEntered="4"/>
    <interval begin="2040.00" end="2070.00" id="D8_2_2" nVehContrib="0" flow="0.00" occupancy="0.00" speed="-1.00" harmonicMeanSpeed="-1.00" length="-1.00" nVehEntered="0"/>
    <interval begin="2070.00" end="2100.00" id="D8_2_2" nVehContrib="0" flow="0.00" occupancy="0.00" speed="-1.00" harmonicMeanSpeed="-1.00" length="-1.00" nVehEntered="0"/>
    <interval begin="2100.00" end="2130.00" id="D8_2_2" nVehContrib="5" flow="600.00" occupancy="6.74" speed="13.21" harmonicMeanSpeed="12.37" length="5.00" nVehEntered="5"/>
    <interval begin="2130.00" end="2160.00" id="D8_2_2" nVehContrib="0" flow="0.00" occupancy="0.00" speed="-1.00" harmonicMeanSpeed="-1.00" length="-1.00" nVehEntered="0"/>
    <interval begin="2160.00" end="2190.00" id="D8_2_2" nVehContrib="6" flow="720.00" occupancy="23.19" speed="8.58" harmonicMeanSpeed="4.31" length="5.00" nVehEntered="6"/>
    <interval begin="2190.00" end="2220.00" id="D8_2_2" nVehContrib="0" flow="0.00" occupancy="0.00" speed="-1.00" harmonicMeanSpeed="-1.00" length="-1.00" nVehEntered="0"/>
    <interval begin="2220.00" end="2250.00" id="D8_2_2" nVehContrib="3" flow="360.00" occupancy="4.58" speed="11.25" harmonicMeanSpeed="10.92" length="5.00" nVehEntered="3"/>
    <interval begin="2250.00" end="2280.00" id="D8_2_2" nVehContrib="0" flow="0.00" occupancy="0.00" speed="-1.00" harmonicMeanSpeed="-1.00" length="-1.00" nVehEntered="0"/>
    <interval begin="2280.00" end="2310.00" id="D8_2_2" nVehContrib="5" flow="600.00" occupancy="5.75" speed="14.75" harmonicMeanSpeed="14.50" length="5.00" nVehEntered="5"/>
    <interval begin="2310.00" end="2340.00" id="D8_2_2" nVehContrib="0" flow="0.00" occupancy="0.00" speed="-1.00" harmonicMeanSpeed="-1.00" length="-1.00" nVehEntered="0"/>
    <interval begin="2340.00" end="2370.00" id="D8_2_2" nVehContrib="0" flow="0.00" occupancy="0.00" speed="-1.00" harmonicMeanSpeed="-1.00" length="-1.00" nVehEntered="0"/>
    <interval begin="2370.00" end="2400.00" id="D8_2_2" nVehContrib="2" flow="240.00" occupancy="2.58" speed="12.95" harmonicMeanSpeed="12.94" length="5.00" nVehEntered="2"/>
    <interval begin="2400.00" end="2430.00" id="D8_2_2" nVehContrib="0" flow="0.00" occupancy="0.00" speed="-1.00" harmonicMeanSpeed="-1.00" length="-1.00" nVehEntered="0"/>
    <interval begin="2430.00" end="2460.00" id="D8_2_2" nVehContrib="4" flow="480.00" occupancy="5.22" speed="13.19" harmonicMeanSpeed="12.78" length="5.00" nVehEntered="4"/>
    <interval begin="2460.00" end="2490.00" id="D8_2_2" nVehContrib="3" flow="360.00" occupancy="6.36" speed="9.13" harmonicMeanSpeed="7.86" length="5.00" nVehEntered="3"/>
    <interval begin="2490.00" end="2520.00" id="D8_2_2" nVehContrib="1" flow="120.00" occupancy="2.14" speed="7.78" harmonicMeanSpeed="7.78" length="5.00" nVehEntered="1"/>
    <interval begin="2520.00" end="2550.00" id="D8_2_2" nVehContrib="2" flow="240.00" occupancy="10.85" speed="15.29" harmonicMeanSpeed="11.37" length="5.00" nVehEntered="3"/>
    <interval begin="2550.00" end="2580.00" id="D8_2_2" nVehContrib="5" flow="600.00" occupancy="22.42" speed="4.54" harmonicMeanSpeed="2.75" length="5.00" nVehEntered="4"/>
    <interval begin="2580.00" end="2610.00" id="D8_2_2" nVehContrib="5" flow="600.00" occupancy="6.00" speed="15.15" harmonicMeanSpeed="13.90" length="5.00" nVehEntered="5"/>
    <interval begin="2610.00" end="2640.00" id="D8_2_2" nVehContrib="1" flow="120.00" occupancy="1.06" speed="15.68" harmonicMeanSpeed="15.68" length="5.00" nVehEntered="1"/>
    <interval begin="2640.00" end="2670.00" id="D8_2_2" nVehContrib="7" flow="840.00" occupancy="11.65" speed="12.88" harmonicMeanSpeed="10.60" length="5.00" nVehEntered="8"/>
    <interval begin="2670.00" end="2700.00" id="D8_2_2" nVehContrib="1" flow="120.00" occupancy="11.69" speed="1.35" harmonicMeanSpeed="1.35" length="5.00" nVehEntered="0"/>
    <interval begin="2700.00" end="2730.00" id="D8_2_2" nVehContrib="0" flow="0.00" occupancy="0.00" speed="-1.00" harmonicMeanSpeed="-1.00" length="-1.00" nVehEntered="0"/>
    <interval begin="2730.00" end="2760.00" id="D8_2_2" nVehContrib="3" flow="360.00" occupancy="6.13" speed="8.35" harmonicMeanSpeed="8.16" length="5.00" nVehEntered="3"/>
    <interval begin="2760.00" end="2790.00" id="D8_2_2" nVehContrib="4" flow="480.00" occupancy="3.90" speed="17.53" harmonicMeanSpeed="17.11" length="5.00" nVehEntered="4"/>
    <interval begin="2790.00" end="2820.00" id="D8_2_2" nVehContrib="1" flow="120.00" occupancy="0.67" speed="24.96" harmonicMeanSpeed="24.96" length="5.00" nVehEntered="1"/>
    <interval begin="2820.00" end="2850.00" id="D8_2_2" nVehContrib="0" flow="0.00" occupancy="0.00" speed="-1.00" harmonicMeanSpeed="-1.00" length="-1.00" nVehEntered="0"/>
    <interval begin="2850.00" end="2880.00" id="D8_2_2" nVehContrib="6" flow="720.00" occupancy="8.09" speed="13.56" harmonicMeanSpeed="12.36" length="5.00" nVehEntered="6"/>
    <interval begin="2880.00" end="2910.00" id="D8_2_2" nVehContrib="2" flow="240.00" occupancy="13.53" speed="3.38" harmonicMeanSpeed="2.46" length="5.00" nVehEntered="2"/>
    <interval begin="2910.00" end="2940.00" id="D8_2_2" nVehContrib="1" flow="120.00" occupancy="0.63" speed="26.30" harmonicMeanSpeed="26.30" length="5.00" nVehEntered="1"/>
    <interval begin="2940.00" end="2970.00" id="D8_2_2" nVehContrib="0" flow="0.00" occupancy="0.00" speed="-1.00" harmonicMeanSpeed="-1.00" length="-1.00" nVehEntered="0"/>
    <interval begin="2970.00" end="3000.00" id="D8_2_2" nVehContrib="5" flow="600.00" occupancy="4.97" speed="17.22" harmonicMeanSpeed="16.77" length="5.00" nVehEntered="5"/>
    <interval begin="3000.00" end="3030.00" id="D8_2_2" nVehContrib="2" flow="240.00" occupancy="3.01" speed="11.66" harmonicMeanSpeed="11.06" length="5.00" nVehEntered="2"/>
    <interval begin="3030.00" end="3060.00" id="D8_2_2" nVehContrib="1" flow="120.00" occupancy="1.10" speed="15.11" harmonicMeanSpeed="15.11" length="5.00" nVehEntered="1"/>
    <interval begin="3060.00" end="3090.00" id="D8_2_2" nVehContrib="2" flow="240.00" occupancy="1.94" speed="17.16" harmonicMeanSpeed="17.15" length="5.00" nVehEntered="2"/>
    <interval begin="3090.00" end="3120.00" id="D8_2_2" nVehContrib="5" flow="600.00" occupancy="13.05" speed="9.87" harmonicMeanSpeed="6.39" length="5.00" nVehEntered="5"/>
    <interval begin="3120.00" end="3150.00" id="D8_2_2" nVehContrib="5" flow="600.00" occupancy="47.22" speed="3.04" harmonicMeanSpeed="1.93" length="5.00" nVehEntered="6"/>
    <interval begin="3150.00" end="3180.00" id="D8_2_2" nVehContrib="1" flow="120.00" occupancy="8.18" speed="1.36" harmonicMeanSpeed="1.36" length="5.00" nVehEntered="0"/>
    <interval begin="3180.00" end="3210.00" id="D8_2_2" nVehContrib="4" flow="480.00" occupancy="19.63" speed="4.12" harmonicMeanSpeed="3.40" length="5.00" nVehEntered="4"/>
    <interval begin="3210.00" end="3240.00" id="D8_2_2" nVehContrib="0" flow="0.00" occupancy="0.00" speed="-1.00" harmonicMeanSpeed="-1.00" length="-1.00" nVehEntered="0"/>
    <interval begin="3240.00" end="3270.00" id="D8_2_2" nVehContrib="4" flow="480.00" occupancy="5.12" speed="13.11" harmonicMeanSpeed="13.02" length="5.00" nVehEntered="4"/>
    <interval begin="3270.00" end="3300.00" id="D8_2_2" nVehContrib="0" flow="0.00" occupancy="0.00" speed="-1.00" harmonicMeanSpeed="-1.00" length="-1.00" nVehEntered="0"/>
    <interval begin="3300.00" end="3330.00" id="D8_2_2" nVehContrib="3" flow="360.00" occupancy="3.10" speed="16.42" harmonicMeanSpeed="16.14" length="5.00" nVehEntered="3"/>
    <interval begin="3330.00" end="3360.00" id="D8_2_2" nVehContrib="0" flow="0.00" occupancy="0.00" speed="-1.00" harmonicMeanSpeed="-1.00" length="-1.00" nVehEntered="0"/>
    <interval begin="3360.00" end="3390.00" id="D8_2_2" nVehContrib="0" flow="0.00" occupancy="0.00" speed="-1.00" harmonicMeanSpeed="-1.00" length="-1.00" nVehEntered="0"/>
    <interval begin="3390.00" end="3420.00" id="D8_2_2" nVehContrib="5" flow="600.00" occupancy="5.52" speed="15.46" harmonicMeanSpeed="15.10" length="5.00" nVehEntered="5"/>
    <interval begin="3420.00" end="3450.00" id="D8_2_2" nVehContrib="3" flow="360.00" occupancy="14.44" speed="4.99" harmonicMeanSpeed="3.46" length="5.00" nVehEntered="3"/>
    <interval begin="3450.00" end="3480.00" id="D8_2_2" nVehContrib="2" flow="240.00" occupancy="10.37" speed="5.77" harmonicMeanSpeed="3.21" length="5.00" nVehEntered="2"/>
    <interval begin="3480.00" end="3510.00" id="D8_2_2" nVehContrib="0" flow="0.00" occupancy="0.00" speed="-1.00" harmonicMeanSpeed="-1.00" length="-1.00" nVehEntered="0"/>
    <interval begin="3510.00" end="3540.00" id="D8_2_2" nVehContrib="6" flow="720.00" occupancy="7.08" speed="15.49" harmonicMeanSpeed="14.12" length="5.00" nVehEntered="6"/>
    <interval begin="3540.00" end="3570.00" id="D8_2_2" nVehContrib="1" flow="120.00" occupancy="1.51" speed="11.03" harmonicMeanSpeed="11.03" length="5.00" nVehEntered="1"/>
    <interval begin="3570.00" end="3594.00" id="D8_2_2" nVehContrib="0" flow="0.00" occupancy="0.00" speed="-1.00" harmonicMeanSpeed="-1.00" length="-1.00" nVehEntered="0"/>
</detector>
