<?xml version="1.0" encoding="UTF-8"?>

<!-- generated on 01/27/20 08:48:22 by Eclipse SUMO Version 1.3.1
<configuration xmlns:xsi="http://www.w3.org/2001/XMLSchema-instance" xsi:noNamespaceSchemaLocation="http://sumo.dlr.de/xsd/sumoConfiguration.xsd">

    <input>
        <net-file value="gnet.net.xml"/>
        <route-files value="grou.rou.xml"/>
        <additional-files value="gadd.additional.xml"/>
    </input>

    <output>
        <queue-output value="Queue.xml"/>
        <summary-output value="Summary.xml"/>
        <tripinfo-output value="output-tripinfos.xml"/>
    </output>

    <time>
        <begin value="0"/>
        <end value="3600"/>
    </time>

    <processing>
        <time-to-teleport value="3600"/>
    </processing>

    <traci_server>
        <remote-port value="12790"/>
    </traci_server>

    <gui_only>
        <gui-settings-file value="gview.view.xml"/>
        <quit-on-end value="true"/>
        <start value="true"/>
    </gui_only>

</configuration>
-->

<detector xmlns:xsi="http://www.w3.org/2001/XMLSchema-instance" xsi:noNamespaceSchemaLocation="http://sumo.dlr.de/xsd/det_e1_file.xsd">
    <interval begin="0.00" end="30.00" id="D8_2_1" nVehContrib="2" flow="240.00" occupancy="1.31" speed="25.57" harmonicMeanSpeed="25.50" length="5.00" nVehEntered="2"/>
    <interval begin="30.00" end="60.00" id="D8_2_1" nVehContrib="4" flow="480.00" occupancy="3.44" speed="19.70" harmonicMeanSpeed="19.37" length="5.00" nVehEntered="4"/>
    <interval begin="60.00" end="90.00" id="D8_2_1" nVehContrib="5" flow="600.00" occupancy="4.35" speed="19.52" harmonicMeanSpeed="19.14" length="5.00" nVehEntered="5"/>
    <interval begin="90.00" end="120.00" id="D8_2_1" nVehContrib="5" flow="600.00" occupancy="8.09" speed="12.18" harmonicMeanSpeed="11.44" length="5.00" nVehEntered="6"/>
    <interval begin="120.00" end="150.00" id="D8_2_1" nVehContrib="6" flow="720.00" occupancy="5.64" speed="16.11" harmonicMeanSpeed="15.53" length="5.00" nVehEntered="5"/>
    <interval begin="150.00" end="180.00" id="D8_2_1" nVehContrib="4" flow="480.00" occupancy="8.81" speed="9.47" harmonicMeanSpeed="7.57" length="5.00" nVehEntered="4"/>
    <interval begin="180.00" end="210.00" id="D8_2_1" nVehContrib="7" flow="840.00" occupancy="11.50" speed="11.59" harmonicMeanSpeed="10.15" length="5.00" nVehEntered="7"/>
    <interval begin="210.00" end="240.00" id="D8_2_1" nVehContrib="6" flow="720.00" occupancy="14.87" speed="9.74" harmonicMeanSpeed="6.72" length="5.00" nVehEntered="6"/>
    <interval begin="240.00" end="270.00" id="D8_2_1" nVehContrib="4" flow="480.00" occupancy="10.93" speed="7.92" harmonicMeanSpeed="6.10" length="5.00" nVehEntered="4"/>
    <interval begin="270.00" end="300.00" id="D8_2_1" nVehContrib="7" flow="840.00" occupancy="17.65" speed="8.81" harmonicMeanSpeed="6.61" length="5.00" nVehEntered="7"/>
    <interval begin="300.00" end="330.00" id="D8_2_1" nVehContrib="3" flow="360.00" occupancy="16.07" speed="3.59" harmonicMeanSpeed="3.11" length="5.00" nVehEntered="3"/>
    <interval begin="330.00" end="360.00" id="D8_2_1" nVehContrib="6" flow="720.00" occupancy="19.33" speed="5.80" harmonicMeanSpeed="5.17" length="5.00" nVehEntered="6"/>
    <interval begin="360.00" end="390.00" id="D8_2_1" nVehContrib="5" flow="600.00" occupancy="17.26" speed="6.07" harmonicMeanSpeed="4.83" length="5.00" nVehEntered="5"/>
    <interval begin="390.00" end="420.00" id="D8_2_1" nVehContrib="2" flow="240.00" occupancy="8.44" speed="4.72" harmonicMeanSpeed="3.95" length="5.00" nVehEntered="2"/>
    <interval begin="420.00" end="450.00" id="D8_2_1" nVehContrib="7" flow="840.00" occupancy="24.98" speed="6.28" harmonicMeanSpeed="4.67" length="5.00" nVehEntered="7"/>
    <interval begin="450.00" end="480.00" id="D8_2_1" nVehContrib="0" flow="0.00" occupancy="4.12" speed="-1.00" harmonicMeanSpeed="-1.00" length="-1.00" nVehEntered="1"/>
    <interval begin="480.00" end="510.00" id="D8_2_1" nVehContrib="7" flow="840.00" occupancy="27.79" speed="5.42" harmonicMeanSpeed="3.66" length="5.00" nVehEntered="6"/>
    <interval begin="510.00" end="540.00" id="D8_2_1" nVehContrib="3" flow="360.00" occupancy="9.92" speed="5.84" harmonicMeanSpeed="5.04" length="5.00" nVehEntered="3"/>
    <interval begin="540.00" end="570.00" id="D8_2_1" nVehContrib="4" flow="480.00" occupancy="14.25" speed="6.36" harmonicMeanSpeed="4.68" length="5.00" nVehEntered="4"/>
    <interval begin="570.00" end="600.00" id="D8_2_1" nVehContrib="6" flow="720.00" occupancy="19.55" speed="5.98" harmonicMeanSpeed="5.12" length="5.00" nVehEntered="6"/>
    <interval begin="600.00" end="630.00" id="D8_2_1" nVehContrib="1" flow="120.00" occupancy="9.13" speed="1.83" harmonicMeanSpeed="1.83" length="5.00" nVehEntered="1"/>
    <interval begin="630.00" end="660.00" id="D8_2_1" nVehContrib="7" flow="840.00" occupancy="25.91" speed="5.71" harmonicMeanSpeed="4.50" length="5.00" nVehEntered="7"/>
    <interval begin="660.00" end="690.00" id="D8_2_1" nVehContrib="0" flow="0.00" occupancy="0.00" speed="-1.00" harmonicMeanSpeed="-1.00" length="-1.00" nVehEntered="0"/>
    <interval begin="690.00" end="720.00" id="D8_2_1" nVehContrib="7" flow="840.00" occupancy="29.76" speed="5.65" harmonicMeanSpeed="3.92" length="5.00" nVehEntered="7"/>
    <interval begin="720.00" end="750.00" id="D8_2_1" nVehContrib="2" flow="240.00" occupancy="9.39" speed="4.25" harmonicMeanSpeed="3.55" length="5.00" nVehEntered="2"/>
    <interval begin="750.00" end="780.00" id="D8_2_1" nVehContrib="5" flow="600.00" occupancy="14.02" speed="7.46" harmonicMeanSpeed="5.95" length="5.00" nVehEntered="5"/>
    <interval begin="780.00" end="810.00" id="D8_2_1" nVehContrib="5" flow="600.00" occupancy="15.69" speed="7.00" harmonicMeanSpeed="5.31" length="5.00" nVehEntered="5"/>
    <interval begin="810.00" end="840.00" id="D8_2_1" nVehContrib="2" flow="240.00" occupancy="11.93" speed="3.43" harmonicMeanSpeed="2.79" length="5.00" nVehEntered="2"/>
    <interval begin="840.00" end="870.00" id="D8_2_1" nVehContrib="6" flow="720.00" occupancy="23.97" speed="4.70" harmonicMeanSpeed="4.17" length="5.00" nVehEntered="6"/>
    <interval begin="870.00" end="900.00" id="D8_2_1" nVehContrib="0" flow="0.00" occupancy="0.00" speed="-1.00" harmonicMeanSpeed="-1.00" length="-1.00" nVehEntered="0"/>
    <interval begin="900.00" end="930.00" id="D8_2_1" nVehContrib="7" flow="840.00" occupancy="25.41" speed="6.04" harmonicMeanSpeed="4.59" length="5.00" nVehEntered="7"/>
    <interval begin="930.00" end="960.00" id="D8_2_1" nVehContrib="0" flow="0.00" occupancy="0.00" speed="-1.00" harmonicMeanSpeed="-1.00" length="-1.00" nVehEntered="0"/>
    <interval begin="960.00" end="990.00" id="D8_2_1" nVehContrib="7" flow="840.00" occupancy="22.34" speed="6.24" harmonicMeanSpeed="5.22" length="5.00" nVehEntered="7"/>
    <interval begin="990.00" end="1020.00" id="D8_2_1" nVehContrib="1" flow="120.00" occupancy="6.18" speed="2.70" harmonicMeanSpeed="2.70" length="5.00" nVehEntered="1"/>
    <interval begin="1020.00" end="1050.00" id="D8_2_1" nVehContrib="5" flow="600.00" occupancy="21.93" speed="5.17" harmonicMeanSpeed="3.80" length="5.00" nVehEntered="5"/>
    <interval begin="1050.00" end="1080.00" id="D8_2_1" nVehContrib="2" flow="240.00" occupancy="12.06" speed="3.10" harmonicMeanSpeed="2.76" length="5.00" nVehEntered="2"/>
    <interval begin="1080.00" end="1110.00" id="D8_2_1" nVehContrib="2" flow="240.00" occupancy="12.28" speed="4.10" harmonicMeanSpeed="2.71" length="5.00" nVehEntered="2"/>
    <interval begin="1110.00" end="1140.00" id="D8_2_1" nVehContrib="3" flow="360.00" occupancy="15.90" speed="3.38" harmonicMeanSpeed="3.14" length="5.00" nVehEntered="3"/>
    <interval begin="1140.00" end="1170.00" id="D8_2_1" nVehContrib="0" flow="0.00" occupancy="0.00" speed="-1.00" harmonicMeanSpeed="-1.00" length="-1.00" nVehEntered="0"/>
    <interval begin="1170.00" end="1200.00" id="D8_2_1" nVehContrib="7" flow="840.00" occupancy="25.15" speed="6.25" harmonicMeanSpeed="4.64" length="5.00" nVehEntered="7"/>
    <interval begin="1200.00" end="1230.00" id="D8_2_1" nVehContrib="0" flow="0.00" occupancy="0.00" speed="-1.00" harmonicMeanSpeed="-1.00" length="-1.00" nVehEntered="0"/>
    <interval begin="1230.00" end="1260.00" id="D8_2_1" nVehContrib="4" flow="480.00" occupancy="38.05" speed="2.19" harmonicMeanSpeed="1.75" length="5.00" nVehEntered="4"/>
    <interval begin="1260.00" end="1290.00" id="D8_2_1" nVehContrib="0" flow="0.00" occupancy="0.00" speed="-1.00" harmonicMeanSpeed="-1.00" length="-1.00" nVehEntered="0"/>
    <interval begin="1290.00" end="1320.00" id="D8_2_1" nVehContrib="3" flow="360.00" occupancy="24.72" speed="2.12" harmonicMeanSpeed="2.02" length="5.00" nVehEntered="3"/>
    <interval begin="1320.00" end="1350.00" id="D8_2_1" nVehContrib="3" flow="360.00" occupancy="11.51" speed="4.70" harmonicMeanSpeed="4.35" length="5.00" nVehEntered="3"/>
    <interval begin="1350.00" end="1380.00" id="D8_2_1" nVehContrib="2" flow="240.00" occupancy="10.21" speed="3.94" harmonicMeanSpeed="3.26" length="5.00" nVehEntered="2"/>
    <interval begin="1380.00" end="1410.00" id="D8_2_1" nVehContrib="1" flow="120.00" occupancy="40.07" speed="0.42" harmonicMeanSpeed="0.42" length="5.00" nVehEntered="1"/>
    <interval begin="1410.00" end="1440.00" id="D8_2_1" nVehContrib="1" flow="120.00" occupancy="6.15" speed="2.71" harmonicMeanSpeed="2.71" length="5.00" nVehEntered="1"/>
    <interval begin="1440.00" end="1470.00" id="D8_2_1" nVehContrib="6" flow="720.00" occupancy="19.60" speed="5.75" harmonicMeanSpeed="5.10" length="5.00" nVehEntered="6"/>
    <interval begin="1470.00" end="1500.00" id="D8_2_1" nVehContrib="0" flow="0.00" occupancy="0.00" speed="-1.00" harmonicMeanSpeed="-1.00" length="-1.00" nVehEntered="0"/>
    <interval begin="1500.00" end="1530.00" id="D8_2_1" nVehContrib="2" flow="240.00" occupancy="19.58" speed="1.70" harmonicMeanSpeed="1.70" length="5.00" nVehEntered="2"/>
    <interval begin="1530.00" end="1560.00" id="D8_2_1" nVehContrib="1" flow="120.00" occupancy="6.29" speed="2.65" harmonicMeanSpeed="2.65" length="5.00" nVehEntered="1"/>
    <interval begin="1560.00" end="1590.00" id="D8_2_1" nVehContrib="5" flow="600.00" occupancy="17.67" speed="5.66" harmonicMeanSpeed="4.72" length="5.00" nVehEntered="5"/>
    <interval begin="1590.00" end="1620.00" id="D8_2_1" nVehContrib="0" flow="0.00" occupancy="22.19" speed="-1.00" harmonicMeanSpeed="-1.00" length="-1.00" nVehEntered="1"/>
    <interval begin="1620.00" end="1650.00" id="D8_2_1" nVehContrib="2" flow="240.00" occupancy="19.56" speed="1.85" harmonicMeanSpeed="0.80" length="5.00" nVehEntered="1"/>
    <interval begin="1650.00" end="1680.00" id="D8_2_1" nVehContrib="6" flow="720.00" occupancy="19.23" speed="6.02" harmonicMeanSpeed="5.20" length="5.00" nVehEntered="6"/>
    <interval begin="1680.00" end="1710.00" id="D8_2_1" nVehContrib="1" flow="120.00" occupancy="5.12" speed="3.25" harmonicMeanSpeed="3.25" length="5.00" nVehEntered="1"/>
    <interval begin="1710.00" end="1740.00" id="D8_2_1" nVehContrib="1" flow="120.00" occupancy="59.67" speed="0.96" harmonicMeanSpeed="0.96" length="5.00" nVehEntered="2"/>
    <interval begin="1740.00" end="1770.00" id="D8_2_1" nVehContrib="1" flow="120.00" occupancy="86.72" speed="0.13" harmonicMeanSpeed="0.13" length="5.00" nVehEntered="0"/>
    <interval begin="1770.00" end="1800.00" id="D8_2_1" nVehContrib="5" flow="600.00" occupancy="33.32" speed="3.98" harmonicMeanSpeed="2.50" length="5.00" nVehEntered="5"/>
    <interval begin="1800.00" end="1830.00" id="D8_2_1" nVehContrib="1" flow="120.00" occupancy="9.88" speed="1.69" harmonicMeanSpeed="1.69" length="5.00" nVehEntered="1"/>
    <interval begin="1830.00" end="1860.00" id="D8_2_1" nVehContrib="4" flow="480.00" occupancy="20.18" speed="4.72" harmonicMeanSpeed="3.30" length="5.00" nVehEntered="4"/>
    <interval begin="1860.00" end="1890.00" id="D8_2_1" nVehContrib="1" flow="120.00" occupancy="12.67" speed="2.18" harmonicMeanSpeed="2.18" length="5.00" nVehEntered="2"/>
    <interval begin="1890.00" end="1920.00" id="D8_2_1" nVehContrib="2" flow="240.00" occupancy="18.83" speed="1.52" harmonicMeanSpeed="1.40" length="5.00" nVehEntered="1"/>
    <interval begin="1920.00" end="1950.00" id="D8_2_1" nVehContrib="7" flow="840.00" occupancy="20.89" speed="7.40" harmonicMeanSpeed="6.41" length="5.00" nVehEntered="8"/>
    <interval begin="1950.00" end="1980.00" id="D8_2_1" nVehContrib="1" flow="120.00" occupancy="5.62" speed="2.01" harmonicMeanSpeed="2.01" length="5.00" nVehEntered="0"/>
    <interval begin="1980.00" end="2010.00" id="D8_2_1" nVehContrib="6" flow="720.00" occupancy="25.81" speed="5.27" harmonicMeanSpeed="3.87" length="5.00" nVehEntered="6"/>
    <interval begin="2010.00" end="2040.00" id="D8_2_1" nVehContrib="0" flow="0.00" occupancy="0.00" speed="-1.00" harmonicMeanSpeed="-1.00" length="-1.00" nVehEntered="0"/>
    <interval begin="2040.00" end="2070.00" id="D8_2_1" nVehContrib="3" flow="360.00" occupancy="27.55" speed="2.26" harmonicMeanSpeed="1.81" length="5.00" nVehEntered="3"/>
    <interval begin="2070.00" end="2100.00" id="D8_2_1" nVehContrib="2" flow="240.00" occupancy="9.77" speed="3.51" harmonicMeanSpeed="3.41" length="5.00" nVehEntered="2"/>
    <interval begin="2100.00" end="2130.00" id="D8_2_1" nVehContrib="5" flow="600.00" occupancy="18.47" speed="6.65" harmonicMeanSpeed="4.51" length="5.00" nVehEntered="5"/>
    <interval begin="2130.00" end="2160.00" id="D8_2_1" nVehContrib="0" flow="0.00" occupancy="21.82" speed="-1.00" harmonicMeanSpeed="-1.00" length="-1.00" nVehEntered="1"/>
    <interval begin="2160.00" end="2190.00" id="D8_2_1" nVehContrib="3" flow="360.00" occupancy="18.84" speed="2.47" harmonicMeanSpeed="1.23" length="5.00" nVehEntered="2"/>
    <interval begin="2190.00" end="2220.00" id="D8_2_1" nVehContrib="2" flow="240.00" occupancy="25.38" speed="1.59" harmonicMeanSpeed="1.42" length="5.00" nVehEntered="3"/>
    <interval begin="2220.00" end="2250.00" id="D8_2_1" nVehContrib="1" flow="120.00" occupancy="6.41" speed="2.00" harmonicMeanSpeed="2.00" length="5.00" nVehEntered="0"/>
    <interval begin="2250.00" end="2280.00" id="D8_2_1" nVehContrib="6" flow="720.00" occupancy="25.62" speed="5.16" harmonicMeanSpeed="3.90" length="5.00" nVehEntered="6"/>
    <interval begin="2280.00" end="2310.00" id="D8_2_1" nVehContrib="0" flow="0.00" occupancy="0.00" speed="-1.00" harmonicMeanSpeed="-1.00" length="-1.00" nVehEntered="0"/>
    <interval begin="2310.00" end="2340.00" id="D8_2_1" nVehContrib="2" flow="240.00" occupancy="30.77" speed="1.10" harmonicMeanSpeed="1.08" length="5.00" nVehEntered="2"/>
    <interval begin="2340.00" end="2370.00" id="D8_2_1" nVehContrib="0" flow="0.00" occupancy="9.57" speed="-1.00" harmonicMeanSpeed="-1.00" length="-1.00" nVehEntered="1"/>
    <interval begin="2370.00" end="2400.00" id="D8_2_1" nVehContrib="5" flow="600.00" occupancy="18.39" speed="4.33" harmonicMeanSpeed="2.98" length="5.00" nVehEntered="4"/>
    <interval begin="2400.00" end="2430.00" id="D8_2_1" nVehContrib="2" flow="240.00" occupancy="17.93" speed="2.36" harmonicMeanSpeed="1.86" length="5.00" nVehEntered="2"/>
    <interval begin="2430.00" end="2460.00" id="D8_2_1" nVehContrib="2" flow="240.00" occupancy="13.60" speed="3.06" harmonicMeanSpeed="2.45" length="5.00" nVehEntered="2"/>
    <interval begin="2460.00" end="2490.00" id="D8_2_1" nVehContrib="2" flow="240.00" occupancy="17.33" speed="3.45" harmonicMeanSpeed="3.02" length="5.00" nVehEntered="3"/>
    <interval begin="2490.00" end="2520.00" id="D8_2_1" nVehContrib="1" flow="120.00" occupancy="0.98" speed="2.29" harmonicMeanSpeed="2.29" length="5.00" nVehEntered="0"/>
    <interval begin="2520.00" end="2550.00" id="D8_2_1" nVehContrib="7" flow="840.00" occupancy="23.13" speed="6.24" harmonicMeanSpeed="5.04" length="5.00" nVehEntered="7"/>
    <interval begin="2550.00" end="2580.00" id="D8_2_1" nVehContrib="0" flow="0.00" occupancy="0.00" speed="-1.00" harmonicMeanSpeed="-1.00" length="-1.00" nVehEntered="0"/>
    <interval begin="2580.00" end="2610.00" id="D8_2_1" nVehContrib="4" flow="480.00" occupancy="28.24" speed="3.38" harmonicMeanSpeed="2.36" length="5.00" nVehEntered="4"/>
    <interval begin="2610.00" end="2640.00" id="D8_2_1" nVehContrib="0" flow="0.00" occupancy="8.56" speed="-1.00" harmonicMeanSpeed="-1.00" length="-1.00" nVehEntered="1"/>
    <interval begin="2640.00" end="2670.00" id="D8_2_1" nVehContrib="4" flow="480.00" occupancy="25.55" speed="2.48" harmonicMeanSpeed="1.95" length="5.00" nVehEntered="3"/>
    <interval begin="2670.00" end="2700.00" id="D8_2_1" nVehContrib="0" flow="0.00" occupancy="13.29" speed="-1.00" harmonicMeanSpeed="-1.00" length="-1.00" nVehEntered="1"/>
    <interval begin="2700.00" end="2730.00" id="D8_2_1" nVehContrib="1" flow="120.00" occupancy="20.49" speed="0.49" harmonicMeanSpeed="0.49" length="5.00" nVehEntered="0"/>
    <interval begin="2730.00" end="2760.00" id="D8_2_1" nVehContrib="5" flow="600.00" occupancy="29.22" speed="4.10" harmonicMeanSpeed="2.85" length="5.00" nVehEntered="5"/>
    <interval begin="2760.00" end="2790.00" id="D8_2_1" nVehContrib="0" flow="0.00" occupancy="0.00" speed="-1.00" harmonicMeanSpeed="-1.00" length="-1.00" nVehEntered="0"/>
    <interval begin="2790.00" end="2820.00" id="D8_2_1" nVehContrib="3" flow="360.00" occupancy="34.19" speed="2.10" harmonicMeanSpeed="1.46" length="5.00" nVehEntered="3"/>
    <interval begin="2820.00" end="2850.00" id="D8_2_1" nVehContrib="0" flow="0.00" occupancy="0.45" speed="-1.00" harmonicMeanSpeed="-1.00" length="-1.00" nVehEntered="1"/>
    <interval begin="2850.00" end="2880.00" id="D8_2_1" nVehContrib="7" flow="840.00" occupancy="26.82" speed="5.67" harmonicMeanSpeed="4.28" length="5.00" nVehEntered="6"/>
    <interval begin="2880.00" end="2910.00" id="D8_2_1" nVehContrib="0" flow="0.00" occupancy="9.52" speed="-1.00" harmonicMeanSpeed="-1.00" length="-1.00" nVehEntered="1"/>
    <interval begin="2910.00" end="2940.00" id="D8_2_1" nVehContrib="2" flow="240.00" occupancy="39.44" speed="1.05" harmonicMeanSpeed="0.68" length="5.00" nVehEntered="1"/>
    <interval begin="2940.00" end="2970.00" id="D8_2_1" nVehContrib="5" flow="600.00" occupancy="15.47" speed="6.76" harmonicMeanSpeed="5.39" length="5.00" nVehEntered="5"/>
    <interval begin="2970.00" end="3000.00" id="D8_2_1" nVehContrib="3" flow="360.00" occupancy="12.19" speed="5.29" harmonicMeanSpeed="4.10" length="5.00" nVehEntered="3"/>
    <interval begin="3000.00" end="3030.00" id="D8_2_1" nVehContrib="1" flow="120.00" occupancy="25.06" speed="0.71" harmonicMeanSpeed="0.71" length="5.00" nVehEntered="2"/>
    <interval begin="3030.00" end="3060.00" id="D8_2_1" nVehContrib="1" flow="120.00" occupancy="6.16" speed="2.11" harmonicMeanSpeed="2.11" length="5.00" nVehEntered="0"/>
    <interval begin="3060.00" end="3090.00" id="D8_2_1" nVehContrib="6" flow="720.00" occupancy="22.20" speed="5.60" harmonicMeanSpeed="4.50" length="5.00" nVehEntered="6"/>
    <interval begin="3090.00" end="3120.00" id="D8_2_1" nVehContrib="0" flow="0.00" occupancy="0.00" speed="-1.00" harmonicMeanSpeed="-1.00" length="-1.00" nVehEntered="0"/>
    <interval begin="3120.00" end="3150.00" id="D8_2_1" nVehContrib="2" flow="240.00" occupancy="70.06" speed="0.48" harmonicMeanSpeed="0.48" length="5.00" nVehEntered="2"/>
    <interval begin="3150.00" end="3180.00" id="D8_2_1" nVehContrib="0" flow="0.00" occupancy="0.00" speed="-1.00" harmonicMeanSpeed="-1.00" length="-1.00" nVehEntered="0"/>
    <interval begin="3180.00" end="3210.00" id="D8_2_1" nVehContrib="2" flow="240.00" occupancy="12.42" speed="2.74" harmonicMeanSpeed="2.68" length="5.00" nVehEntered="2"/>
    <interval begin="3210.00" end="3240.00" id="D8_2_1" nVehContrib="1" flow="120.00" occupancy="6.86" speed="2.43" harmonicMeanSpeed="2.43" length="5.00" nVehEntered="1"/>
    <interval begin="3240.00" end="3270.00" id="D8_2_1" nVehContrib="2" flow="240.00" occupancy="13.56" speed="2.60" harmonicMeanSpeed="2.46" length="5.00" nVehEntered="2"/>
    <interval begin="3270.00" end="3300.00" id="D8_2_1" nVehContrib="3" flow="360.00" occupancy="27.51" speed="2.25" harmonicMeanSpeed="1.82" length="5.00" nVehEntered="3"/>
    <interval begin="3300.00" end="3330.00" id="D8_2_1" nVehContrib="0" flow="0.00" occupancy="0.00" speed="-1.00" harmonicMeanSpeed="-1.00" length="-1.00" nVehEntered="0"/>
    <interval begin="3330.00" end="3360.00" id="D8_2_1" nVehContrib="3" flow="360.00" occupancy="34.53" speed="1.64" harmonicMeanSpeed="1.45" length="5.00" nVehEntered="3"/>
    <interval begin="3360.00" end="3390.00" id="D8_2_1" nVehContrib="0" flow="0.00" occupancy="0.00" speed="-1.00" harmonicMeanSpeed="-1.00" length="-1.00" nVehEntered="0"/>
    <interval begin="3390.00" end="3420.00" id="D8_2_1" nVehContrib="7" flow="840.00" occupancy="26.69" speed="5.95" harmonicMeanSpeed="4.37" length="5.00" nVehEntered="7"/>
    <interval begin="3420.00" end="3450.00" id="D8_2_1" nVehContrib="0" flow="0.00" occupancy="0.00" speed="-1.00" harmonicMeanSpeed="-1.00" length="-1.00" nVehEntered="0"/>
    <interval begin="3450.00" end="3480.00" id="D8_2_1" nVehContrib="2" flow="240.00" occupancy="39.63" speed="1.44" harmonicMeanSpeed="0.84" length="5.00" nVehEntered="2"/>
    <interval begin="3480.00" end="3510.00" id="D8_2_1" nVehContrib="4" flow="480.00" occupancy="13.15" speed="5.61" harmonicMeanSpeed="5.07" length="5.00" nVehEntered="4"/>
    <interval begin="3510.00" end="3540.00" id="D8_2_1" nVehContrib="2" flow="240.00" occupancy="15.23" speed="3.25" harmonicMeanSpeed="2.19" length="5.00" nVehEntered="2"/>
    <interval begin="3540.00" end="3570.00" id="D8_2_1" nVehContrib="2" flow="240.00" occupancy="32.16" speed="2.48" harmonicMeanSpeed="1.04" length="5.00" nVehEntered="3"/>
    <interval begin="3570.00" end="3594.00" id="D8_2_1" nVehContrib="1" flow="150.00" occupancy="13.63" speed="1.52" harmonicMeanSpeed="1.52" length="5.00" nVehEntered="0"/>
</detector>
