<?xml version="1.0" encoding="UTF-8"?>

<!-- generated on 01/27/20 08:48:22 by Eclipse SUMO Version 1.3.1
<configuration xmlns:xsi="http://www.w3.org/2001/XMLSchema-instance" xsi:noNamespaceSchemaLocation="http://sumo.dlr.de/xsd/sumoConfiguration.xsd">

    <input>
        <net-file value="gnet.net.xml"/>
        <route-files value="grou.rou.xml"/>
        <additional-files value="gadd.additional.xml"/>
    </input>

    <output>
        <queue-output value="Queue.xml"/>
        <summary-output value="Summary.xml"/>
        <tripinfo-output value="output-tripinfos.xml"/>
    </output>

    <time>
        <begin value="0"/>
        <end value="3600"/>
    </time>

    <processing>
        <time-to-teleport value="3600"/>
    </processing>

    <traci_server>
        <remote-port value="12790"/>
    </traci_server>

    <gui_only>
        <gui-settings-file value="gview.view.xml"/>
        <quit-on-end value="true"/>
        <start value="true"/>
    </gui_only>

</configuration>
-->

<detector xmlns:xsi="http://www.w3.org/2001/XMLSchema-instance" xsi:noNamespaceSchemaLocation="http://sumo.dlr.de/xsd/det_e1_file.xsd">
    <interval begin="0.00" end="30.00" id="D8_2_0" nVehContrib="2" flow="240.00" occupancy="1.40" speed="24.02" harmonicMeanSpeed="23.86" length="5.00" nVehEntered="2"/>
    <interval begin="30.00" end="60.00" id="D8_2_0" nVehContrib="5" flow="600.00" occupancy="4.50" speed="18.88" harmonicMeanSpeed="18.50" length="5.00" nVehEntered="5"/>
    <interval begin="60.00" end="90.00" id="D8_2_0" nVehContrib="4" flow="480.00" occupancy="3.41" speed="19.79" harmonicMeanSpeed="19.57" length="5.00" nVehEntered="4"/>
    <interval begin="90.00" end="120.00" id="D8_2_0" nVehContrib="4" flow="480.00" occupancy="5.00" speed="13.65" harmonicMeanSpeed="13.34" length="5.00" nVehEntered="4"/>
    <interval begin="120.00" end="150.00" id="D8_2_0" nVehContrib="4" flow="480.00" occupancy="4.01" speed="16.87" harmonicMeanSpeed="16.63" length="5.00" nVehEntered="4"/>
    <interval begin="150.00" end="180.00" id="D8_2_0" nVehContrib="5" flow="600.00" occupancy="7.55" speed="11.91" harmonicMeanSpeed="11.04" length="5.00" nVehEntered="5"/>
    <interval begin="180.00" end="210.00" id="D8_2_0" nVehContrib="1" flow="120.00" occupancy="1.40" speed="11.93" harmonicMeanSpeed="11.93" length="5.00" nVehEntered="1"/>
    <interval begin="210.00" end="240.00" id="D8_2_0" nVehContrib="3" flow="360.00" occupancy="6.15" speed="9.95" harmonicMeanSpeed="8.13" length="5.00" nVehEntered="3"/>
    <interval begin="240.00" end="270.00" id="D8_2_0" nVehContrib="4" flow="480.00" occupancy="7.18" speed="11.75" harmonicMeanSpeed="9.29" length="5.00" nVehEntered="4"/>
    <interval begin="270.00" end="300.00" id="D8_2_0" nVehContrib="3" flow="360.00" occupancy="7.71" speed="10.18" harmonicMeanSpeed="6.48" length="5.00" nVehEntered="3"/>
    <interval begin="300.00" end="330.00" id="D8_2_0" nVehContrib="4" flow="480.00" occupancy="16.17" speed="6.67" harmonicMeanSpeed="4.12" length="5.00" nVehEntered="4"/>
    <interval begin="330.00" end="360.00" id="D8_2_0" nVehContrib="3" flow="360.00" occupancy="7.51" speed="7.89" harmonicMeanSpeed="6.66" length="5.00" nVehEntered="3"/>
    <interval begin="360.00" end="390.00" id="D8_2_0" nVehContrib="4" flow="480.00" occupancy="14.91" speed="7.27" harmonicMeanSpeed="4.47" length="5.00" nVehEntered="4"/>
    <interval begin="390.00" end="420.00" id="D8_2_0" nVehContrib="3" flow="360.00" occupancy="7.79" speed="7.96" harmonicMeanSpeed="6.42" length="5.00" nVehEntered="3"/>
    <interval begin="420.00" end="450.00" id="D8_2_0" nVehContrib="7" flow="840.00" occupancy="25.26" speed="6.16" harmonicMeanSpeed="4.62" length="5.00" nVehEntered="7"/>
    <interval begin="450.00" end="480.00" id="D8_2_0" nVehContrib="0" flow="0.00" occupancy="0.00" speed="-1.00" harmonicMeanSpeed="-1.00" length="-1.00" nVehEntered="0"/>
    <interval begin="480.00" end="510.00" id="D8_2_0" nVehContrib="7" flow="840.00" occupancy="23.55" speed="6.16" harmonicMeanSpeed="4.95" length="5.00" nVehEntered="7"/>
    <interval begin="510.00" end="540.00" id="D8_2_0" nVehContrib="3" flow="360.00" occupancy="10.78" speed="5.40" harmonicMeanSpeed="4.64" length="5.00" nVehEntered="3"/>
    <interval begin="540.00" end="570.00" id="D8_2_0" nVehContrib="4" flow="480.00" occupancy="15.17" speed="6.27" harmonicMeanSpeed="4.39" length="5.00" nVehEntered="4"/>
    <interval begin="570.00" end="600.00" id="D8_2_0" nVehContrib="5" flow="600.00" occupancy="19.19" speed="5.26" harmonicMeanSpeed="4.54" length="5.00" nVehEntered="6"/>
    <interval begin="600.00" end="630.00" id="D8_2_0" nVehContrib="1" flow="120.00" occupancy="8.49" speed="1.79" harmonicMeanSpeed="1.79" length="5.00" nVehEntered="0"/>
    <interval begin="630.00" end="660.00" id="D8_2_0" nVehContrib="7" flow="840.00" occupancy="24.27" speed="6.27" harmonicMeanSpeed="4.81" length="5.00" nVehEntered="7"/>
    <interval begin="660.00" end="690.00" id="D8_2_0" nVehContrib="0" flow="0.00" occupancy="0.00" speed="-1.00" harmonicMeanSpeed="-1.00" length="-1.00" nVehEntered="0"/>
    <interval begin="690.00" end="720.00" id="D8_2_0" nVehContrib="7" flow="840.00" occupancy="28.53" speed="5.49" harmonicMeanSpeed="4.09" length="5.00" nVehEntered="7"/>
    <interval begin="720.00" end="750.00" id="D8_2_0" nVehContrib="2" flow="240.00" occupancy="10.60" speed="3.80" harmonicMeanSpeed="3.15" length="5.00" nVehEntered="2"/>
    <interval begin="750.00" end="780.00" id="D8_2_0" nVehContrib="5" flow="600.00" occupancy="15.84" speed="6.50" harmonicMeanSpeed="5.26" length="5.00" nVehEntered="5"/>
    <interval begin="780.00" end="810.00" id="D8_2_0" nVehContrib="5" flow="600.00" occupancy="14.97" speed="7.44" harmonicMeanSpeed="5.57" length="5.00" nVehEntered="5"/>
    <interval begin="810.00" end="840.00" id="D8_2_0" nVehContrib="2" flow="240.00" occupancy="10.79" speed="4.25" harmonicMeanSpeed="3.09" length="5.00" nVehEntered="2"/>
    <interval begin="840.00" end="870.00" id="D8_2_0" nVehContrib="6" flow="720.00" occupancy="24.56" speed="5.99" harmonicMeanSpeed="4.82" length="5.00" nVehEntered="7"/>
    <interval begin="870.00" end="900.00" id="D8_2_0" nVehContrib="1" flow="120.00" occupancy="2.79" speed="2.52" harmonicMeanSpeed="2.52" length="5.00" nVehEntered="0"/>
    <interval begin="900.00" end="930.00" id="D8_2_0" nVehContrib="7" flow="840.00" occupancy="29.05" speed="5.47" harmonicMeanSpeed="4.02" length="5.00" nVehEntered="7"/>
    <interval begin="930.00" end="960.00" id="D8_2_0" nVehContrib="0" flow="0.00" occupancy="0.00" speed="-1.00" harmonicMeanSpeed="-1.00" length="-1.00" nVehEntered="0"/>
    <interval begin="960.00" end="990.00" id="D8_2_0" nVehContrib="7" flow="840.00" occupancy="23.94" speed="6.13" harmonicMeanSpeed="4.87" length="5.00" nVehEntered="7"/>
    <interval begin="990.00" end="1020.00" id="D8_2_0" nVehContrib="2" flow="240.00" occupancy="9.07" speed="3.95" harmonicMeanSpeed="3.68" length="5.00" nVehEntered="2"/>
    <interval begin="1020.00" end="1050.00" id="D8_2_0" nVehContrib="5" flow="600.00" occupancy="19.39" speed="6.32" harmonicMeanSpeed="4.30" length="5.00" nVehEntered="5"/>
    <interval begin="1050.00" end="1080.00" id="D8_2_0" nVehContrib="3" flow="360.00" occupancy="19.91" speed="3.22" harmonicMeanSpeed="2.63" length="5.00" nVehEntered="4"/>
    <interval begin="1080.00" end="1110.00" id="D8_2_0" nVehContrib="2" flow="240.00" occupancy="14.78" speed="3.26" harmonicMeanSpeed="2.12" length="5.00" nVehEntered="1"/>
    <interval begin="1110.00" end="1140.00" id="D8_2_0" nVehContrib="6" flow="720.00" occupancy="22.81" speed="5.38" harmonicMeanSpeed="4.38" length="5.00" nVehEntered="6"/>
    <interval begin="1140.00" end="1170.00" id="D8_2_0" nVehContrib="1" flow="120.00" occupancy="7.44" speed="2.24" harmonicMeanSpeed="2.24" length="5.00" nVehEntered="1"/>
    <interval begin="1170.00" end="1200.00" id="D8_2_0" nVehContrib="7" flow="840.00" occupancy="30.70" speed="4.98" harmonicMeanSpeed="3.80" length="5.00" nVehEntered="7"/>
    <interval begin="1200.00" end="1230.00" id="D8_2_0" nVehContrib="0" flow="0.00" occupancy="0.00" speed="-1.00" harmonicMeanSpeed="-1.00" length="-1.00" nVehEntered="0"/>
    <interval begin="1230.00" end="1260.00" id="D8_2_0" nVehContrib="6" flow="720.00" occupancy="29.51" speed="4.21" harmonicMeanSpeed="3.39" length="5.00" nVehEntered="6"/>
    <interval begin="1260.00" end="1290.00" id="D8_2_0" nVehContrib="1" flow="120.00" occupancy="7.32" speed="2.28" harmonicMeanSpeed="2.28" length="5.00" nVehEntered="1"/>
    <interval begin="1290.00" end="1320.00" id="D8_2_0" nVehContrib="4" flow="480.00" occupancy="20.75" speed="4.05" harmonicMeanSpeed="3.21" length="5.00" nVehEntered="4"/>
    <interval begin="1320.00" end="1350.00" id="D8_2_0" nVehContrib="5" flow="600.00" occupancy="14.89" speed="6.86" harmonicMeanSpeed="5.60" length="5.00" nVehEntered="5"/>
    <interval begin="1350.00" end="1380.00" id="D8_2_0" nVehContrib="2" flow="240.00" occupancy="9.21" speed="4.16" harmonicMeanSpeed="3.62" length="5.00" nVehEntered="2"/>
    <interval begin="1380.00" end="1410.00" id="D8_2_0" nVehContrib="5" flow="600.00" occupancy="32.34" speed="3.60" harmonicMeanSpeed="2.58" length="5.00" nVehEntered="5"/>
    <interval begin="1410.00" end="1440.00" id="D8_2_0" nVehContrib="1" flow="120.00" occupancy="4.46" speed="3.74" harmonicMeanSpeed="3.74" length="5.00" nVehEntered="1"/>
    <interval begin="1440.00" end="1470.00" id="D8_2_0" nVehContrib="7" flow="840.00" occupancy="26.92" speed="5.89" harmonicMeanSpeed="4.33" length="5.00" nVehEntered="7"/>
    <interval begin="1470.00" end="1500.00" id="D8_2_0" nVehContrib="0" flow="0.00" occupancy="0.00" speed="-1.00" harmonicMeanSpeed="-1.00" length="-1.00" nVehEntered="0"/>
    <interval begin="1500.00" end="1530.00" id="D8_2_0" nVehContrib="5" flow="600.00" occupancy="26.05" speed="3.87" harmonicMeanSpeed="3.20" length="5.00" nVehEntered="5"/>
    <interval begin="1530.00" end="1560.00" id="D8_2_0" nVehContrib="2" flow="240.00" occupancy="8.67" speed="4.38" harmonicMeanSpeed="3.84" length="5.00" nVehEntered="2"/>
    <interval begin="1560.00" end="1590.00" id="D8_2_0" nVehContrib="5" flow="600.00" occupancy="16.71" speed="6.88" harmonicMeanSpeed="4.99" length="5.00" nVehEntered="5"/>
    <interval begin="1590.00" end="1620.00" id="D8_2_0" nVehContrib="2" flow="240.00" occupancy="23.58" speed="1.45" harmonicMeanSpeed="1.41" length="5.00" nVehEntered="2"/>
    <interval begin="1620.00" end="1650.00" id="D8_2_0" nVehContrib="4" flow="480.00" occupancy="16.87" speed="5.06" harmonicMeanSpeed="3.95" length="5.00" nVehEntered="4"/>
    <interval begin="1650.00" end="1680.00" id="D8_2_0" nVehContrib="6" flow="720.00" occupancy="16.74" speed="7.18" harmonicMeanSpeed="6.08" length="5.00" nVehEntered="8"/>
    <interval begin="1680.00" end="1710.00" id="D8_2_0" nVehContrib="1" flow="120.00" occupancy="4.87" speed="3.22" harmonicMeanSpeed="3.22" length="5.00" nVehEntered="0"/>
    <interval begin="1710.00" end="1740.00" id="D8_2_0" nVehContrib="8" flow="960.00" occupancy="28.60" speed="6.77" harmonicMeanSpeed="4.66" length="5.00" nVehEntered="8"/>
    <interval begin="1740.00" end="1770.00" id="D8_2_0" nVehContrib="0" flow="0.00" occupancy="0.00" speed="-1.00" harmonicMeanSpeed="-1.00" length="-1.00" nVehEntered="0"/>
    <interval begin="1770.00" end="1800.00" id="D8_2_0" nVehContrib="7" flow="840.00" occupancy="29.89" speed="5.88" harmonicMeanSpeed="3.90" length="5.00" nVehEntered="7"/>
    <interval begin="1800.00" end="1830.00" id="D8_2_0" nVehContrib="2" flow="240.00" occupancy="10.48" speed="3.66" harmonicMeanSpeed="3.18" length="5.00" nVehEntered="2"/>
    <interval begin="1830.00" end="1860.00" id="D8_2_0" nVehContrib="5" flow="600.00" occupancy="17.20" speed="6.61" harmonicMeanSpeed="4.84" length="5.00" nVehEntered="5"/>
    <interval begin="1860.00" end="1890.00" id="D8_2_0" nVehContrib="4" flow="480.00" occupancy="15.00" speed="5.30" harmonicMeanSpeed="4.44" length="5.00" nVehEntered="4"/>
    <interval begin="1890.00" end="1920.00" id="D8_2_0" nVehContrib="3" flow="360.00" occupancy="11.94" speed="5.44" harmonicMeanSpeed="4.19" length="5.00" nVehEntered="3"/>
    <interval begin="1920.00" end="1950.00" id="D8_2_0" nVehContrib="6" flow="720.00" occupancy="26.21" speed="6.34" harmonicMeanSpeed="5.23" length="5.00" nVehEntered="7"/>
    <interval begin="1950.00" end="1980.00" id="D8_2_0" nVehContrib="1" flow="120.00" occupancy="1.68" speed="1.90" harmonicMeanSpeed="1.90" length="5.00" nVehEntered="0"/>
    <interval begin="1980.00" end="2010.00" id="D8_2_0" nVehContrib="7" flow="840.00" occupancy="24.49" speed="6.31" harmonicMeanSpeed="4.76" length="5.00" nVehEntered="7"/>
    <interval begin="2010.00" end="2040.00" id="D8_2_0" nVehContrib="0" flow="0.00" occupancy="0.00" speed="-1.00" harmonicMeanSpeed="-1.00" length="-1.00" nVehEntered="0"/>
    <interval begin="2040.00" end="2070.00" id="D8_2_0" nVehContrib="6" flow="720.00" occupancy="31.62" speed="4.03" harmonicMeanSpeed="3.16" length="5.00" nVehEntered="6"/>
    <interval begin="2070.00" end="2100.00" id="D8_2_0" nVehContrib="2" flow="240.00" occupancy="10.53" speed="4.05" harmonicMeanSpeed="3.17" length="5.00" nVehEntered="2"/>
    <interval begin="2100.00" end="2130.00" id="D8_2_0" nVehContrib="5" flow="600.00" occupancy="14.52" speed="6.51" harmonicMeanSpeed="5.74" length="5.00" nVehEntered="5"/>
    <interval begin="2130.00" end="2160.00" id="D8_2_0" nVehContrib="5" flow="600.00" occupancy="16.95" speed="6.56" harmonicMeanSpeed="4.92" length="5.00" nVehEntered="5"/>
    <interval begin="2160.00" end="2190.00" id="D8_2_0" nVehContrib="3" flow="360.00" occupancy="9.66" speed="6.74" harmonicMeanSpeed="5.17" length="5.00" nVehEntered="3"/>
    <interval begin="2190.00" end="2220.00" id="D8_2_0" nVehContrib="6" flow="720.00" occupancy="24.12" speed="4.83" harmonicMeanSpeed="4.15" length="5.00" nVehEntered="6"/>
    <interval begin="2220.00" end="2250.00" id="D8_2_0" nVehContrib="1" flow="120.00" occupancy="3.65" speed="4.56" harmonicMeanSpeed="4.56" length="5.00" nVehEntered="1"/>
    <interval begin="2250.00" end="2280.00" id="D8_2_0" nVehContrib="7" flow="840.00" occupancy="25.39" speed="6.21" harmonicMeanSpeed="4.59" length="5.00" nVehEntered="7"/>
    <interval begin="2280.00" end="2310.00" id="D8_2_0" nVehContrib="0" flow="0.00" occupancy="0.00" speed="-1.00" harmonicMeanSpeed="-1.00" length="-1.00" nVehEntered="0"/>
    <interval begin="2310.00" end="2340.00" id="D8_2_0" nVehContrib="7" flow="840.00" occupancy="25.94" speed="5.86" harmonicMeanSpeed="4.50" length="5.00" nVehEntered="7"/>
    <interval begin="2340.00" end="2370.00" id="D8_2_0" nVehContrib="1" flow="120.00" occupancy="8.54" speed="2.86" harmonicMeanSpeed="2.86" length="5.00" nVehEntered="2"/>
    <interval begin="2370.00" end="2400.00" id="D8_2_0" nVehContrib="6" flow="720.00" occupancy="14.30" speed="7.13" harmonicMeanSpeed="5.88" length="5.00" nVehEntered="5"/>
    <interval begin="2400.00" end="2430.00" id="D8_2_0" nVehContrib="3" flow="360.00" occupancy="21.20" speed="3.08" harmonicMeanSpeed="2.41" length="5.00" nVehEntered="4"/>
    <interval begin="2430.00" end="2460.00" id="D8_2_0" nVehContrib="2" flow="240.00" occupancy="11.75" speed="3.64" harmonicMeanSpeed="2.73" length="5.00" nVehEntered="1"/>
    <interval begin="2460.00" end="2490.00" id="D8_2_0" nVehContrib="4" flow="480.00" occupancy="21.66" speed="4.85" harmonicMeanSpeed="3.08" length="5.00" nVehEntered="4"/>
    <interval begin="2490.00" end="2520.00" id="D8_2_0" nVehContrib="2" flow="240.00" occupancy="5.80" speed="6.46" harmonicMeanSpeed="5.75" length="5.00" nVehEntered="2"/>
    <interval begin="2520.00" end="2550.00" id="D8_2_0" nVehContrib="7" flow="840.00" occupancy="21.37" speed="7.14" harmonicMeanSpeed="5.46" length="5.00" nVehEntered="7"/>
    <interval begin="2550.00" end="2580.00" id="D8_2_0" nVehContrib="0" flow="0.00" occupancy="0.00" speed="-1.00" harmonicMeanSpeed="-1.00" length="-1.00" nVehEntered="0"/>
    <interval begin="2580.00" end="2610.00" id="D8_2_0" nVehContrib="5" flow="600.00" occupancy="37.39" speed="3.28" harmonicMeanSpeed="2.23" length="5.00" nVehEntered="5"/>
    <interval begin="2610.00" end="2640.00" id="D8_2_0" nVehContrib="1" flow="120.00" occupancy="10.30" speed="2.42" harmonicMeanSpeed="2.42" length="5.00" nVehEntered="2"/>
    <interval begin="2640.00" end="2670.00" id="D8_2_0" nVehContrib="3" flow="360.00" occupancy="25.31" speed="2.00" harmonicMeanSpeed="1.74" length="5.00" nVehEntered="2"/>
    <interval begin="2670.00" end="2700.00" id="D8_2_0" nVehContrib="3" flow="360.00" occupancy="18.36" speed="2.94" harmonicMeanSpeed="2.72" length="5.00" nVehEntered="3"/>
    <interval begin="2700.00" end="2730.00" id="D8_2_0" nVehContrib="2" flow="240.00" occupancy="13.91" speed="3.98" harmonicMeanSpeed="2.40" length="5.00" nVehEntered="2"/>
    <interval begin="2730.00" end="2760.00" id="D8_2_0" nVehContrib="5" flow="600.00" occupancy="22.35" speed="5.87" harmonicMeanSpeed="4.99" length="5.00" nVehEntered="6"/>
    <interval begin="2760.00" end="2790.00" id="D8_2_0" nVehContrib="1" flow="120.00" occupancy="0.89" speed="2.55" harmonicMeanSpeed="2.55" length="5.00" nVehEntered="0"/>
    <interval begin="2790.00" end="2820.00" id="D8_2_0" nVehContrib="7" flow="840.00" occupancy="29.36" speed="5.59" harmonicMeanSpeed="3.97" length="5.00" nVehEntered="7"/>
    <interval begin="2820.00" end="2850.00" id="D8_2_0" nVehContrib="0" flow="0.00" occupancy="0.41" speed="-1.00" harmonicMeanSpeed="-1.00" length="-1.00" nVehEntered="1"/>
    <interval begin="2850.00" end="2880.00" id="D8_2_0" nVehContrib="7" flow="840.00" occupancy="26.44" speed="6.10" harmonicMeanSpeed="4.34" length="5.00" nVehEntered="6"/>
    <interval begin="2880.00" end="2910.00" id="D8_2_0" nVehContrib="1" flow="120.00" occupancy="8.55" speed="2.06" harmonicMeanSpeed="2.06" length="5.00" nVehEntered="2"/>
    <interval begin="2910.00" end="2940.00" id="D8_2_0" nVehContrib="5" flow="600.00" occupancy="25.16" speed="4.46" harmonicMeanSpeed="3.25" length="5.00" nVehEntered="4"/>
    <interval begin="2940.00" end="2970.00" id="D8_2_0" nVehContrib="5" flow="600.00" occupancy="13.20" speed="7.31" harmonicMeanSpeed="6.31" length="5.00" nVehEntered="5"/>
    <interval begin="2970.00" end="3000.00" id="D8_2_0" nVehContrib="2" flow="240.00" occupancy="12.71" speed="3.68" harmonicMeanSpeed="2.62" length="5.00" nVehEntered="2"/>
    <interval begin="3000.00" end="3030.00" id="D8_2_0" nVehContrib="4" flow="480.00" occupancy="29.61" speed="4.06" harmonicMeanSpeed="3.32" length="5.00" nVehEntered="5"/>
    <interval begin="3030.00" end="3060.00" id="D8_2_0" nVehContrib="1" flow="120.00" occupancy="0.40" speed="1.68" harmonicMeanSpeed="1.68" length="5.00" nVehEntered="0"/>
    <interval begin="3060.00" end="3090.00" id="D8_2_0" nVehContrib="7" flow="840.00" occupancy="26.58" speed="5.70" harmonicMeanSpeed="4.39" length="5.00" nVehEntered="7"/>
    <interval begin="3090.00" end="3120.00" id="D8_2_0" nVehContrib="0" flow="0.00" occupancy="0.00" speed="-1.00" harmonicMeanSpeed="-1.00" length="-1.00" nVehEntered="0"/>
    <interval begin="3120.00" end="3150.00" id="D8_2_0" nVehContrib="3" flow="360.00" occupancy="48.80" speed="1.19" harmonicMeanSpeed="1.02" length="5.00" nVehEntered="3"/>
    <interval begin="3150.00" end="3180.00" id="D8_2_0" nVehContrib="1" flow="120.00" occupancy="9.24" speed="1.80" harmonicMeanSpeed="1.80" length="5.00" nVehEntered="1"/>
    <interval begin="3180.00" end="3210.00" id="D8_2_0" nVehContrib="4" flow="480.00" occupancy="26.02" speed="3.36" harmonicMeanSpeed="2.56" length="5.00" nVehEntered="4"/>
    <interval begin="3210.00" end="3240.00" id="D8_2_0" nVehContrib="3" flow="360.00" occupancy="16.06" speed="3.30" harmonicMeanSpeed="3.11" length="5.00" nVehEntered="3"/>
    <interval begin="3240.00" end="3270.00" id="D8_2_0" nVehContrib="2" flow="240.00" occupancy="12.16" speed="3.29" harmonicMeanSpeed="2.74" length="5.00" nVehEntered="2"/>
    <interval begin="3270.00" end="3300.00" id="D8_2_0" nVehContrib="5" flow="600.00" occupancy="27.37" speed="3.64" harmonicMeanSpeed="3.04" length="5.00" nVehEntered="5"/>
    <interval begin="3300.00" end="3330.00" id="D8_2_0" nVehContrib="0" flow="0.00" occupancy="0.00" speed="-1.00" harmonicMeanSpeed="-1.00" length="-1.00" nVehEntered="0"/>
    <interval begin="3330.00" end="3360.00" id="D8_2_0" nVehContrib="7" flow="840.00" occupancy="32.34" speed="4.40" harmonicMeanSpeed="3.61" length="5.00" nVehEntered="7"/>
    <interval begin="3360.00" end="3390.00" id="D8_2_0" nVehContrib="0" flow="0.00" occupancy="0.00" speed="-1.00" harmonicMeanSpeed="-1.00" length="-1.00" nVehEntered="0"/>
    <interval begin="3390.00" end="3420.00" id="D8_2_0" nVehContrib="7" flow="840.00" occupancy="24.71" speed="6.21" harmonicMeanSpeed="4.72" length="5.00" nVehEntered="7"/>
    <interval begin="3420.00" end="3450.00" id="D8_2_0" nVehContrib="1" flow="120.00" occupancy="7.95" speed="2.10" harmonicMeanSpeed="2.10" length="5.00" nVehEntered="1"/>
    <interval begin="3450.00" end="3480.00" id="D8_2_0" nVehContrib="4" flow="480.00" occupancy="23.24" speed="3.74" harmonicMeanSpeed="2.87" length="5.00" nVehEntered="4"/>
    <interval begin="3480.00" end="3510.00" id="D8_2_0" nVehContrib="4" flow="480.00" occupancy="12.89" speed="6.27" harmonicMeanSpeed="5.17" length="5.00" nVehEntered="4"/>
    <interval begin="3510.00" end="3540.00" id="D8_2_0" nVehContrib="2" flow="240.00" occupancy="9.57" speed="3.94" harmonicMeanSpeed="3.48" length="5.00" nVehEntered="2"/>
    <interval begin="3540.00" end="3570.00" id="D8_2_0" nVehContrib="6" flow="720.00" occupancy="26.17" speed="6.11" harmonicMeanSpeed="5.19" length="5.00" nVehEntered="7"/>
    <interval begin="3570.00" end="3594.00" id="D8_2_0" nVehContrib="1" flow="150.00" occupancy="3.40" speed="1.73" harmonicMeanSpeed="1.73" length="5.00" nVehEntered="0"/>
</detector>
