<?xml version="1.0" encoding="UTF-8"?>

<!-- generated on 01/27/20 08:48:22 by Eclipse SUMO Version 1.3.1
<configuration xmlns:xsi="http://www.w3.org/2001/XMLSchema-instance" xsi:noNamespaceSchemaLocation="http://sumo.dlr.de/xsd/sumoConfiguration.xsd">

    <input>
        <net-file value="gnet.net.xml"/>
        <route-files value="grou.rou.xml"/>
        <additional-files value="gadd.additional.xml"/>
    </input>

    <output>
        <queue-output value="Queue.xml"/>
        <summary-output value="Summary.xml"/>
        <tripinfo-output value="output-tripinfos.xml"/>
    </output>

    <time>
        <begin value="0"/>
        <end value="3600"/>
    </time>

    <processing>
        <time-to-teleport value="3600"/>
    </processing>

    <traci_server>
        <remote-port value="12790"/>
    </traci_server>

    <gui_only>
        <gui-settings-file value="gview.view.xml"/>
        <quit-on-end value="true"/>
        <start value="true"/>
    </gui_only>

</configuration>
-->

<detector xmlns:xsi="http://www.w3.org/2001/XMLSchema-instance" xsi:noNamespaceSchemaLocation="http://sumo.dlr.de/xsd/det_e1_file.xsd">
    <interval begin="0.00" end="30.00" id="D8_3_2" nVehContrib="1" flow="120.00" occupancy="0.64" speed="25.89" harmonicMeanSpeed="25.89" length="5.00" nVehEntered="1"/>
    <interval begin="30.00" end="60.00" id="D8_3_2" nVehContrib="1" flow="120.00" occupancy="0.69" speed="24.06" harmonicMeanSpeed="24.06" length="5.00" nVehEntered="1"/>
    <interval begin="60.00" end="90.00" id="D8_3_2" nVehContrib="1" flow="120.00" occupancy="0.71" speed="23.55" harmonicMeanSpeed="23.55" length="5.00" nVehEntered="1"/>
    <interval begin="90.00" end="120.00" id="D8_3_2" nVehContrib="1" flow="120.00" occupancy="0.66" speed="25.10" harmonicMeanSpeed="25.10" length="5.00" nVehEntered="1"/>
    <interval begin="120.00" end="150.00" id="D8_3_2" nVehContrib="0" flow="0.00" occupancy="0.00" speed="-1.00" harmonicMeanSpeed="-1.00" length="-1.00" nVehEntered="0"/>
    <interval begin="150.00" end="180.00" id="D8_3_2" nVehContrib="1" flow="120.00" occupancy="0.64" speed="25.93" harmonicMeanSpeed="25.93" length="5.00" nVehEntered="1"/>
    <interval begin="180.00" end="210.00" id="D8_3_2" nVehContrib="1" flow="120.00" occupancy="0.68" speed="24.50" harmonicMeanSpeed="24.50" length="5.00" nVehEntered="1"/>
    <interval begin="210.00" end="240.00" id="D8_3_2" nVehContrib="1" flow="120.00" occupancy="0.68" speed="24.34" harmonicMeanSpeed="24.34" length="5.00" nVehEntered="1"/>
    <interval begin="240.00" end="270.00" id="D8_3_2" nVehContrib="1" flow="120.00" occupancy="0.75" speed="22.28" harmonicMeanSpeed="22.28" length="5.00" nVehEntered="1"/>
    <interval begin="270.00" end="300.00" id="D8_3_2" nVehContrib="1" flow="120.00" occupancy="0.65" speed="25.62" harmonicMeanSpeed="25.62" length="5.00" nVehEntered="1"/>
    <interval begin="300.00" end="330.00" id="D8_3_2" nVehContrib="1" flow="120.00" occupancy="0.66" speed="25.08" harmonicMeanSpeed="25.08" length="5.00" nVehEntered="1"/>
    <interval begin="330.00" end="360.00" id="D8_3_2" nVehContrib="0" flow="0.00" occupancy="0.00" speed="-1.00" harmonicMeanSpeed="-1.00" length="-1.00" nVehEntered="0"/>
    <interval begin="360.00" end="390.00" id="D8_3_2" nVehContrib="1" flow="120.00" occupancy="0.65" speed="25.45" harmonicMeanSpeed="25.45" length="5.00" nVehEntered="1"/>
    <interval begin="390.00" end="420.00" id="D8_3_2" nVehContrib="1" flow="120.00" occupancy="0.71" speed="23.31" harmonicMeanSpeed="23.31" length="5.00" nVehEntered="1"/>
    <interval begin="420.00" end="450.00" id="D8_3_2" nVehContrib="1" flow="120.00" occupancy="0.63" speed="26.26" harmonicMeanSpeed="26.26" length="5.00" nVehEntered="1"/>
    <interval begin="450.00" end="480.00" id="D8_3_2" nVehContrib="1" flow="120.00" occupancy="0.65" speed="25.71" harmonicMeanSpeed="25.71" length="5.00" nVehEntered="1"/>
    <interval begin="480.00" end="510.00" id="D8_3_2" nVehContrib="1" flow="120.00" occupancy="0.65" speed="25.63" harmonicMeanSpeed="25.63" length="5.00" nVehEntered="1"/>
    <interval begin="510.00" end="540.00" id="D8_3_2" nVehContrib="1" flow="120.00" occupancy="0.68" speed="24.46" harmonicMeanSpeed="24.46" length="5.00" nVehEntered="1"/>
    <interval begin="540.00" end="570.00" id="D8_3_2" nVehContrib="1" flow="120.00" occupancy="0.67" speed="24.85" harmonicMeanSpeed="24.85" length="5.00" nVehEntered="1"/>
    <interval begin="570.00" end="600.00" id="D8_3_2" nVehContrib="0" flow="0.00" occupancy="0.00" speed="-1.00" harmonicMeanSpeed="-1.00" length="-1.00" nVehEntered="0"/>
    <interval begin="600.00" end="630.00" id="D8_3_2" nVehContrib="1" flow="120.00" occupancy="0.64" speed="26.14" harmonicMeanSpeed="26.14" length="5.00" nVehEntered="1"/>
    <interval begin="630.00" end="660.00" id="D8_3_2" nVehContrib="1" flow="120.00" occupancy="0.65" speed="25.51" harmonicMeanSpeed="25.51" length="5.00" nVehEntered="1"/>
    <interval begin="660.00" end="690.00" id="D8_3_2" nVehContrib="1" flow="120.00" occupancy="0.68" speed="24.39" harmonicMeanSpeed="24.39" length="5.00" nVehEntered="1"/>
    <interval begin="690.00" end="720.00" id="D8_3_2" nVehContrib="1" flow="120.00" occupancy="0.68" speed="24.47" harmonicMeanSpeed="24.47" length="5.00" nVehEntered="1"/>
    <interval begin="720.00" end="750.00" id="D8_3_2" nVehContrib="1" flow="120.00" occupancy="0.68" speed="24.47" harmonicMeanSpeed="24.47" length="5.00" nVehEntered="1"/>
    <interval begin="750.00" end="780.00" id="D8_3_2" nVehContrib="1" flow="120.00" occupancy="0.68" speed="24.68" harmonicMeanSpeed="24.68" length="5.00" nVehEntered="1"/>
    <interval begin="780.00" end="810.00" id="D8_3_2" nVehContrib="1" flow="120.00" occupancy="0.67" speed="24.95" harmonicMeanSpeed="24.95" length="5.00" nVehEntered="1"/>
    <interval begin="810.00" end="840.00" id="D8_3_2" nVehContrib="0" flow="0.00" occupancy="0.00" speed="-1.00" harmonicMeanSpeed="-1.00" length="-1.00" nVehEntered="0"/>
    <interval begin="840.00" end="870.00" id="D8_3_2" nVehContrib="1" flow="120.00" occupancy="0.64" speed="26.09" harmonicMeanSpeed="26.09" length="5.00" nVehEntered="1"/>
    <interval begin="870.00" end="900.00" id="D8_3_2" nVehContrib="1" flow="120.00" occupancy="0.71" speed="23.49" harmonicMeanSpeed="23.49" length="5.00" nVehEntered="1"/>
    <interval begin="900.00" end="930.00" id="D8_3_2" nVehContrib="2" flow="240.00" occupancy="2.35" speed="17.57" harmonicMeanSpeed="14.15" length="5.00" nVehEntered="2"/>
    <interval begin="930.00" end="960.00" id="D8_3_2" nVehContrib="1" flow="120.00" occupancy="0.67" speed="24.93" harmonicMeanSpeed="24.93" length="5.00" nVehEntered="1"/>
    <interval begin="960.00" end="990.00" id="D8_3_2" nVehContrib="2" flow="240.00" occupancy="2.66" speed="15.03" harmonicMeanSpeed="12.54" length="5.00" nVehEntered="2"/>
    <interval begin="990.00" end="1020.00" id="D8_3_2" nVehContrib="1" flow="120.00" occupancy="0.67" speed="25.01" harmonicMeanSpeed="25.01" length="5.00" nVehEntered="1"/>
    <interval begin="1020.00" end="1050.00" id="D8_3_2" nVehContrib="3" flow="360.00" occupancy="4.01" speed="15.37" harmonicMeanSpeed="12.46" length="5.00" nVehEntered="3"/>
    <interval begin="1050.00" end="1080.00" id="D8_3_2" nVehContrib="0" flow="0.00" occupancy="0.00" speed="-1.00" harmonicMeanSpeed="-1.00" length="-1.00" nVehEntered="0"/>
    <interval begin="1080.00" end="1110.00" id="D8_3_2" nVehContrib="4" flow="480.00" occupancy="5.96" speed="11.50" harmonicMeanSpeed="11.19" length="5.00" nVehEntered="4"/>
    <interval begin="1110.00" end="1140.00" id="D8_3_2" nVehContrib="1" flow="120.00" occupancy="0.66" speed="25.39" harmonicMeanSpeed="25.39" length="5.00" nVehEntered="1"/>
    <interval begin="1140.00" end="1170.00" id="D8_3_2" nVehContrib="1" flow="120.00" occupancy="0.68" speed="24.48" harmonicMeanSpeed="24.48" length="5.00" nVehEntered="1"/>
    <interval begin="1170.00" end="1200.00" id="D8_3_2" nVehContrib="5" flow="600.00" occupancy="8.16" speed="12.53" harmonicMeanSpeed="10.21" length="5.00" nVehEntered="5"/>
    <interval begin="1200.00" end="1230.00" id="D8_3_2" nVehContrib="2" flow="240.00" occupancy="1.42" speed="23.46" harmonicMeanSpeed="23.43" length="5.00" nVehEntered="2"/>
    <interval begin="1230.00" end="1260.00" id="D8_3_2" nVehContrib="6" flow="720.00" occupancy="7.41" speed="14.61" harmonicMeanSpeed="13.50" length="5.00" nVehEntered="6"/>
    <interval begin="1260.00" end="1290.00" id="D8_3_2" nVehContrib="1" flow="120.00" occupancy="0.66" speed="25.30" harmonicMeanSpeed="25.30" length="5.00" nVehEntered="1"/>
    <interval begin="1290.00" end="1320.00" id="D8_3_2" nVehContrib="0" flow="0.00" occupancy="0.00" speed="-1.00" harmonicMeanSpeed="-1.00" length="-1.00" nVehEntered="0"/>
    <interval begin="1320.00" end="1350.00" id="D8_3_2" nVehContrib="0" flow="0.00" occupancy="0.00" speed="-1.00" harmonicMeanSpeed="-1.00" length="-1.00" nVehEntered="0"/>
    <interval begin="1350.00" end="1380.00" id="D8_3_2" nVehContrib="7" flow="840.00" occupancy="6.63" speed="19.03" harmonicMeanSpeed="17.59" length="5.00" nVehEntered="7"/>
    <interval begin="1380.00" end="1410.00" id="D8_3_2" nVehContrib="3" flow="360.00" occupancy="2.67" speed="19.27" harmonicMeanSpeed="18.70" length="5.00" nVehEntered="3"/>
    <interval begin="1410.00" end="1440.00" id="D8_3_2" nVehContrib="0" flow="0.00" occupancy="0.00" speed="-1.00" harmonicMeanSpeed="-1.00" length="-1.00" nVehEntered="0"/>
    <interval begin="1440.00" end="1470.00" id="D8_3_2" nVehContrib="6" flow="720.00" occupancy="9.29" speed="10.99" harmonicMeanSpeed="10.77" length="5.00" nVehEntered="6"/>
    <interval begin="1470.00" end="1500.00" id="D8_3_2" nVehContrib="2" flow="240.00" occupancy="5.13" speed="6.51" harmonicMeanSpeed="6.50" length="5.00" nVehEntered="2"/>
    <interval begin="1500.00" end="1530.00" id="D8_3_2" nVehContrib="0" flow="0.00" occupancy="0.00" speed="-1.00" harmonicMeanSpeed="-1.00" length="-1.00" nVehEntered="0"/>
    <interval begin="1530.00" end="1560.00" id="D8_3_2" nVehContrib="1" flow="120.00" occupancy="0.65" speed="25.65" harmonicMeanSpeed="25.65" length="5.00" nVehEntered="1"/>
    <interval begin="1560.00" end="1590.00" id="D8_3_2" nVehContrib="8" flow="960.00" occupancy="29.73" speed="10.18" harmonicMeanSpeed="8.97" length="5.00" nVehEntered="9"/>
    <interval begin="1590.00" end="1620.00" id="D8_3_2" nVehContrib="2" flow="240.00" occupancy="4.25" speed="13.38" harmonicMeanSpeed="7.85" length="5.00" nVehEntered="2"/>
    <interval begin="1620.00" end="1650.00" id="D8_3_2" nVehContrib="0" flow="0.00" occupancy="0.00" speed="-1.00" harmonicMeanSpeed="-1.00" length="-1.00" nVehEntered="0"/>
    <interval begin="1650.00" end="1680.00" id="D8_3_2" nVehContrib="2" flow="240.00" occupancy="3.43" speed="9.80" harmonicMeanSpeed="9.72" length="5.00" nVehEntered="2"/>
    <interval begin="1680.00" end="1710.00" id="D8_3_2" nVehContrib="6" flow="720.00" occupancy="6.91" speed="14.58" harmonicMeanSpeed="14.48" length="5.00" nVehEntered="6"/>
    <interval begin="1710.00" end="1740.00" id="D8_3_2" nVehContrib="2" flow="240.00" occupancy="3.32" speed="10.22" harmonicMeanSpeed="10.03" length="5.00" nVehEntered="2"/>
    <interval begin="1740.00" end="1770.00" id="D8_3_2" nVehContrib="0" flow="0.00" occupancy="0.00" speed="-1.00" harmonicMeanSpeed="-1.00" length="-1.00" nVehEntered="0"/>
    <interval begin="1770.00" end="1800.00" id="D8_3_2" nVehContrib="2" flow="240.00" occupancy="2.58" speed="12.96" harmonicMeanSpeed="12.93" length="5.00" nVehEntered="2"/>
    <interval begin="1800.00" end="1830.00" id="D8_3_2" nVehContrib="0" flow="0.00" occupancy="0.00" speed="-1.00" harmonicMeanSpeed="-1.00" length="-1.00" nVehEntered="0"/>
    <interval begin="1830.00" end="1860.00" id="D8_3_2" nVehContrib="5" flow="600.00" occupancy="7.44" speed="13.12" harmonicMeanSpeed="11.21" length="5.00" nVehEntered="5"/>
    <interval begin="1860.00" end="1890.00" id="D8_3_2" nVehContrib="1" flow="120.00" occupancy="1.17" speed="14.22" harmonicMeanSpeed="14.22" length="5.00" nVehEntered="1"/>
    <interval begin="1890.00" end="1920.00" id="D8_3_2" nVehContrib="1" flow="120.00" occupancy="0.64" speed="26.06" harmonicMeanSpeed="26.06" length="5.00" nVehEntered="1"/>
    <interval begin="1920.00" end="1950.00" id="D8_3_2" nVehContrib="1" flow="120.00" occupancy="1.72" speed="9.71" harmonicMeanSpeed="9.71" length="5.00" nVehEntered="1"/>
    <interval begin="1950.00" end="1980.00" id="D8_3_2" nVehContrib="3" flow="360.00" occupancy="5.95" speed="10.12" harmonicMeanSpeed="8.40" length="5.00" nVehEntered="3"/>
    <interval begin="1980.00" end="2010.00" id="D8_3_2" nVehContrib="4" flow="480.00" occupancy="6.12" speed="13.23" harmonicMeanSpeed="10.90" length="5.00" nVehEntered="4"/>
    <interval begin="2010.00" end="2040.00" id="D8_3_2" nVehContrib="3" flow="360.00" occupancy="5.77" speed="12.12" harmonicMeanSpeed="8.67" length="5.00" nVehEntered="3"/>
    <interval begin="2040.00" end="2070.00" id="D8_3_2" nVehContrib="0" flow="0.00" occupancy="0.00" speed="-1.00" harmonicMeanSpeed="-1.00" length="-1.00" nVehEntered="0"/>
    <interval begin="2070.00" end="2100.00" id="D8_3_2" nVehContrib="0" flow="0.00" occupancy="0.00" speed="-1.00" harmonicMeanSpeed="-1.00" length="-1.00" nVehEntered="0"/>
    <interval begin="2100.00" end="2130.00" id="D8_3_2" nVehContrib="8" flow="960.00" occupancy="10.51" speed="13.07" harmonicMeanSpeed="12.69" length="5.00" nVehEntered="8"/>
    <interval begin="2130.00" end="2160.00" id="D8_3_2" nVehContrib="2" flow="240.00" occupancy="3.05" speed="11.11" harmonicMeanSpeed="10.94" length="5.00" nVehEntered="2"/>
    <interval begin="2160.00" end="2190.00" id="D8_3_2" nVehContrib="5" flow="600.00" occupancy="14.04" speed="9.31" harmonicMeanSpeed="5.93" length="5.00" nVehEntered="5"/>
    <interval begin="2190.00" end="2220.00" id="D8_3_2" nVehContrib="1" flow="120.00" occupancy="1.01" speed="16.48" harmonicMeanSpeed="16.48" length="5.00" nVehEntered="1"/>
    <interval begin="2220.00" end="2250.00" id="D8_3_2" nVehContrib="1" flow="120.00" occupancy="0.86" speed="19.40" harmonicMeanSpeed="19.40" length="5.00" nVehEntered="1"/>
    <interval begin="2250.00" end="2280.00" id="D8_3_2" nVehContrib="5" flow="600.00" occupancy="9.73" speed="8.75" harmonicMeanSpeed="8.56" length="5.00" nVehEntered="5"/>
    <interval begin="2280.00" end="2310.00" id="D8_3_2" nVehContrib="3" flow="360.00" occupancy="14.07" speed="4.18" harmonicMeanSpeed="3.55" length="5.00" nVehEntered="3"/>
    <interval begin="2310.00" end="2340.00" id="D8_3_2" nVehContrib="0" flow="0.00" occupancy="0.00" speed="-1.00" harmonicMeanSpeed="-1.00" length="-1.00" nVehEntered="0"/>
    <interval begin="2340.00" end="2370.00" id="D8_3_2" nVehContrib="0" flow="0.00" occupancy="0.00" speed="-1.00" harmonicMeanSpeed="-1.00" length="-1.00" nVehEntered="0"/>
    <interval begin="2370.00" end="2400.00" id="D8_3_2" nVehContrib="6" flow="720.00" occupancy="14.01" speed="10.81" harmonicMeanSpeed="9.84" length="5.00" nVehEntered="7"/>
    <interval begin="2400.00" end="2430.00" id="D8_3_2" nVehContrib="0" flow="0.00" occupancy="100.00" speed="-1.00" harmonicMeanSpeed="-1.00" length="-1.00" nVehEntered="0"/>
    <interval begin="2430.00" end="2460.00" id="D8_3_2" nVehContrib="4" flow="480.00" occupancy="72.38" speed="5.40" harmonicMeanSpeed="0.38" length="5.00" nVehEntered="3"/>
    <interval begin="2460.00" end="2490.00" id="D8_3_2" nVehContrib="1" flow="120.00" occupancy="1.20" speed="13.89" harmonicMeanSpeed="13.89" length="5.00" nVehEntered="1"/>
    <interval begin="2490.00" end="2520.00" id="D8_3_2" nVehContrib="0" flow="0.00" occupancy="0.00" speed="-1.00" harmonicMeanSpeed="-1.00" length="-1.00" nVehEntered="0"/>
    <interval begin="2520.00" end="2550.00" id="D8_3_2" nVehContrib="6" flow="720.00" occupancy="7.55" speed="14.13" harmonicMeanSpeed="13.24" length="5.00" nVehEntered="6"/>
    <interval begin="2550.00" end="2580.00" id="D8_3_2" nVehContrib="1" flow="120.00" occupancy="0.73" speed="22.95" harmonicMeanSpeed="22.95" length="5.00" nVehEntered="1"/>
    <interval begin="2580.00" end="2610.00" id="D8_3_2" nVehContrib="4" flow="480.00" occupancy="4.36" speed="17.25" harmonicMeanSpeed="15.29" length="5.00" nVehEntered="4"/>
    <interval begin="2610.00" end="2640.00" id="D8_3_2" nVehContrib="1" flow="120.00" occupancy="0.73" speed="22.68" harmonicMeanSpeed="22.68" length="5.00" nVehEntered="1"/>
    <interval begin="2640.00" end="2670.00" id="D8_3_2" nVehContrib="8" flow="960.00" occupancy="9.21" speed="15.41" harmonicMeanSpeed="14.48" length="5.00" nVehEntered="8"/>
    <interval begin="2670.00" end="2700.00" id="D8_3_2" nVehContrib="2" flow="240.00" occupancy="1.86" speed="17.92" harmonicMeanSpeed="17.89" length="5.00" nVehEntered="2"/>
    <interval begin="2700.00" end="2730.00" id="D8_3_2" nVehContrib="0" flow="0.00" occupancy="0.00" speed="-1.00" harmonicMeanSpeed="-1.00" length="-1.00" nVehEntered="0"/>
    <interval begin="2730.00" end="2760.00" id="D8_3_2" nVehContrib="1" flow="120.00" occupancy="0.96" speed="21.76" harmonicMeanSpeed="21.76" length="5.00" nVehEntered="2"/>
    <interval begin="2760.00" end="2790.00" id="D8_3_2" nVehContrib="4" flow="480.00" occupancy="4.19" speed="15.38" harmonicMeanSpeed="15.19" length="5.00" nVehEntered="3"/>
    <interval begin="2790.00" end="2820.00" id="D8_3_2" nVehContrib="1" flow="120.00" occupancy="0.67" speed="24.77" harmonicMeanSpeed="24.77" length="5.00" nVehEntered="1"/>
    <interval begin="2820.00" end="2850.00" id="D8_3_2" nVehContrib="0" flow="0.00" occupancy="0.00" speed="-1.00" harmonicMeanSpeed="-1.00" length="-1.00" nVehEntered="0"/>
    <interval begin="2850.00" end="2880.00" id="D8_3_2" nVehContrib="7" flow="840.00" occupancy="8.26" speed="15.84" harmonicMeanSpeed="14.13" length="5.00" nVehEntered="7"/>
    <interval begin="2880.00" end="2910.00" id="D8_3_2" nVehContrib="2" flow="240.00" occupancy="1.69" speed="20.63" harmonicMeanSpeed="19.72" length="5.00" nVehEntered="2"/>
    <interval begin="2910.00" end="2940.00" id="D8_3_2" nVehContrib="1" flow="120.00" occupancy="0.72" speed="23.24" harmonicMeanSpeed="23.24" length="5.00" nVehEntered="1"/>
    <interval begin="2940.00" end="2970.00" id="D8_3_2" nVehContrib="0" flow="0.00" occupancy="0.00" speed="-1.00" harmonicMeanSpeed="-1.00" length="-1.00" nVehEntered="0"/>
    <interval begin="2970.00" end="3000.00" id="D8_3_2" nVehContrib="7" flow="840.00" occupancy="9.21" speed="14.72" harmonicMeanSpeed="12.67" length="5.00" nVehEntered="7"/>
    <interval begin="3000.00" end="3030.00" id="D8_3_2" nVehContrib="2" flow="240.00" occupancy="1.80" speed="18.54" harmonicMeanSpeed="18.54" length="5.00" nVehEntered="2"/>
    <interval begin="3030.00" end="3060.00" id="D8_3_2" nVehContrib="1" flow="120.00" occupancy="0.68" speed="24.49" harmonicMeanSpeed="24.49" length="5.00" nVehEntered="1"/>
    <interval begin="3060.00" end="3090.00" id="D8_3_2" nVehContrib="5" flow="600.00" occupancy="6.69" speed="13.21" harmonicMeanSpeed="12.46" length="5.00" nVehEntered="5"/>
    <interval begin="3090.00" end="3120.00" id="D8_3_2" nVehContrib="4" flow="480.00" occupancy="5.69" speed="12.12" harmonicMeanSpeed="11.72" length="5.00" nVehEntered="4"/>
    <interval begin="3120.00" end="3150.00" id="D8_3_2" nVehContrib="7" flow="840.00" occupancy="8.83" speed="14.38" harmonicMeanSpeed="13.22" length="5.00" nVehEntered="7"/>
    <interval begin="3150.00" end="3180.00" id="D8_3_2" nVehContrib="1" flow="120.00" occupancy="0.86" speed="19.30" harmonicMeanSpeed="19.30" length="5.00" nVehEntered="1"/>
    <interval begin="3180.00" end="3210.00" id="D8_3_2" nVehContrib="9" flow="1080.00" occupancy="14.34" speed="11.39" harmonicMeanSpeed="10.46" length="5.00" nVehEntered="9"/>
    <interval begin="3210.00" end="3240.00" id="D8_3_2" nVehContrib="1" flow="120.00" occupancy="7.18" speed="2.32" harmonicMeanSpeed="2.32" length="5.00" nVehEntered="1"/>
    <interval begin="3240.00" end="3270.00" id="D8_3_2" nVehContrib="0" flow="0.00" occupancy="0.00" speed="-1.00" harmonicMeanSpeed="-1.00" length="-1.00" nVehEntered="0"/>
    <interval begin="3270.00" end="3300.00" id="D8_3_2" nVehContrib="0" flow="0.00" occupancy="0.00" speed="-1.00" harmonicMeanSpeed="-1.00" length="-1.00" nVehEntered="0"/>
    <interval begin="3300.00" end="3330.00" id="D8_3_2" nVehContrib="3" flow="360.00" occupancy="8.50" speed="5.95" harmonicMeanSpeed="5.89" length="5.00" nVehEntered="3"/>
    <interval begin="3330.00" end="3360.00" id="D8_3_2" nVehContrib="0" flow="0.00" occupancy="0.00" speed="-1.00" harmonicMeanSpeed="-1.00" length="-1.00" nVehEntered="0"/>
    <interval begin="3360.00" end="3390.00" id="D8_3_2" nVehContrib="0" flow="0.00" occupancy="0.00" speed="-1.00" harmonicMeanSpeed="-1.00" length="-1.00" nVehEntered="0"/>
    <interval begin="3390.00" end="3420.00" id="D8_3_2" nVehContrib="9" flow="1080.00" occupancy="17.54" speed="9.82" harmonicMeanSpeed="8.55" length="5.00" nVehEntered="9"/>
    <interval begin="3420.00" end="3450.00" id="D8_3_2" nVehContrib="1" flow="120.00" occupancy="0.75" speed="22.28" harmonicMeanSpeed="22.28" length="5.00" nVehEntered="1"/>
    <interval begin="3450.00" end="3480.00" id="D8_3_2" nVehContrib="1" flow="120.00" occupancy="0.71" speed="23.40" harmonicMeanSpeed="23.40" length="5.00" nVehEntered="1"/>
    <interval begin="3480.00" end="3510.00" id="D8_3_2" nVehContrib="0" flow="0.00" occupancy="0.00" speed="-1.00" harmonicMeanSpeed="-1.00" length="-1.00" nVehEntered="0"/>
    <interval begin="3510.00" end="3540.00" id="D8_3_2" nVehContrib="7" flow="840.00" occupancy="8.39" speed="15.27" harmonicMeanSpeed="13.91" length="5.00" nVehEntered="7"/>
    <interval begin="3540.00" end="3570.00" id="D8_3_2" nVehContrib="1" flow="120.00" occupancy="0.69" speed="24.03" harmonicMeanSpeed="24.03" length="5.00" nVehEntered="1"/>
    <interval begin="3570.00" end="3594.00" id="D8_3_2" nVehContrib="1" flow="150.00" occupancy="0.86" speed="24.33" harmonicMeanSpeed="24.33" length="5.00" nVehEntered="1"/>
</detector>
