<?xml version="1.0" encoding="UTF-8"?>

<!-- generated on 01/27/20 08:48:22 by Eclipse SUMO Version 1.3.1
<configuration xmlns:xsi="http://www.w3.org/2001/XMLSchema-instance" xsi:noNamespaceSchemaLocation="http://sumo.dlr.de/xsd/sumoConfiguration.xsd">

    <input>
        <net-file value="gnet.net.xml"/>
        <route-files value="grou.rou.xml"/>
        <additional-files value="gadd.additional.xml"/>
    </input>

    <output>
        <queue-output value="Queue.xml"/>
        <summary-output value="Summary.xml"/>
        <tripinfo-output value="output-tripinfos.xml"/>
    </output>

    <time>
        <begin value="0"/>
        <end value="3600"/>
    </time>

    <processing>
        <time-to-teleport value="3600"/>
    </processing>

    <traci_server>
        <remote-port value="12790"/>
    </traci_server>

    <gui_only>
        <gui-settings-file value="gview.view.xml"/>
        <quit-on-end value="true"/>
        <start value="true"/>
    </gui_only>

</configuration>
-->

<detector xmlns:xsi="http://www.w3.org/2001/XMLSchema-instance" xsi:noNamespaceSchemaLocation="http://sumo.dlr.de/xsd/det_e1_file.xsd">
    <interval begin="0.00" end="30.00" id="D8_3_0" nVehContrib="3" flow="360.00" occupancy="2.02" speed="24.74" harmonicMeanSpeed="24.71" length="5.00" nVehEntered="3"/>
    <interval begin="30.00" end="60.00" id="D8_3_0" nVehContrib="4" flow="480.00" occupancy="2.76" speed="24.20" harmonicMeanSpeed="24.18" length="5.00" nVehEntered="4"/>
    <interval begin="60.00" end="90.00" id="D8_3_0" nVehContrib="4" flow="480.00" occupancy="2.64" speed="25.22" harmonicMeanSpeed="25.21" length="5.00" nVehEntered="4"/>
    <interval begin="90.00" end="120.00" id="D8_3_0" nVehContrib="4" flow="480.00" occupancy="2.65" speed="25.14" harmonicMeanSpeed="25.12" length="5.00" nVehEntered="4"/>
    <interval begin="120.00" end="150.00" id="D8_3_0" nVehContrib="5" flow="600.00" occupancy="3.40" speed="24.58" harmonicMeanSpeed="24.54" length="5.00" nVehEntered="5"/>
    <interval begin="150.00" end="180.00" id="D8_3_0" nVehContrib="4" flow="480.00" occupancy="2.75" speed="24.23" harmonicMeanSpeed="24.22" length="5.00" nVehEntered="4"/>
    <interval begin="180.00" end="210.00" id="D8_3_0" nVehContrib="2" flow="240.00" occupancy="1.39" speed="23.93" harmonicMeanSpeed="23.90" length="5.00" nVehEntered="2"/>
    <interval begin="210.00" end="240.00" id="D8_3_0" nVehContrib="3" flow="360.00" occupancy="2.07" speed="24.16" harmonicMeanSpeed="24.14" length="5.00" nVehEntered="3"/>
    <interval begin="240.00" end="270.00" id="D8_3_0" nVehContrib="4" flow="480.00" occupancy="2.80" speed="23.90" harmonicMeanSpeed="23.83" length="5.00" nVehEntered="4"/>
    <interval begin="270.00" end="300.00" id="D8_3_0" nVehContrib="2" flow="240.00" occupancy="1.43" speed="23.30" harmonicMeanSpeed="23.30" length="5.00" nVehEntered="2"/>
    <interval begin="300.00" end="330.00" id="D8_3_0" nVehContrib="4" flow="480.00" occupancy="3.01" speed="22.22" harmonicMeanSpeed="22.15" length="5.00" nVehEntered="4"/>
    <interval begin="330.00" end="360.00" id="D8_3_0" nVehContrib="2" flow="240.00" occupancy="1.54" speed="21.88" harmonicMeanSpeed="21.69" length="5.00" nVehEntered="2"/>
    <interval begin="360.00" end="390.00" id="D8_3_0" nVehContrib="3" flow="360.00" occupancy="2.97" speed="17.14" harmonicMeanSpeed="16.82" length="5.00" nVehEntered="3"/>
    <interval begin="390.00" end="420.00" id="D8_3_0" nVehContrib="2" flow="240.00" occupancy="1.70" speed="19.64" harmonicMeanSpeed="19.63" length="5.00" nVehEntered="2"/>
    <interval begin="420.00" end="450.00" id="D8_3_0" nVehContrib="2" flow="240.00" occupancy="2.43" speed="13.75" harmonicMeanSpeed="13.73" length="5.00" nVehEntered="2"/>
    <interval begin="450.00" end="480.00" id="D8_3_0" nVehContrib="4" flow="480.00" occupancy="4.01" speed="17.25" harmonicMeanSpeed="16.61" length="5.00" nVehEntered="4"/>
    <interval begin="480.00" end="510.00" id="D8_3_0" nVehContrib="3" flow="360.00" occupancy="3.17" speed="16.14" harmonicMeanSpeed="15.78" length="5.00" nVehEntered="3"/>
    <interval begin="510.00" end="540.00" id="D8_3_0" nVehContrib="1" flow="120.00" occupancy="1.13" speed="16.43" harmonicMeanSpeed="16.43" length="5.00" nVehEntered="2"/>
    <interval begin="540.00" end="570.00" id="D8_3_0" nVehContrib="3" flow="360.00" occupancy="3.41" speed="14.40" harmonicMeanSpeed="14.18" length="5.00" nVehEntered="2"/>
    <interval begin="570.00" end="600.00" id="D8_3_0" nVehContrib="5" flow="600.00" occupancy="7.41" speed="11.70" harmonicMeanSpeed="11.25" length="5.00" nVehEntered="5"/>
    <interval begin="600.00" end="630.00" id="D8_3_0" nVehContrib="2" flow="240.00" occupancy="3.15" speed="13.43" harmonicMeanSpeed="13.15" length="5.00" nVehEntered="3"/>
    <interval begin="630.00" end="660.00" id="D8_3_0" nVehContrib="4" flow="480.00" occupancy="9.50" speed="8.29" harmonicMeanSpeed="6.59" length="5.00" nVehEntered="3"/>
    <interval begin="660.00" end="690.00" id="D8_3_0" nVehContrib="3" flow="360.00" occupancy="3.98" speed="13.46" harmonicMeanSpeed="12.57" length="5.00" nVehEntered="3"/>
    <interval begin="690.00" end="720.00" id="D8_3_0" nVehContrib="6" flow="720.00" occupancy="20.43" speed="6.43" harmonicMeanSpeed="4.90" length="5.00" nVehEntered="6"/>
    <interval begin="720.00" end="750.00" id="D8_3_0" nVehContrib="2" flow="240.00" occupancy="5.46" speed="7.13" harmonicMeanSpeed="6.10" length="5.00" nVehEntered="2"/>
    <interval begin="750.00" end="780.00" id="D8_3_0" nVehContrib="6" flow="720.00" occupancy="20.90" speed="6.06" harmonicMeanSpeed="4.79" length="5.00" nVehEntered="6"/>
    <interval begin="780.00" end="810.00" id="D8_3_0" nVehContrib="1" flow="120.00" occupancy="3.54" speed="4.70" harmonicMeanSpeed="4.70" length="5.00" nVehEntered="1"/>
    <interval begin="810.00" end="840.00" id="D8_3_0" nVehContrib="7" flow="840.00" occupancy="33.12" speed="5.27" harmonicMeanSpeed="3.52" length="5.00" nVehEntered="7"/>
    <interval begin="840.00" end="870.00" id="D8_3_0" nVehContrib="1" flow="120.00" occupancy="11.04" speed="1.82" harmonicMeanSpeed="1.82" length="5.00" nVehEntered="2"/>
    <interval begin="870.00" end="900.00" id="D8_3_0" nVehContrib="6" flow="720.00" occupancy="23.22" speed="5.41" harmonicMeanSpeed="3.98" length="5.00" nVehEntered="5"/>
    <interval begin="900.00" end="930.00" id="D8_3_0" nVehContrib="4" flow="480.00" occupancy="18.35" speed="4.59" harmonicMeanSpeed="3.63" length="5.00" nVehEntered="4"/>
    <interval begin="930.00" end="960.00" id="D8_3_0" nVehContrib="3" flow="360.00" occupancy="16.87" speed="4.14" harmonicMeanSpeed="2.96" length="5.00" nVehEntered="3"/>
    <interval begin="960.00" end="990.00" id="D8_3_0" nVehContrib="6" flow="720.00" occupancy="24.59" speed="5.86" harmonicMeanSpeed="4.83" length="5.00" nVehEntered="7"/>
    <interval begin="990.00" end="1020.00" id="D8_3_0" nVehContrib="1" flow="120.00" occupancy="12.15" speed="1.04" harmonicMeanSpeed="1.04" length="5.00" nVehEntered="0"/>
    <interval begin="1020.00" end="1050.00" id="D8_3_0" nVehContrib="7" flow="840.00" occupancy="33.64" speed="4.68" harmonicMeanSpeed="3.47" length="5.00" nVehEntered="7"/>
    <interval begin="1050.00" end="1080.00" id="D8_3_0" nVehContrib="0" flow="0.00" occupancy="0.00" speed="-1.00" harmonicMeanSpeed="-1.00" length="-1.00" nVehEntered="0"/>
    <interval begin="1080.00" end="1110.00" id="D8_3_0" nVehContrib="5" flow="600.00" occupancy="38.08" speed="3.20" harmonicMeanSpeed="2.19" length="5.00" nVehEntered="5"/>
    <interval begin="1110.00" end="1140.00" id="D8_3_0" nVehContrib="1" flow="120.00" occupancy="12.07" speed="1.62" harmonicMeanSpeed="1.62" length="5.00" nVehEntered="2"/>
    <interval begin="1140.00" end="1170.00" id="D8_3_0" nVehContrib="6" flow="720.00" occupancy="26.98" speed="4.25" harmonicMeanSpeed="3.48" length="5.00" nVehEntered="5"/>
    <interval begin="1170.00" end="1200.00" id="D8_3_0" nVehContrib="4" flow="480.00" occupancy="17.06" speed="5.01" harmonicMeanSpeed="4.40" length="5.00" nVehEntered="5"/>
    <interval begin="1200.00" end="1230.00" id="D8_3_0" nVehContrib="3" flow="360.00" occupancy="17.76" speed="3.42" harmonicMeanSpeed="2.54" length="5.00" nVehEntered="2"/>
    <interval begin="1230.00" end="1260.00" id="D8_3_0" nVehContrib="5" flow="600.00" occupancy="25.72" speed="3.81" harmonicMeanSpeed="3.31" length="5.00" nVehEntered="6"/>
    <interval begin="1260.00" end="1290.00" id="D8_3_0" nVehContrib="1" flow="120.00" occupancy="9.71" speed="1.63" harmonicMeanSpeed="1.63" length="5.00" nVehEntered="0"/>
    <interval begin="1290.00" end="1320.00" id="D8_3_0" nVehContrib="5" flow="600.00" occupancy="42.05" speed="2.62" harmonicMeanSpeed="1.98" length="5.00" nVehEntered="5"/>
    <interval begin="1320.00" end="1350.00" id="D8_3_0" nVehContrib="0" flow="0.00" occupancy="0.00" speed="-1.00" harmonicMeanSpeed="-1.00" length="-1.00" nVehEntered="0"/>
    <interval begin="1350.00" end="1380.00" id="D8_3_0" nVehContrib="7" flow="840.00" occupancy="32.11" speed="5.33" harmonicMeanSpeed="3.63" length="5.00" nVehEntered="7"/>
    <interval begin="1380.00" end="1410.00" id="D8_3_0" nVehContrib="1" flow="120.00" occupancy="9.72" speed="2.26" harmonicMeanSpeed="2.26" length="5.00" nVehEntered="2"/>
    <interval begin="1410.00" end="1440.00" id="D8_3_0" nVehContrib="5" flow="600.00" occupancy="26.97" speed="3.25" harmonicMeanSpeed="2.84" length="5.00" nVehEntered="4"/>
    <interval begin="1440.00" end="1470.00" id="D8_3_0" nVehContrib="4" flow="480.00" occupancy="15.88" speed="5.58" harmonicMeanSpeed="4.36" length="5.00" nVehEntered="5"/>
    <interval begin="1470.00" end="1500.00" id="D8_3_0" nVehContrib="4" flow="480.00" occupancy="20.26" speed="4.01" harmonicMeanSpeed="3.20" length="5.00" nVehEntered="3"/>
    <interval begin="1500.00" end="1530.00" id="D8_3_0" nVehContrib="3" flow="360.00" occupancy="28.77" speed="2.49" harmonicMeanSpeed="1.94" length="5.00" nVehEntered="4"/>
    <interval begin="1530.00" end="1560.00" id="D8_3_0" nVehContrib="2" flow="240.00" occupancy="16.43" speed="3.16" harmonicMeanSpeed="1.72" length="5.00" nVehEntered="1"/>
    <interval begin="1560.00" end="1590.00" id="D8_3_0" nVehContrib="8" flow="960.00" occupancy="29.76" speed="5.75" harmonicMeanSpeed="4.48" length="5.00" nVehEntered="8"/>
    <interval begin="1590.00" end="1620.00" id="D8_3_0" nVehContrib="0" flow="0.00" occupancy="0.00" speed="-1.00" harmonicMeanSpeed="-1.00" length="-1.00" nVehEntered="0"/>
    <interval begin="1620.00" end="1650.00" id="D8_3_0" nVehContrib="6" flow="720.00" occupancy="43.23" speed="3.33" harmonicMeanSpeed="2.31" length="5.00" nVehEntered="6"/>
    <interval begin="1650.00" end="1680.00" id="D8_3_0" nVehContrib="2" flow="240.00" occupancy="10.68" speed="3.63" harmonicMeanSpeed="3.12" length="5.00" nVehEntered="2"/>
    <interval begin="1680.00" end="1710.00" id="D8_3_0" nVehContrib="6" flow="720.00" occupancy="25.69" speed="6.20" harmonicMeanSpeed="3.89" length="5.00" nVehEntered="6"/>
    <interval begin="1710.00" end="1740.00" id="D8_3_0" nVehContrib="3" flow="360.00" occupancy="18.20" speed="4.60" harmonicMeanSpeed="2.75" length="5.00" nVehEntered="3"/>
    <interval begin="1740.00" end="1770.00" id="D8_3_0" nVehContrib="4" flow="480.00" occupancy="18.14" speed="5.42" harmonicMeanSpeed="3.68" length="5.00" nVehEntered="4"/>
    <interval begin="1770.00" end="1800.00" id="D8_3_0" nVehContrib="6" flow="720.00" occupancy="24.42" speed="5.69" harmonicMeanSpeed="4.53" length="5.00" nVehEntered="7"/>
    <interval begin="1800.00" end="1830.00" id="D8_3_0" nVehContrib="1" flow="120.00" occupancy="9.22" speed="1.44" harmonicMeanSpeed="1.44" length="5.00" nVehEntered="0"/>
    <interval begin="1830.00" end="1860.00" id="D8_3_0" nVehContrib="7" flow="840.00" occupancy="37.14" speed="4.41" harmonicMeanSpeed="3.14" length="5.00" nVehEntered="7"/>
    <interval begin="1860.00" end="1890.00" id="D8_3_0" nVehContrib="0" flow="0.00" occupancy="0.00" speed="-1.00" harmonicMeanSpeed="-1.00" length="-1.00" nVehEntered="0"/>
    <interval begin="1890.00" end="1920.00" id="D8_3_0" nVehContrib="7" flow="840.00" occupancy="40.54" speed="3.89" harmonicMeanSpeed="2.88" length="5.00" nVehEntered="7"/>
    <interval begin="1920.00" end="1950.00" id="D8_3_0" nVehContrib="2" flow="240.00" occupancy="11.60" speed="3.63" harmonicMeanSpeed="2.87" length="5.00" nVehEntered="2"/>
    <interval begin="1950.00" end="1980.00" id="D8_3_0" nVehContrib="5" flow="600.00" occupancy="20.31" speed="5.75" harmonicMeanSpeed="4.10" length="5.00" nVehEntered="5"/>
    <interval begin="1980.00" end="2010.00" id="D8_3_0" nVehContrib="4" flow="480.00" occupancy="14.50" speed="6.31" harmonicMeanSpeed="5.03" length="5.00" nVehEntered="5"/>
    <interval begin="2010.00" end="2040.00" id="D8_3_0" nVehContrib="3" flow="360.00" occupancy="12.81" speed="4.97" harmonicMeanSpeed="3.56" length="5.00" nVehEntered="2"/>
    <interval begin="2040.00" end="2070.00" id="D8_3_0" nVehContrib="5" flow="600.00" occupancy="30.58" speed="3.58" harmonicMeanSpeed="2.72" length="5.00" nVehEntered="5"/>
    <interval begin="2070.00" end="2100.00" id="D8_3_0" nVehContrib="1" flow="120.00" occupancy="13.82" speed="1.21" harmonicMeanSpeed="1.21" length="5.00" nVehEntered="1"/>
    <interval begin="2100.00" end="2130.00" id="D8_3_0" nVehContrib="8" flow="960.00" occupancy="27.94" speed="6.57" harmonicMeanSpeed="4.77" length="5.00" nVehEntered="8"/>
    <interval begin="2130.00" end="2160.00" id="D8_3_0" nVehContrib="0" flow="0.00" occupancy="0.00" speed="-1.00" harmonicMeanSpeed="-1.00" length="-1.00" nVehEntered="0"/>
    <interval begin="2160.00" end="2190.00" id="D8_3_0" nVehContrib="7" flow="840.00" occupancy="46.08" speed="5.02" harmonicMeanSpeed="2.53" length="5.00" nVehEntered="7"/>
    <interval begin="2190.00" end="2220.00" id="D8_3_0" nVehContrib="1" flow="120.00" occupancy="8.62" speed="1.93" harmonicMeanSpeed="1.93" length="5.00" nVehEntered="1"/>
    <interval begin="2220.00" end="2250.00" id="D8_3_0" nVehContrib="4" flow="480.00" occupancy="29.63" speed="2.79" harmonicMeanSpeed="2.25" length="5.00" nVehEntered="4"/>
    <interval begin="2250.00" end="2280.00" id="D8_3_0" nVehContrib="4" flow="480.00" occupancy="18.65" speed="5.44" harmonicMeanSpeed="3.73" length="5.00" nVehEntered="5"/>
    <interval begin="2280.00" end="2310.00" id="D8_3_0" nVehContrib="3" flow="360.00" occupancy="22.14" speed="4.83" harmonicMeanSpeed="2.18" length="5.00" nVehEntered="2"/>
    <interval begin="2310.00" end="2340.00" id="D8_3_0" nVehContrib="6" flow="720.00" occupancy="23.80" speed="5.74" harmonicMeanSpeed="5.08" length="5.00" nVehEntered="7"/>
    <interval begin="2340.00" end="2370.00" id="D8_3_0" nVehContrib="1" flow="120.00" occupancy="6.56" speed="1.56" harmonicMeanSpeed="1.56" length="5.00" nVehEntered="0"/>
    <interval begin="2370.00" end="2400.00" id="D8_3_0" nVehContrib="8" flow="960.00" occupancy="29.73" speed="6.16" harmonicMeanSpeed="5.23" length="5.00" nVehEntered="9"/>
    <interval begin="2400.00" end="2430.00" id="D8_3_0" nVehContrib="1" flow="120.00" occupancy="2.67" speed="2.41" harmonicMeanSpeed="2.41" length="5.00" nVehEntered="0"/>
    <interval begin="2430.00" end="2460.00" id="D8_3_0" nVehContrib="5" flow="600.00" occupancy="41.43" speed="4.01" harmonicMeanSpeed="2.01" length="5.00" nVehEntered="5"/>
    <interval begin="2460.00" end="2490.00" id="D8_3_0" nVehContrib="1" flow="120.00" occupancy="15.58" speed="1.07" harmonicMeanSpeed="1.07" length="5.00" nVehEntered="1"/>
    <interval begin="2490.00" end="2520.00" id="D8_3_0" nVehContrib="6" flow="720.00" occupancy="32.25" speed="4.13" harmonicMeanSpeed="3.10" length="5.00" nVehEntered="6"/>
    <interval begin="2520.00" end="2550.00" id="D8_3_0" nVehContrib="4" flow="480.00" occupancy="18.67" speed="4.64" harmonicMeanSpeed="3.57" length="5.00" nVehEntered="4"/>
    <interval begin="2550.00" end="2580.00" id="D8_3_0" nVehContrib="4" flow="480.00" occupancy="20.20" speed="5.30" harmonicMeanSpeed="3.30" length="5.00" nVehEntered="4"/>
    <interval begin="2580.00" end="2610.00" id="D8_3_0" nVehContrib="3" flow="360.00" occupancy="29.12" speed="2.03" harmonicMeanSpeed="1.72" length="5.00" nVehEntered="4"/>
    <interval begin="2610.00" end="2640.00" id="D8_3_0" nVehContrib="2" flow="240.00" occupancy="8.91" speed="4.56" harmonicMeanSpeed="3.74" length="5.00" nVehEntered="2"/>
    <interval begin="2640.00" end="2670.00" id="D8_3_0" nVehContrib="4" flow="480.00" occupancy="42.10" speed="1.80" harmonicMeanSpeed="1.58" length="5.00" nVehEntered="4"/>
    <interval begin="2670.00" end="2700.00" id="D8_3_0" nVehContrib="0" flow="0.00" occupancy="0.00" speed="-1.00" harmonicMeanSpeed="-1.00" length="-1.00" nVehEntered="0"/>
    <interval begin="2700.00" end="2730.00" id="D8_3_0" nVehContrib="5" flow="600.00" occupancy="40.14" speed="3.00" harmonicMeanSpeed="2.08" length="5.00" nVehEntered="5"/>
    <interval begin="2730.00" end="2760.00" id="D8_3_0" nVehContrib="1" flow="120.00" occupancy="6.21" speed="2.69" harmonicMeanSpeed="2.69" length="5.00" nVehEntered="1"/>
    <interval begin="2760.00" end="2790.00" id="D8_3_0" nVehContrib="5" flow="600.00" occupancy="23.38" speed="4.85" harmonicMeanSpeed="3.56" length="5.00" nVehEntered="5"/>
    <interval begin="2790.00" end="2820.00" id="D8_3_0" nVehContrib="3" flow="360.00" occupancy="19.61" speed="3.22" harmonicMeanSpeed="2.55" length="5.00" nVehEntered="3"/>
    <interval begin="2820.00" end="2850.00" id="D8_3_0" nVehContrib="4" flow="480.00" occupancy="18.46" speed="5.28" harmonicMeanSpeed="3.61" length="5.00" nVehEntered="4"/>
    <interval begin="2850.00" end="2880.00" id="D8_3_0" nVehContrib="6" flow="720.00" occupancy="21.97" speed="6.09" harmonicMeanSpeed="5.08" length="5.00" nVehEntered="7"/>
    <interval begin="2880.00" end="2910.00" id="D8_3_0" nVehContrib="1" flow="120.00" occupancy="7.86" speed="1.64" harmonicMeanSpeed="1.64" length="5.00" nVehEntered="0"/>
    <interval begin="2910.00" end="2940.00" id="D8_3_0" nVehContrib="6" flow="720.00" occupancy="42.23" speed="3.53" harmonicMeanSpeed="2.37" length="5.00" nVehEntered="6"/>
    <interval begin="2940.00" end="2970.00" id="D8_3_0" nVehContrib="0" flow="0.00" occupancy="0.00" speed="-1.00" harmonicMeanSpeed="-1.00" length="-1.00" nVehEntered="0"/>
    <interval begin="2970.00" end="3000.00" id="D8_3_0" nVehContrib="7" flow="840.00" occupancy="34.56" speed="4.71" harmonicMeanSpeed="3.38" length="5.00" nVehEntered="7"/>
    <interval begin="3000.00" end="3030.00" id="D8_3_0" nVehContrib="1" flow="120.00" occupancy="14.05" speed="1.19" harmonicMeanSpeed="1.19" length="5.00" nVehEntered="1"/>
    <interval begin="3030.00" end="3060.00" id="D8_3_0" nVehContrib="4" flow="480.00" occupancy="23.27" speed="3.90" harmonicMeanSpeed="2.86" length="5.00" nVehEntered="4"/>
    <interval begin="3060.00" end="3090.00" id="D8_3_0" nVehContrib="5" flow="600.00" occupancy="16.87" speed="5.96" harmonicMeanSpeed="4.94" length="5.00" nVehEntered="5"/>
    <interval begin="3090.00" end="3120.00" id="D8_3_0" nVehContrib="2" flow="240.00" occupancy="15.43" speed="2.47" harmonicMeanSpeed="2.16" length="5.00" nVehEntered="2"/>
    <interval begin="3120.00" end="3150.00" id="D8_3_0" nVehContrib="2" flow="240.00" occupancy="36.37" speed="0.99" harmonicMeanSpeed="0.96" length="5.00" nVehEntered="3"/>
    <interval begin="3150.00" end="3180.00" id="D8_3_0" nVehContrib="1" flow="120.00" occupancy="18.82" speed="0.81" harmonicMeanSpeed="0.81" length="5.00" nVehEntered="0"/>
    <interval begin="3180.00" end="3210.00" id="D8_3_0" nVehContrib="3" flow="360.00" occupancy="34.34" speed="1.73" harmonicMeanSpeed="1.46" length="5.00" nVehEntered="3"/>
    <interval begin="3210.00" end="3240.00" id="D8_3_0" nVehContrib="0" flow="0.00" occupancy="0.00" speed="-1.00" harmonicMeanSpeed="-1.00" length="-1.00" nVehEntered="0"/>
    <interval begin="3240.00" end="3270.00" id="D8_3_0" nVehContrib="3" flow="360.00" occupancy="44.00" speed="1.77" harmonicMeanSpeed="1.14" length="5.00" nVehEntered="3"/>
    <interval begin="3270.00" end="3300.00" id="D8_3_0" nVehContrib="1" flow="120.00" occupancy="12.23" speed="1.36" harmonicMeanSpeed="1.36" length="5.00" nVehEntered="1"/>
    <interval begin="3300.00" end="3330.00" id="D8_3_0" nVehContrib="4" flow="480.00" occupancy="17.06" speed="4.15" harmonicMeanSpeed="3.91" length="5.00" nVehEntered="5"/>
    <interval begin="3330.00" end="3360.00" id="D8_3_0" nVehContrib="3" flow="360.00" occupancy="19.45" speed="3.13" harmonicMeanSpeed="2.85" length="5.00" nVehEntered="4"/>
    <interval begin="3360.00" end="3390.00" id="D8_3_0" nVehContrib="4" flow="480.00" occupancy="18.75" speed="4.43" harmonicMeanSpeed="3.22" length="5.00" nVehEntered="3"/>
    <interval begin="3390.00" end="3420.00" id="D8_3_0" nVehContrib="6" flow="720.00" occupancy="23.75" speed="5.95" harmonicMeanSpeed="4.94" length="5.00" nVehEntered="7"/>
    <interval begin="3420.00" end="3450.00" id="D8_3_0" nVehContrib="1" flow="120.00" occupancy="10.17" speed="1.22" harmonicMeanSpeed="1.22" length="5.00" nVehEntered="0"/>
    <interval begin="3450.00" end="3480.00" id="D8_3_0" nVehContrib="5" flow="600.00" occupancy="34.83" speed="3.07" harmonicMeanSpeed="2.39" length="5.00" nVehEntered="5"/>
    <interval begin="3480.00" end="3510.00" id="D8_3_0" nVehContrib="0" flow="0.00" occupancy="0.00" speed="-1.00" harmonicMeanSpeed="-1.00" length="-1.00" nVehEntered="0"/>
    <interval begin="3510.00" end="3540.00" id="D8_3_0" nVehContrib="6" flow="720.00" occupancy="28.83" speed="4.71" harmonicMeanSpeed="3.47" length="5.00" nVehEntered="6"/>
    <interval begin="3540.00" end="3570.00" id="D8_3_0" nVehContrib="2" flow="240.00" occupancy="12.79" speed="2.86" harmonicMeanSpeed="2.61" length="5.00" nVehEntered="2"/>
    <interval begin="3570.00" end="3594.00" id="D8_3_0" nVehContrib="5" flow="750.00" occupancy="30.08" speed="5.24" harmonicMeanSpeed="3.46" length="5.00" nVehEntered="5"/>
</detector>
