,rider_id_hash,tracking_id_hash,shop_id_hash,user_latitude,user_longitude,shop_latitude,shop_longitude,restaurant_accept_order_time,rider_accept_order_time,rider_pickup_time,rider_arrive_restaurant_time,rider_delivery_time
0,82b7fad3952d6c200494b781dad31c59abb04aa54655eda92814fa77de22dd16,5f6fd2ebbc9b9a0183b5d530ef54100aaf104a4ed454a2be34809d76151cabed,5feceb66ffc86f38d952786c6d696c79c2dbc239dd4e91b46729d73a27fb57e9,31.19081,121.440499,0.0,0.0,1970-01-01 08:00:00.0,2018-10-01 05:48:03.0,2018-10-01 05:51:58.0,2018-10-01 05:48:03.0,2018-10-01 05:59:16.0
1,82b7fad3952d6c200494b781dad31c59abb04aa54655eda92814fa77de22dd16,77012d0b1e357b0c88c86c2c44a181f20c3dd5c1cf0948f00e25224173380eba,aff441380e941cf4ecfe148351c9b44b2f128fa5557c6efd824ec62baed98a25,31.16832295,121.45355785,31.165363,121.426986,2018-10-01 00:03:28.0,2018-10-01 00:09:10.0,2018-10-01 00:18:11.0,2018-10-01 00:14:45.0,2018-10-01 00:44:09.0
2,82b7fad3952d6c200494b781dad31c59abb04aa54655eda92814fa77de22dd16,75a8f3390dcc682d5756e5641cbebbb2f9d70abb17338a1f4ff3b6a7f2e19fc3,582fb714ce4f3531c39c8e85875aa6d85271628e7e67b3a98cc10a8fb4d86ad8,31.17501992,121.43294005,31.169163,121.434303,2018-10-01 00:10:30.0,2018-10-01 00:10:57.0,2018-10-01 00:25:42.0,2018-10-01 00:22:13.0,2018-10-01 00:34:50.0
3,82b7fad3952d6c200494b781dad31c59abb04aa54655eda92814fa77de22dd16,642a5ab8c0f98c989222e49520ba0f9d367e920685126c1bb49fd8d4804de148,a486ba69128a121bace6dd776908d0cb621ad9e18c67593093e578bf11dfa2e7,31.17242203,121.46040285,31.170201,121.437899,2018-10-01 00:11:52.0,2018-10-01 00:19:36.0,2018-10-01 00:38:24.0,2018-10-01 00:37:47.0,2018-10-01 00:48:37.0
4,82b7fad3952d6c200494b781dad31c59abb04aa54655eda92814fa77de22dd16,2c7f2be508792f7441044ef03119f28efecc853963e6d2b5d2cf98a63c61857a,582fb714ce4f3531c39c8e85875aa6d85271628e7e67b3a98cc10a8fb4d86ad8,31.18047,121.4453,31.169163,121.434303,2018-10-01 00:22:32.0,2018-10-01 00:23:47.0,2018-10-01 00:30:50.0,2018-10-01 00:25:59.0,2018-10-01 00:56:44.0
5,82b7fad3952d6c200494b781dad31c59abb04aa54655eda92814fa77de22dd16,42aa56bd55c242cca6dd06a994025585b9be0395f74ef06ae263da8960cf9663,68396e460497efeb6a19226469886ac489dbd52b0f08dcc54407109ec4f7089a,31.19396201,121.44263389,31.184611,121.450979,2018-10-01 00:46:04.0,2018-10-01 00:58:34.0,2018-10-01 01:02:34.0,2018-10-01 01:02:18.0,2018-10-01 01:08:50.0
6,82b7fad3952d6c200494b781dad31c59abb04aa54655eda92814fa77de22dd16,f21c2820c42d68a9634bc4519f83b2977a5c9b9d0e33727ef65107dc661589d5,06af2e3a9342a1aaacceb2b729d26daa4ccde6b76763740f87e8da3917167d22,31.21076806,121.47158397,31.191,121.442032,2018-10-01 00:53:14.0,2018-10-01 00:56:09.0,2018-10-01 01:12:52.0,2018-10-01 01:05:54.0,2018-10-01 01:39:35.0
7,82b7fad3952d6c200494b781dad31c59abb04aa54655eda92814fa77de22dd16,7e5cc2744738062e9ef50be95b0989e38c7358c041944f1298d7f0df10a403d5,f5282e1ef12f707578b61a9ad4f6845619feb9ffe483705d8ee61dd5fcc3eb1c,31.19249962,121.46145947,31.17972,121.444976,2018-10-01 00:55:21.0,2018-10-01 00:56:08.0,,2018-10-01 00:58:53.0,
8,82b7fad3952d6c200494b781dad31c59abb04aa54655eda92814fa77de22dd16,d86257330d9e19776f71841ac0718bd2bed91f05a7b6451c21109e1fb5bcbbea,2196d41540f7574cbd2ae135dc3d1edcf3aa1ca23311f1f0622957181ee604d7,31.19180904,121.43125797,31.190592,121.44364,2018-10-01 01:00:22.0,2018-10-01 01:00:59.0,2018-10-01 01:05:52.0,2018-10-01 01:05:43.0,2018-10-01 01:16:56.0
9,82b7fad3952d6c200494b781dad31c59abb04aa54655eda92814fa77de22dd16,ed8340a8ad9488d7c7088fe57f049257040048763d6282999444c252538781a0,32f594af81763dcb45867788e4f95ef4aff54a0cd5ef435d9e0ec70e18e1ae5f,31.19204004,121.42718,31.19174278,121.43130584,2018-10-01 01:10:10.0,2018-10-01 01:10:50.0,2018-10-01 01:17:22.0,2018-10-01 01:17:17.0,2018-10-01 01:24:44.0
10,82b7fad3952d6c200494b781dad31c59abb04aa54655eda92814fa77de22dd16,59191a9ef446c0f74d0d6f3952215d435de5d6d903b75aaf8cfcef633707bd9e,5feceb66ffc86f38d952786c6d696c79c2dbc239dd4e91b46729d73a27fb57e9,31.20596,121.45788,31.189352,121.438522,2018-10-01 01:17:13.0,2018-10-01 01:19:50.0,2018-10-01 01:27:59.0,2018-10-01 01:26:42.0,2018-10-01 01:46:17.0
11,82b7fad3952d6c200494b781dad31c59abb04aa54655eda92814fa77de22dd16,16a7667a98d19efb9a88565aa90722f413dec79199422664384665514dcd8ee2,ed02ee6ba01bac63524c55c866c1721f45da88996a24c44d2bc85acc540e4ea6,31.19063507,121.44204715,31.188908,121.442172,2018-10-01 01:55:04.0,2018-10-01 01:55:28.0,2018-10-01 02:02:27.0,2018-10-01 01:56:33.0,2018-10-01 02:06:05.0
12,82b7fad3952d6c200494b781dad31c59abb04aa54655eda92814fa77de22dd16,6e148bab03bf69bda2873fd93c3d072a782a558760b8a30f7b0335d2d0d3cedf,51ed35745f63a70219d7aeed8a0795c24809a754d03372abe2428a08baca5cad,31.19718947,121.45323984,31.20087921,121.44645662,2018-10-01 01:59:32.0,2018-10-01 02:01:29.0,2018-10-01 02:10:50.0,2018-10-01 02:10:32.0,2018-10-01 02:15:44.0
13,82b7fad3952d6c200494b781dad31c59abb04aa54655eda92814fa77de22dd16,8eee425fb73bf7c219bcc358d35f6b3dbbfddef0457107ab411472929d897eb5,51ed35745f63a70219d7aeed8a0795c24809a754d03372abe2428a08baca5cad,31.18065205,121.42259208,31.20087921,121.44645662,2018-10-01 02:03:23.0,2018-10-01 02:06:36.0,2018-10-01 02:11:21.0,2018-10-01 02:11:11.0,2018-10-01 02:36:07.0
14,82b7fad3952d6c200494b781dad31c59abb04aa54655eda92814fa77de22dd16,9c95bdc5bd86f40162e401ba3ce3ba545a66b5f0ac3166ce34b269b20df8618a,1c09b88cd048d12f9c60409e037ae11e62206c07951ca551ce977991d13fb752,31.18271098,121.42778216,31.184758,121.43635,2018-10-01 02:05:03.0,2018-10-01 02:05:47.0,2018-10-01 02:28:49.0,2018-10-01 02:27:41.0,2018-10-01 02:32:17.0
15,82b7fad3952d6c200494b781dad31c59abb04aa54655eda92814fa77de22dd16,41c47c411634f6184c08f4ce35234dce83bacf710368c0cfacdab11fde022ecd,5feceb66ffc86f38d952786c6d696c79c2dbc239dd4e91b46729d73a27fb57e9,31.191908,121.44813,31.189352,121.438522,2018-10-01 02:08:42.0,2018-10-01 02:09:02.0,2018-10-01 02:21:30.0,2018-10-01 02:20:59.0,2018-10-01 02:24:33.0
16,82b7fad3952d6c200494b781dad31c59abb04aa54655eda92814fa77de22dd16,5f89178e7bb536524f5a4c86247af4bca1c563d0233f594d364b1b8fc519075a,75241f9c1ac3ec3aedecc197bb0787954fd29e57314d141ed10efe8ab0bb4ced,31.19121107,121.44947989,31.1893042,121.438365,2018-10-01 02:24:22.0,2018-10-01 03:06:45.0,2018-10-01 03:20:06.0,2018-10-01 03:20:02.0,2018-10-01 03:37:58.0
17,82b7fad3952d6c200494b781dad31c59abb04aa54655eda92814fa77de22dd16,ae878868341018bd805055de536852d47fd134f2940b787fcdf65a39f7854537,16d7420052018c39ca089f651525100f5e0fbcdcb5fbc1d8394903a64597fdef,31.18376895,121.444436,31.177351,121.436004,2018-10-01 02:47:25.0,2018-10-01 02:49:45.0,2018-10-01 02:59:50.0,2018-10-01 02:58:35.0,2018-10-01 03:13:59.0
18,82b7fad3952d6c200494b781dad31c59abb04aa54655eda92814fa77de22dd16,ff54d15f4df7d5a08014709ffc205c0bdeece4a5aa0dc9eafe3fea7af7ad5940,aff441380e941cf4ecfe148351c9b44b2f128fa5557c6efd824ec62baed98a25,31.18716898,121.44209912,31.165363,121.426986,2018-10-01 02:50:45.0,2018-10-01 02:58:19.0,2018-10-01 03:04:40.0,2018-10-01 03:03:04.0,2018-10-01 03:17:20.0
19,82b7fad3952d6c200494b781dad31c59abb04aa54655eda92814fa77de22dd16,dfd6d5bb58eff1b38ae717c4b8b628ed1e1eb7aa8a5f739d58d4fbc9a73cb3d7,4e74ccb9ff2364885344b89d562a22c1b72fd755558b0b1c0ff918d4bf6e251f,31.19077002,121.43582007,31.166022,121.433983,2018-10-01 02:57:21.0,2018-10-01 03:04:33.0,2018-10-01 03:07:03.0,2018-10-01 03:06:56.0,2018-10-01 03:23:39.0
20,82b7fad3952d6c200494b781dad31c59abb04aa54655eda92814fa77de22dd16,11df1923bba785d1376b7b3a4f449ac3f46fb66a56e3ca9fb4a6ecb357da57b6,5d629404a28b0317b33a8289f5cc4b7e5640855246aaa33395557ceaa337e5d9,31.19247993,121.43087005,31.190304,121.430122,2018-10-01 03:14:37.0,2018-10-01 03:17:35.0,2018-10-01 03:27:16.0,2018-10-01 03:27:11.0,2018-10-01 03:30:59.0
21,82b7fad3952d6c200494b781dad31c59abb04aa54655eda92814fa77de22dd16,82e865de22417af12e8943b6688badf30bafa3a3f5028772706ba3ec69db25eb,5d629404a28b0317b33a8289f5cc4b7e5640855246aaa33395557ceaa337e5d9,31.20346894,121.44597692,31.190304,121.430122,2018-10-01 03:16:57.0,2018-10-01 03:18:02.0,2018-10-01 03:27:25.0,2018-10-01 03:27:10.0,2018-10-01 03:45:38.0
22,82b7fad3952d6c200494b781dad31c59abb04aa54655eda92814fa77de22dd16,9d7d177a9c45bd88590888a805024405d249585c86fd3a608e3bde63d9cf57ac,51ed35745f63a70219d7aeed8a0795c24809a754d03372abe2428a08baca5cad,31.20452506,121.44933807,31.20087921,121.44645662,2018-10-01 03:48:00.0,2018-10-01 03:52:30.0,2018-10-01 03:57:41.0,2018-10-01 03:57:25.0,2018-10-01 04:01:54.0
23,82b7fad3952d6c200494b781dad31c59abb04aa54655eda92814fa77de22dd16,3dfd459fd25fd74fdff11005ae840b5d9e19b28f7e34ebcfaf4ba4a709930679,5d629404a28b0317b33a8289f5cc4b7e5640855246aaa33395557ceaa337e5d9,31.19844197,121.42674984,31.190304,121.430122,2018-10-01 03:53:44.0,2018-10-01 03:54:51.0,2018-10-01 04:08:22.0,2018-10-01 04:07:58.0,2018-10-01 04:12:34.0
24,82b7fad3952d6c200494b781dad31c59abb04aa54655eda92814fa77de22dd16,eeccd012da1f3827e5cf03da701ae75009c867d87c4f98c9f3925c6cfb4faa97,69d9bdf59ae16509765f1ef17e704be838e7553b62691f8a67dd1a2057607df5,31.20334405,121.42086407,31.204778,121.423562,2018-10-01 04:14:19.0,2018-10-01 04:15:37.0,2018-10-01 04:19:20.0,2018-10-01 04:19:15.0,2018-10-01 04:23:49.0
25,82b7fad3952d6c200494b781dad31c59abb04aa54655eda92814fa77de22dd16,50e04f79baae0b5608bb7342fc5bfc704dadc04473112b697799ba885977b2d4,d70a3b36ad45730af5a55e50abe2ea05709a4ebbfc50ea3de259092643d909da,31.17973792,121.44669307,31.19342,121.430625,2018-10-01 04:22:51.0,2018-10-01 04:24:01.0,2018-10-01 04:29:44.0,2018-10-01 04:29:42.0,2018-10-01 04:36:23.0
26,82b7fad3952d6c200494b781dad31c59abb04aa54655eda92814fa77de22dd16,451b49c3315fa204c0b621b85b43004dfe406ce2a6258b35d34dd6785366183b,cf276d3823d94eeabd966cf747253f0af69184eeeefd1cdec126a6583d8283cc,31.17772308,121.44658713,31.18608415,121.45746326,2018-10-01 04:42:37.0,2018-10-01 04:43:14.0,2018-10-01 04:53:14.0,2018-10-01 04:46:06.0,2018-10-01 05:00:04.0
27,82b7fad3952d6c200494b781dad31c59abb04aa54655eda92814fa77de22dd16,468e6e9c8cd26ee773d6fb6ea1a4ae40410540f742934508aa52c6871e7bfbd7,16d7420052018c39ca089f651525100f5e0fbcdcb5fbc1d8394903a64597fdef,31.18642802,121.44984702,31.177351,121.436004,2018-10-01 04:56:21.0,2018-10-01 04:59:39.0,2018-10-01 05:05:27.0,2018-10-01 05:04:09.0,2018-10-01 05:18:26.0
28,82b7fad3952d6c200494b781dad31c59abb04aa54655eda92814fa77de22dd16,8b89f1f882d87779073548c0273ff8f89c0d7c3ee43d0dfb15f01c51e3c75b59,51ed35745f63a70219d7aeed8a0795c24809a754d03372abe2428a08baca5cad,31.18220807,121.45537203,31.20087921,121.44645662,2018-10-01 05:01:40.0,2018-10-01 05:04:52.0,2018-10-01 05:12:50.0,2018-10-01 05:10:48.0,2018-10-01 05:21:53.0
29,82b7fad3952d6c200494b781dad31c59abb04aa54655eda92814fa77de22dd16,d9bb0bc2e4a97a24a7e52d0783df0aaa419cebcee4a6da837fa1d0260dcf81a8,1b84e009f4c3610b95cb82a837f0a37aeb0b6b86ea36eb890365d123f027ff59,31.17970951,121.42195992,31.179595,121.444733,2018-10-01 05:37:31.0,2018-10-01 05:38:18.0,2018-10-01 05:49:00.0,2018-10-01 05:41:06.0,2018-10-01 06:09:42.0
30,82b7fad3952d6c200494b781dad31c59abb04aa54655eda92814fa77de22dd16,d439449d20b8d5d8fabb0cef1d317f8c09dfbedc0e6071b496fb6909ae04a3ad,4b2264a38843e1113c3cd86b5ba6d7bb426b944309009c5c9db14dea8f413ed1,31.18479892,121.44877514,31.178147,121.424262,2018-10-01 06:08:51.0,2018-10-01 06:22:17.0,2018-10-01 06:27:16.0,2018-10-01 06:25:31.0,2018-10-01 06:36:21.0
31,82b7fad3952d6c200494b781dad31c59abb04aa54655eda92814fa77de22dd16,2b0a49072b1051d011f74a3c41ed6ee70e6114b0b08886b75c53c53d55baf789,cd8ed6212ca8722fb7edb24657393646d46511c989d1c1a3d7d71f2c7a46b0e9,31.18738507,121.41297301,31.1761,121.41585,2018-10-01 06:09:38.0,2018-10-01 06:10:04.0,2018-10-01 06:16:30.0,2018-10-01 06:14:04.0,2018-10-01 06:20:07.0
32,82b7fad3952d6c200494b781dad31c59abb04aa54655eda92814fa77de22dd16,0e290d5e32aa0ac7930630c685a9e25b2e9a58d5bf707d0bf392706f3f3af0c7,74d788db9546afcbdf85f08987b7256e2fa53dcabdb0bb92531a25254c0678b9,31.19163059,121.45367973,31.192475,121.448288,2018-10-01 06:47:41.0,2018-10-01 06:53:15.0,2018-10-01 06:59:33.0,2018-10-01 06:59:26.0,2018-10-01 07:12:28.0
33,82b7fad3952d6c200494b781dad31c59abb04aa54655eda92814fa77de22dd16,4adeb5434ad5df3290afad6ef608287de5e319270bb79b664b59338353a6d3e9,ed02ee6ba01bac63524c55c866c1721f45da88996a24c44d2bc85acc540e4ea6,31.19163,121.45367989,31.188908,121.442172,2018-10-01 06:49:19.0,2018-10-01 06:53:17.0,2018-10-01 06:55:45.0,2018-10-01 06:55:42.0,2018-10-01 07:10:43.0
34,82b7fad3952d6c200494b781dad31c59abb04aa54655eda92814fa77de22dd16,72daf1f45cfa3e15623bc2b568843e1d51ba7f190833e31c762c16074a6bb434,870639f639c02a840b5b2eee595b4d501300b2a047f0e1a804c1d4c2f58d2e8a,31.17965997,121.45164108,31.186352,121.449876,2018-10-01 07:12:58.0,2018-10-01 07:13:29.0,2018-10-01 07:21:38.0,2018-10-01 07:20:55.0,2018-10-01 07:39:29.0
35,82b7fad3952d6c200494b781dad31c59abb04aa54655eda92814fa77de22dd16,a821323ab9ff167733a226b388c126f642da84bb7490e6de1246d41e6e2a4d02,ed02ee6ba01bac63524c55c866c1721f45da88996a24c44d2bc85acc540e4ea6,31.18983007,121.43785017,31.188908,121.442172,2018-10-01 07:13:02.0,2018-10-01 07:13:37.0,2018-10-01 07:34:00.0,2018-10-01 07:33:50.0,2018-10-01 07:37:48.0
36,82b7fad3952d6c200494b781dad31c59abb04aa54655eda92814fa77de22dd16,4f5b3481272f37a019b0b78d728300664df53df6e6ea95f6f78c32f1a35c22a8,fadb29ee2e19ef32b9791f2029abe1af2831379455234859687f57da35c04bbb,31.18959605,121.43071884,31.18667,121.433969,2018-10-01 07:13:16.0,2018-10-01 07:14:32.0,2018-10-01 07:42:44.0,2018-10-01 07:41:41.0,2018-10-01 07:46:18.0
37,82b7fad3952d6c200494b781dad31c59abb04aa54655eda92814fa77de22dd16,08aba5c31386296c20cf561a5859860570cc86c2aed519d16acde603949100b8,16d7420052018c39ca089f651525100f5e0fbcdcb5fbc1d8394903a64597fdef,31.18273697,121.44568691,31.177351,121.436004,2018-10-01 07:40:23.0,2018-10-01 07:42:51.0,2018-10-01 08:02:50.0,2018-10-01 08:01:16.0,2018-10-01 08:08:44.0
38,82b7fad3952d6c200494b781dad31c59abb04aa54655eda92814fa77de22dd16,8f1e1a001bdb71fbfa9dac77ce38476f773168291ccd6be115aeddac4fead431,fadb29ee2e19ef32b9791f2029abe1af2831379455234859687f57da35c04bbb,31.18181194,121.42941194,31.18667,121.433969,2018-10-01 07:42:10.0,2018-10-01 07:43:15.0,2018-10-01 07:50:45.0,2018-10-01 07:50:17.0,2018-10-01 07:54:29.0
39,82b7fad3952d6c200494b781dad31c59abb04aa54655eda92814fa77de22dd16,837c50cf3f92ad564c38ace970867228777fdc6c90f2250b3db668519633a3b8,fadb29ee2e19ef32b9791f2029abe1af2831379455234859687f57da35c04bbb,31.180067,121.43199189,31.18667,121.433969,2018-10-01 07:47:01.0,2018-10-01 07:47:46.0,2018-10-01 07:50:52.0,2018-10-01 07:50:27.0,2018-10-01 07:58:45.0
40,82b7fad3952d6c200494b781dad31c59abb04aa54655eda92814fa77de22dd16,d676d0415d74d9c1033408c254ff4259591f54274e1b30cedd2ada2273a870d9,441ae1e807a89fb8ed2a1974e1418010cc9e75de41c0a285e3cfcb134eccd4ec,31.17972963,121.45034038,31.182398,121.448564,2018-10-01 07:50:44.0,2018-10-01 08:02:37.0,2018-10-01 08:22:18.0,2018-10-01 08:09:00.0,2018-10-01 08:25:40.0
41,82b7fad3952d6c200494b781dad31c59abb04aa54655eda92814fa77de22dd16,d123963578064e70cdebdb4438db43f85c94bc840c9980c4546d687b0910baea,f2dad6dd1b1b21ce584a774247291084a6eaeb5c07ad926deefbe941cc0d3f82,31.19337,121.44296028,31.180464,121.451806,2018-10-01 08:10:29.0,2018-10-01 08:18:55.0,2018-10-01 08:27:34.0,2018-10-01 08:26:08.0,2018-10-01 08:44:58.0
42,82b7fad3952d6c200494b781dad31c59abb04aa54655eda92814fa77de22dd16,51e45ef1b0f8afcf9df3091caa745627ec4f16ab350459eba9bdc20cddd9a261,2cd5cc925d0573cb760e4d3b4086e5d3fb67ea49b40f8d60a83ea8c072a400ee,31.19575792,121.45235991,31.185194,121.442401,2018-10-01 08:29:13.0,2018-10-01 08:29:47.0,2018-10-01 08:50:50.0,2018-10-01 08:49:53.0,2018-10-01 08:56:43.0
43,82b7fad3952d6c200494b781dad31c59abb04aa54655eda92814fa77de22dd16,e5f89bb411c82a098edd9a80286b48664ccf2c4460e48af358d919d4929aa04b,2cd5cc925d0573cb760e4d3b4086e5d3fb67ea49b40f8d60a83ea8c072a400ee,31.18835301,121.43779786,31.185194,121.442401,2018-10-01 08:36:06.0,2018-10-01 08:36:57.0,2018-10-01 08:50:57.0,2018-10-01 08:49:56.0,2018-10-01 09:06:09.0
44,82b7fad3952d6c200494b781dad31c59abb04aa54655eda92814fa77de22dd16,4b781a7363419cddc76007a40654aeb210081f8aa0d7e2b133fc0e926f315d02,2cd5cc925d0573cb760e4d3b4086e5d3fb67ea49b40f8d60a83ea8c072a400ee,31.18846902,121.43342586,31.185194,121.442401,2018-10-01 08:42:00.0,2018-10-01 08:42:26.0,2018-10-01 08:51:02.0,2018-10-01 08:49:58.0,2018-10-01 09:12:34.0
45,82b7fad3952d6c200494b781dad31c59abb04aa54655eda92814fa77de22dd16,230fb28d196888910fd9dc679e436709d6bf41cad83ff6e1efa7fda11af495ae,bdbe5e9cba61ae0272ece73f8383b59c3bf2f08b07863ea662088582b8f4b0f2,31.19283096,121.42768091,31.190489,121.443596,2018-10-01 08:44:30.0,2018-10-01 08:45:26.0,2018-10-01 09:01:05.0,2018-10-01 08:48:20.0,2018-10-01 09:18:10.0
46,82b7fad3952d6c200494b781dad31c59abb04aa54655eda92814fa77de22dd16,d91c3e2c369dad7648486d47cb0ded6975b6959b8195981f065652565ff18902,b01157a675296789be1d816eca50e2d20b75595de9069edfd8f5e8a6282a4b3e,31.19504998,121.44931996,31.190988,121.441978,2018-10-01 09:16:23.0,2018-10-01 09:21:34.0,2018-10-01 09:28:05.0,2018-10-01 09:24:34.0,2018-10-01 09:33:55.0
47,82b7fad3952d6c200494b781dad31c59abb04aa54655eda92814fa77de22dd16,02b1f0a53e3319f77f8f0c2478c53bd6e3a4c00ce604631242a095685c2d5514,b01157a675296789be1d816eca50e2d20b75595de9069edfd8f5e8a6282a4b3e,31.19509508,121.45532308,31.190988,121.441978,2018-10-01 09:18:51.0,2018-10-01 09:22:38.0,2018-10-01 09:28:09.0,2018-10-01 09:24:30.0,2018-10-01 09:40:48.0
48,82b7fad3952d6c200494b781dad31c59abb04aa54655eda92814fa77de22dd16,20deb3df1c21343dc06d7c70d204414a151963640473cd4b01270e1503001517,6ab461a57280987743957c60c17e3e2d160991ea5c686640848e51a5a782aeca,31.16892007,121.42494002,31.19295,121.439651,2018-10-01 09:37:11.0,2018-10-01 09:37:40.0,2018-10-01 09:53:30.0,2018-10-01 09:51:07.0,2018-10-01 10:22:59.0
49,82b7fad3952d6c200494b781dad31c59abb04aa54655eda92814fa77de22dd16,b0e2a872050c2c9891d684aa9ec001cdf214764e91a794a444b639090a998b1a,09b6145df141f693ad9076f57edca90b307b1017b5ba88fe10a4aac0b97c0ae7,31.17528495,121.43278515,31.1931,121.441101,2018-10-01 09:47:55.0,2018-10-01 09:48:27.0,2018-10-01 10:06:01.0,2018-10-01 09:52:24.0,2018-10-01 10:17:26.0
50,82b7fad3952d6c200494b781dad31c59abb04aa54655eda92814fa77de22dd16,e1db5259139da1cc517d7941661c75969c107cad40e730e540f9793ef403547f,ecbac7eb4a5f1259e93a4a30d3ffb7c7928939b386f092d493c1986f0a439892,31.16466994,121.41188001,31.190988,121.441978,2018-10-01 09:48:42.0,2018-10-01 09:52:12.0,2018-10-01 10:08:53.0,2018-10-01 09:52:25.0,2018-10-01 10:28:53.0
51,82b7fad3952d6c200494b781dad31c59abb04aa54655eda92814fa77de22dd16,378f2f7a7d8e505e79e95e3c3a6e270af3fb505c56fa032e4ee353506f543843,1901f0c2d2c50427c6def498c9e0e13b5d20f8a6c1a94816adffcc0eb7e5deef,31.19643032,121.43836046,31.190988,121.441977,2018-10-01 10:23:07.0,2018-10-01 10:35:52.0,2018-10-01 10:44:00.0,2018-10-01 10:43:13.0,2018-10-01 10:49:54.0
52,82b7fad3952d6c200494b781dad31c59abb04aa54655eda92814fa77de22dd16,dc90de6664ce04052304abc6ed04090e1ac5dc8e5d4651e4a0c9a2a89db9addb,1901f0c2d2c50427c6def498c9e0e13b5d20f8a6c1a94816adffcc0eb7e5deef,31.19643032,121.43836046,31.190988,121.441977,2018-10-01 10:25:02.0,2018-10-01 10:36:32.0,2018-10-01 10:43:56.0,2018-10-01 10:43:33.0,2018-10-01 10:49:57.0
53,82b7fad3952d6c200494b781dad31c59abb04aa54655eda92814fa77de22dd16,acb07fdde076160f12ee40562337425af6da279cae3f0c513fe15a7ca043b23d,0949bc370393734591509fafcf5e931b39b78d174ad903bf2206e2e0f0a8bd6b,31.19553999,121.43911013,31.18947,121.43887,2018-10-01 10:30:18.0,2018-10-01 10:36:37.0,2018-10-01 10:41:37.0,2018-10-01 10:41:34.0,2018-10-01 10:48:08.0
54,82b7fad3952d6c200494b781dad31c59abb04aa54655eda92814fa77de22dd16,b593e5306e57aff6e0bd10e5f65f82779f7af87ae374996513db64201fd164bd,899e2cede13b745b23d0d1b31d782e3287822757bed0a65dae98df640945a7c8,31.19403007,121.44233013,31.190988,121.441978,2018-10-01 10:35:30.0,2018-10-01 10:36:01.0,2018-10-01 10:59:54.0,2018-10-01 10:59:43.0,2018-10-01 11:02:40.0
55,82b7fad3952d6c200494b781dad31c59abb04aa54655eda92814fa77de22dd16,f399ca6350a6b4066d5bc614ce167a7efcbf82d9a14c740964ae51200344dc11,1901f0c2d2c50427c6def498c9e0e13b5d20f8a6c1a94816adffcc0eb7e5deef,31.19528602,121.44030003,31.190988,121.441977,2018-10-01 10:43:44.0,2018-10-01 10:54:30.0,2018-10-01 11:00:49.0,2018-10-01 11:00:45.0,2018-10-01 11:05:29.0
56,82b7fad3952d6c200494b781dad31c59abb04aa54655eda92814fa77de22dd16,cac46895e96429e105f814ee776983a6c595ca9281f9e4e2efa01bb9f7cff8a7,4d7f7b1060333c0c60ed92565f469c708ae90be14501780c1315848d3c8dfb80,31.19310983,121.43954046,31.192985,121.441117,2018-10-01 10:54:59.0,2018-10-01 11:00:27.0,2018-10-01 11:17:50.0,2018-10-01 11:17:41.0,2018-10-01 11:21:08.0
57,82b7fad3952d6c200494b781dad31c59abb04aa54655eda92814fa77de22dd16,8db088cd83bd8f805a791f635696d2f882e03143ea17d4d745f75059210ae8ea,757c532ae449a6aae562a7648ef592091b22ebfab3bd0d57c201bcf9288a9904,31.19537403,121.43707702,31.19343154,121.44088237,2018-10-01 10:55:59.0,2018-10-01 10:56:27.0,2018-10-01 11:16:58.0,2018-10-01 11:05:46.0,2018-10-01 11:25:58.0
58,82b7fad3952d6c200494b781dad31c59abb04aa54655eda92814fa77de22dd16,42813373ddae73f0321a335a8d49142ebb6b3db949b3107db538cab5cbf33f10,f16d232fa47cb25a612fd8bc339b3750f7bbdc95cc54299878499f18c986447b,31.19672603,121.43725203,31.193188,121.440733,2018-10-01 11:03:09.0,2018-10-01 11:03:32.0,2018-10-01 11:17:40.0,2018-10-01 11:17:05.0,2018-10-01 11:32:22.0
59,82b7fad3952d6c200494b781dad31c59abb04aa54655eda92814fa77de22dd16,0c66be102a6dbc7ef73c1dc88aa00b2bf17f461de86ea9e01e8755e43c134db9,757c532ae449a6aae562a7648ef592091b22ebfab3bd0d57c201bcf9288a9904,31.19686098,121.434715,31.19343154,121.44088237,2018-10-01 11:11:52.0,2018-10-01 11:12:16.0,2018-10-01 11:23:06.0,2018-10-01 11:17:51.0,2018-10-01 11:28:08.0
60,82b7fad3952d6c200494b781dad31c59abb04aa54655eda92814fa77de22dd16,98fd44bf9c7370b1a319f26cb60848350047d77dc9462f8ff9dc8ab35023f010,4d7f7b1060333c0c60ed92565f469c708ae90be14501780c1315848d3c8dfb80,31.192942,121.431793,31.192985,121.441117,2018-10-01 11:33:29.0,2018-10-01 11:38:59.0,2018-10-01 11:48:13.0,2018-10-01 11:48:10.0,2018-10-01 11:53:17.0
61,82b7fad3952d6c200494b781dad31c59abb04aa54655eda92814fa77de22dd16,5686bb964479304fcb4469c56cf6a7a50eaf93d0b9efd6f47e9e3f5ab6100e63,9b0cde6d41959ef3ab157bbb0ee47251e899a69f2e06e5da8f71b619fb786ae3,31.188264,121.44228989,31.194185,121.450925,2018-10-01 11:40:33.0,2018-10-01 11:43:20.0,2018-10-01 12:00:44.0,2018-10-01 12:00:40.0,2018-10-01 12:04:30.0
62,82b7fad3952d6c200494b781dad31c59abb04aa54655eda92814fa77de22dd16,c8a159aa01b27025d50953fe2e5dee745719b2311ac23ba74952bdb3796945d9,757c532ae449a6aae562a7648ef592091b22ebfab3bd0d57c201bcf9288a9904,31.18537995,121.44302113,31.19343154,121.44088237,2018-10-01 12:00:27.0,2018-10-01 12:03:55.0,2018-10-01 12:14:32.0,2018-10-01 12:13:57.0,2018-10-01 12:23:24.0
63,82b7fad3952d6c200494b781dad31c59abb04aa54655eda92814fa77de22dd16,483a346085b83e21f97a26e316c279027501b6815ddb628a14ed9389abdd718e,899e2cede13b745b23d0d1b31d782e3287822757bed0a65dae98df640945a7c8,31.18775404,121.44101216,31.190988,121.441978,2018-10-01 12:06:53.0,2018-10-01 12:07:26.0,2018-10-01 12:16:31.0,2018-10-01 12:15:53.0,2018-10-01 12:18:38.0
64,82b7fad3952d6c200494b781dad31c59abb04aa54655eda92814fa77de22dd16,c6bcafa0dc19c02d73cd7d82168226ae726c556e673c72b5c2099313389592ad,899e2cede13b745b23d0d1b31d782e3287822757bed0a65dae98df640945a7c8,31.1848902,121.43845014,31.190988,121.441978,2018-10-01 12:07:09.0,2018-10-01 12:07:26.0,2018-10-01 12:16:41.0,2018-10-01 12:16:38.0,2018-10-01 12:26:11.0
65,82b7fad3952d6c200494b781dad31c59abb04aa54655eda92814fa77de22dd16,5d83d22a5e7d9440db75907ea047bc7539c8239e366d9a2cc738df0e3a01c7e0,2d375a565b637f70a47b1da14d10eb5cbb2ebd7a77141832995367910f94d132,31.18811195,121.443229,31.190312,121.442031,2018-10-01 12:07:55.0,2018-10-01 12:14:06.0,2018-10-01 12:38:13.0,2018-10-01 12:37:57.0,2018-10-01 12:40:25.0
66,82b7fad3952d6c200494b781dad31c59abb04aa54655eda92814fa77de22dd16,11492457e673f64bb70c314cdccfb6c7a47c1808ea1dca2d518bea1d1f789fae,2d375a565b637f70a47b1da14d10eb5cbb2ebd7a77141832995367910f94d132,31.18922993,121.44032987,31.190312,121.442031,2018-10-01 12:23:59.0,2018-10-01 12:30:30.0,2018-10-01 12:49:37.0,2018-10-01 12:49:33.0,2018-10-01 12:51:38.0
67,82b7fad3952d6c200494b781dad31c59abb04aa54655eda92814fa77de22dd16,32ca1638d5bec4c778cee978b61583168b396e2493a71f08c2c04519b4f3e701,0af5cd3c668e7fd25d28bcf7cbc5f8e0f572e0107e1d9f90afd53c9d610bfa7b,31.192148,121.44329907,31.190531,121.443639,2018-10-01 12:25:10.0,2018-10-01 12:25:47.0,2018-10-01 12:44:37.0,2018-10-01 12:44:22.0,2018-10-01 12:47:43.0
68,82b7fad3952d6c200494b781dad31c59abb04aa54655eda92814fa77de22dd16,643212d1875360141b346ca01030e03da17b4286335d3bef6e8fd1fb45cd214d,757c532ae449a6aae562a7648ef592091b22ebfab3bd0d57c201bcf9288a9904,31.18944056,121.44703053,31.19343154,121.44088237,2018-10-01 12:29:20.0,2018-10-01 12:30:01.0,2018-10-01 12:42:43.0,2018-10-01 12:42:36.0,2018-10-01 12:55:10.0
69,82b7fad3952d6c200494b781dad31c59abb04aa54655eda92814fa77de22dd16,7db70cc1bc4da68263eb30a8ae0e93c5345b9b26eafbd716ab9b22f210ed9de1,0af5cd3c668e7fd25d28bcf7cbc5f8e0f572e0107e1d9f90afd53c9d610bfa7b,31.19159999,121.43946989,31.190531,121.443639,2018-10-01 12:42:14.0,2018-10-01 12:43:30.0,2018-10-01 13:01:43.0,2018-10-01 13:01:33.0,2018-10-01 13:09:41.0
70,82b7fad3952d6c200494b781dad31c59abb04aa54655eda92814fa77de22dd16,393d9f9a55fe16817d5e6f4ae5871214ab8e7841809b9573fc630846185b4d1f,1901f0c2d2c50427c6def498c9e0e13b5d20f8a6c1a94816adffcc0eb7e5deef,31.19054304,121.43808486,31.190988,121.441977,2018-10-01 12:43:02.0,2018-10-01 12:50:16.0,2018-10-01 13:01:57.0,2018-10-01 13:01:54.0,2018-10-01 13:05:16.0
71,82b7fad3952d6c200494b781dad31c59abb04aa54655eda92814fa77de22dd16,3b235ce9e465c138e5e1219c1710a658e3102834e78f3ff3bd8ea1c71278b723,b01157a675296789be1d816eca50e2d20b75595de9069edfd8f5e8a6282a4b3e,31.19468202,121.43720912,31.190988,121.441978,2018-10-01 12:49:20.0,2018-10-01 12:52:52.0,2018-10-01 13:01:51.0,2018-10-01 13:01:46.0,2018-10-01 13:17:28.0
72,82b7fad3952d6c200494b781dad31c59abb04aa54655eda92814fa77de22dd16,eb38e631253e97a0bad391fc2eb929c4e1cbf9c19085138dd050b6c143cd7e4e,3bc22acd723ee3a6da92946dc9d4f91299fb1c36d057cea53c7ea3d26e521bdb,31.19296205,121.44026617,31.191011,121.44237,2018-10-01 12:55:58.0,2018-10-01 12:56:55.0,2018-10-01 13:25:04.0,2018-10-01 13:02:29.0,2018-10-01 13:29:00.0
73,82b7fad3952d6c200494b781dad31c59abb04aa54655eda92814fa77de22dd16,b025e2e6bc19cd660f6212c6a918822ed3c911a42b353046699b48cc52bf0a7c,1901f0c2d2c50427c6def498c9e0e13b5d20f8a6c1a94816adffcc0eb7e5deef,31.19069994,121.43876312,31.190988,121.441977,2018-10-01 13:02:26.0,2018-10-01 13:12:46.0,2018-10-01 13:24:17.0,2018-10-01 13:23:55.0,2018-10-01 13:32:54.0
74,82b7fad3952d6c200494b781dad31c59abb04aa54655eda92814fa77de22dd16,5397425b08ad24e86340e71fc0260cfbdc5a3cf085ba297d815b0e3323df1af3,0af5cd3c668e7fd25d28bcf7cbc5f8e0f572e0107e1d9f90afd53c9d610bfa7b,31.19074202,121.43820992,31.190531,121.443639,2018-10-01 13:13:26.0,2018-10-01 13:13:52.0,2018-10-01 13:39:31.0,2018-10-01 13:39:28.0,2018-10-01 13:41:34.0
75,82b7fad3952d6c200494b781dad31c59abb04aa54655eda92814fa77de22dd16,bc83fd2735c879cb8fd7c2d7326d15683bfef3e6a5815650646c10c5a37404c9,1901f0c2d2c50427c6def498c9e0e13b5d20f8a6c1a94816adffcc0eb7e5deef,31.18890605,121.44099405,31.190988,121.441977,2018-10-01 13:19:24.0,2018-10-01 13:29:52.0,2018-10-01 13:47:01.0,2018-10-01 13:46:56.0,2018-10-01 13:49:20.0
76,82b7fad3952d6c200494b781dad31c59abb04aa54655eda92814fa77de22dd16,27e0367c1d6caf4cc363bd53310e8e590e92b2a18ab551be11bc797f45b43744,2d375a565b637f70a47b1da14d10eb5cbb2ebd7a77141832995367910f94d132,31.18823097,121.44750008,31.190312,121.442031,2018-10-01 13:43:02.0,2018-10-01 13:49:16.0,2018-10-01 13:56:26.0,2018-10-01 13:56:18.0,2018-10-01 14:06:08.0
77,82b7fad3952d6c200494b781dad31c59abb04aa54655eda92814fa77de22dd16,ba0074acae295a6918934d3df6184db5bfd4c2a7c8e577cb7fda0a5ad8d2240e,f16d232fa47cb25a612fd8bc339b3750f7bbdc95cc54299878499f18c986447b,31.18657001,121.44453993,31.193188,121.440733,2018-10-01 13:46:27.0,2018-10-01 13:46:49.0,2018-10-01 13:54:39.0,2018-10-01 13:54:35.0,2018-10-01 14:01:45.0
78,82b7fad3952d6c200494b781dad31c59abb04aa54655eda92814fa77de22dd16,85913522ddb3297726a487d342c6dd5994c6b53188962168163b0bc7afe7a2f6,b01157a675296789be1d816eca50e2d20b75595de9069edfd8f5e8a6282a4b3e,31.19608498,121.43716084,31.190988,121.441978,2018-10-01 13:49:03.0,2018-10-01 13:53:52.0,2018-10-01 14:17:29.0,2018-10-01 14:17:23.0,2018-10-01 14:22:47.0
79,82b7fad3952d6c200494b781dad31c59abb04aa54655eda92814fa77de22dd16,45f0a636442fc58d0c6709206ff0ed5e6a0ba3239f1b65b018aabf460416274a,3bc22acd723ee3a6da92946dc9d4f91299fb1c36d057cea53c7ea3d26e521bdb,31.18971013,121.44668989,31.191011,121.44237,2018-10-01 13:49:50.0,2018-10-01 13:50:15.0,2018-10-01 13:57:35.0,2018-10-01 13:57:29.0,2018-10-01 14:09:08.0
80,82b7fad3952d6c200494b781dad31c59abb04aa54655eda92814fa77de22dd16,031589037fb8e7c55307cf03324f95ec8ed451cdb9fea4e63787dd7966191466,9c61f36cb8f668b81fdb8e03ba8ef19ec8e1730a816572e75b9c5fe6fe490b7b,31.18999,121.44353008,31.190129,121.442489,2018-10-01 14:05:46.0,2018-10-01 14:17:02.0,2018-10-01 14:47:41.0,2018-10-01 14:47:31.0,2018-10-01 14:50:32.0
81,82b7fad3952d6c200494b781dad31c59abb04aa54655eda92814fa77de22dd16,f60c3fd1294527942f1c7bc0a55957e794bfe15be20aa826879af28d423a21f4,f2cce08e707da26ffe757874a0c2cba78af8be7b7832506538cdc1b3ac1f2e0c,31.18811195,121.443229,31.186996,121.445564,2018-10-01 14:18:35.0,2018-10-01 14:18:51.0,2018-10-01 14:32:49.0,2018-10-01 14:32:46.0,2018-10-01 14:43:17.0
82,82b7fad3952d6c200494b781dad31c59abb04aa54655eda92814fa77de22dd16,ee0d0a644f261e02c5837bb18b3ec8f7e22769a125e30350252f44d405541bad,2b8b61e19d91aa88a7be1b7bc4565c4704a4a571b1cefe7bf7e9101fd39540a3,31.19215404,121.44300604,31.187225,121.446439,2018-10-01 14:22:42.0,2018-10-01 14:23:49.0,2018-10-01 14:36:24.0,2018-10-01 14:36:17.0,2018-10-01 14:58:28.0
83,82b7fad3952d6c200494b781dad31c59abb04aa54655eda92814fa77de22dd16,9b848e3492a0971e9d35b4ddc3ac227d1ffe738edf76b7b6dfe191d427031e47,115dc9801671426d76e5b126cc4a47d81408ee26872e045c2828f756cf05115e,31.19250205,121.44694084,31.189243,121.438403,2018-10-01 14:23:45.0,2018-10-01 14:30:17.0,2018-10-01 14:54:24.0,2018-10-01 14:54:09.0,2018-10-01 15:01:12.0
84,82b7fad3952d6c200494b781dad31c59abb04aa54655eda92814fa77de22dd16,cf9867d4c825987bc411c431abb7fe98b20a0ca3f9a3ca142e6bc2a9d3971d99,f2cce08e707da26ffe757874a0c2cba78af8be7b7832506538cdc1b3ac1f2e0c,31.18811195,121.443229,31.186996,121.445564,2018-10-01 14:32:35.0,2018-10-01 14:33:16.0,2018-10-01 14:37:35.0,2018-10-01 14:37:15.0,2018-10-01 14:42:36.0
85,82b7fad3952d6c200494b781dad31c59abb04aa54655eda92814fa77de22dd16,053ebbaea5dd23eda5deb59ed5f8eb012f8fdd6260275f0161ba6b7ed70513ca,74d788db9546afcbdf85f08987b7256e2fa53dcabdb0bb92531a25254c0678b9,31.19575792,121.45235991,31.192475,121.448288,2018-10-01 14:56:33.0,2018-10-01 15:02:06.0,2018-10-01 15:08:19.0,2018-10-01 15:08:16.0,2018-10-01 15:16:57.0
86,82b7fad3952d6c200494b781dad31c59abb04aa54655eda92814fa77de22dd16,a051184fba9b8fad7a2c41e977616d95fb6b870fa2c99617af6ab19bf5d6252e,74d788db9546afcbdf85f08987b7256e2fa53dcabdb0bb92531a25254c0678b9,31.19687003,121.45083005,31.192475,121.448288,2018-10-01 15:00:52.0,2018-10-01 15:06:30.0,2018-10-01 15:08:14.0,2018-10-01 15:08:11.0,2018-10-01 15:19:36.0
87,82b7fad3952d6c200494b781dad31c59abb04aa54655eda92814fa77de22dd16,109416ff24170a2360ec6307281f743e46ed61fcaa370d15b9ff2143b6e93264,d58cb6587a70499c87774a3067a183b3b456bb4a2d603665c0655eb1a4acbe6b,31.19069994,121.43876312,31.201151,121.449813,2018-10-01 15:15:14.0,2018-10-01 15:20:14.0,2018-10-01 15:24:09.0,2018-10-01 15:24:03.0,2018-10-01 15:30:37.0
88,82b7fad3952d6c200494b781dad31c59abb04aa54655eda92814fa77de22dd16,06c5b0fa300208706b437ede524c66dda5cb8a1d4c5aeef0751f6dfd1571b690,f16d232fa47cb25a612fd8bc339b3750f7bbdc95cc54299878499f18c986447b,31.19488947,121.43781982,31.193188,121.440733,2018-10-01 15:38:27.0,2018-10-01 15:39:27.0,2018-10-01 15:53:01.0,2018-10-01 15:52:51.0,2018-10-01 16:06:47.0
89,82b7fad3952d6c200494b781dad31c59abb04aa54655eda92814fa77de22dd16,697940b3089450b99cd1b3f171f119489c06664607ee0743dc3b7470d6335fac,f16d232fa47cb25a612fd8bc339b3750f7bbdc95cc54299878499f18c986447b,31.192782,121.438849,31.193188,121.440733,2018-10-01 15:39:58.0,2018-10-01 15:40:27.0,2018-10-01 15:54:15.0,2018-10-01 15:53:07.0,2018-10-01 15:59:53.0
90,82b7fad3952d6c200494b781dad31c59abb04aa54655eda92814fa77de22dd16,7a535b50d7fdd60c3098af3763d2bfc5746d5cb070eb31803d9ce5fbe850e6bb,606244b6046f02003556b81ebb9c053f9f6bbf2f4e05b9dc86f38d564c77fb2b,31.19435999,121.43778009,31.190496,121.443191,2018-10-01 15:44:22.0,2018-10-01 15:45:51.0,2018-10-01 15:50:30.0,2018-10-01 15:50:27.0,2018-10-01 16:06:20.0
91,82b7fad3952d6c200494b781dad31c59abb04aa54655eda92814fa77de22dd16,14fe2d30c656b69990a620d2c809c5b6ae49e0d49a58f674ca6ff400b0ce5878,1901f0c2d2c50427c6def498c9e0e13b5d20f8a6c1a94816adffcc0eb7e5deef,31.19656996,121.43830011,31.190988,121.441977,2018-10-01 15:46:32.0,2018-10-01 15:56:22.0,2018-10-01 16:12:25.0,2018-10-01 16:12:06.0,2018-10-01 16:18:39.0
92,82b7fad3952d6c200494b781dad31c59abb04aa54655eda92814fa77de22dd16,94129e517c200e326b51204ad01692abeda7b67776ccf44b28c82330af8b6460,b01157a675296789be1d816eca50e2d20b75595de9069edfd8f5e8a6282a4b3e,31.19324402,121.44147484,31.190988,121.441978,2018-10-01 15:52:22.0,2018-10-01 15:53:39.0,2018-10-01 16:12:04.0,2018-10-01 16:12:00.0,2018-10-01 16:14:53.0
93,82b7fad3952d6c200494b781dad31c59abb04aa54655eda92814fa77de22dd16,62b6973a2a4b97e01966253a937c427881f839f283260f32df1bab726e1f2cb9,9d654c32037c5d5200124fd60672ffdcda0586ad63c8d815c6d96568cee3cece,31.19179999,121.44009015,31.188713,121.442105,2018-10-01 15:56:23.0,2018-10-01 16:07:41.0,2018-10-01 16:28:26.0,2018-10-01 16:28:22.0,2018-10-01 16:36:13.0
94,82b7fad3952d6c200494b781dad31c59abb04aa54655eda92814fa77de22dd16,2705b049255d82db883f60c92858767099cd8c5ccba5122afcde50f757fef363,4d7f7b1060333c0c60ed92565f469c708ae90be14501780c1315848d3c8dfb80,31.19382002,121.44496204,31.192985,121.441117,2018-10-01 16:15:22.0,2018-10-01 16:22:34.0,2018-10-01 16:45:23.0,2018-10-01 16:25:28.0,2018-10-01 16:49:21.0
95,82b7fad3952d6c200494b781dad31c59abb04aa54655eda92814fa77de22dd16,dc1606d2bb7cc86898b85b4296a6adeeae77e923060e8b7a5c2d821e586460f8,1eb3205a36529feb760b5f96a29a326c657c4e84a31b7fc5e48d5c353c1ca340,31.19336003,121.43972,31.192936,121.440943,2018-10-01 16:18:17.0,2018-10-01 16:20:34.0,2018-10-01 16:45:50.0,2018-10-01 16:25:32.0,2018-10-01 17:00:18.0
96,82b7fad3952d6c200494b781dad31c59abb04aa54655eda92814fa77de22dd16,a4fd242126b83ed85af4ddb3912eaa663f7cd6634a1f24630d9e61ef026fa944,b01157a675296789be1d816eca50e2d20b75595de9069edfd8f5e8a6282a4b3e,31.19468202,121.43720912,31.190988,121.441978,2018-10-01 16:23:34.0,2018-10-01 16:27:10.0,2018-10-01 16:56:55.0,2018-10-01 16:46:38.0,2018-10-01 17:09:19.0
97,82b7fad3952d6c200494b781dad31c59abb04aa54655eda92814fa77de22dd16,b5de57103d708e2fcff8fdc8e13d306fa16dbbcb4ca12d5e90f759b4e1ec7d18,1eb3205a36529feb760b5f96a29a326c657c4e84a31b7fc5e48d5c353c1ca340,31.18925993,121.44025007,31.192936,121.440943,2018-10-01 16:32:35.0,2018-10-01 16:33:10.0,2018-10-01 16:51:44.0,2018-10-01 16:51:38.0,2018-10-01 16:54:57.0
98,82b7fad3952d6c200494b781dad31c59abb04aa54655eda92814fa77de22dd16,13a33a1c8c04c6d3bfc1e98f315ea1d807b4d619ad21bfd45fa7492658247442,606244b6046f02003556b81ebb9c053f9f6bbf2f4e05b9dc86f38d564c77fb2b,31.19748996,121.44053908,31.190496,121.443191,2018-10-01 16:43:20.0,2018-10-01 16:49:36.0,2018-10-01 16:56:49.0,2018-10-01 16:56:44.0,2018-10-01 17:04:58.0
99,82b7fad3952d6c200494b781dad31c59abb04aa54655eda92814fa77de22dd16,5d97fd5c1291d9e326eb9ee51ce783b9f1ce1b8614a1e3e4ce1c7959b0b35664,b01157a675296789be1d816eca50e2d20b75595de9069edfd8f5e8a6282a4b3e,31.18585805,121.43498993,31.190988,121.441978,2018-10-01 17:13:08.0,2018-10-01 17:16:41.0,2018-10-01 17:24:46.0,2018-10-01 17:24:38.0,2018-10-01 17:30:36.0
100,82b7fad3952d6c200494b781dad31c59abb04aa54655eda92814fa77de22dd16,699b16360510738547d81f508228e7ea13f9e5b287fbcc68eaa8ac7b810ac68f,4c1772ee8cedfd97a97142326de4325e774bb4ce3af8072a4e0f7fe601c6bed5,31.19204004,121.43930996,31.185436,121.442005,2018-10-01 17:25:31.0,2018-10-01 17:28:52.0,2018-10-01 17:34:53.0,2018-10-01 17:34:50.0,2018-10-01 17:38:52.0
101,82b7fad3952d6c200494b781dad31c59abb04aa54655eda92814fa77de22dd16,06f4a74de2cefb6f3165c324bd2615c9ef369394194d16dc6f76d4ceb510d1a7,874585dba357c3b6ca298e3b858b0990ff57634f5d373cd0bb45636c89d8bf2b,31.18513704,121.4423489,31.185276,121.446888,2018-10-01 17:29:42.0,2018-10-01 17:36:26.0,2018-10-01 17:47:21.0,2018-10-01 17:47:07.0,2018-10-01 17:50:50.0
102,82b7fad3952d6c200494b781dad31c59abb04aa54655eda92814fa77de22dd16,290e5da85ae6e4781e053b79e208aeb606fc5085095ddf725798cbb4d33f65eb,86bb6baefe85bb3394227a03305a5e7c9af73fc630fbdb5b3f582f8525b2b9f5,31.18560995,121.44537007,31.188715,121.442207,2018-10-01 17:35:14.0,2018-10-01 17:35:54.0,,,
103,82b7fad3952d6c200494b781dad31c59abb04aa54655eda92814fa77de22dd16,f82b7ef7285185b50821bb309d30383fa2151d332007e9ea27c54921357f09e0,4d7f7b1060333c0c60ed92565f469c708ae90be14501780c1315848d3c8dfb80,31.18829099,121.44769387,31.192985,121.441117,2018-10-01 17:35:50.0,2018-10-01 17:42:49.0,2018-10-01 17:59:20.0,2018-10-01 17:43:00.0,2018-10-01 18:14:30.0
104,82b7fad3952d6c200494b781dad31c59abb04aa54655eda92814fa77de22dd16,18c1b3c243ec2f24491cbc97a666d76c238b695a554ba4b8ff0dccb9eba43bb9,757c532ae449a6aae562a7648ef592091b22ebfab3bd0d57c201bcf9288a9904,31.18758003,121.44729992,31.19343154,121.44088237,2018-10-01 17:44:52.0,2018-10-01 17:45:11.0,2018-10-01 17:59:28.0,2018-10-01 17:59:25.0,2018-10-01 18:18:43.0
105,82b7fad3952d6c200494b781dad31c59abb04aa54655eda92814fa77de22dd16,5d19fade72d3cab21622bc042f69cb2162ea8c8de702b2bd7f34cbd544dff0dd,4c1772ee8cedfd97a97142326de4325e774bb4ce3af8072a4e0f7fe601c6bed5,31.19310983,121.43954046,31.185436,121.442005,2018-10-01 17:54:10.0,2018-10-01 18:45:07.0,2018-10-01 19:00:26.0,2018-10-01 19:00:22.0,2018-10-01 19:20:34.0
106,82b7fad3952d6c200494b781dad31c59abb04aa54655eda92814fa77de22dd16,8ccb3750e7dfc3dce5bac344fb5c9b76b5ec1dc16191887a04eccfa9f05115e6,bbca4f2bbb49c5da188a3459680fa06398795b8a84c82ba67a67b93ddf7a04c2,31.1858397,121.44999035,31.189419,121.438596,2018-10-01 17:55:07.0,2018-10-01 17:55:20.0,2018-10-01 18:06:43.0,2018-10-01 18:06:38.0,2018-10-01 18:23:32.0
107,82b7fad3952d6c200494b781dad31c59abb04aa54655eda92814fa77de22dd16,e88b6899ccd399d273e6ffc0a93e24b882885c42248e47e5ae537c21110a7c8b,8491125c71e812f5831197117204726196d344ee9684b67b11bdfa70a9db4aa4,31.17971395,121.45067615,31.183834,121.451524,2018-10-01 18:23:39.0,2018-10-01 18:25:22.0,2018-10-01 18:32:02.0,2018-10-01 18:31:59.0,2018-10-01 18:34:53.0
108,82b7fad3952d6c200494b781dad31c59abb04aa54655eda92814fa77de22dd16,530ed304b312881ba91f9a6be51ba2c25fae57d8a6bac85942d46a23fb70d19a,ecc5b99ccdc82c3c500e63ef22915728e786adddfb861873c88db90c5006ab25,31.18797801,121.4378049,31.18543,121.44285,2018-10-01 18:31:29.0,2018-10-01 18:33:31.0,2018-10-01 18:47:25.0,2018-10-01 18:47:23.0,2018-10-01 18:52:59.0
109,82b7fad3952d6c200494b781dad31c59abb04aa54655eda92814fa77de22dd16,2de4f73b5d68548cc98dfdcabe436482187fb6d77f14c0ece07069666a63fad2,c3f055fb973f0d429f1b829f25b812d4cd04044e57882d61b6b589355c4d39a5,31.18793794,121.44645905,31.185405,121.441236,2018-10-01 18:39:23.0,2018-10-01 18:46:32.0,2018-10-01 18:58:45.0,2018-10-01 18:58:42.0,2018-10-01 19:03:48.0
110,82b7fad3952d6c200494b781dad31c59abb04aa54655eda92814fa77de22dd16,97dea3f4a6007e903d4fff9f1729888febb9ee512df7f742fae26a88a017bdd9,5feceb66ffc86f38d952786c6d696c79c2dbc239dd4e91b46729d73a27fb57e9,31.18544,121.434959,31.190956,121.438476,2018-10-01 18:55:48.0,2018-10-01 18:56:23.0,2018-10-01 19:15:07.0,2018-10-01 19:15:04.0,2018-10-01 19:20:36.0
111,82b7fad3952d6c200494b781dad31c59abb04aa54655eda92814fa77de22dd16,50a08cbce3f27b2cb2fd778c52c9ead57fd6081ef9b73f7fcd7ed073db4fe799,0af5cd3c668e7fd25d28bcf7cbc5f8e0f572e0107e1d9f90afd53c9d610bfa7b,31.18793794,121.44645905,31.190531,121.443639,2018-10-01 19:03:10.0,2018-10-01 19:05:16.0,2018-10-01 19:27:26.0,2018-10-01 19:27:20.0,2018-10-01 19:35:27.0
112,82b7fad3952d6c200494b781dad31c59abb04aa54655eda92814fa77de22dd16,8c86eb956d7af80f8c8036f1644080e165a133483e85ae20157bc3ef68a2924a,86bb6baefe85bb3394227a03305a5e7c9af73fc630fbdb5b3f582f8525b2b9f5,31.18502003,121.44583007,31.188715,121.442207,2018-10-01 19:04:17.0,2018-10-01 19:05:12.0,2018-10-01 19:30:43.0,2018-10-01 19:30:30.0,2018-10-01 19:41:45.0
113,82b7fad3952d6c200494b781dad31c59abb04aa54655eda92814fa77de22dd16,ad337750c0113088e4506b209a7284ab75934628850b4d0fa9fa26f8d80c23b6,9d654c32037c5d5200124fd60672ffdcda0586ad63c8d815c6d96568cee3cece,31.18872978,121.44635059,31.188713,121.442105,2018-10-01 19:15:26.0,2018-10-01 19:25:41.0,2018-10-01 19:51:35.0,2018-10-01 19:51:31.0,2018-10-01 19:53:37.0
114,82b7fad3952d6c200494b781dad31c59abb04aa54655eda92814fa77de22dd16,c77d6b24846596c9b7db0093ea7d51e6c494872c1ec6f31b37dce07b9cace6ae,757c532ae449a6aae562a7648ef592091b22ebfab3bd0d57c201bcf9288a9904,31.18698894,121.44301107,31.19343154,121.44088237,2018-10-01 19:22:00.0,2018-10-01 19:22:11.0,2018-10-01 19:48:20.0,2018-10-01 19:48:12.0,2018-10-01 19:52:38.0
115,82b7fad3952d6c200494b781dad31c59abb04aa54655eda92814fa77de22dd16,c2381159ac66969d84bd75284b4be387ae07ef5696e777a7cb5443a739af4ad1,09b6145df141f693ad9076f57edca90b307b1017b5ba88fe10a4aac0b97c0ae7,31.18997994,121.44523999,31.1931,121.441101,2018-10-01 19:36:06.0,2018-10-01 19:36:18.0,2018-10-01 19:49:26.0,2018-10-01 19:49:21.0,2018-10-01 19:56:37.0
116,82b7fad3952d6c200494b781dad31c59abb04aa54655eda92814fa77de22dd16,348bd2b67c6b90bb28f7ccb54cf452c9aaea058939835d6ffb450b80f58ec98f,17628cc080dc47ae84dfee82893c667a364926f9ba99f3da19d983a2698c1252,31.18701995,121.44514007,31.190552,121.443288,2018-10-01 19:39:13.0,2018-10-01 19:44:23.0,2018-10-01 20:06:58.0,2018-10-01 20:06:56.0,2018-10-01 20:09:27.0
117,82b7fad3952d6c200494b781dad31c59abb04aa54655eda92814fa77de22dd16,bde65ce920ee595ccae68a786adc5620f43e282a7bbf39b880adae0af65569c7,86bb6baefe85bb3394227a03305a5e7c9af73fc630fbdb5b3f582f8525b2b9f5,31.19818993,121.43932052,31.188715,121.442207,2018-10-01 20:11:33.0,2018-10-01 20:11:49.0,2018-10-01 20:21:21.0,2018-10-01 20:21:17.0,2018-10-01 20:27:12.0
118,82b7fad3952d6c200494b781dad31c59abb04aa54655eda92814fa77de22dd16,24ac64918527448e60aaca248081d4baf5ebe80fae1b8a889a36a7ce9720e73e,74d788db9546afcbdf85f08987b7256e2fa53dcabdb0bb92531a25254c0678b9,31.19215504,121.43941289,31.192475,121.448288,2018-10-01 20:30:03.0,2018-10-01 20:38:03.0,2018-10-01 20:49:34.0,2018-10-01 20:49:31.0,2018-10-01 21:02:52.0
119,82b7fad3952d6c200494b781dad31c59abb04aa54655eda92814fa77de22dd16,ee20a5a1a0f89fa35b3cccd55f2dc6741c097d72f4a2159f9bddadf88e6059ad,ea031d61979245c47f3b0a2c93f91e058d4aa6e4ae79866cb32f6972f2cb090f,31.19131903,121.43980013,31.186789,121.445312,2018-10-01 20:34:22.0,2018-10-01 20:37:17.0,2018-10-01 20:46:19.0,2018-10-01 20:46:16.0,2018-10-01 20:58:07.0
120,82b7fad3952d6c200494b781dad31c59abb04aa54655eda92814fa77de22dd16,9d3dfd9da91aadc0bce24e67f5f258394b035d860e6560d465dc5afef106f023,5feceb66ffc86f38d952786c6d696c79c2dbc239dd4e91b46729d73a27fb57e9,31.186019,121.442282,31.189352,121.438522,2018-10-01 21:13:07.0,2018-10-01 21:13:48.0,2018-10-01 21:25:38.0,2018-10-01 21:25:35.0,2018-10-01 21:31:42.0
121,82b7fad3952d6c200494b781dad31c59abb04aa54655eda92814fa77de22dd16,354ae223efe5f3437b8794f72a0b5d553df9c0bfd32927ef54ad2cf5c99a27c9,5feceb66ffc86f38d952786c6d696c79c2dbc239dd4e91b46729d73a27fb57e9,31.19584,121.43122,31.189352,121.438522,2018-10-01 21:21:54.0,2018-10-01 21:23:12.0,2018-10-01 21:37:41.0,2018-10-01 21:37:25.0,2018-10-01 21:53:36.0
122,82b7fad3952d6c200494b781dad31c59abb04aa54655eda92814fa77de22dd16,9dcde4c16701614645f9b6fa30bfd47a8827404e969abfcbd9fdf634d8b84acb,5feceb66ffc86f38d952786c6d696c79c2dbc239dd4e91b46729d73a27fb57e9,31.19717,121.433429,31.189352,121.438522,2018-10-01 21:23:02.0,2018-10-01 21:23:30.0,2018-10-01 21:37:48.0,2018-10-01 21:37:43.0,2018-10-01 21:58:45.0
123,82b7fad3952d6c200494b781dad31c59abb04aa54655eda92814fa77de22dd16,899ded982b4a899ced60aa135f5b55fb640e61c26ba6638c6e2b11f3df202819,5feceb66ffc86f38d952786c6d696c79c2dbc239dd4e91b46729d73a27fb57e9,31.194538,121.44794,31.189352,121.438522,2018-10-01 21:28:04.0,2018-10-01 21:29:07.0,2018-10-01 21:38:06.0,2018-10-01 21:37:52.0,2018-10-01 21:43:16.0
124,82b7fad3952d6c200494b781dad31c59abb04aa54655eda92814fa77de22dd16,8cad26c9c81cad6aa6c8a4ab2a86dc48e1aaa68e27c21ad7e52e0287a8564600,2196d41540f7574cbd2ae135dc3d1edcf3aa1ca23311f1f0622957181ee604d7,31.18818001,121.44769991,31.190592,121.44364,2018-10-01 21:33:32.0,2018-10-01 22:03:32.0,2018-10-01 22:19:06.0,2018-10-01 22:19:01.0,2018-10-01 22:21:38.0
125,82b7fad3952d6c200494b781dad31c59abb04aa54655eda92814fa77de22dd16,24c00cbc81849390f1881b799aa19d74c4f5bb33d0748e69a75ecb57da3fdf25,5feceb66ffc86f38d952786c6d696c79c2dbc239dd4e91b46729d73a27fb57e9,31.18565,121.446375,31.17975,121.444725,2018-10-01 22:21:16.0,2018-10-01 22:21:55.0,2018-10-01 22:27:22.0,2018-10-01 22:27:19.0,2018-10-01 22:34:58.0
126,82b7fad3952d6c200494b781dad31c59abb04aa54655eda92814fa77de22dd16,b5fe7ea187987f14be8fe12d8d78d7be429ad96f1269f1e90d4c4ff1b0bf93f8,2b8b61e19d91aa88a7be1b7bc4565c4704a4a571b1cefe7bf7e9101fd39540a3,31.19209201,121.45010987,31.187225,121.446439,2018-10-01 22:34:15.0,2018-10-01 22:35:33.0,2018-10-01 22:48:28.0,2018-10-01 22:48:25.0,2018-10-01 23:04:08.0
127,82b7fad3952d6c200494b781dad31c59abb04aa54655eda92814fa77de22dd16,2d6e6b5fdd4fc4e20fa1cafe5cac2be5f935b1f3b461d0c941dcd47d287e62ec,09cb7563cad0b49159ce9975dd0683c06b691e959a8e037eecb98101328eee73,31.19348936,121.44736983,31.1882,121.44177,2018-10-01 22:37:43.0,2018-10-01 22:38:08.0,2018-10-01 22:59:30.0,2018-10-01 22:59:06.0,2018-10-01 23:11:00.0
