<?xml version="1.0" encoding="UTF-8"?>

<!-- generated on 12/24/19 22:24:29 by Eclipse SUMO GUI Version 1.0.1
<configuration xmlns:xsi="http://www.w3.org/2001/XMLSchema-instance" xsi:noNamespaceSchemaLocation="http://sumo.dlr.de/xsd/sumoConfiguration.xsd">

    <input>
        <net-file value="gnet.net.xml"/>
        <route-files value="grou.rou.xml"/>
        <additional-files value="gadd.additional.xml"/>
    </input>

    <output>
        <queue-output value="Queue.xml"/>
        <summary-output value="Summary.xml"/>
    </output>

    <time>
        <begin value="0"/>
        <end value="3600"/>
    </time>

    <processing>
        <time-to-teleport value="3600"/>
    </processing>

    <traci_server>
        <remote-port value="56661"/>
    </traci_server>

    <gui_only>
        <gui-settings-file value="gview.view.xml"/>
        <quit-on-end value="true"/>
        <start value="true"/>
    </gui_only>

</configuration>
-->

<detector xmlns:xsi="http://www.w3.org/2001/XMLSchema-instance" xsi:noNamespaceSchemaLocation="http://sumo.dlr.de/xsd/det_e1_file.xsd">
    <interval begin="0.00" end="30.00" id="D1_1_0" nVehContrib="0" flow="0.00" occupancy="0.00" speed="-1.00" length="-1.00" nVehEntered="0"/>
    <interval begin="30.00" end="60.00" id="D1_1_0" nVehContrib="0" flow="0.00" occupancy="0.00" speed="-1.00" length="-1.00" nVehEntered="0"/>
    <interval begin="60.00" end="90.00" id="D1_1_0" nVehContrib="6" flow="720.00" occupancy="46.19" speed="5.83" length="5.00" nVehEntered="6"/>
    <interval begin="90.00" end="120.00" id="D1_1_0" nVehContrib="3" flow="360.00" occupancy="3.86" speed="13.04" length="5.00" nVehEntered="3"/>
    <interval begin="120.00" end="150.00" id="D1_1_0" nVehContrib="0" flow="0.00" occupancy="0.00" speed="-1.00" length="-1.00" nVehEntered="0"/>
    <interval begin="150.00" end="180.00" id="D1_1_0" nVehContrib="2" flow="240.00" occupancy="37.31" speed="1.78" length="5.00" nVehEntered="2"/>
    <interval begin="180.00" end="210.00" id="D1_1_0" nVehContrib="8" flow="960.00" occupancy="13.08" speed="11.23" length="5.00" nVehEntered="8"/>
    <interval begin="210.00" end="240.00" id="D1_1_0" nVehContrib="0" flow="0.00" occupancy="0.00" speed="-1.00" length="-1.00" nVehEntered="0"/>
    <interval begin="240.00" end="270.00" id="D1_1_0" nVehContrib="1" flow="120.00" occupancy="8.50" speed="3.01" length="5.00" nVehEntered="2"/>
    <interval begin="270.00" end="300.00" id="D1_1_0" nVehContrib="9" flow="1080.00" occupancy="38.77" speed="9.51" length="5.00" nVehEntered="8"/>
    <interval begin="300.00" end="330.00" id="D1_1_0" nVehContrib="0" flow="0.00" occupancy="0.00" speed="-1.00" length="-1.00" nVehEntered="0"/>
    <interval begin="330.00" end="360.00" id="D1_1_0" nVehContrib="0" flow="0.00" occupancy="0.00" speed="-1.00" length="-1.00" nVehEntered="0"/>
    <interval begin="360.00" end="390.00" id="D1_1_0" nVehContrib="6" flow="720.00" occupancy="51.85" speed="5.60" length="5.00" nVehEntered="7"/>
    <interval begin="390.00" end="420.00" id="D1_1_0" nVehContrib="2" flow="240.00" occupancy="2.44" speed="10.70" length="5.00" nVehEntered="1"/>
    <interval begin="420.00" end="450.00" id="D1_1_0" nVehContrib="0" flow="0.00" occupancy="0.00" speed="-1.00" length="-1.00" nVehEntered="0"/>
    <interval begin="450.00" end="480.00" id="D1_1_0" nVehContrib="7" flow="840.00" occupancy="20.07" speed="6.93" length="5.00" nVehEntered="8"/>
    <interval begin="480.00" end="510.00" id="D1_1_0" nVehContrib="6" flow="720.00" occupancy="8.09" speed="11.63" length="5.00" nVehEntered="5"/>
    <interval begin="510.00" end="540.00" id="D1_1_0" nVehContrib="0" flow="0.00" occupancy="0.00" speed="-1.00" length="-1.00" nVehEntered="0"/>
    <interval begin="540.00" end="570.00" id="D1_1_0" nVehContrib="3" flow="360.00" occupancy="12.12" speed="5.41" length="5.00" nVehEntered="4"/>
    <interval begin="570.00" end="600.00" id="D1_1_0" nVehContrib="9" flow="1080.00" occupancy="11.59" speed="12.85" length="5.00" nVehEntered="8"/>
    <interval begin="600.00" end="630.00" id="D1_1_0" nVehContrib="0" flow="0.00" occupancy="0.00" speed="-1.00" length="-1.00" nVehEntered="0"/>
    <interval begin="630.00" end="660.00" id="D1_1_0" nVehContrib="0" flow="0.00" occupancy="0.00" speed="-1.00" length="-1.00" nVehEntered="0"/>
    <interval begin="660.00" end="690.00" id="D1_1_0" nVehContrib="10" flow="1200.00" occupancy="19.19" speed="11.04" length="5.00" nVehEntered="10"/>
    <interval begin="690.00" end="720.00" id="D1_1_0" nVehContrib="1" flow="120.00" occupancy="5.81" speed="2.87" length="5.00" nVehEntered="1"/>
    <interval begin="720.00" end="750.00" id="D1_1_0" nVehContrib="2" flow="240.00" occupancy="12.04" speed="4.22" length="5.00" nVehEntered="3"/>
    <interval begin="750.00" end="780.00" id="D1_1_0" nVehContrib="3" flow="360.00" occupancy="26.79" speed="3.51" length="5.00" nVehEntered="2"/>
    <interval begin="780.00" end="810.00" id="D1_1_0" nVehContrib="5" flow="600.00" occupancy="43.09" speed="4.58" length="5.00" nVehEntered="5"/>
    <interval begin="810.00" end="840.00" id="D1_1_0" nVehContrib="1" flow="120.00" occupancy="75.30" speed="3.19" length="5.00" nVehEntered="2"/>
    <interval begin="840.00" end="870.00" id="D1_1_0" nVehContrib="3" flow="360.00" occupancy="9.16" speed="2.93" length="5.00" nVehEntered="2"/>
    <interval begin="870.00" end="900.00" id="D1_1_0" nVehContrib="0" flow="0.00" occupancy="0.00" speed="-1.00" length="-1.00" nVehEntered="0"/>
    <interval begin="900.00" end="930.00" id="D1_1_0" nVehContrib="2" flow="240.00" occupancy="17.64" speed="4.35" length="5.00" nVehEntered="3"/>
    <interval begin="930.00" end="960.00" id="D1_1_0" nVehContrib="3" flow="360.00" occupancy="20.01" speed="1.89" length="5.00" nVehEntered="2"/>
    <interval begin="960.00" end="990.00" id="D1_1_0" nVehContrib="1" flow="120.00" occupancy="10.87" speed="1.53" length="5.00" nVehEntered="1"/>
    <interval begin="990.00" end="1020.00" id="D1_1_0" nVehContrib="2" flow="240.00" occupancy="8.35" speed="4.56" length="5.00" nVehEntered="2"/>
    <interval begin="1020.00" end="1050.00" id="D1_1_0" nVehContrib="0" flow="0.00" occupancy="0.00" speed="-1.00" length="-1.00" nVehEntered="0"/>
    <interval begin="1050.00" end="1080.00" id="D1_1_0" nVehContrib="0" flow="0.00" occupancy="0.00" speed="-1.00" length="-1.00" nVehEntered="0"/>
    <interval begin="1080.00" end="1110.00" id="D1_1_0" nVehContrib="2" flow="240.00" occupancy="10.33" speed="4.77" length="5.00" nVehEntered="3"/>
    <interval begin="1110.00" end="1140.00" id="D1_1_0" nVehContrib="2" flow="240.00" occupancy="4.65" speed="4.99" length="5.00" nVehEntered="1"/>
    <interval begin="1140.00" end="1170.00" id="D1_1_0" nVehContrib="1" flow="120.00" occupancy="4.66" speed="3.57" length="5.00" nVehEntered="1"/>
    <interval begin="1170.00" end="1200.00" id="D1_1_0" nVehContrib="0" flow="0.00" occupancy="0.00" speed="-1.00" length="-1.00" nVehEntered="0"/>
    <interval begin="1200.00" end="1230.00" id="D1_1_0" nVehContrib="3" flow="360.00" occupancy="12.22" speed="4.37" length="5.00" nVehEntered="3"/>
    <interval begin="1230.00" end="1260.00" id="D1_1_0" nVehContrib="3" flow="360.00" occupancy="13.37" speed="4.17" length="5.00" nVehEntered="3"/>
    <interval begin="1260.00" end="1290.00" id="D1_1_0" nVehContrib="2" flow="240.00" occupancy="7.77" speed="4.84" length="5.00" nVehEntered="2"/>
    <interval begin="1290.00" end="1320.00" id="D1_1_0" nVehContrib="3" flow="360.00" occupancy="46.50" speed="3.19" length="5.00" nVehEntered="3"/>
    <interval begin="1320.00" end="1350.00" id="D1_1_0" nVehContrib="1" flow="120.00" occupancy="72.80" speed="2.74" length="5.00" nVehEntered="2"/>
    <interval begin="1350.00" end="1380.00" id="D1_1_0" nVehContrib="2" flow="240.00" occupancy="46.70" speed="2.70" length="5.00" nVehEntered="1"/>
    <interval begin="1380.00" end="1410.00" id="D1_1_0" nVehContrib="6" flow="720.00" occupancy="23.80" speed="4.77" length="5.00" nVehEntered="6"/>
    <interval begin="1410.00" end="1440.00" id="D1_1_0" nVehContrib="3" flow="360.00" occupancy="15.90" speed="3.59" length="5.00" nVehEntered="3"/>
    <interval begin="1440.00" end="1470.00" id="D1_1_0" nVehContrib="2" flow="240.00" occupancy="12.98" speed="2.70" length="5.00" nVehEntered="2"/>
    <interval begin="1470.00" end="1500.00" id="D1_1_0" nVehContrib="3" flow="360.00" occupancy="22.26" speed="3.40" length="5.00" nVehEntered="3"/>
    <interval begin="1500.00" end="1530.00" id="D1_1_0" nVehContrib="3" flow="360.00" occupancy="13.87" speed="4.08" length="5.00" nVehEntered="3"/>
    <interval begin="1530.00" end="1560.00" id="D1_1_0" nVehContrib="4" flow="480.00" occupancy="15.95" speed="4.53" length="5.00" nVehEntered="4"/>
    <interval begin="1560.00" end="1590.00" id="D1_1_0" nVehContrib="2" flow="240.00" occupancy="7.82" speed="4.83" length="5.00" nVehEntered="2"/>
    <interval begin="1590.00" end="1620.00" id="D1_1_0" nVehContrib="0" flow="0.00" occupancy="0.00" speed="-1.00" length="-1.00" nVehEntered="0"/>
    <interval begin="1620.00" end="1650.00" id="D1_1_0" nVehContrib="3" flow="360.00" occupancy="40.95" speed="4.21" length="5.00" nVehEntered="4"/>
    <interval begin="1650.00" end="1680.00" id="D1_1_0" nVehContrib="2" flow="240.00" occupancy="72.45" speed="2.87" length="5.00" nVehEntered="1"/>
    <interval begin="1680.00" end="1710.00" id="D1_1_0" nVehContrib="1" flow="120.00" occupancy="4.78" speed="3.48" length="5.00" nVehEntered="1"/>
    <interval begin="1710.00" end="1740.00" id="D1_1_0" nVehContrib="3" flow="360.00" occupancy="27.02" speed="4.13" length="5.00" nVehEntered="4"/>
    <interval begin="1740.00" end="1770.00" id="D1_1_0" nVehContrib="3" flow="360.00" occupancy="55.32" speed="3.33" length="5.00" nVehEntered="2"/>
    <interval begin="1770.00" end="1800.00" id="D1_1_0" nVehContrib="3" flow="360.00" occupancy="39.33" speed="3.45" length="5.00" nVehEntered="4"/>
    <interval begin="1800.00" end="1807.00" id="D1_1_0" nVehContrib="1" flow="514.29" occupancy="70.61" speed="1.02" length="5.00" nVehEntered="1"/>
</detector>
