<?xml version="1.0" encoding="UTF-8"?>

<!-- generated on 12/24/19 22:24:29 by Eclipse SUMO GUI Version 1.0.1
<configuration xmlns:xsi="http://www.w3.org/2001/XMLSchema-instance" xsi:noNamespaceSchemaLocation="http://sumo.dlr.de/xsd/sumoConfiguration.xsd">

    <input>
        <net-file value="gnet.net.xml"/>
        <route-files value="grou.rou.xml"/>
        <additional-files value="gadd.additional.xml"/>
    </input>

    <output>
        <queue-output value="Queue.xml"/>
        <summary-output value="Summary.xml"/>
    </output>

    <time>
        <begin value="0"/>
        <end value="3600"/>
    </time>

    <processing>
        <time-to-teleport value="3600"/>
    </processing>

    <traci_server>
        <remote-port value="56661"/>
    </traci_server>

    <gui_only>
        <gui-settings-file value="gview.view.xml"/>
        <quit-on-end value="true"/>
        <start value="true"/>
    </gui_only>

</configuration>
-->

<detector xmlns:xsi="http://www.w3.org/2001/XMLSchema-instance" xsi:noNamespaceSchemaLocation="http://sumo.dlr.de/xsd/det_e1_file.xsd">
    <interval begin="0.00" end="30.00" id="D1_2_0" nVehContrib="4" flow="480.00" occupancy="3.55" speed="19.05" length="5.00" nVehEntered="4"/>
    <interval begin="30.00" end="60.00" id="D1_2_0" nVehContrib="2" flow="240.00" occupancy="2.65" speed="12.73" length="5.00" nVehEntered="2"/>
    <interval begin="60.00" end="90.00" id="D1_2_0" nVehContrib="3" flow="360.00" occupancy="16.41" speed="4.15" length="5.00" nVehEntered="3"/>
    <interval begin="90.00" end="120.00" id="D1_2_0" nVehContrib="4" flow="480.00" occupancy="3.65" speed="18.48" length="5.00" nVehEntered="4"/>
    <interval begin="120.00" end="150.00" id="D1_2_0" nVehContrib="3" flow="360.00" occupancy="5.12" speed="10.00" length="5.00" nVehEntered="3"/>
    <interval begin="150.00" end="180.00" id="D1_2_0" nVehContrib="1" flow="120.00" occupancy="63.98" speed="0.31" length="5.00" nVehEntered="2"/>
    <interval begin="180.00" end="210.00" id="D1_2_0" nVehContrib="6" flow="720.00" occupancy="27.96" speed="12.87" length="5.00" nVehEntered="5"/>
    <interval begin="210.00" end="240.00" id="D1_2_0" nVehContrib="2" flow="240.00" occupancy="2.79" speed="12.12" length="5.00" nVehEntered="2"/>
    <interval begin="240.00" end="270.00" id="D1_2_0" nVehContrib="1" flow="120.00" occupancy="58.84" speed="7.91" length="5.00" nVehEntered="2"/>
    <interval begin="270.00" end="300.00" id="D1_2_0" nVehContrib="4" flow="480.00" occupancy="47.86" speed="3.23" length="5.00" nVehEntered="3"/>
    <interval begin="300.00" end="330.00" id="D1_2_0" nVehContrib="5" flow="600.00" occupancy="5.59" speed="15.74" length="5.00" nVehEntered="5"/>
    <interval begin="330.00" end="360.00" id="D1_2_0" nVehContrib="1" flow="120.00" occupancy="40.17" speed="8.62" length="5.00" nVehEntered="2"/>
    <interval begin="360.00" end="390.00" id="D1_2_0" nVehContrib="2" flow="240.00" occupancy="83.17" speed="0.33" length="5.00" nVehEntered="2"/>
    <interval begin="390.00" end="420.00" id="D1_2_0" nVehContrib="6" flow="720.00" occupancy="10.25" speed="8.25" length="5.00" nVehEntered="5"/>
    <interval begin="420.00" end="450.00" id="D1_2_0" nVehContrib="0" flow="0.00" occupancy="97.35" speed="-1.00" length="-1.00" nVehEntered="1"/>
    <interval begin="450.00" end="480.00" id="D1_2_0" nVehContrib="4" flow="480.00" occupancy="80.40" speed="4.98" length="5.00" nVehEntered="3"/>
    <interval begin="480.00" end="510.00" id="D1_2_0" nVehContrib="4" flow="480.00" occupancy="7.06" speed="12.80" length="5.00" nVehEntered="4"/>
    <interval begin="510.00" end="540.00" id="D1_2_0" nVehContrib="5" flow="600.00" occupancy="6.97" speed="13.17" length="5.00" nVehEntered="5"/>
    <interval begin="540.00" end="570.00" id="D1_2_0" nVehContrib="0" flow="0.00" occupancy="63.15" speed="-1.00" length="-1.00" nVehEntered="1"/>
    <interval begin="570.00" end="600.00" id="D1_2_0" nVehContrib="5" flow="600.00" occupancy="8.94" speed="12.32" length="5.00" nVehEntered="4"/>
    <interval begin="600.00" end="630.00" id="D1_2_0" nVehContrib="4" flow="480.00" occupancy="3.70" speed="18.40" length="5.00" nVehEntered="4"/>
    <interval begin="630.00" end="660.00" id="D1_2_0" nVehContrib="3" flow="360.00" occupancy="4.94" speed="10.70" length="5.00" nVehEntered="3"/>
    <interval begin="660.00" end="690.00" id="D1_2_0" nVehContrib="3" flow="360.00" occupancy="2.81" speed="18.82" length="5.00" nVehEntered="3"/>
    <interval begin="690.00" end="720.00" id="D1_2_0" nVehContrib="4" flow="480.00" occupancy="3.72" speed="18.43" length="5.00" nVehEntered="4"/>
    <interval begin="720.00" end="750.00" id="D1_2_0" nVehContrib="2" flow="240.00" occupancy="1.98" speed="16.92" length="5.00" nVehEntered="2"/>
    <interval begin="750.00" end="780.00" id="D1_2_0" nVehContrib="4" flow="480.00" occupancy="4.95" speed="13.97" length="5.00" nVehEntered="4"/>
    <interval begin="780.00" end="810.00" id="D1_2_0" nVehContrib="3" flow="360.00" occupancy="3.01" speed="16.65" length="5.00" nVehEntered="3"/>
    <interval begin="810.00" end="840.00" id="D1_2_0" nVehContrib="3" flow="360.00" occupancy="3.07" speed="16.39" length="5.00" nVehEntered="3"/>
    <interval begin="840.00" end="870.00" id="D1_2_0" nVehContrib="3" flow="360.00" occupancy="3.65" speed="13.84" length="5.00" nVehEntered="3"/>
    <interval begin="870.00" end="900.00" id="D1_2_0" nVehContrib="3" flow="360.00" occupancy="14.52" speed="8.93" length="5.00" nVehEntered="4"/>
    <interval begin="900.00" end="930.00" id="D1_2_0" nVehContrib="1" flow="120.00" occupancy="97.69" speed="0.16" length="5.00" nVehEntered="0"/>
    <interval begin="930.00" end="960.00" id="D1_2_0" nVehContrib="4" flow="480.00" occupancy="63.20" speed="1.87" length="5.00" nVehEntered="4"/>
    <interval begin="960.00" end="990.00" id="D1_2_0" nVehContrib="1" flow="120.00" occupancy="84.47" speed="0.45" length="5.00" nVehEntered="2"/>
    <interval begin="990.00" end="1020.00" id="D1_2_0" nVehContrib="2" flow="240.00" occupancy="85.88" speed="1.82" length="5.00" nVehEntered="2"/>
    <interval begin="1020.00" end="1050.00" id="D1_2_0" nVehContrib="0" flow="0.00" occupancy="100.00" speed="-1.00" length="-1.00" nVehEntered="0"/>
    <interval begin="1050.00" end="1080.00" id="D1_2_0" nVehContrib="0" flow="0.00" occupancy="100.00" speed="-1.00" length="-1.00" nVehEntered="0"/>
    <interval begin="1080.00" end="1110.00" id="D1_2_0" nVehContrib="2" flow="240.00" occupancy="83.69" speed="2.01" length="5.00" nVehEntered="2"/>
    <interval begin="1110.00" end="1140.00" id="D1_2_0" nVehContrib="2" flow="240.00" occupancy="82.20" speed="1.83" length="5.00" nVehEntered="2"/>
    <interval begin="1140.00" end="1170.00" id="D1_2_0" nVehContrib="0" flow="0.00" occupancy="100.00" speed="-1.00" length="-1.00" nVehEntered="0"/>
    <interval begin="1170.00" end="1200.00" id="D1_2_0" nVehContrib="1" flow="120.00" occupancy="92.59" speed="0.10" length="5.00" nVehEntered="1"/>
    <interval begin="1200.00" end="1230.00" id="D1_2_0" nVehContrib="3" flow="360.00" occupancy="76.91" speed="2.32" length="5.00" nVehEntered="3"/>
    <interval begin="1230.00" end="1260.00" id="D1_2_0" nVehContrib="2" flow="240.00" occupancy="84.17" speed="0.35" length="5.00" nVehEntered="1"/>
    <interval begin="1260.00" end="1290.00" id="D1_2_0" nVehContrib="2" flow="240.00" occupancy="82.92" speed="2.24" length="5.00" nVehEntered="3"/>
    <interval begin="1290.00" end="1320.00" id="D1_2_0" nVehContrib="4" flow="480.00" occupancy="66.35" speed="2.24" length="5.00" nVehEntered="4"/>
    <interval begin="1320.00" end="1350.00" id="D1_2_0" nVehContrib="1" flow="120.00" occupancy="90.51" speed="0.31" length="5.00" nVehEntered="1"/>
    <interval begin="1350.00" end="1380.00" id="D1_2_0" nVehContrib="2" flow="240.00" occupancy="83.40" speed="2.65" length="5.00" nVehEntered="2"/>
    <interval begin="1380.00" end="1410.00" id="D1_2_0" nVehContrib="4" flow="480.00" occupancy="71.07" speed="2.93" length="5.00" nVehEntered="4"/>
    <interval begin="1410.00" end="1440.00" id="D1_2_0" nVehContrib="3" flow="360.00" occupancy="75.18" speed="2.09" length="5.00" nVehEntered="3"/>
    <interval begin="1440.00" end="1470.00" id="D1_2_0" nVehContrib="4" flow="480.00" occupancy="63.49" speed="1.60" length="5.00" nVehEntered="4"/>
    <interval begin="1470.00" end="1500.00" id="D1_2_0" nVehContrib="3" flow="360.00" occupancy="73.83" speed="2.42" length="5.00" nVehEntered="3"/>
    <interval begin="1500.00" end="1530.00" id="D1_2_0" nVehContrib="3" flow="360.00" occupancy="73.59" speed="1.66" length="5.00" nVehEntered="3"/>
    <interval begin="1530.00" end="1560.00" id="D1_2_0" nVehContrib="3" flow="360.00" occupancy="79.17" speed="1.64" length="5.00" nVehEntered="2"/>
    <interval begin="1560.00" end="1590.00" id="D1_2_0" nVehContrib="3" flow="360.00" occupancy="69.28" speed="2.54" length="5.00" nVehEntered="4"/>
    <interval begin="1590.00" end="1620.00" id="D1_2_0" nVehContrib="0" flow="0.00" occupancy="100.00" speed="-1.00" length="-1.00" nVehEntered="0"/>
    <interval begin="1620.00" end="1650.00" id="D1_2_0" nVehContrib="3" flow="360.00" occupancy="74.46" speed="1.63" length="5.00" nVehEntered="3"/>
    <interval begin="1650.00" end="1680.00" id="D1_2_0" nVehContrib="1" flow="120.00" occupancy="93.78" speed="0.16" length="5.00" nVehEntered="0"/>
    <interval begin="1680.00" end="1710.00" id="D1_2_0" nVehContrib="1" flow="120.00" occupancy="87.84" speed="2.89" length="5.00" nVehEntered="2"/>
    <interval begin="1710.00" end="1740.00" id="D1_2_0" nVehContrib="3" flow="360.00" occupancy="72.35" speed="1.60" length="5.00" nVehEntered="3"/>
    <interval begin="1740.00" end="1770.00" id="D1_2_0" nVehContrib="4" flow="480.00" occupancy="75.47" speed="1.95" length="5.00" nVehEntered="3"/>
    <interval begin="1770.00" end="1800.00" id="D1_2_0" nVehContrib="3" flow="360.00" occupancy="76.46" speed="1.51" length="5.00" nVehEntered="3"/>
    <interval begin="1800.00" end="1807.00" id="D1_2_0" nVehContrib="1" flow="514.29" occupancy="55.26" speed="1.29" length="5.00" nVehEntered="1"/>
</detector>
