<?xml version="1.0" encoding="UTF-8"?>

<!-- generated on 12/24/19 22:24:29 by Eclipse SUMO GUI Version 1.0.1
<configuration xmlns:xsi="http://www.w3.org/2001/XMLSchema-instance" xsi:noNamespaceSchemaLocation="http://sumo.dlr.de/xsd/sumoConfiguration.xsd">

    <input>
        <net-file value="gnet.net.xml"/>
        <route-files value="grou.rou.xml"/>
        <additional-files value="gadd.additional.xml"/>
    </input>

    <output>
        <queue-output value="Queue.xml"/>
        <summary-output value="Summary.xml"/>
    </output>

    <time>
        <begin value="0"/>
        <end value="3600"/>
    </time>

    <processing>
        <time-to-teleport value="3600"/>
    </processing>

    <traci_server>
        <remote-port value="56661"/>
    </traci_server>

    <gui_only>
        <gui-settings-file value="gview.view.xml"/>
        <quit-on-end value="true"/>
        <start value="true"/>
    </gui_only>

</configuration>
-->

<detector xmlns:xsi="http://www.w3.org/2001/XMLSchema-instance" xsi:noNamespaceSchemaLocation="http://sumo.dlr.de/xsd/det_e1_file.xsd">
    <interval begin="0.00" end="30.00" id="D1_3_0" nVehContrib="4" flow="480.00" occupancy="3.13" speed="21.35" length="5.00" nVehEntered="4"/>
    <interval begin="30.00" end="60.00" id="D1_3_0" nVehContrib="2" flow="240.00" occupancy="2.75" speed="17.56" length="5.00" nVehEntered="3"/>
    <interval begin="60.00" end="90.00" id="D1_3_0" nVehContrib="3" flow="360.00" occupancy="2.78" speed="13.90" length="5.00" nVehEntered="2"/>
    <interval begin="90.00" end="120.00" id="D1_3_0" nVehContrib="4" flow="480.00" occupancy="3.21" speed="22.13" length="5.00" nVehEntered="5"/>
    <interval begin="120.00" end="150.00" id="D1_3_0" nVehContrib="3" flow="360.00" occupancy="3.06" speed="15.46" length="5.00" nVehEntered="2"/>
    <interval begin="150.00" end="180.00" id="D1_3_0" nVehContrib="2" flow="240.00" occupancy="3.50" speed="9.63" length="5.00" nVehEntered="2"/>
    <interval begin="180.00" end="210.00" id="D1_3_0" nVehContrib="5" flow="600.00" occupancy="4.84" speed="19.44" length="5.00" nVehEntered="5"/>
    <interval begin="210.00" end="240.00" id="D1_3_0" nVehContrib="3" flow="360.00" occupancy="3.07" speed="16.44" length="5.00" nVehEntered="3"/>
    <interval begin="240.00" end="270.00" id="D1_3_0" nVehContrib="2" flow="240.00" occupancy="3.13" speed="10.70" length="5.00" nVehEntered="2"/>
    <interval begin="270.00" end="300.00" id="D1_3_0" nVehContrib="3" flow="360.00" occupancy="4.84" speed="13.09" length="5.00" nVehEntered="3"/>
    <interval begin="300.00" end="330.00" id="D1_3_0" nVehContrib="4" flow="480.00" occupancy="3.47" speed="19.52" length="5.00" nVehEntered="4"/>
    <interval begin="330.00" end="360.00" id="D1_3_0" nVehContrib="3" flow="360.00" occupancy="4.34" speed="11.82" length="5.00" nVehEntered="3"/>
    <interval begin="360.00" end="390.00" id="D1_3_0" nVehContrib="2" flow="240.00" occupancy="11.07" speed="3.30" length="5.00" nVehEntered="2"/>
    <interval begin="390.00" end="420.00" id="D1_3_0" nVehContrib="5" flow="600.00" occupancy="6.46" speed="13.84" length="5.00" nVehEntered="5"/>
    <interval begin="420.00" end="450.00" id="D1_3_0" nVehContrib="2" flow="240.00" occupancy="7.12" speed="6.06" length="5.00" nVehEntered="2"/>
    <interval begin="450.00" end="480.00" id="D1_3_0" nVehContrib="2" flow="240.00" occupancy="8.07" speed="4.61" length="5.00" nVehEntered="2"/>
    <interval begin="480.00" end="510.00" id="D1_3_0" nVehContrib="3" flow="360.00" occupancy="3.68" speed="16.60" length="5.00" nVehEntered="3"/>
    <interval begin="510.00" end="540.00" id="D1_3_0" nVehContrib="5" flow="600.00" occupancy="4.91" speed="17.44" length="5.00" nVehEntered="5"/>
    <interval begin="540.00" end="570.00" id="D1_3_0" nVehContrib="2" flow="240.00" occupancy="3.26" speed="10.40" length="5.00" nVehEntered="2"/>
    <interval begin="570.00" end="600.00" id="D1_3_0" nVehContrib="3" flow="360.00" occupancy="2.58" speed="19.92" length="5.00" nVehEntered="3"/>
    <interval begin="600.00" end="630.00" id="D1_3_0" nVehContrib="4" flow="480.00" occupancy="3.16" speed="21.20" length="5.00" nVehEntered="4"/>
    <interval begin="630.00" end="660.00" id="D1_3_0" nVehContrib="3" flow="360.00" occupancy="2.97" speed="16.90" length="5.00" nVehEntered="3"/>
    <interval begin="660.00" end="690.00" id="D1_3_0" nVehContrib="3" flow="360.00" occupancy="2.60" speed="20.29" length="5.00" nVehEntered="3"/>
    <interval begin="690.00" end="720.00" id="D1_3_0" nVehContrib="4" flow="480.00" occupancy="3.22" speed="20.84" length="5.00" nVehEntered="4"/>
    <interval begin="720.00" end="750.00" id="D1_3_0" nVehContrib="2" flow="240.00" occupancy="1.56" speed="21.40" length="5.00" nVehEntered="2"/>
    <interval begin="750.00" end="780.00" id="D1_3_0" nVehContrib="4" flow="480.00" occupancy="3.50" speed="19.12" length="5.00" nVehEntered="4"/>
    <interval begin="780.00" end="810.00" id="D1_3_0" nVehContrib="3" flow="360.00" occupancy="2.40" speed="20.87" length="5.00" nVehEntered="3"/>
    <interval begin="810.00" end="840.00" id="D1_3_0" nVehContrib="3" flow="360.00" occupancy="2.53" speed="19.79" length="5.00" nVehEntered="3"/>
    <interval begin="840.00" end="870.00" id="D1_3_0" nVehContrib="3" flow="360.00" occupancy="2.69" speed="18.75" length="5.00" nVehEntered="3"/>
    <interval begin="870.00" end="900.00" id="D1_3_0" nVehContrib="4" flow="480.00" occupancy="4.81" speed="14.35" length="5.00" nVehEntered="4"/>
    <interval begin="900.00" end="930.00" id="D1_3_0" nVehContrib="2" flow="240.00" occupancy="5.96" speed="6.30" length="5.00" nVehEntered="2"/>
    <interval begin="930.00" end="960.00" id="D1_3_0" nVehContrib="3" flow="360.00" occupancy="8.90" speed="6.55" length="5.00" nVehEntered="3"/>
    <interval begin="960.00" end="990.00" id="D1_3_0" nVehContrib="3" flow="360.00" occupancy="23.94" speed="3.63" length="5.00" nVehEntered="3"/>
    <interval begin="990.00" end="1020.00" id="D1_3_0" nVehContrib="1" flow="120.00" occupancy="5.10" speed="3.27" length="5.00" nVehEntered="1"/>
    <interval begin="1020.00" end="1050.00" id="D1_3_0" nVehContrib="1" flow="120.00" occupancy="18.00" speed="0.93" length="5.00" nVehEntered="1"/>
    <interval begin="1050.00" end="1080.00" id="D1_3_0" nVehContrib="0" flow="0.00" occupancy="0.00" speed="-1.00" length="-1.00" nVehEntered="0"/>
    <interval begin="1080.00" end="1110.00" id="D1_3_0" nVehContrib="2" flow="240.00" occupancy="22.06" speed="2.25" length="5.00" nVehEntered="2"/>
    <interval begin="1110.00" end="1140.00" id="D1_3_0" nVehContrib="2" flow="240.00" occupancy="24.93" speed="2.24" length="5.00" nVehEntered="2"/>
    <interval begin="1140.00" end="1170.00" id="D1_3_0" nVehContrib="0" flow="0.00" occupancy="0.00" speed="-1.00" length="-1.00" nVehEntered="0"/>
    <interval begin="1170.00" end="1200.00" id="D1_3_0" nVehContrib="1" flow="120.00" occupancy="12.40" speed="1.34" length="5.00" nVehEntered="1"/>
    <interval begin="1200.00" end="1230.00" id="D1_3_0" nVehContrib="3" flow="360.00" occupancy="28.68" speed="2.57" length="5.00" nVehEntered="3"/>
    <interval begin="1230.00" end="1260.00" id="D1_3_0" nVehContrib="1" flow="120.00" occupancy="17.96" speed="0.93" length="5.00" nVehEntered="1"/>
    <interval begin="1260.00" end="1290.00" id="D1_3_0" nVehContrib="2" flow="240.00" occupancy="22.36" speed="2.22" length="5.00" nVehEntered="2"/>
    <interval begin="1290.00" end="1320.00" id="D1_3_0" nVehContrib="4" flow="480.00" occupancy="43.14" speed="2.24" length="5.00" nVehEntered="4"/>
    <interval begin="1320.00" end="1350.00" id="D1_3_0" nVehContrib="2" flow="240.00" occupancy="30.82" speed="1.10" length="5.00" nVehEntered="2"/>
    <interval begin="1350.00" end="1380.00" id="D1_3_0" nVehContrib="1" flow="120.00" occupancy="12.82" speed="2.69" length="5.00" nVehEntered="2"/>
    <interval begin="1380.00" end="1410.00" id="D1_3_0" nVehContrib="4" flow="480.00" occupancy="38.22" speed="3.15" length="5.00" nVehEntered="4"/>
    <interval begin="1410.00" end="1440.00" id="D1_3_0" nVehContrib="4" flow="480.00" occupancy="44.27" speed="1.47" length="5.00" nVehEntered="3"/>
    <interval begin="1440.00" end="1470.00" id="D1_3_0" nVehContrib="3" flow="360.00" occupancy="48.73" speed="2.08" length="5.00" nVehEntered="4"/>
    <interval begin="1470.00" end="1500.00" id="D1_3_0" nVehContrib="3" flow="360.00" occupancy="37.58" speed="2.39" length="5.00" nVehEntered="3"/>
    <interval begin="1500.00" end="1530.00" id="D1_3_0" nVehContrib="3" flow="360.00" occupancy="39.67" speed="1.90" length="5.00" nVehEntered="3"/>
    <interval begin="1530.00" end="1560.00" id="D1_3_0" nVehContrib="3" flow="360.00" occupancy="26.52" speed="1.55" length="5.00" nVehEntered="2"/>
    <interval begin="1560.00" end="1590.00" id="D1_3_0" nVehContrib="4" flow="480.00" occupancy="44.60" speed="2.22" length="5.00" nVehEntered="4"/>
    <interval begin="1590.00" end="1620.00" id="D1_3_0" nVehContrib="0" flow="0.00" occupancy="0.00" speed="-1.00" length="-1.00" nVehEntered="0"/>
    <interval begin="1620.00" end="1650.00" id="D1_3_0" nVehContrib="2" flow="240.00" occupancy="33.43" speed="1.96" length="5.00" nVehEntered="3"/>
    <interval begin="1650.00" end="1680.00" id="D1_3_0" nVehContrib="1" flow="120.00" occupancy="7.72" speed="0.92" length="5.00" nVehEntered="0"/>
    <interval begin="1680.00" end="1710.00" id="D1_3_0" nVehContrib="2" flow="240.00" occupancy="21.39" speed="2.07" length="5.00" nVehEntered="2"/>
    <interval begin="1710.00" end="1740.00" id="D1_3_0" nVehContrib="2" flow="240.00" occupancy="36.29" speed="2.53" length="5.00" nVehEntered="3"/>
    <interval begin="1740.00" end="1770.00" id="D1_3_0" nVehContrib="3" flow="360.00" occupancy="20.84" speed="1.68" length="5.00" nVehEntered="3"/>
    <interval begin="1770.00" end="1800.00" id="D1_3_0" nVehContrib="4" flow="480.00" occupancy="46.22" speed="2.20" length="5.00" nVehEntered="3"/>
    <interval begin="1800.00" end="1807.00" id="D1_3_0" nVehContrib="0" flow="0.00" occupancy="57.54" speed="-1.00" length="-1.00" nVehEntered="1"/>
</detector>
