<?xml version="1.0" encoding="UTF-8"?>

<!-- generated on 12/24/19 22:24:29 by Eclipse SUMO GUI Version 1.0.1
<configuration xmlns:xsi="http://www.w3.org/2001/XMLSchema-instance" xsi:noNamespaceSchemaLocation="http://sumo.dlr.de/xsd/sumoConfiguration.xsd">

    <input>
        <net-file value="gnet.net.xml"/>
        <route-files value="grou.rou.xml"/>
        <additional-files value="gadd.additional.xml"/>
    </input>

    <output>
        <queue-output value="Queue.xml"/>
        <summary-output value="Summary.xml"/>
    </output>

    <time>
        <begin value="0"/>
        <end value="3600"/>
    </time>

    <processing>
        <time-to-teleport value="3600"/>
    </processing>

    <traci_server>
        <remote-port value="56661"/>
    </traci_server>

    <gui_only>
        <gui-settings-file value="gview.view.xml"/>
        <quit-on-end value="true"/>
        <start value="true"/>
    </gui_only>

</configuration>
-->

<detector xmlns:xsi="http://www.w3.org/2001/XMLSchema-instance" xsi:noNamespaceSchemaLocation="http://sumo.dlr.de/xsd/det_e1_file.xsd">
    <interval begin="0.00" end="30.00" id="D3_1_0" nVehContrib="0" flow="0.00" occupancy="0.00" speed="-1.00" length="-1.00" nVehEntered="0"/>
    <interval begin="30.00" end="60.00" id="D3_1_0" nVehContrib="1" flow="120.00" occupancy="0.82" speed="20.32" length="5.00" nVehEntered="1"/>
    <interval begin="60.00" end="90.00" id="D3_1_0" nVehContrib="2" flow="240.00" occupancy="1.57" speed="21.31" length="5.00" nVehEntered="2"/>
    <interval begin="90.00" end="120.00" id="D3_1_0" nVehContrib="6" flow="720.00" occupancy="4.33" speed="23.18" length="5.00" nVehEntered="6"/>
    <interval begin="120.00" end="150.00" id="D3_1_0" nVehContrib="0" flow="0.00" occupancy="0.00" speed="-1.00" length="-1.00" nVehEntered="0"/>
    <interval begin="150.00" end="180.00" id="D3_1_0" nVehContrib="4" flow="480.00" occupancy="3.41" speed="19.59" length="5.00" nVehEntered="4"/>
    <interval begin="180.00" end="210.00" id="D3_1_0" nVehContrib="7" flow="840.00" occupancy="4.94" speed="23.66" length="5.00" nVehEntered="7"/>
    <interval begin="210.00" end="240.00" id="D3_1_0" nVehContrib="0" flow="0.00" occupancy="0.00" speed="-1.00" length="-1.00" nVehEntered="0"/>
    <interval begin="240.00" end="270.00" id="D3_1_0" nVehContrib="3" flow="360.00" occupancy="2.51" speed="20.04" length="5.00" nVehEntered="3"/>
    <interval begin="270.00" end="300.00" id="D3_1_0" nVehContrib="8" flow="960.00" occupancy="5.81" speed="23.00" length="5.00" nVehEntered="8"/>
    <interval begin="300.00" end="330.00" id="D3_1_0" nVehContrib="0" flow="0.00" occupancy="0.00" speed="-1.00" length="-1.00" nVehEntered="0"/>
    <interval begin="330.00" end="360.00" id="D3_1_0" nVehContrib="3" flow="360.00" occupancy="2.42" speed="20.72" length="5.00" nVehEntered="3"/>
    <interval begin="360.00" end="390.00" id="D3_1_0" nVehContrib="2" flow="240.00" occupancy="1.65" speed="20.25" length="5.00" nVehEntered="2"/>
    <interval begin="390.00" end="420.00" id="D3_1_0" nVehContrib="4" flow="480.00" occupancy="3.00" speed="22.24" length="5.00" nVehEntered="4"/>
    <interval begin="420.00" end="450.00" id="D3_1_0" nVehContrib="0" flow="0.00" occupancy="0.00" speed="-1.00" length="-1.00" nVehEntered="0"/>
    <interval begin="450.00" end="480.00" id="D3_1_0" nVehContrib="7" flow="840.00" occupancy="5.62" speed="20.87" length="5.00" nVehEntered="7"/>
    <interval begin="480.00" end="510.00" id="D3_1_0" nVehContrib="7" flow="840.00" occupancy="4.93" speed="23.72" length="5.00" nVehEntered="7"/>
    <interval begin="510.00" end="540.00" id="D3_1_0" nVehContrib="0" flow="0.00" occupancy="0.00" speed="-1.00" length="-1.00" nVehEntered="0"/>
    <interval begin="540.00" end="570.00" id="D3_1_0" nVehContrib="4" flow="480.00" occupancy="3.29" speed="20.25" length="5.00" nVehEntered="4"/>
    <interval begin="570.00" end="600.00" id="D3_1_0" nVehContrib="9" flow="1080.00" occupancy="6.27" speed="24.22" length="5.00" nVehEntered="9"/>
    <interval begin="600.00" end="630.00" id="D3_1_0" nVehContrib="0" flow="0.00" occupancy="0.00" speed="-1.00" length="-1.00" nVehEntered="0"/>
    <interval begin="630.00" end="660.00" id="D3_1_0" nVehContrib="2" flow="240.00" occupancy="1.74" speed="19.18" length="5.00" nVehEntered="2"/>
    <interval begin="660.00" end="690.00" id="D3_1_0" nVehContrib="9" flow="1080.00" occupancy="6.34" speed="24.00" length="5.00" nVehEntered="9"/>
    <interval begin="690.00" end="720.00" id="D3_1_0" nVehContrib="0" flow="0.00" occupancy="0.00" speed="-1.00" length="-1.00" nVehEntered="0"/>
    <interval begin="720.00" end="750.00" id="D3_1_0" nVehContrib="3" flow="360.00" occupancy="2.53" speed="19.80" length="5.00" nVehEntered="3"/>
    <interval begin="750.00" end="780.00" id="D3_1_0" nVehContrib="3" flow="360.00" occupancy="2.41" speed="20.78" length="5.00" nVehEntered="3"/>
    <interval begin="780.00" end="810.00" id="D3_1_0" nVehContrib="4" flow="480.00" occupancy="3.05" speed="21.88" length="5.00" nVehEntered="4"/>
    <interval begin="810.00" end="840.00" id="D3_1_0" nVehContrib="3" flow="360.00" occupancy="2.44" speed="20.49" length="5.00" nVehEntered="3"/>
    <interval begin="840.00" end="870.00" id="D3_1_0" nVehContrib="3" flow="360.00" occupancy="2.47" speed="20.29" length="5.00" nVehEntered="3"/>
    <interval begin="870.00" end="900.00" id="D3_1_0" nVehContrib="3" flow="360.00" occupancy="2.54" speed="19.80" length="5.00" nVehEntered="3"/>
    <interval begin="900.00" end="930.00" id="D3_1_0" nVehContrib="1" flow="120.00" occupancy="0.85" speed="19.50" length="5.00" nVehEntered="1"/>
    <interval begin="930.00" end="960.00" id="D3_1_0" nVehContrib="4" flow="480.00" occupancy="3.19" speed="20.89" length="5.00" nVehEntered="4"/>
    <interval begin="960.00" end="990.00" id="D3_1_0" nVehContrib="2" flow="240.00" occupancy="1.57" speed="21.22" length="5.00" nVehEntered="2"/>
    <interval begin="990.00" end="1020.00" id="D3_1_0" nVehContrib="1" flow="120.00" occupancy="0.80" speed="20.85" length="5.00" nVehEntered="1"/>
    <interval begin="1020.00" end="1050.00" id="D3_1_0" nVehContrib="2" flow="240.00" occupancy="1.70" speed="19.70" length="5.00" nVehEntered="2"/>
    <interval begin="1050.00" end="1080.00" id="D3_1_0" nVehContrib="2" flow="240.00" occupancy="1.66" speed="20.05" length="5.00" nVehEntered="2"/>
    <interval begin="1080.00" end="1110.00" id="D3_1_0" nVehContrib="2" flow="240.00" occupancy="1.57" speed="21.28" length="5.00" nVehEntered="2"/>
    <interval begin="1110.00" end="1140.00" id="D3_1_0" nVehContrib="4" flow="480.00" occupancy="3.29" speed="20.27" length="5.00" nVehEntered="4"/>
    <interval begin="1140.00" end="1170.00" id="D3_1_0" nVehContrib="1" flow="120.00" occupancy="0.76" speed="21.83" length="5.00" nVehEntered="1"/>
    <interval begin="1170.00" end="1200.00" id="D3_1_0" nVehContrib="1" flow="120.00" occupancy="0.83" speed="20.15" length="5.00" nVehEntered="1"/>
    <interval begin="1200.00" end="1230.00" id="D3_1_0" nVehContrib="3" flow="360.00" occupancy="2.47" speed="20.35" length="5.00" nVehEntered="3"/>
    <interval begin="1230.00" end="1260.00" id="D3_1_0" nVehContrib="2" flow="240.00" occupancy="1.67" speed="20.08" length="5.00" nVehEntered="2"/>
    <interval begin="1260.00" end="1290.00" id="D3_1_0" nVehContrib="4" flow="480.00" occupancy="3.20" speed="20.85" length="5.00" nVehEntered="4"/>
    <interval begin="1290.00" end="1320.00" id="D3_1_0" nVehContrib="2" flow="240.00" occupancy="1.70" speed="19.65" length="5.00" nVehEntered="2"/>
    <interval begin="1320.00" end="1350.00" id="D3_1_0" nVehContrib="3" flow="360.00" occupancy="2.58" speed="19.35" length="5.00" nVehEntered="3"/>
    <interval begin="1350.00" end="1380.00" id="D3_1_0" nVehContrib="2" flow="240.00" occupancy="1.60" speed="20.82" length="5.00" nVehEntered="2"/>
    <interval begin="1380.00" end="1410.00" id="D3_1_0" nVehContrib="5" flow="600.00" occupancy="3.98" speed="20.99" length="5.00" nVehEntered="5"/>
    <interval begin="1410.00" end="1440.00" id="D3_1_0" nVehContrib="3" flow="360.00" occupancy="2.38" speed="21.04" length="5.00" nVehEntered="3"/>
    <interval begin="1440.00" end="1470.00" id="D3_1_0" nVehContrib="3" flow="360.00" occupancy="2.40" speed="20.81" length="5.00" nVehEntered="3"/>
    <interval begin="1470.00" end="1500.00" id="D3_1_0" nVehContrib="4" flow="480.00" occupancy="3.33" speed="20.09" length="5.00" nVehEntered="4"/>
    <interval begin="1500.00" end="1530.00" id="D3_1_0" nVehContrib="2" flow="240.00" occupancy="1.61" speed="20.65" length="5.00" nVehEntered="2"/>
    <interval begin="1530.00" end="1560.00" id="D3_1_0" nVehContrib="5" flow="600.00" occupancy="3.95" speed="21.16" length="5.00" nVehEntered="5"/>
    <interval begin="1560.00" end="1590.00" id="D3_1_0" nVehContrib="2" flow="240.00" occupancy="1.93" speed="21.76" length="5.00" nVehEntered="3"/>
    <interval begin="1590.00" end="1620.00" id="D3_1_0" nVehContrib="3" flow="360.00" occupancy="2.13" speed="19.80" length="5.00" nVehEntered="2"/>
    <interval begin="1620.00" end="1650.00" id="D3_1_0" nVehContrib="3" flow="360.00" occupancy="2.52" speed="19.83" length="5.00" nVehEntered="3"/>
    <interval begin="1650.00" end="1680.00" id="D3_1_0" nVehContrib="2" flow="240.00" occupancy="1.69" speed="19.86" length="5.00" nVehEntered="2"/>
    <interval begin="1680.00" end="1710.00" id="D3_1_0" nVehContrib="1" flow="120.00" occupancy="0.77" speed="21.78" length="5.00" nVehEntered="1"/>
    <interval begin="1710.00" end="1740.00" id="D3_1_0" nVehContrib="2" flow="240.00" occupancy="1.56" speed="21.35" length="5.00" nVehEntered="2"/>
    <interval begin="1740.00" end="1770.00" id="D3_1_0" nVehContrib="4" flow="480.00" occupancy="3.21" speed="20.85" length="5.00" nVehEntered="4"/>
    <interval begin="1770.00" end="1800.00" id="D3_1_0" nVehContrib="4" flow="480.00" occupancy="3.27" speed="20.44" length="5.00" nVehEntered="4"/>
    <interval begin="1800.00" end="1807.00" id="D3_1_0" nVehContrib="1" flow="514.29" occupancy="3.50" speed="20.41" length="5.00" nVehEntered="1"/>
</detector>
