<?xml version="1.0" encoding="UTF-8"?>

<!-- generated on 12/24/19 22:24:29 by Eclipse SUMO GUI Version 1.0.1
<configuration xmlns:xsi="http://www.w3.org/2001/XMLSchema-instance" xsi:noNamespaceSchemaLocation="http://sumo.dlr.de/xsd/sumoConfiguration.xsd">

    <input>
        <net-file value="gnet.net.xml"/>
        <route-files value="grou.rou.xml"/>
        <additional-files value="gadd.additional.xml"/>
    </input>

    <output>
        <queue-output value="Queue.xml"/>
        <summary-output value="Summary.xml"/>
    </output>

    <time>
        <begin value="0"/>
        <end value="3600"/>
    </time>

    <processing>
        <time-to-teleport value="3600"/>
    </processing>

    <traci_server>
        <remote-port value="56661"/>
    </traci_server>

    <gui_only>
        <gui-settings-file value="gview.view.xml"/>
        <quit-on-end value="true"/>
        <start value="true"/>
    </gui_only>

</configuration>
-->

<detector xmlns:xsi="http://www.w3.org/2001/XMLSchema-instance" xsi:noNamespaceSchemaLocation="http://sumo.dlr.de/xsd/det_e1_file.xsd">
    <interval begin="0.00" end="30.00" id="D4_1_0" nVehContrib="0" flow="0.00" occupancy="0.00" speed="-1.00" length="-1.00" nVehEntered="0"/>
    <interval begin="30.00" end="60.00" id="D4_1_0" nVehContrib="0" flow="0.00" occupancy="0.00" speed="-1.00" length="-1.00" nVehEntered="0"/>
    <interval begin="60.00" end="90.00" id="D4_1_0" nVehContrib="8" flow="960.00" occupancy="20.75" speed="7.95" length="5.00" nVehEntered="8"/>
    <interval begin="90.00" end="120.00" id="D4_1_0" nVehContrib="0" flow="0.00" occupancy="0.00" speed="-1.00" length="-1.00" nVehEntered="0"/>
    <interval begin="120.00" end="150.00" id="D4_1_0" nVehContrib="0" flow="0.00" occupancy="0.00" speed="-1.00" length="-1.00" nVehEntered="0"/>
    <interval begin="150.00" end="180.00" id="D4_1_0" nVehContrib="6" flow="720.00" occupancy="17.10" speed="6.43" length="5.00" nVehEntered="6"/>
    <interval begin="180.00" end="210.00" id="D4_1_0" nVehContrib="4" flow="480.00" occupancy="17.20" speed="9.68" length="5.00" nVehEntered="4"/>
    <interval begin="210.00" end="240.00" id="D4_1_0" nVehContrib="0" flow="0.00" occupancy="0.00" speed="-1.00" length="-1.00" nVehEntered="0"/>
    <interval begin="240.00" end="270.00" id="D4_1_0" nVehContrib="2" flow="240.00" occupancy="8.02" speed="4.51" length="5.00" nVehEntered="2"/>
    <interval begin="270.00" end="300.00" id="D4_1_0" nVehContrib="7" flow="840.00" occupancy="18.46" speed="9.90" length="5.00" nVehEntered="7"/>
    <interval begin="300.00" end="330.00" id="D4_1_0" nVehContrib="0" flow="0.00" occupancy="0.00" speed="-1.00" length="-1.00" nVehEntered="0"/>
    <interval begin="330.00" end="360.00" id="D4_1_0" nVehContrib="0" flow="0.00" occupancy="0.00" speed="-1.00" length="-1.00" nVehEntered="0"/>
    <interval begin="360.00" end="390.00" id="D4_1_0" nVehContrib="9" flow="1080.00" occupancy="32.54" speed="6.11" length="5.00" nVehEntered="9"/>
    <interval begin="390.00" end="420.00" id="D4_1_0" nVehContrib="0" flow="0.00" occupancy="0.00" speed="-1.00" length="-1.00" nVehEntered="0"/>
    <interval begin="420.00" end="450.00" id="D4_1_0" nVehContrib="0" flow="0.00" occupancy="0.00" speed="-1.00" length="-1.00" nVehEntered="0"/>
    <interval begin="450.00" end="480.00" id="D4_1_0" nVehContrib="6" flow="720.00" occupancy="19.96" speed="5.80" length="5.00" nVehEntered="6"/>
    <interval begin="480.00" end="510.00" id="D4_1_0" nVehContrib="4" flow="480.00" occupancy="5.92" speed="13.52" length="5.00" nVehEntered="4"/>
    <interval begin="510.00" end="540.00" id="D4_1_0" nVehContrib="0" flow="0.00" occupancy="0.00" speed="-1.00" length="-1.00" nVehEntered="0"/>
    <interval begin="540.00" end="570.00" id="D4_1_0" nVehContrib="1" flow="120.00" occupancy="21.70" speed="0.85" length="5.00" nVehEntered="2"/>
    <interval begin="570.00" end="600.00" id="D4_1_0" nVehContrib="8" flow="960.00" occupancy="12.82" speed="9.84" length="5.00" nVehEntered="7"/>
    <interval begin="600.00" end="630.00" id="D4_1_0" nVehContrib="0" flow="0.00" occupancy="0.00" speed="-1.00" length="-1.00" nVehEntered="0"/>
    <interval begin="630.00" end="660.00" id="D4_1_0" nVehContrib="0" flow="0.00" occupancy="0.00" speed="-1.00" length="-1.00" nVehEntered="0"/>
    <interval begin="660.00" end="690.00" id="D4_1_0" nVehContrib="9" flow="1080.00" occupancy="18.03" speed="10.87" length="5.00" nVehEntered="9"/>
    <interval begin="690.00" end="720.00" id="D4_1_0" nVehContrib="1" flow="120.00" occupancy="4.78" speed="3.49" length="5.00" nVehEntered="1"/>
    <interval begin="720.00" end="750.00" id="D4_1_0" nVehContrib="3" flow="360.00" occupancy="10.18" speed="5.16" length="5.00" nVehEntered="3"/>
    <interval begin="750.00" end="780.00" id="D4_1_0" nVehContrib="2" flow="240.00" occupancy="15.21" speed="2.44" length="5.00" nVehEntered="2"/>
    <interval begin="780.00" end="810.00" id="D4_1_0" nVehContrib="5" flow="600.00" occupancy="41.19" speed="4.47" length="5.00" nVehEntered="5"/>
    <interval begin="810.00" end="840.00" id="D4_1_0" nVehContrib="3" flow="360.00" occupancy="13.39" speed="4.06" length="5.00" nVehEntered="3"/>
    <interval begin="840.00" end="870.00" id="D4_1_0" nVehContrib="2" flow="240.00" occupancy="8.40" speed="4.39" length="5.00" nVehEntered="2"/>
    <interval begin="870.00" end="900.00" id="D4_1_0" nVehContrib="0" flow="0.00" occupancy="0.00" speed="-1.00" length="-1.00" nVehEntered="0"/>
    <interval begin="900.00" end="930.00" id="D4_1_0" nVehContrib="3" flow="360.00" occupancy="12.46" speed="4.26" length="5.00" nVehEntered="3"/>
    <interval begin="930.00" end="960.00" id="D4_1_0" nVehContrib="4" flow="480.00" occupancy="14.01" speed="5.40" length="5.00" nVehEntered="4"/>
    <interval begin="960.00" end="990.00" id="D4_1_0" nVehContrib="2" flow="240.00" occupancy="8.35" speed="4.55" length="5.00" nVehEntered="2"/>
    <interval begin="990.00" end="1020.00" id="D4_1_0" nVehContrib="2" flow="240.00" occupancy="8.10" speed="4.75" length="5.00" nVehEntered="2"/>
    <interval begin="1020.00" end="1050.00" id="D4_1_0" nVehContrib="0" flow="0.00" occupancy="0.00" speed="-1.00" length="-1.00" nVehEntered="0"/>
    <interval begin="1050.00" end="1080.00" id="D4_1_0" nVehContrib="0" flow="0.00" occupancy="0.00" speed="-1.00" length="-1.00" nVehEntered="0"/>
    <interval begin="1080.00" end="1110.00" id="D4_1_0" nVehContrib="2" flow="240.00" occupancy="9.48" speed="4.44" length="5.00" nVehEntered="3"/>
    <interval begin="1110.00" end="1140.00" id="D4_1_0" nVehContrib="2" flow="240.00" occupancy="7.30" speed="4.10" length="5.00" nVehEntered="1"/>
    <interval begin="1140.00" end="1170.00" id="D4_1_0" nVehContrib="2" flow="240.00" occupancy="8.55" speed="4.49" length="5.00" nVehEntered="2"/>
    <interval begin="1170.00" end="1200.00" id="D4_1_0" nVehContrib="0" flow="0.00" occupancy="0.00" speed="-1.00" length="-1.00" nVehEntered="0"/>
    <interval begin="1200.00" end="1230.00" id="D4_1_0" nVehContrib="2" flow="240.00" occupancy="17.88" speed="2.20" length="5.00" nVehEntered="2"/>
    <interval begin="1230.00" end="1260.00" id="D4_1_0" nVehContrib="3" flow="360.00" occupancy="13.47" speed="4.15" length="5.00" nVehEntered="3"/>
    <interval begin="1260.00" end="1290.00" id="D4_1_0" nVehContrib="2" flow="240.00" occupancy="8.01" speed="4.61" length="5.00" nVehEntered="2"/>
    <interval begin="1290.00" end="1320.00" id="D4_1_0" nVehContrib="3" flow="360.00" occupancy="48.72" speed="2.88" length="5.00" nVehEntered="3"/>
    <interval begin="1320.00" end="1350.00" id="D4_1_0" nVehContrib="1" flow="120.00" occupancy="5.44" speed="3.06" length="5.00" nVehEntered="1"/>
    <interval begin="1350.00" end="1380.00" id="D4_1_0" nVehContrib="2" flow="240.00" occupancy="7.54" speed="5.07" length="5.00" nVehEntered="2"/>
    <interval begin="1380.00" end="1410.00" id="D4_1_0" nVehContrib="4" flow="480.00" occupancy="27.90" speed="3.36" length="5.00" nVehEntered="4"/>
    <interval begin="1410.00" end="1440.00" id="D4_1_0" nVehContrib="3" flow="360.00" occupancy="12.98" speed="4.28" length="5.00" nVehEntered="3"/>
    <interval begin="1440.00" end="1470.00" id="D4_1_0" nVehContrib="4" flow="480.00" occupancy="16.56" speed="4.58" length="5.00" nVehEntered="4"/>
    <interval begin="1470.00" end="1500.00" id="D4_1_0" nVehContrib="3" flow="360.00" occupancy="24.83" speed="3.30" length="5.00" nVehEntered="3"/>
    <interval begin="1500.00" end="1530.00" id="D4_1_0" nVehContrib="3" flow="360.00" occupancy="12.28" speed="4.34" length="5.00" nVehEntered="3"/>
    <interval begin="1530.00" end="1560.00" id="D4_1_0" nVehContrib="4" flow="480.00" occupancy="15.43" speed="4.80" length="5.00" nVehEntered="4"/>
    <interval begin="1560.00" end="1590.00" id="D4_1_0" nVehContrib="2" flow="240.00" occupancy="7.64" speed="4.91" length="5.00" nVehEntered="2"/>
    <interval begin="1590.00" end="1620.00" id="D4_1_0" nVehContrib="0" flow="0.00" occupancy="0.00" speed="-1.00" length="-1.00" nVehEntered="0"/>
    <interval begin="1620.00" end="1650.00" id="D4_1_0" nVehContrib="6" flow="720.00" occupancy="21.81" speed="5.04" length="5.00" nVehEntered="6"/>
    <interval begin="1650.00" end="1680.00" id="D4_1_0" nVehContrib="1" flow="120.00" occupancy="7.12" speed="2.34" length="5.00" nVehEntered="1"/>
    <interval begin="1680.00" end="1710.00" id="D4_1_0" nVehContrib="2" flow="240.00" occupancy="7.62" speed="4.91" length="5.00" nVehEntered="2"/>
    <interval begin="1710.00" end="1740.00" id="D4_1_0" nVehContrib="4" flow="480.00" occupancy="16.73" speed="4.57" length="5.00" nVehEntered="4"/>
    <interval begin="1740.00" end="1770.00" id="D4_1_0" nVehContrib="2" flow="240.00" occupancy="34.70" speed="5.15" length="5.00" nVehEntered="3"/>
    <interval begin="1770.00" end="1800.00" id="D4_1_0" nVehContrib="3" flow="360.00" occupancy="54.34" speed="2.12" length="5.00" nVehEntered="3"/>
    <interval begin="1800.00" end="1807.00" id="D4_1_0" nVehContrib="2" flow="1028.57" occupancy="60.69" speed="2.28" length="5.00" nVehEntered="1"/>
</detector>
