<?xml version="1.0" encoding="UTF-8"?>

<!-- generated on 12/24/19 22:24:29 by Eclipse SUMO GUI Version 1.0.1
<configuration xmlns:xsi="http://www.w3.org/2001/XMLSchema-instance" xsi:noNamespaceSchemaLocation="http://sumo.dlr.de/xsd/sumoConfiguration.xsd">

    <input>
        <net-file value="gnet.net.xml"/>
        <route-files value="grou.rou.xml"/>
        <additional-files value="gadd.additional.xml"/>
    </input>

    <output>
        <queue-output value="Queue.xml"/>
        <summary-output value="Summary.xml"/>
    </output>

    <time>
        <begin value="0"/>
        <end value="3600"/>
    </time>

    <processing>
        <time-to-teleport value="3600"/>
    </processing>

    <traci_server>
        <remote-port value="56661"/>
    </traci_server>

    <gui_only>
        <gui-settings-file value="gview.view.xml"/>
        <quit-on-end value="true"/>
        <start value="true"/>
    </gui_only>

</configuration>
-->

<detector xmlns:xsi="http://www.w3.org/2001/XMLSchema-instance" xsi:noNamespaceSchemaLocation="http://sumo.dlr.de/xsd/det_e1_file.xsd">
    <interval begin="0.00" end="30.00" id="D4_2_0" nVehContrib="3" flow="360.00" occupancy="2.56" speed="19.78" length="5.00" nVehEntered="3"/>
    <interval begin="30.00" end="60.00" id="D4_2_0" nVehContrib="2" flow="240.00" occupancy="2.14" speed="15.56" length="5.00" nVehEntered="2"/>
    <interval begin="60.00" end="90.00" id="D4_2_0" nVehContrib="3" flow="360.00" occupancy="3.69" speed="15.14" length="5.00" nVehEntered="3"/>
    <interval begin="90.00" end="120.00" id="D4_2_0" nVehContrib="3" flow="360.00" occupancy="2.45" speed="20.49" length="5.00" nVehEntered="3"/>
    <interval begin="120.00" end="150.00" id="D4_2_0" nVehContrib="3" flow="360.00" occupancy="3.39" speed="14.91" length="5.00" nVehEntered="3"/>
    <interval begin="150.00" end="180.00" id="D4_2_0" nVehContrib="2" flow="240.00" occupancy="5.44" speed="7.03" length="5.00" nVehEntered="2"/>
    <interval begin="180.00" end="210.00" id="D4_2_0" nVehContrib="4" flow="480.00" occupancy="3.44" speed="19.91" length="5.00" nVehEntered="4"/>
    <interval begin="210.00" end="240.00" id="D4_2_0" nVehContrib="3" flow="360.00" occupancy="2.94" speed="17.07" length="5.00" nVehEntered="3"/>
    <interval begin="240.00" end="270.00" id="D4_2_0" nVehContrib="2" flow="240.00" occupancy="2.98" speed="11.71" length="5.00" nVehEntered="2"/>
    <interval begin="270.00" end="300.00" id="D4_2_0" nVehContrib="2" flow="240.00" occupancy="1.74" speed="20.45" length="5.00" nVehEntered="2"/>
    <interval begin="300.00" end="330.00" id="D4_2_0" nVehContrib="4" flow="480.00" occupancy="3.45" speed="19.60" length="5.00" nVehEntered="4"/>
    <interval begin="330.00" end="360.00" id="D4_2_0" nVehContrib="3" flow="360.00" occupancy="4.21" speed="12.07" length="5.00" nVehEntered="3"/>
    <interval begin="360.00" end="390.00" id="D4_2_0" nVehContrib="2" flow="240.00" occupancy="2.88" speed="14.60" length="5.00" nVehEntered="2"/>
    <interval begin="390.00" end="420.00" id="D4_2_0" nVehContrib="4" flow="480.00" occupancy="3.40" speed="19.86" length="5.00" nVehEntered="4"/>
    <interval begin="420.00" end="450.00" id="D4_2_0" nVehContrib="2" flow="240.00" occupancy="2.37" speed="14.29" length="5.00" nVehEntered="2"/>
    <interval begin="450.00" end="480.00" id="D4_2_0" nVehContrib="3" flow="360.00" occupancy="6.47" speed="9.23" length="5.00" nVehEntered="3"/>
    <interval begin="480.00" end="510.00" id="D4_2_0" nVehContrib="3" flow="360.00" occupancy="2.33" speed="21.47" length="5.00" nVehEntered="3"/>
    <interval begin="510.00" end="540.00" id="D4_2_0" nVehContrib="3" flow="360.00" occupancy="3.15" speed="16.04" length="5.00" nVehEntered="3"/>
    <interval begin="540.00" end="570.00" id="D4_2_0" nVehContrib="2" flow="240.00" occupancy="3.11" speed="10.93" length="5.00" nVehEntered="2"/>
    <interval begin="570.00" end="600.00" id="D4_2_0" nVehContrib="4" flow="480.00" occupancy="4.77" speed="18.20" length="5.00" nVehEntered="4"/>
    <interval begin="600.00" end="630.00" id="D4_2_0" nVehContrib="2" flow="240.00" occupancy="1.99" speed="16.86" length="5.00" nVehEntered="2"/>
    <interval begin="630.00" end="660.00" id="D4_2_0" nVehContrib="3" flow="360.00" occupancy="4.08" speed="12.97" length="5.00" nVehEntered="3"/>
    <interval begin="660.00" end="690.00" id="D4_2_0" nVehContrib="2" flow="240.00" occupancy="3.70" speed="14.04" length="5.00" nVehEntered="2"/>
    <interval begin="690.00" end="720.00" id="D4_2_0" nVehContrib="4" flow="480.00" occupancy="3.40" speed="19.86" length="5.00" nVehEntered="4"/>
    <interval begin="720.00" end="750.00" id="D4_2_0" nVehContrib="3" flow="360.00" occupancy="2.96" speed="16.96" length="5.00" nVehEntered="3"/>
    <interval begin="750.00" end="780.00" id="D4_2_0" nVehContrib="2" flow="240.00" occupancy="1.82" speed="18.44" length="5.00" nVehEntered="2"/>
    <interval begin="780.00" end="810.00" id="D4_2_0" nVehContrib="3" flow="360.00" occupancy="2.55" speed="19.65" length="5.00" nVehEntered="3"/>
    <interval begin="810.00" end="840.00" id="D4_2_0" nVehContrib="3" flow="360.00" occupancy="2.42" speed="20.68" length="5.00" nVehEntered="3"/>
    <interval begin="840.00" end="870.00" id="D4_2_0" nVehContrib="3" flow="360.00" occupancy="2.49" speed="20.19" length="5.00" nVehEntered="3"/>
    <interval begin="870.00" end="900.00" id="D4_2_0" nVehContrib="3" flow="360.00" occupancy="3.02" speed="17.01" length="5.00" nVehEntered="3"/>
    <interval begin="900.00" end="930.00" id="D4_2_0" nVehContrib="3" flow="360.00" occupancy="5.41" speed="9.51" length="5.00" nVehEntered="3"/>
    <interval begin="930.00" end="960.00" id="D4_2_0" nVehContrib="2" flow="240.00" occupancy="1.86" speed="17.94" length="5.00" nVehEntered="2"/>
    <interval begin="960.00" end="990.00" id="D4_2_0" nVehContrib="4" flow="480.00" occupancy="4.01" speed="16.76" length="5.00" nVehEntered="4"/>
    <interval begin="990.00" end="1020.00" id="D4_2_0" nVehContrib="2" flow="240.00" occupancy="2.64" speed="12.71" length="5.00" nVehEntered="2"/>
    <interval begin="1020.00" end="1050.00" id="D4_2_0" nVehContrib="3" flow="360.00" occupancy="6.56" speed="8.67" length="5.00" nVehEntered="3"/>
    <interval begin="1050.00" end="1080.00" id="D4_2_0" nVehContrib="0" flow="0.00" occupancy="0.00" speed="-1.00" length="-1.00" nVehEntered="0"/>
    <interval begin="1080.00" end="1110.00" id="D4_2_0" nVehContrib="2" flow="240.00" occupancy="17.36" speed="2.13" length="5.00" nVehEntered="2"/>
    <interval begin="1110.00" end="1140.00" id="D4_2_0" nVehContrib="2" flow="240.00" occupancy="17.04" speed="1.99" length="5.00" nVehEntered="2"/>
    <interval begin="1140.00" end="1170.00" id="D4_2_0" nVehContrib="0" flow="0.00" occupancy="0.00" speed="-1.00" length="-1.00" nVehEntered="0"/>
    <interval begin="1170.00" end="1200.00" id="D4_2_0" nVehContrib="2" flow="240.00" occupancy="15.33" speed="2.18" length="5.00" nVehEntered="2"/>
    <interval begin="1200.00" end="1230.00" id="D4_2_0" nVehContrib="2" flow="240.00" occupancy="21.77" speed="1.56" length="5.00" nVehEntered="2"/>
    <interval begin="1230.00" end="1260.00" id="D4_2_0" nVehContrib="1" flow="120.00" occupancy="17.61" speed="1.23" length="5.00" nVehEntered="2"/>
    <interval begin="1260.00" end="1290.00" id="D4_2_0" nVehContrib="3" flow="360.00" occupancy="18.65" speed="2.22" length="5.00" nVehEntered="2"/>
    <interval begin="1290.00" end="1320.00" id="D4_2_0" nVehContrib="3" flow="360.00" occupancy="48.49" speed="1.52" length="5.00" nVehEntered="4"/>
    <interval begin="1320.00" end="1350.00" id="D4_2_0" nVehContrib="2" flow="240.00" occupancy="13.58" speed="1.62" length="5.00" nVehEntered="1"/>
    <interval begin="1350.00" end="1380.00" id="D4_2_0" nVehContrib="2" flow="240.00" occupancy="15.83" speed="2.14" length="5.00" nVehEntered="2"/>
    <interval begin="1380.00" end="1410.00" id="D4_2_0" nVehContrib="2" flow="240.00" occupancy="22.32" speed="1.57" length="5.00" nVehEntered="2"/>
    <interval begin="1410.00" end="1440.00" id="D4_2_0" nVehContrib="3" flow="360.00" occupancy="27.64" speed="1.89" length="5.00" nVehEntered="3"/>
    <interval begin="1440.00" end="1470.00" id="D4_2_0" nVehContrib="6" flow="720.00" occupancy="41.01" speed="2.64" length="5.00" nVehEntered="6"/>
    <interval begin="1470.00" end="1500.00" id="D4_2_0" nVehContrib="3" flow="360.00" occupancy="30.71" speed="2.41" length="5.00" nVehEntered="3"/>
    <interval begin="1500.00" end="1530.00" id="D4_2_0" nVehContrib="3" flow="360.00" occupancy="19.90" speed="2.81" length="5.00" nVehEntered="3"/>
    <interval begin="1530.00" end="1560.00" id="D4_2_0" nVehContrib="2" flow="240.00" occupancy="17.70" speed="2.15" length="5.00" nVehEntered="3"/>
    <interval begin="1560.00" end="1590.00" id="D4_2_0" nVehContrib="4" flow="480.00" occupancy="28.48" speed="2.24" length="5.00" nVehEntered="3"/>
    <interval begin="1590.00" end="1620.00" id="D4_2_0" nVehContrib="0" flow="0.00" occupancy="0.00" speed="-1.00" length="-1.00" nVehEntered="0"/>
    <interval begin="1620.00" end="1650.00" id="D4_2_0" nVehContrib="4" flow="480.00" occupancy="28.29" speed="2.36" length="5.00" nVehEntered="4"/>
    <interval begin="1650.00" end="1680.00" id="D4_2_0" nVehContrib="2" flow="240.00" occupancy="15.54" speed="2.89" length="5.00" nVehEntered="3"/>
    <interval begin="1680.00" end="1710.00" id="D4_2_0" nVehContrib="1" flow="120.00" occupancy="8.46" speed="1.50" length="5.00" nVehEntered="0"/>
    <interval begin="1710.00" end="1740.00" id="D4_2_0" nVehContrib="4" flow="480.00" occupancy="32.34" speed="2.11" length="5.00" nVehEntered="4"/>
    <interval begin="1740.00" end="1770.00" id="D4_2_0" nVehContrib="4" flow="480.00" occupancy="28.09" speed="2.48" length="5.00" nVehEntered="4"/>
    <interval begin="1770.00" end="1800.00" id="D4_2_0" nVehContrib="2" flow="240.00" occupancy="56.08" speed="1.35" length="5.00" nVehEntered="3"/>
    <interval begin="1800.00" end="1807.00" id="D4_2_0" nVehContrib="1" flow="514.29" occupancy="63.78" speed="0.92" length="5.00" nVehEntered="1"/>
</detector>
