<?xml version="1.0" encoding="UTF-8"?>

<!-- generated on 12/24/19 22:24:29 by Eclipse SUMO GUI Version 1.0.1
<configuration xmlns:xsi="http://www.w3.org/2001/XMLSchema-instance" xsi:noNamespaceSchemaLocation="http://sumo.dlr.de/xsd/sumoConfiguration.xsd">

    <input>
        <net-file value="gnet.net.xml"/>
        <route-files value="grou.rou.xml"/>
        <additional-files value="gadd.additional.xml"/>
    </input>

    <output>
        <queue-output value="Queue.xml"/>
        <summary-output value="Summary.xml"/>
    </output>

    <time>
        <begin value="0"/>
        <end value="3600"/>
    </time>

    <processing>
        <time-to-teleport value="3600"/>
    </processing>

    <traci_server>
        <remote-port value="56661"/>
    </traci_server>

    <gui_only>
        <gui-settings-file value="gview.view.xml"/>
        <quit-on-end value="true"/>
        <start value="true"/>
    </gui_only>

</configuration>
-->

<detector xmlns:xsi="http://www.w3.org/2001/XMLSchema-instance" xsi:noNamespaceSchemaLocation="http://sumo.dlr.de/xsd/det_e1_file.xsd">
    <interval begin="0.00" end="30.00" id="D4_3_0" nVehContrib="3" flow="360.00" occupancy="2.28" speed="21.92" length="5.00" nVehEntered="3"/>
    <interval begin="30.00" end="60.00" id="D4_3_0" nVehContrib="2" flow="240.00" occupancy="2.15" speed="19.36" length="5.00" nVehEntered="3"/>
    <interval begin="60.00" end="90.00" id="D4_3_0" nVehContrib="3" flow="360.00" occupancy="2.41" speed="18.25" length="5.00" nVehEntered="2"/>
    <interval begin="90.00" end="120.00" id="D4_3_0" nVehContrib="4" flow="480.00" occupancy="2.95" speed="22.82" length="5.00" nVehEntered="4"/>
    <interval begin="120.00" end="150.00" id="D4_3_0" nVehContrib="2" flow="240.00" occupancy="1.74" speed="19.23" length="5.00" nVehEntered="2"/>
    <interval begin="150.00" end="180.00" id="D4_3_0" nVehContrib="3" flow="360.00" occupancy="3.39" speed="15.38" length="5.00" nVehEntered="3"/>
    <interval begin="180.00" end="210.00" id="D4_3_0" nVehContrib="3" flow="360.00" occupancy="2.17" speed="23.13" length="5.00" nVehEntered="3"/>
    <interval begin="210.00" end="240.00" id="D4_3_0" nVehContrib="3" flow="360.00" occupancy="2.42" speed="20.81" length="5.00" nVehEntered="3"/>
    <interval begin="240.00" end="270.00" id="D4_3_0" nVehContrib="2" flow="240.00" occupancy="2.07" speed="16.34" length="5.00" nVehEntered="2"/>
    <interval begin="270.00" end="300.00" id="D4_3_0" nVehContrib="2" flow="240.00" occupancy="1.64" speed="21.26" length="5.00" nVehEntered="2"/>
    <interval begin="300.00" end="330.00" id="D4_3_0" nVehContrib="4" flow="480.00" occupancy="3.10" speed="21.65" length="5.00" nVehEntered="4"/>
    <interval begin="330.00" end="360.00" id="D4_3_0" nVehContrib="3" flow="360.00" occupancy="3.14" speed="15.96" length="5.00" nVehEntered="3"/>
    <interval begin="360.00" end="390.00" id="D4_3_0" nVehContrib="2" flow="240.00" occupancy="2.15" speed="17.04" length="5.00" nVehEntered="2"/>
    <interval begin="390.00" end="420.00" id="D4_3_0" nVehContrib="4" flow="480.00" occupancy="3.07" speed="21.73" length="5.00" nVehEntered="4"/>
    <interval begin="420.00" end="450.00" id="D4_3_0" nVehContrib="2" flow="240.00" occupancy="1.85" speed="18.13" length="5.00" nVehEntered="2"/>
    <interval begin="450.00" end="480.00" id="D4_3_0" nVehContrib="3" flow="360.00" occupancy="3.59" speed="14.35" length="5.00" nVehEntered="3"/>
    <interval begin="480.00" end="510.00" id="D4_3_0" nVehContrib="3" flow="360.00" occupancy="2.02" speed="24.81" length="5.00" nVehEntered="3"/>
    <interval begin="510.00" end="540.00" id="D4_3_0" nVehContrib="3" flow="360.00" occupancy="2.55" speed="19.67" length="5.00" nVehEntered="3"/>
    <interval begin="540.00" end="570.00" id="D4_3_0" nVehContrib="2" flow="240.00" occupancy="2.17" speed="15.47" length="5.00" nVehEntered="2"/>
    <interval begin="570.00" end="600.00" id="D4_3_0" nVehContrib="4" flow="480.00" occupancy="3.63" speed="19.98" length="5.00" nVehEntered="4"/>
    <interval begin="600.00" end="630.00" id="D4_3_0" nVehContrib="2" flow="240.00" occupancy="1.62" speed="20.56" length="5.00" nVehEntered="2"/>
    <interval begin="630.00" end="660.00" id="D4_3_0" nVehContrib="3" flow="360.00" occupancy="2.80" speed="18.00" length="5.00" nVehEntered="3"/>
    <interval begin="660.00" end="690.00" id="D4_3_0" nVehContrib="2" flow="240.00" occupancy="1.92" speed="18.83" length="5.00" nVehEntered="2"/>
    <interval begin="690.00" end="720.00" id="D4_3_0" nVehContrib="4" flow="480.00" occupancy="3.09" speed="21.63" length="5.00" nVehEntered="4"/>
    <interval begin="720.00" end="750.00" id="D4_3_0" nVehContrib="3" flow="360.00" occupancy="2.42" speed="20.73" length="5.00" nVehEntered="3"/>
    <interval begin="750.00" end="780.00" id="D4_3_0" nVehContrib="2" flow="240.00" occupancy="1.68" speed="19.89" length="5.00" nVehEntered="2"/>
    <interval begin="780.00" end="810.00" id="D4_3_0" nVehContrib="4" flow="480.00" occupancy="2.94" speed="22.75" length="5.00" nVehEntered="4"/>
    <interval begin="810.00" end="840.00" id="D4_3_0" nVehContrib="2" flow="240.00" occupancy="1.37" speed="24.31" length="5.00" nVehEntered="2"/>
    <interval begin="840.00" end="870.00" id="D4_3_0" nVehContrib="3" flow="360.00" occupancy="2.36" speed="21.25" length="5.00" nVehEntered="3"/>
    <interval begin="870.00" end="900.00" id="D4_3_0" nVehContrib="3" flow="360.00" occupancy="2.51" speed="20.06" length="5.00" nVehEntered="3"/>
    <interval begin="900.00" end="930.00" id="D4_3_0" nVehContrib="3" flow="360.00" occupancy="3.33" speed="15.07" length="5.00" nVehEntered="3"/>
    <interval begin="930.00" end="960.00" id="D4_3_0" nVehContrib="2" flow="240.00" occupancy="1.73" speed="19.32" length="5.00" nVehEntered="2"/>
    <interval begin="960.00" end="990.00" id="D4_3_0" nVehContrib="4" flow="480.00" occupancy="3.40" speed="19.64" length="5.00" nVehEntered="4"/>
    <interval begin="990.00" end="1020.00" id="D4_3_0" nVehContrib="2" flow="240.00" occupancy="2.00" speed="16.75" length="5.00" nVehEntered="2"/>
    <interval begin="1020.00" end="1050.00" id="D4_3_0" nVehContrib="3" flow="360.00" occupancy="3.42" speed="14.76" length="5.00" nVehEntered="3"/>
    <interval begin="1050.00" end="1080.00" id="D4_3_0" nVehContrib="2" flow="240.00" occupancy="4.79" speed="7.37" length="5.00" nVehEntered="2"/>
    <interval begin="1080.00" end="1110.00" id="D4_3_0" nVehContrib="2" flow="240.00" occupancy="16.29" speed="2.34" length="5.00" nVehEntered="2"/>
    <interval begin="1110.00" end="1140.00" id="D4_3_0" nVehContrib="2" flow="240.00" occupancy="16.98" speed="1.99" length="5.00" nVehEntered="2"/>
    <interval begin="1140.00" end="1170.00" id="D4_3_0" nVehContrib="0" flow="0.00" occupancy="0.00" speed="-1.00" length="-1.00" nVehEntered="0"/>
    <interval begin="1170.00" end="1200.00" id="D4_3_0" nVehContrib="2" flow="240.00" occupancy="17.84" speed="1.90" length="5.00" nVehEntered="2"/>
    <interval begin="1200.00" end="1230.00" id="D4_3_0" nVehContrib="2" flow="240.00" occupancy="23.57" speed="1.44" length="5.00" nVehEntered="2"/>
    <interval begin="1230.00" end="1260.00" id="D4_3_0" nVehContrib="1" flow="120.00" occupancy="14.84" speed="1.12" length="5.00" nVehEntered="1"/>
    <interval begin="1260.00" end="1290.00" id="D4_3_0" nVehContrib="2" flow="240.00" occupancy="22.34" speed="1.89" length="5.00" nVehEntered="3"/>
    <interval begin="1290.00" end="1320.00" id="D4_3_0" nVehContrib="4" flow="480.00" occupancy="45.26" speed="1.55" length="5.00" nVehEntered="3"/>
    <interval begin="1320.00" end="1350.00" id="D4_3_0" nVehContrib="2" flow="240.00" occupancy="23.40" speed="1.48" length="5.00" nVehEntered="2"/>
    <interval begin="1350.00" end="1380.00" id="D4_3_0" nVehContrib="2" flow="240.00" occupancy="17.45" speed="2.00" length="5.00" nVehEntered="2"/>
    <interval begin="1380.00" end="1410.00" id="D4_3_0" nVehContrib="2" flow="240.00" occupancy="25.25" speed="1.32" length="5.00" nVehEntered="2"/>
    <interval begin="1410.00" end="1440.00" id="D4_3_0" nVehContrib="3" flow="360.00" occupancy="32.11" speed="1.61" length="5.00" nVehEntered="3"/>
    <interval begin="1440.00" end="1470.00" id="D4_3_0" nVehContrib="5" flow="600.00" occupancy="39.61" speed="2.94" length="5.00" nVehEntered="6"/>
    <interval begin="1470.00" end="1500.00" id="D4_3_0" nVehContrib="4" flow="480.00" occupancy="32.71" speed="2.09" length="5.00" nVehEntered="3"/>
    <interval begin="1500.00" end="1530.00" id="D4_3_0" nVehContrib="3" flow="360.00" occupancy="22.87" speed="2.58" length="5.00" nVehEntered="3"/>
    <interval begin="1530.00" end="1560.00" id="D4_3_0" nVehContrib="2" flow="240.00" occupancy="16.68" speed="2.26" length="5.00" nVehEntered="2"/>
    <interval begin="1560.00" end="1590.00" id="D4_3_0" nVehContrib="4" flow="480.00" occupancy="33.11" speed="2.03" length="5.00" nVehEntered="4"/>
    <interval begin="1590.00" end="1620.00" id="D4_3_0" nVehContrib="0" flow="0.00" occupancy="0.00" speed="-1.00" length="-1.00" nVehEntered="0"/>
    <interval begin="1620.00" end="1650.00" id="D4_3_0" nVehContrib="3" flow="360.00" occupancy="24.37" speed="2.26" length="5.00" nVehEntered="4"/>
    <interval begin="1650.00" end="1680.00" id="D4_3_0" nVehContrib="3" flow="360.00" occupancy="18.85" speed="2.48" length="5.00" nVehEntered="2"/>
    <interval begin="1680.00" end="1710.00" id="D4_3_0" nVehContrib="1" flow="120.00" occupancy="13.07" speed="1.28" length="5.00" nVehEntered="1"/>
    <interval begin="1710.00" end="1740.00" id="D4_3_0" nVehContrib="4" flow="480.00" occupancy="33.44" speed="2.02" length="5.00" nVehEntered="4"/>
    <interval begin="1740.00" end="1770.00" id="D4_3_0" nVehContrib="3" flow="360.00" occupancy="26.63" speed="2.04" length="5.00" nVehEntered="4"/>
    <interval begin="1770.00" end="1800.00" id="D4_3_0" nVehContrib="3" flow="360.00" occupancy="55.88" speed="1.72" length="5.00" nVehEntered="2"/>
    <interval begin="1800.00" end="1807.00" id="D4_3_0" nVehContrib="1" flow="514.29" occupancy="79.91" speed="0.89" length="5.00" nVehEntered="1"/>
</detector>
