<?xml version="1.0" encoding="UTF-8"?>

<!-- generated on 12/24/19 22:24:29 by Eclipse SUMO GUI Version 1.0.1
<configuration xmlns:xsi="http://www.w3.org/2001/XMLSchema-instance" xsi:noNamespaceSchemaLocation="http://sumo.dlr.de/xsd/sumoConfiguration.xsd">

    <input>
        <net-file value="gnet.net.xml"/>
        <route-files value="grou.rou.xml"/>
        <additional-files value="gadd.additional.xml"/>
    </input>

    <output>
        <queue-output value="Queue.xml"/>
        <summary-output value="Summary.xml"/>
    </output>

    <time>
        <begin value="0"/>
        <end value="3600"/>
    </time>

    <processing>
        <time-to-teleport value="3600"/>
    </processing>

    <traci_server>
        <remote-port value="56661"/>
    </traci_server>

    <gui_only>
        <gui-settings-file value="gview.view.xml"/>
        <quit-on-end value="true"/>
        <start value="true"/>
    </gui_only>

</configuration>
-->

<detector xmlns:xsi="http://www.w3.org/2001/XMLSchema-instance" xsi:noNamespaceSchemaLocation="http://sumo.dlr.de/xsd/det_e1_file.xsd">
    <interval begin="0.00" end="30.00" id="D6_1_3" nVehContrib="0" flow="0.00" occupancy="0.00" speed="-1.00" length="-1.00" nVehEntered="0"/>
    <interval begin="30.00" end="60.00" id="D6_1_3" nVehContrib="2" flow="240.00" occupancy="7.83" speed="5.83" length="5.00" nVehEntered="2"/>
    <interval begin="60.00" end="90.00" id="D6_1_3" nVehContrib="0" flow="0.00" occupancy="0.00" speed="-1.00" length="-1.00" nVehEntered="0"/>
    <interval begin="90.00" end="120.00" id="D6_1_3" nVehContrib="0" flow="0.00" occupancy="0.00" speed="-1.00" length="-1.00" nVehEntered="0"/>
    <interval begin="120.00" end="150.00" id="D6_1_3" nVehContrib="1" flow="120.00" occupancy="5.29" speed="3.15" length="5.00" nVehEntered="1"/>
    <interval begin="150.00" end="180.00" id="D6_1_3" nVehContrib="2" flow="240.00" occupancy="5.08" speed="6.73" length="5.00" nVehEntered="2"/>
    <interval begin="180.00" end="210.00" id="D6_1_3" nVehContrib="0" flow="0.00" occupancy="0.00" speed="-1.00" length="-1.00" nVehEntered="0"/>
    <interval begin="210.00" end="240.00" id="D6_1_3" nVehContrib="0" flow="0.00" occupancy="0.00" speed="-1.00" length="-1.00" nVehEntered="0"/>
    <interval begin="240.00" end="270.00" id="D6_1_3" nVehContrib="3" flow="360.00" occupancy="11.78" speed="5.29" length="5.00" nVehEntered="3"/>
    <interval begin="270.00" end="300.00" id="D6_1_3" nVehContrib="0" flow="0.00" occupancy="0.00" speed="-1.00" length="-1.00" nVehEntered="0"/>
    <interval begin="300.00" end="330.00" id="D6_1_3" nVehContrib="0" flow="0.00" occupancy="0.00" speed="-1.00" length="-1.00" nVehEntered="0"/>
    <interval begin="330.00" end="360.00" id="D6_1_3" nVehContrib="3" flow="360.00" occupancy="11.17" speed="5.23" length="5.00" nVehEntered="3"/>
    <interval begin="360.00" end="390.00" id="D6_1_3" nVehContrib="0" flow="0.00" occupancy="0.00" speed="-1.00" length="-1.00" nVehEntered="0"/>
    <interval begin="390.00" end="420.00" id="D6_1_3" nVehContrib="0" flow="0.00" occupancy="0.00" speed="-1.00" length="-1.00" nVehEntered="0"/>
    <interval begin="420.00" end="450.00" id="D6_1_3" nVehContrib="2" flow="240.00" occupancy="8.65" speed="4.47" length="5.00" nVehEntered="3"/>
    <interval begin="450.00" end="480.00" id="D6_1_3" nVehContrib="1" flow="120.00" occupancy="1.40" speed="8.39" length="5.00" nVehEntered="0"/>
    <interval begin="480.00" end="510.00" id="D6_1_3" nVehContrib="0" flow="0.00" occupancy="0.00" speed="-1.00" length="-1.00" nVehEntered="0"/>
    <interval begin="510.00" end="540.00" id="D6_1_3" nVehContrib="0" flow="0.00" occupancy="0.00" speed="-1.00" length="-1.00" nVehEntered="0"/>
    <interval begin="540.00" end="570.00" id="D6_1_3" nVehContrib="4" flow="480.00" occupancy="12.79" speed="6.93" length="5.00" nVehEntered="4"/>
    <interval begin="570.00" end="600.00" id="D6_1_3" nVehContrib="0" flow="0.00" occupancy="0.00" speed="-1.00" length="-1.00" nVehEntered="0"/>
    <interval begin="600.00" end="630.00" id="D6_1_3" nVehContrib="0" flow="0.00" occupancy="0.00" speed="-1.00" length="-1.00" nVehEntered="0"/>
    <interval begin="630.00" end="660.00" id="D6_1_3" nVehContrib="3" flow="360.00" occupancy="11.29" speed="5.64" length="5.00" nVehEntered="3"/>
    <interval begin="660.00" end="690.00" id="D6_1_3" nVehContrib="0" flow="0.00" occupancy="0.00" speed="-1.00" length="-1.00" nVehEntered="0"/>
    <interval begin="690.00" end="720.00" id="D6_1_3" nVehContrib="0" flow="0.00" occupancy="0.00" speed="-1.00" length="-1.00" nVehEntered="0"/>
    <interval begin="720.00" end="750.00" id="D6_1_3" nVehContrib="2" flow="240.00" occupancy="12.70" speed="2.67" length="5.00" nVehEntered="2"/>
    <interval begin="750.00" end="780.00" id="D6_1_3" nVehContrib="1" flow="120.00" occupancy="6.67" speed="2.50" length="5.00" nVehEntered="1"/>
    <interval begin="780.00" end="810.00" id="D6_1_3" nVehContrib="0" flow="0.00" occupancy="0.00" speed="-1.00" length="-1.00" nVehEntered="0"/>
    <interval begin="810.00" end="840.00" id="D6_1_3" nVehContrib="2" flow="240.00" occupancy="9.46" speed="4.28" length="5.00" nVehEntered="2"/>
    <interval begin="840.00" end="870.00" id="D6_1_3" nVehContrib="1" flow="120.00" occupancy="5.43" speed="3.07" length="5.00" nVehEntered="1"/>
    <interval begin="870.00" end="900.00" id="D6_1_3" nVehContrib="1" flow="120.00" occupancy="2.81" speed="5.92" length="5.00" nVehEntered="1"/>
    <interval begin="900.00" end="930.00" id="D6_1_3" nVehContrib="1" flow="120.00" occupancy="2.41" speed="6.92" length="5.00" nVehEntered="1"/>
    <interval begin="930.00" end="960.00" id="D6_1_3" nVehContrib="1" flow="120.00" occupancy="6.60" speed="2.53" length="5.00" nVehEntered="1"/>
    <interval begin="960.00" end="990.00" id="D6_1_3" nVehContrib="0" flow="0.00" occupancy="0.00" speed="-1.00" length="-1.00" nVehEntered="0"/>
    <interval begin="990.00" end="1020.00" id="D6_1_3" nVehContrib="0" flow="0.00" occupancy="6.66" speed="-1.00" length="-1.00" nVehEntered="1"/>
    <interval begin="1020.00" end="1050.00" id="D6_1_3" nVehContrib="3" flow="360.00" occupancy="11.31" speed="2.84" length="5.00" nVehEntered="2"/>
    <interval begin="1050.00" end="1080.00" id="D6_1_3" nVehContrib="1" flow="120.00" occupancy="1.79" speed="9.34" length="5.00" nVehEntered="1"/>
    <interval begin="1080.00" end="1110.00" id="D6_1_3" nVehContrib="1" flow="120.00" occupancy="6.99" speed="2.38" length="5.00" nVehEntered="1"/>
    <interval begin="1110.00" end="1140.00" id="D6_1_3" nVehContrib="1" flow="120.00" occupancy="1.61" speed="10.33" length="5.00" nVehEntered="1"/>
    <interval begin="1140.00" end="1170.00" id="D6_1_3" nVehContrib="1" flow="120.00" occupancy="4.54" speed="3.67" length="5.00" nVehEntered="1"/>
    <interval begin="1170.00" end="1200.00" id="D6_1_3" nVehContrib="0" flow="0.00" occupancy="0.00" speed="-1.00" length="-1.00" nVehEntered="0"/>
    <interval begin="1200.00" end="1230.00" id="D6_1_3" nVehContrib="2" flow="240.00" occupancy="15.55" speed="2.68" length="5.00" nVehEntered="2"/>
    <interval begin="1230.00" end="1260.00" id="D6_1_3" nVehContrib="0" flow="0.00" occupancy="10.59" speed="-1.00" length="-1.00" nVehEntered="1"/>
    <interval begin="1260.00" end="1290.00" id="D6_1_3" nVehContrib="1" flow="120.00" occupancy="14.79" speed="0.66" length="5.00" nVehEntered="0"/>
    <interval begin="1290.00" end="1320.00" id="D6_1_3" nVehContrib="0" flow="0.00" occupancy="3.33" speed="-1.00" length="-1.00" nVehEntered="1"/>
    <interval begin="1320.00" end="1350.00" id="D6_1_3" nVehContrib="2" flow="240.00" occupancy="44.08" speed="1.37" length="5.00" nVehEntered="1"/>
    <interval begin="1350.00" end="1380.00" id="D6_1_3" nVehContrib="1" flow="120.00" occupancy="7.10" speed="2.35" length="5.00" nVehEntered="1"/>
    <interval begin="1380.00" end="1410.00" id="D6_1_3" nVehContrib="1" flow="120.00" occupancy="6.62" speed="2.52" length="5.00" nVehEntered="1"/>
    <interval begin="1410.00" end="1440.00" id="D6_1_3" nVehContrib="1" flow="120.00" occupancy="2.78" speed="6.00" length="5.00" nVehEntered="1"/>
    <interval begin="1440.00" end="1470.00" id="D6_1_3" nVehContrib="1" flow="120.00" occupancy="6.20" speed="2.69" length="5.00" nVehEntered="1"/>
    <interval begin="1470.00" end="1500.00" id="D6_1_3" nVehContrib="0" flow="0.00" occupancy="0.00" speed="-1.00" length="-1.00" nVehEntered="0"/>
    <interval begin="1500.00" end="1530.00" id="D6_1_3" nVehContrib="2" flow="240.00" occupancy="7.96" speed="4.82" length="5.00" nVehEntered="2"/>
    <interval begin="1530.00" end="1560.00" id="D6_1_3" nVehContrib="0" flow="0.00" occupancy="0.00" speed="-1.00" length="-1.00" nVehEntered="0"/>
    <interval begin="1560.00" end="1590.00" id="D6_1_3" nVehContrib="2" flow="240.00" occupancy="40.82" speed="1.73" length="5.00" nVehEntered="2"/>
    <interval begin="1590.00" end="1620.00" id="D6_1_3" nVehContrib="1" flow="120.00" occupancy="2.48" speed="6.72" length="5.00" nVehEntered="1"/>
    <interval begin="1620.00" end="1650.00" id="D6_1_3" nVehContrib="0" flow="0.00" occupancy="0.00" speed="-1.00" length="-1.00" nVehEntered="0"/>
    <interval begin="1650.00" end="1680.00" id="D6_1_3" nVehContrib="2" flow="240.00" occupancy="7.73" speed="5.57" length="5.00" nVehEntered="2"/>
    <interval begin="1680.00" end="1710.00" id="D6_1_3" nVehContrib="0" flow="0.00" occupancy="0.00" speed="-1.00" length="-1.00" nVehEntered="0"/>
    <interval begin="1710.00" end="1740.00" id="D6_1_3" nVehContrib="0" flow="0.00" occupancy="3.33" speed="-1.00" length="-1.00" nVehEntered="1"/>
    <interval begin="1740.00" end="1770.00" id="D6_1_3" nVehContrib="2" flow="240.00" occupancy="90.69" speed="1.33" length="5.00" nVehEntered="1"/>
    <interval begin="1770.00" end="1800.00" id="D6_1_3" nVehContrib="1" flow="120.00" occupancy="11.30" speed="1.47" length="5.00" nVehEntered="1"/>
    <interval begin="1800.00" end="1807.00" id="D6_1_3" nVehContrib="0" flow="0.00" occupancy="0.00" speed="-1.00" length="-1.00" nVehEntered="0"/>
</detector>
