<?xml version="1.0" encoding="UTF-8"?>

<!-- generated on 12/24/19 22:24:29 by Eclipse SUMO GUI Version 1.0.1
<configuration xmlns:xsi="http://www.w3.org/2001/XMLSchema-instance" xsi:noNamespaceSchemaLocation="http://sumo.dlr.de/xsd/sumoConfiguration.xsd">

    <input>
        <net-file value="gnet.net.xml"/>
        <route-files value="grou.rou.xml"/>
        <additional-files value="gadd.additional.xml"/>
    </input>

    <output>
        <queue-output value="Queue.xml"/>
        <summary-output value="Summary.xml"/>
    </output>

    <time>
        <begin value="0"/>
        <end value="3600"/>
    </time>

    <processing>
        <time-to-teleport value="3600"/>
    </processing>

    <traci_server>
        <remote-port value="56661"/>
    </traci_server>

    <gui_only>
        <gui-settings-file value="gview.view.xml"/>
        <quit-on-end value="true"/>
        <start value="true"/>
    </gui_only>

</configuration>
-->

<detector xmlns:xsi="http://www.w3.org/2001/XMLSchema-instance" xsi:noNamespaceSchemaLocation="http://sumo.dlr.de/xsd/det_e1_file.xsd">
    <interval begin="0.00" end="30.00" id="D6_1_2" nVehContrib="1" flow="120.00" occupancy="1.57" speed="11.18" length="5.00" nVehEntered="2"/>
    <interval begin="30.00" end="60.00" id="D6_1_2" nVehContrib="4" flow="480.00" occupancy="7.15" speed="9.32" length="5.00" nVehEntered="3"/>
    <interval begin="60.00" end="90.00" id="D6_1_2" nVehContrib="0" flow="0.00" occupancy="0.00" speed="-1.00" length="-1.00" nVehEntered="0"/>
    <interval begin="90.00" end="120.00" id="D6_1_2" nVehContrib="8" flow="960.00" occupancy="20.10" speed="7.71" length="5.00" nVehEntered="9"/>
    <interval begin="120.00" end="150.00" id="D6_1_2" nVehContrib="7" flow="840.00" occupancy="12.17" speed="9.62" length="5.00" nVehEntered="6"/>
    <interval begin="150.00" end="180.00" id="D6_1_2" nVehContrib="0" flow="0.00" occupancy="0.00" speed="-1.00" length="-1.00" nVehEntered="0"/>
    <interval begin="180.00" end="210.00" id="D6_1_2" nVehContrib="5" flow="600.00" occupancy="14.66" speed="6.72" length="5.00" nVehEntered="6"/>
    <interval begin="210.00" end="240.00" id="D6_1_2" nVehContrib="9" flow="1080.00" occupancy="14.89" speed="10.14" length="5.00" nVehEntered="8"/>
    <interval begin="240.00" end="270.00" id="D6_1_2" nVehContrib="1" flow="120.00" occupancy="1.97" speed="8.46" length="5.00" nVehEntered="1"/>
    <interval begin="270.00" end="300.00" id="D6_1_2" nVehContrib="1" flow="120.00" occupancy="5.15" speed="3.24" length="5.00" nVehEntered="1"/>
    <interval begin="300.00" end="330.00" id="D6_1_2" nVehContrib="13" flow="1560.00" occupancy="23.10" speed="9.62" length="5.00" nVehEntered="13"/>
    <interval begin="330.00" end="360.00" id="D6_1_2" nVehContrib="3" flow="360.00" occupancy="5.21" speed="9.75" length="5.00" nVehEntered="3"/>
    <interval begin="360.00" end="390.00" id="D6_1_2" nVehContrib="0" flow="0.00" occupancy="0.00" speed="-1.00" length="-1.00" nVehEntered="0"/>
    <interval begin="390.00" end="420.00" id="D6_1_2" nVehContrib="9" flow="1080.00" occupancy="22.83" speed="8.08" length="5.00" nVehEntered="9"/>
    <interval begin="420.00" end="450.00" id="D6_1_2" nVehContrib="6" flow="720.00" occupancy="11.05" speed="9.10" length="5.00" nVehEntered="6"/>
    <interval begin="450.00" end="480.00" id="D6_1_2" nVehContrib="0" flow="0.00" occupancy="0.00" speed="-1.00" length="-1.00" nVehEntered="0"/>
    <interval begin="480.00" end="510.00" id="D6_1_2" nVehContrib="7" flow="840.00" occupancy="16.79" speed="8.48" length="5.00" nVehEntered="7"/>
    <interval begin="510.00" end="540.00" id="D6_1_2" nVehContrib="9" flow="1080.00" occupancy="15.60" speed="9.78" length="5.00" nVehEntered="9"/>
    <interval begin="540.00" end="570.00" id="D6_1_2" nVehContrib="0" flow="0.00" occupancy="0.00" speed="-1.00" length="-1.00" nVehEntered="0"/>
    <interval begin="570.00" end="600.00" id="D6_1_2" nVehContrib="2" flow="240.00" occupancy="9.88" speed="3.97" length="5.00" nVehEntered="2"/>
    <interval begin="600.00" end="630.00" id="D6_1_2" nVehContrib="11" flow="1320.00" occupancy="19.73" speed="9.44" length="5.00" nVehEntered="11"/>
    <interval begin="630.00" end="660.00" id="D6_1_2" nVehContrib="1" flow="120.00" occupancy="1.76" speed="9.47" length="5.00" nVehEntered="1"/>
    <interval begin="660.00" end="690.00" id="D6_1_2" nVehContrib="0" flow="0.00" occupancy="0.00" speed="-1.00" length="-1.00" nVehEntered="0"/>
    <interval begin="690.00" end="720.00" id="D6_1_2" nVehContrib="10" flow="1200.00" occupancy="23.11" speed="8.31" length="5.00" nVehEntered="10"/>
    <interval begin="720.00" end="750.00" id="D6_1_2" nVehContrib="4" flow="480.00" occupancy="27.65" speed="2.80" length="5.00" nVehEntered="5"/>
    <interval begin="750.00" end="780.00" id="D6_1_2" nVehContrib="6" flow="720.00" occupancy="28.94" speed="3.60" length="5.00" nVehEntered="5"/>
    <interval begin="780.00" end="810.00" id="D6_1_2" nVehContrib="5" flow="600.00" occupancy="25.68" speed="3.58" length="5.00" nVehEntered="5"/>
    <interval begin="810.00" end="840.00" id="D6_1_2" nVehContrib="6" flow="720.00" occupancy="25.36" speed="5.61" length="5.00" nVehEntered="6"/>
    <interval begin="840.00" end="870.00" id="D6_1_2" nVehContrib="6" flow="720.00" occupancy="28.26" speed="6.24" length="5.00" nVehEntered="6"/>
    <interval begin="870.00" end="900.00" id="D6_1_2" nVehContrib="6" flow="720.00" occupancy="21.14" speed="6.45" length="5.00" nVehEntered="6"/>
    <interval begin="900.00" end="930.00" id="D6_1_2" nVehContrib="5" flow="600.00" occupancy="13.85" speed="7.67" length="5.00" nVehEntered="5"/>
    <interval begin="930.00" end="960.00" id="D6_1_2" nVehContrib="3" flow="360.00" occupancy="50.41" speed="3.25" length="5.00" nVehEntered="4"/>
    <interval begin="960.00" end="990.00" id="D6_1_2" nVehContrib="10" flow="1200.00" occupancy="26.94" speed="6.71" length="5.00" nVehEntered="9"/>
    <interval begin="990.00" end="1020.00" id="D6_1_2" nVehContrib="5" flow="600.00" occupancy="15.05" speed="5.91" length="5.00" nVehEntered="5"/>
    <interval begin="1020.00" end="1050.00" id="D6_1_2" nVehContrib="6" flow="720.00" occupancy="20.71" speed="6.91" length="5.00" nVehEntered="6"/>
    <interval begin="1050.00" end="1080.00" id="D6_1_2" nVehContrib="6" flow="720.00" occupancy="23.82" speed="5.22" length="5.00" nVehEntered="6"/>
    <interval begin="1080.00" end="1110.00" id="D6_1_2" nVehContrib="7" flow="840.00" occupancy="26.19" speed="5.98" length="5.00" nVehEntered="7"/>
    <interval begin="1110.00" end="1140.00" id="D6_1_2" nVehContrib="5" flow="600.00" occupancy="24.06" speed="4.40" length="5.00" nVehEntered="6"/>
    <interval begin="1140.00" end="1170.00" id="D6_1_2" nVehContrib="5" flow="600.00" occupancy="12.24" speed="8.42" length="5.00" nVehEntered="5"/>
    <interval begin="1170.00" end="1200.00" id="D6_1_2" nVehContrib="6" flow="720.00" occupancy="17.47" speed="6.45" length="5.00" nVehEntered="5"/>
    <interval begin="1200.00" end="1230.00" id="D6_1_2" nVehContrib="4" flow="480.00" occupancy="38.18" speed="2.44" length="5.00" nVehEntered="4"/>
    <interval begin="1230.00" end="1260.00" id="D6_1_2" nVehContrib="4" flow="480.00" occupancy="21.37" speed="3.13" length="5.00" nVehEntered="4"/>
    <interval begin="1260.00" end="1290.00" id="D6_1_2" nVehContrib="7" flow="840.00" occupancy="30.45" speed="5.02" length="5.00" nVehEntered="8"/>
    <interval begin="1290.00" end="1320.00" id="D6_1_2" nVehContrib="6" flow="720.00" occupancy="35.84" speed="5.85" length="5.00" nVehEntered="6"/>
    <interval begin="1320.00" end="1350.00" id="D6_1_2" nVehContrib="5" flow="600.00" occupancy="46.74" speed="2.82" length="5.00" nVehEntered="4"/>
    <interval begin="1350.00" end="1380.00" id="D6_1_2" nVehContrib="6" flow="720.00" occupancy="24.80" speed="5.45" length="5.00" nVehEntered="6"/>
    <interval begin="1380.00" end="1410.00" id="D6_1_2" nVehContrib="4" flow="480.00" occupancy="36.31" speed="2.36" length="5.00" nVehEntered="4"/>
    <interval begin="1410.00" end="1440.00" id="D6_1_2" nVehContrib="4" flow="480.00" occupancy="38.90" speed="2.72" length="5.00" nVehEntered="5"/>
    <interval begin="1440.00" end="1470.00" id="D6_1_2" nVehContrib="7" flow="840.00" occupancy="30.96" speed="4.38" length="5.00" nVehEntered="6"/>
    <interval begin="1470.00" end="1500.00" id="D6_1_2" nVehContrib="6" flow="720.00" occupancy="39.57" speed="4.90" length="5.00" nVehEntered="7"/>
    <interval begin="1500.00" end="1530.00" id="D6_1_2" nVehContrib="6" flow="720.00" occupancy="21.74" speed="6.60" length="5.00" nVehEntered="5"/>
    <interval begin="1530.00" end="1560.00" id="D6_1_2" nVehContrib="4" flow="480.00" occupancy="23.12" speed="4.10" length="5.00" nVehEntered="5"/>
    <interval begin="1560.00" end="1590.00" id="D6_1_2" nVehContrib="5" flow="600.00" occupancy="36.31" speed="3.31" length="5.00" nVehEntered="5"/>
    <interval begin="1590.00" end="1620.00" id="D6_1_2" nVehContrib="5" flow="600.00" occupancy="26.44" speed="2.82" length="5.00" nVehEntered="4"/>
    <interval begin="1620.00" end="1650.00" id="D6_1_2" nVehContrib="5" flow="600.00" occupancy="28.62" speed="3.61" length="5.00" nVehEntered="6"/>
    <interval begin="1650.00" end="1680.00" id="D6_1_2" nVehContrib="6" flow="720.00" occupancy="34.62" speed="4.43" length="5.00" nVehEntered="5"/>
    <interval begin="1680.00" end="1710.00" id="D6_1_2" nVehContrib="8" flow="960.00" occupancy="23.24" speed="7.27" length="5.00" nVehEntered="8"/>
    <interval begin="1710.00" end="1740.00" id="D6_1_2" nVehContrib="6" flow="720.00" occupancy="18.21" speed="6.35" length="5.00" nVehEntered="6"/>
    <interval begin="1740.00" end="1770.00" id="D6_1_2" nVehContrib="5" flow="600.00" occupancy="13.52" speed="7.40" length="5.00" nVehEntered="6"/>
    <interval begin="1770.00" end="1800.00" id="D6_1_2" nVehContrib="4" flow="480.00" occupancy="52.45" speed="2.04" length="5.00" nVehEntered="4"/>
    <interval begin="1800.00" end="1807.00" id="D6_1_2" nVehContrib="1" flow="514.29" occupancy="89.58" speed="0.80" length="5.00" nVehEntered="1"/>
</detector>
