<?xml version="1.0" encoding="UTF-8"?>

<!-- generated on 12/24/19 22:24:29 by Eclipse SUMO GUI Version 1.0.1
<configuration xmlns:xsi="http://www.w3.org/2001/XMLSchema-instance" xsi:noNamespaceSchemaLocation="http://sumo.dlr.de/xsd/sumoConfiguration.xsd">

    <input>
        <net-file value="gnet.net.xml"/>
        <route-files value="grou.rou.xml"/>
        <additional-files value="gadd.additional.xml"/>
    </input>

    <output>
        <queue-output value="Queue.xml"/>
        <summary-output value="Summary.xml"/>
    </output>

    <time>
        <begin value="0"/>
        <end value="3600"/>
    </time>

    <processing>
        <time-to-teleport value="3600"/>
    </processing>

    <traci_server>
        <remote-port value="56661"/>
    </traci_server>

    <gui_only>
        <gui-settings-file value="gview.view.xml"/>
        <quit-on-end value="true"/>
        <start value="true"/>
    </gui_only>

</configuration>
-->

<detector xmlns:xsi="http://www.w3.org/2001/XMLSchema-instance" xsi:noNamespaceSchemaLocation="http://sumo.dlr.de/xsd/det_e1_file.xsd">
    <interval begin="0.00" end="30.00" id="D6_1_1" nVehContrib="1" flow="120.00" occupancy="1.67" speed="9.97" length="5.00" nVehEntered="1"/>
    <interval begin="30.00" end="60.00" id="D6_1_1" nVehContrib="1" flow="120.00" occupancy="2.02" speed="8.26" length="5.00" nVehEntered="1"/>
    <interval begin="60.00" end="90.00" id="D6_1_1" nVehContrib="0" flow="0.00" occupancy="0.00" speed="-1.00" length="-1.00" nVehEntered="0"/>
    <interval begin="90.00" end="120.00" id="D6_1_1" nVehContrib="9" flow="1080.00" occupancy="22.68" speed="8.57" length="5.00" nVehEntered="10"/>
    <interval begin="120.00" end="150.00" id="D6_1_1" nVehContrib="6" flow="720.00" occupancy="8.95" speed="9.67" length="5.00" nVehEntered="5"/>
    <interval begin="150.00" end="180.00" id="D6_1_1" nVehContrib="0" flow="0.00" occupancy="0.00" speed="-1.00" length="-1.00" nVehEntered="0"/>
    <interval begin="180.00" end="210.00" id="D6_1_1" nVehContrib="5" flow="600.00" occupancy="15.46" speed="6.88" length="5.00" nVehEntered="5"/>
    <interval begin="210.00" end="240.00" id="D6_1_1" nVehContrib="10" flow="1200.00" occupancy="16.67" speed="10.05" length="5.00" nVehEntered="10"/>
    <interval begin="240.00" end="270.00" id="D6_1_1" nVehContrib="0" flow="0.00" occupancy="0.00" speed="-1.00" length="-1.00" nVehEntered="0"/>
    <interval begin="270.00" end="300.00" id="D6_1_1" nVehContrib="1" flow="120.00" occupancy="5.75" speed="2.90" length="5.00" nVehEntered="1"/>
    <interval begin="300.00" end="330.00" id="D6_1_1" nVehContrib="11" flow="1320.00" occupancy="21.60" speed="8.63" length="5.00" nVehEntered="11"/>
    <interval begin="330.00" end="360.00" id="D6_1_1" nVehContrib="1" flow="120.00" occupancy="2.07" speed="8.04" length="5.00" nVehEntered="1"/>
    <interval begin="360.00" end="390.00" id="D6_1_1" nVehContrib="0" flow="0.00" occupancy="0.00" speed="-1.00" length="-1.00" nVehEntered="0"/>
    <interval begin="390.00" end="420.00" id="D6_1_1" nVehContrib="10" flow="1200.00" occupancy="26.93" speed="8.15" length="5.00" nVehEntered="11"/>
    <interval begin="420.00" end="450.00" id="D6_1_1" nVehContrib="5" flow="600.00" occupancy="7.77" speed="9.28" length="5.00" nVehEntered="4"/>
    <interval begin="450.00" end="480.00" id="D6_1_1" nVehContrib="0" flow="0.00" occupancy="0.00" speed="-1.00" length="-1.00" nVehEntered="0"/>
    <interval begin="480.00" end="510.00" id="D6_1_1" nVehContrib="6" flow="720.00" occupancy="17.62" speed="7.83" length="5.00" nVehEntered="7"/>
    <interval begin="510.00" end="540.00" id="D6_1_1" nVehContrib="9" flow="1080.00" occupancy="14.71" speed="9.41" length="5.00" nVehEntered="8"/>
    <interval begin="540.00" end="570.00" id="D6_1_1" nVehContrib="0" flow="0.00" occupancy="0.00" speed="-1.00" length="-1.00" nVehEntered="0"/>
    <interval begin="570.00" end="600.00" id="D6_1_1" nVehContrib="2" flow="240.00" occupancy="8.46" speed="4.70" length="5.00" nVehEntered="3"/>
    <interval begin="600.00" end="630.00" id="D6_1_1" nVehContrib="12" flow="1440.00" occupancy="21.22" speed="9.18" length="5.00" nVehEntered="11"/>
    <interval begin="630.00" end="660.00" id="D6_1_1" nVehContrib="2" flow="240.00" occupancy="3.51" speed="9.52" length="5.00" nVehEntered="2"/>
    <interval begin="660.00" end="690.00" id="D6_1_1" nVehContrib="0" flow="0.00" occupancy="0.00" speed="-1.00" length="-1.00" nVehEntered="0"/>
    <interval begin="690.00" end="720.00" id="D6_1_1" nVehContrib="11" flow="1320.00" occupancy="24.88" speed="8.52" length="5.00" nVehEntered="11"/>
    <interval begin="720.00" end="750.00" id="D6_1_1" nVehContrib="4" flow="480.00" occupancy="28.35" speed="2.76" length="5.00" nVehEntered="5"/>
    <interval begin="750.00" end="780.00" id="D6_1_1" nVehContrib="4" flow="480.00" occupancy="31.25" speed="2.99" length="5.00" nVehEntered="4"/>
    <interval begin="780.00" end="810.00" id="D6_1_1" nVehContrib="4" flow="480.00" occupancy="63.28" speed="3.01" length="5.00" nVehEntered="3"/>
    <interval begin="810.00" end="840.00" id="D6_1_1" nVehContrib="5" flow="600.00" occupancy="12.22" speed="7.18" length="5.00" nVehEntered="5"/>
    <interval begin="840.00" end="870.00" id="D6_1_1" nVehContrib="4" flow="480.00" occupancy="15.14" speed="5.14" length="5.00" nVehEntered="4"/>
    <interval begin="870.00" end="900.00" id="D6_1_1" nVehContrib="4" flow="480.00" occupancy="13.93" speed="6.39" length="5.00" nVehEntered="4"/>
    <interval begin="900.00" end="930.00" id="D6_1_1" nVehContrib="2" flow="240.00" occupancy="17.29" speed="8.93" length="5.00" nVehEntered="3"/>
    <interval begin="930.00" end="960.00" id="D6_1_1" nVehContrib="2" flow="240.00" occupancy="59.90" speed="1.67" length="5.00" nVehEntered="2"/>
    <interval begin="960.00" end="990.00" id="D6_1_1" nVehContrib="1" flow="120.00" occupancy="82.03" speed="3.10" length="5.00" nVehEntered="1"/>
    <interval begin="990.00" end="1020.00" id="D6_1_1" nVehContrib="7" flow="840.00" occupancy="23.09" speed="4.91" length="5.00" nVehEntered="6"/>
    <interval begin="1020.00" end="1050.00" id="D6_1_1" nVehContrib="3" flow="360.00" occupancy="6.62" speed="7.68" length="5.00" nVehEntered="3"/>
    <interval begin="1050.00" end="1080.00" id="D6_1_1" nVehContrib="4" flow="480.00" occupancy="8.92" speed="8.75" length="5.00" nVehEntered="4"/>
    <interval begin="1080.00" end="1110.00" id="D6_1_1" nVehContrib="2" flow="240.00" occupancy="10.94" speed="3.05" length="5.00" nVehEntered="3"/>
    <interval begin="1110.00" end="1140.00" id="D6_1_1" nVehContrib="4" flow="480.00" occupancy="21.08" speed="4.74" length="5.00" nVehEntered="4"/>
    <interval begin="1140.00" end="1170.00" id="D6_1_1" nVehContrib="3" flow="360.00" occupancy="5.05" speed="10.07" length="5.00" nVehEntered="3"/>
    <interval begin="1170.00" end="1200.00" id="D6_1_1" nVehContrib="5" flow="600.00" occupancy="15.11" speed="7.03" length="5.00" nVehEntered="5"/>
    <interval begin="1200.00" end="1230.00" id="D6_1_1" nVehContrib="2" flow="240.00" occupancy="16.62" speed="2.23" length="5.00" nVehEntered="2"/>
    <interval begin="1230.00" end="1260.00" id="D6_1_1" nVehContrib="3" flow="360.00" occupancy="37.37" speed="3.63" length="5.00" nVehEntered="4"/>
    <interval begin="1260.00" end="1290.00" id="D6_1_1" nVehContrib="5" flow="600.00" occupancy="26.77" speed="5.01" length="5.00" nVehEntered="4"/>
    <interval begin="1290.00" end="1320.00" id="D6_1_1" nVehContrib="3" flow="360.00" occupancy="40.68" speed="3.62" length="5.00" nVehEntered="3"/>
    <interval begin="1320.00" end="1350.00" id="D6_1_1" nVehContrib="5" flow="600.00" occupancy="26.38" speed="3.81" length="5.00" nVehEntered="6"/>
    <interval begin="1350.00" end="1380.00" id="D6_1_1" nVehContrib="2" flow="240.00" occupancy="49.13" speed="7.95" length="5.00" nVehEntered="2"/>
    <interval begin="1380.00" end="1410.00" id="D6_1_1" nVehContrib="5" flow="600.00" occupancy="23.62" speed="3.49" length="5.00" nVehEntered="4"/>
    <interval begin="1410.00" end="1440.00" id="D6_1_1" nVehContrib="3" flow="360.00" occupancy="33.21" speed="2.09" length="5.00" nVehEntered="3"/>
    <interval begin="1440.00" end="1470.00" id="D6_1_1" nVehContrib="6" flow="720.00" occupancy="32.39" speed="4.04" length="5.00" nVehEntered="6"/>
    <interval begin="1470.00" end="1500.00" id="D6_1_1" nVehContrib="4" flow="480.00" occupancy="26.81" speed="3.82" length="5.00" nVehEntered="4"/>
    <interval begin="1500.00" end="1530.00" id="D6_1_1" nVehContrib="3" flow="360.00" occupancy="13.60" speed="5.41" length="5.00" nVehEntered="3"/>
    <interval begin="1530.00" end="1560.00" id="D6_1_1" nVehContrib="1" flow="120.00" occupancy="72.28" speed="2.68" length="5.00" nVehEntered="2"/>
    <interval begin="1560.00" end="1590.00" id="D6_1_1" nVehContrib="1" flow="120.00" occupancy="82.01" speed="0.12" length="5.00" nVehEntered="1"/>
    <interval begin="1590.00" end="1620.00" id="D6_1_1" nVehContrib="5" flow="600.00" occupancy="26.66" speed="2.82" length="5.00" nVehEntered="4"/>
    <interval begin="1620.00" end="1650.00" id="D6_1_1" nVehContrib="4" flow="480.00" occupancy="56.39" speed="2.62" length="5.00" nVehEntered="4"/>
    <interval begin="1650.00" end="1680.00" id="D6_1_1" nVehContrib="5" flow="600.00" occupancy="32.87" speed="4.13" length="5.00" nVehEntered="5"/>
    <interval begin="1680.00" end="1710.00" id="D6_1_1" nVehContrib="6" flow="720.00" occupancy="21.84" speed="5.60" length="5.00" nVehEntered="7"/>
    <interval begin="1710.00" end="1740.00" id="D6_1_1" nVehContrib="2" flow="240.00" occupancy="3.25" speed="10.28" length="5.00" nVehEntered="2"/>
    <interval begin="1740.00" end="1770.00" id="D6_1_1" nVehContrib="2" flow="240.00" occupancy="6.24" speed="5.53" length="5.00" nVehEntered="2"/>
    <interval begin="1770.00" end="1800.00" id="D6_1_1" nVehContrib="3" flow="360.00" occupancy="25.80" speed="2.46" length="5.00" nVehEntered="4"/>
    <interval begin="1800.00" end="1807.00" id="D6_1_1" nVehContrib="1" flow="514.29" occupancy="88.06" speed="0.80" length="5.00" nVehEntered="0"/>
</detector>
