<?xml version="1.0" encoding="UTF-8"?>

<!-- generated on 12/24/19 22:24:29 by Eclipse SUMO GUI Version 1.0.1
<configuration xmlns:xsi="http://www.w3.org/2001/XMLSchema-instance" xsi:noNamespaceSchemaLocation="http://sumo.dlr.de/xsd/sumoConfiguration.xsd">

    <input>
        <net-file value="gnet.net.xml"/>
        <route-files value="grou.rou.xml"/>
        <additional-files value="gadd.additional.xml"/>
    </input>

    <output>
        <queue-output value="Queue.xml"/>
        <summary-output value="Summary.xml"/>
    </output>

    <time>
        <begin value="0"/>
        <end value="3600"/>
    </time>

    <processing>
        <time-to-teleport value="3600"/>
    </processing>

    <traci_server>
        <remote-port value="56661"/>
    </traci_server>

    <gui_only>
        <gui-settings-file value="gview.view.xml"/>
        <quit-on-end value="true"/>
        <start value="true"/>
    </gui_only>

</configuration>
-->

<detector xmlns:xsi="http://www.w3.org/2001/XMLSchema-instance" xsi:noNamespaceSchemaLocation="http://sumo.dlr.de/xsd/det_e1_file.xsd">
    <interval begin="0.00" end="30.00" id="D6_2_1" nVehContrib="6" flow="720.00" occupancy="5.24" speed="19.13" length="5.00" nVehEntered="6"/>
    <interval begin="30.00" end="60.00" id="D6_2_1" nVehContrib="7" flow="840.00" occupancy="6.10" speed="19.20" length="5.00" nVehEntered="8"/>
    <interval begin="60.00" end="90.00" id="D6_2_1" nVehContrib="6" flow="720.00" occupancy="5.37" speed="18.71" length="5.00" nVehEntered="6"/>
    <interval begin="90.00" end="120.00" id="D6_2_1" nVehContrib="5" flow="600.00" occupancy="4.17" speed="20.01" length="5.00" nVehEntered="5"/>
    <interval begin="120.00" end="150.00" id="D6_2_1" nVehContrib="6" flow="720.00" occupancy="5.03" speed="19.95" length="5.00" nVehEntered="7"/>
    <interval begin="150.00" end="180.00" id="D6_2_1" nVehContrib="7" flow="840.00" occupancy="6.33" speed="18.82" length="5.00" nVehEntered="7"/>
    <interval begin="180.00" end="210.00" id="D6_2_1" nVehContrib="6" flow="720.00" occupancy="5.09" speed="19.71" length="5.00" nVehEntered="6"/>
    <interval begin="210.00" end="240.00" id="D6_2_1" nVehContrib="5" flow="600.00" occupancy="4.29" speed="19.42" length="5.00" nVehEntered="6"/>
    <interval begin="240.00" end="270.00" id="D6_2_1" nVehContrib="6" flow="720.00" occupancy="4.99" speed="20.07" length="5.00" nVehEntered="8"/>
    <interval begin="270.00" end="300.00" id="D6_2_1" nVehContrib="4" flow="480.00" occupancy="3.33" speed="20.06" length="5.00" nVehEntered="4"/>
    <interval begin="300.00" end="330.00" id="D6_2_1" nVehContrib="5" flow="600.00" occupancy="4.29" speed="19.50" length="5.00" nVehEntered="5"/>
    <interval begin="330.00" end="360.00" id="D6_2_1" nVehContrib="7" flow="840.00" occupancy="5.73" speed="20.41" length="5.00" nVehEntered="8"/>
    <interval begin="360.00" end="390.00" id="D6_2_1" nVehContrib="4" flow="480.00" occupancy="3.32" speed="20.10" length="5.00" nVehEntered="5"/>
    <interval begin="390.00" end="420.00" id="D6_2_1" nVehContrib="5" flow="600.00" occupancy="4.26" speed="19.59" length="5.00" nVehEntered="6"/>
    <interval begin="420.00" end="450.00" id="D6_2_1" nVehContrib="7" flow="840.00" occupancy="5.84" speed="20.07" length="5.00" nVehEntered="7"/>
    <interval begin="450.00" end="480.00" id="D6_2_1" nVehContrib="7" flow="840.00" occupancy="5.75" speed="20.35" length="5.00" nVehEntered="7"/>
    <interval begin="480.00" end="510.00" id="D6_2_1" nVehContrib="5" flow="600.00" occupancy="4.12" speed="20.33" length="5.00" nVehEntered="6"/>
    <interval begin="510.00" end="540.00" id="D6_2_1" nVehContrib="6" flow="720.00" occupancy="5.09" speed="19.67" length="5.00" nVehEntered="6"/>
    <interval begin="540.00" end="570.00" id="D6_2_1" nVehContrib="7" flow="840.00" occupancy="5.94" speed="19.65" length="5.00" nVehEntered="7"/>
    <interval begin="570.00" end="600.00" id="D6_2_1" nVehContrib="4" flow="480.00" occupancy="3.22" speed="20.78" length="5.00" nVehEntered="4"/>
    <interval begin="600.00" end="630.00" id="D6_2_1" nVehContrib="6" flow="720.00" occupancy="5.05" speed="19.86" length="5.00" nVehEntered="7"/>
    <interval begin="630.00" end="660.00" id="D6_2_1" nVehContrib="8" flow="960.00" occupancy="7.01" speed="19.06" length="5.00" nVehEntered="9"/>
    <interval begin="660.00" end="690.00" id="D6_2_1" nVehContrib="3" flow="360.00" occupancy="2.58" speed="19.38" length="5.00" nVehEntered="6"/>
    <interval begin="690.00" end="720.00" id="D6_2_1" nVehContrib="5" flow="600.00" occupancy="4.21" speed="19.82" length="5.00" nVehEntered="5"/>
    <interval begin="720.00" end="750.00" id="D6_2_1" nVehContrib="7" flow="840.00" occupancy="5.92" speed="19.71" length="5.00" nVehEntered="8"/>
    <interval begin="750.00" end="780.00" id="D6_2_1" nVehContrib="8" flow="960.00" occupancy="7.52" speed="19.49" length="5.00" nVehEntered="9"/>
    <interval begin="780.00" end="810.00" id="D6_2_1" nVehContrib="7" flow="840.00" occupancy="5.25" speed="19.85" length="5.00" nVehEntered="7"/>
    <interval begin="810.00" end="840.00" id="D6_2_1" nVehContrib="6" flow="720.00" occupancy="5.05" speed="19.83" length="5.00" nVehEntered="6"/>
    <interval begin="840.00" end="870.00" id="D6_2_1" nVehContrib="7" flow="840.00" occupancy="6.41" speed="19.98" length="5.00" nVehEntered="8"/>
    <interval begin="870.00" end="900.00" id="D6_2_1" nVehContrib="8" flow="960.00" occupancy="6.12" speed="19.99" length="5.00" nVehEntered="7"/>
    <interval begin="900.00" end="930.00" id="D6_2_1" nVehContrib="6" flow="720.00" occupancy="5.47" speed="18.85" length="5.00" nVehEntered="6"/>
    <interval begin="930.00" end="960.00" id="D6_2_1" nVehContrib="5" flow="600.00" occupancy="4.21" speed="19.82" length="5.00" nVehEntered="7"/>
    <interval begin="960.00" end="990.00" id="D6_2_1" nVehContrib="7" flow="840.00" occupancy="5.99" speed="19.52" length="5.00" nVehEntered="8"/>
    <interval begin="990.00" end="1020.00" id="D6_2_1" nVehContrib="4" flow="480.00" occupancy="3.52" speed="19.07" length="5.00" nVehEntered="5"/>
    <interval begin="1020.00" end="1050.00" id="D6_2_1" nVehContrib="9" flow="1080.00" occupancy="8.30" speed="18.40" length="5.00" nVehEntered="9"/>
    <interval begin="1050.00" end="1080.00" id="D6_2_1" nVehContrib="8" flow="960.00" occupancy="6.89" speed="19.37" length="5.00" nVehEntered="9"/>
    <interval begin="1080.00" end="1110.00" id="D6_2_1" nVehContrib="7" flow="840.00" occupancy="6.04" speed="19.38" length="5.00" nVehEntered="8"/>
    <interval begin="1110.00" end="1140.00" id="D6_2_1" nVehContrib="8" flow="960.00" occupancy="6.81" speed="19.62" length="5.00" nVehEntered="9"/>
    <interval begin="1140.00" end="1170.00" id="D6_2_1" nVehContrib="7" flow="840.00" occupancy="6.34" speed="18.51" length="5.00" nVehEntered="7"/>
    <interval begin="1170.00" end="1200.00" id="D6_2_1" nVehContrib="8" flow="960.00" occupancy="7.25" speed="18.72" length="5.00" nVehEntered="8"/>
    <interval begin="1200.00" end="1230.00" id="D6_2_1" nVehContrib="7" flow="840.00" occupancy="6.12" speed="19.09" length="5.00" nVehEntered="7"/>
    <interval begin="1230.00" end="1260.00" id="D6_2_1" nVehContrib="4" flow="480.00" occupancy="4.28" speed="18.89" length="5.00" nVehEntered="6"/>
    <interval begin="1260.00" end="1290.00" id="D6_2_1" nVehContrib="6" flow="720.00" occupancy="4.71" speed="18.79" length="5.00" nVehEntered="6"/>
    <interval begin="1290.00" end="1320.00" id="D6_2_1" nVehContrib="5" flow="600.00" occupancy="4.19" speed="19.93" length="5.00" nVehEntered="6"/>
    <interval begin="1320.00" end="1350.00" id="D6_2_1" nVehContrib="8" flow="960.00" occupancy="6.78" speed="19.69" length="5.00" nVehEntered="9"/>
    <interval begin="1350.00" end="1380.00" id="D6_2_1" nVehContrib="6" flow="720.00" occupancy="4.99" speed="20.07" length="5.00" nVehEntered="7"/>
    <interval begin="1380.00" end="1410.00" id="D6_2_1" nVehContrib="9" flow="1080.00" occupancy="7.81" speed="19.25" length="5.00" nVehEntered="9"/>
    <interval begin="1410.00" end="1440.00" id="D6_2_1" nVehContrib="8" flow="960.00" occupancy="6.66" speed="20.08" length="5.00" nVehEntered="8"/>
    <interval begin="1440.00" end="1470.00" id="D6_2_1" nVehContrib="7" flow="840.00" occupancy="6.22" speed="18.85" length="5.00" nVehEntered="7"/>
    <interval begin="1470.00" end="1500.00" id="D6_2_1" nVehContrib="8" flow="960.00" occupancy="7.04" speed="19.06" length="5.00" nVehEntered="8"/>
    <interval begin="1500.00" end="1530.00" id="D6_2_1" nVehContrib="9" flow="1080.00" occupancy="7.66" speed="19.73" length="5.00" nVehEntered="9"/>
    <interval begin="1530.00" end="1560.00" id="D6_2_1" nVehContrib="7" flow="840.00" occupancy="5.74" speed="20.34" length="5.00" nVehEntered="7"/>
    <interval begin="1560.00" end="1590.00" id="D6_2_1" nVehContrib="7" flow="840.00" occupancy="5.99" speed="19.55" length="5.00" nVehEntered="7"/>
    <interval begin="1590.00" end="1620.00" id="D6_2_1" nVehContrib="3" flow="360.00" occupancy="2.48" speed="20.18" length="5.00" nVehEntered="5"/>
    <interval begin="1620.00" end="1650.00" id="D6_2_1" nVehContrib="5" flow="600.00" occupancy="4.16" speed="20.06" length="5.00" nVehEntered="6"/>
    <interval begin="1650.00" end="1680.00" id="D6_2_1" nVehContrib="5" flow="600.00" occupancy="4.08" speed="20.47" length="5.00" nVehEntered="7"/>
    <interval begin="1680.00" end="1710.00" id="D6_2_1" nVehContrib="5" flow="600.00" occupancy="4.34" speed="19.37" length="5.00" nVehEntered="7"/>
    <interval begin="1710.00" end="1740.00" id="D6_2_1" nVehContrib="5" flow="600.00" occupancy="4.10" speed="20.38" length="5.00" nVehEntered="6"/>
    <interval begin="1740.00" end="1770.00" id="D6_2_1" nVehContrib="4" flow="480.00" occupancy="3.46" speed="19.35" length="5.00" nVehEntered="5"/>
    <interval begin="1770.00" end="1800.00" id="D6_2_1" nVehContrib="4" flow="480.00" occupancy="3.64" speed="18.58" length="5.00" nVehEntered="6"/>
    <interval begin="1800.00" end="1807.00" id="D6_2_1" nVehContrib="2" flow="1028.57" occupancy="6.98" speed="20.48" length="5.00" nVehEntered="2"/>
</detector>
