<?xml version="1.0" encoding="UTF-8"?>

<!-- generated on 12/24/19 22:24:29 by Eclipse SUMO GUI Version 1.0.1
<configuration xmlns:xsi="http://www.w3.org/2001/XMLSchema-instance" xsi:noNamespaceSchemaLocation="http://sumo.dlr.de/xsd/sumoConfiguration.xsd">

    <input>
        <net-file value="gnet.net.xml"/>
        <route-files value="grou.rou.xml"/>
        <additional-files value="gadd.additional.xml"/>
    </input>

    <output>
        <queue-output value="Queue.xml"/>
        <summary-output value="Summary.xml"/>
    </output>

    <time>
        <begin value="0"/>
        <end value="3600"/>
    </time>

    <processing>
        <time-to-teleport value="3600"/>
    </processing>

    <traci_server>
        <remote-port value="56661"/>
    </traci_server>

    <gui_only>
        <gui-settings-file value="gview.view.xml"/>
        <quit-on-end value="true"/>
        <start value="true"/>
    </gui_only>

</configuration>
-->

<detector xmlns:xsi="http://www.w3.org/2001/XMLSchema-instance" xsi:noNamespaceSchemaLocation="http://sumo.dlr.de/xsd/det_e1_file.xsd">
    <interval begin="0.00" end="30.00" id="D6_3_2" nVehContrib="1" flow="120.00" occupancy="3.46" speed="4.82" length="5.00" nVehEntered="1"/>
    <interval begin="30.00" end="60.00" id="D6_3_2" nVehContrib="1" flow="120.00" occupancy="4.22" speed="3.95" length="5.00" nVehEntered="1"/>
    <interval begin="60.00" end="90.00" id="D6_3_2" nVehContrib="1" flow="120.00" occupancy="1.37" speed="12.18" length="5.00" nVehEntered="1"/>
    <interval begin="90.00" end="120.00" id="D6_3_2" nVehContrib="1" flow="120.00" occupancy="1.45" speed="11.51" length="5.00" nVehEntered="1"/>
    <interval begin="120.00" end="150.00" id="D6_3_2" nVehContrib="1" flow="120.00" occupancy="1.39" speed="11.96" length="5.00" nVehEntered="1"/>
    <interval begin="150.00" end="180.00" id="D6_3_2" nVehContrib="0" flow="0.00" occupancy="0.00" speed="-1.00" length="-1.00" nVehEntered="0"/>
    <interval begin="180.00" end="210.00" id="D6_3_2" nVehContrib="1" flow="120.00" occupancy="1.42" speed="11.75" length="5.00" nVehEntered="1"/>
    <interval begin="210.00" end="240.00" id="D6_3_2" nVehContrib="1" flow="120.00" occupancy="1.50" speed="11.13" length="5.00" nVehEntered="1"/>
    <interval begin="240.00" end="270.00" id="D6_3_2" nVehContrib="1" flow="120.00" occupancy="1.49" speed="11.15" length="5.00" nVehEntered="1"/>
    <interval begin="270.00" end="300.00" id="D6_3_2" nVehContrib="1" flow="120.00" occupancy="1.28" speed="12.97" length="5.00" nVehEntered="1"/>
    <interval begin="300.00" end="330.00" id="D6_3_2" nVehContrib="1" flow="120.00" occupancy="1.44" speed="11.55" length="5.00" nVehEntered="1"/>
    <interval begin="330.00" end="360.00" id="D6_3_2" nVehContrib="1" flow="120.00" occupancy="1.37" speed="12.18" length="5.00" nVehEntered="1"/>
    <interval begin="360.00" end="390.00" id="D6_3_2" nVehContrib="1" flow="120.00" occupancy="1.36" speed="12.25" length="5.00" nVehEntered="1"/>
    <interval begin="390.00" end="420.00" id="D6_3_2" nVehContrib="1" flow="120.00" occupancy="1.61" speed="10.38" length="5.00" nVehEntered="1"/>
    <interval begin="420.00" end="450.00" id="D6_3_2" nVehContrib="0" flow="0.00" occupancy="0.00" speed="-1.00" length="-1.00" nVehEntered="0"/>
    <interval begin="450.00" end="480.00" id="D6_3_2" nVehContrib="1" flow="120.00" occupancy="1.41" speed="11.85" length="5.00" nVehEntered="1"/>
    <interval begin="480.00" end="510.00" id="D6_3_2" nVehContrib="1" flow="120.00" occupancy="1.45" speed="11.49" length="5.00" nVehEntered="1"/>
    <interval begin="510.00" end="540.00" id="D6_3_2" nVehContrib="1" flow="120.00" occupancy="1.27" speed="13.10" length="5.00" nVehEntered="1"/>
    <interval begin="540.00" end="570.00" id="D6_3_2" nVehContrib="1" flow="120.00" occupancy="1.47" speed="11.32" length="5.00" nVehEntered="1"/>
    <interval begin="570.00" end="600.00" id="D6_3_2" nVehContrib="1" flow="120.00" occupancy="1.38" speed="12.04" length="5.00" nVehEntered="1"/>
    <interval begin="600.00" end="630.00" id="D6_3_2" nVehContrib="1" flow="120.00" occupancy="1.47" speed="11.33" length="5.00" nVehEntered="1"/>
    <interval begin="630.00" end="660.00" id="D6_3_2" nVehContrib="1" flow="120.00" occupancy="1.45" speed="11.51" length="5.00" nVehEntered="1"/>
    <interval begin="660.00" end="690.00" id="D6_3_2" nVehContrib="1" flow="120.00" occupancy="1.54" speed="10.81" length="5.00" nVehEntered="1"/>
    <interval begin="690.00" end="720.00" id="D6_3_2" nVehContrib="1" flow="120.00" occupancy="1.42" speed="11.70" length="5.00" nVehEntered="1"/>
    <interval begin="720.00" end="750.00" id="D6_3_2" nVehContrib="1" flow="120.00" occupancy="1.40" speed="11.92" length="5.00" nVehEntered="1"/>
    <interval begin="750.00" end="780.00" id="D6_3_2" nVehContrib="1" flow="120.00" occupancy="1.56" speed="10.71" length="5.00" nVehEntered="1"/>
    <interval begin="780.00" end="810.00" id="D6_3_2" nVehContrib="1" flow="120.00" occupancy="1.36" speed="12.25" length="5.00" nVehEntered="1"/>
    <interval begin="810.00" end="840.00" id="D6_3_2" nVehContrib="1" flow="120.00" occupancy="1.55" speed="10.79" length="5.00" nVehEntered="1"/>
    <interval begin="840.00" end="870.00" id="D6_3_2" nVehContrib="1" flow="120.00" occupancy="3.45" speed="4.83" length="5.00" nVehEntered="1"/>
    <interval begin="870.00" end="900.00" id="D6_3_2" nVehContrib="1" flow="120.00" occupancy="1.36" speed="12.23" length="5.00" nVehEntered="1"/>
    <interval begin="900.00" end="930.00" id="D6_3_2" nVehContrib="1" flow="120.00" occupancy="1.21" speed="13.74" length="5.00" nVehEntered="1"/>
    <interval begin="930.00" end="960.00" id="D6_3_2" nVehContrib="1" flow="120.00" occupancy="1.30" speed="12.78" length="5.00" nVehEntered="1"/>
    <interval begin="960.00" end="990.00" id="D6_3_2" nVehContrib="0" flow="0.00" occupancy="0.00" speed="-1.00" length="-1.00" nVehEntered="0"/>
    <interval begin="990.00" end="1020.00" id="D6_3_2" nVehContrib="2" flow="240.00" occupancy="2.87" speed="11.61" length="5.00" nVehEntered="2"/>
    <interval begin="1020.00" end="1050.00" id="D6_3_2" nVehContrib="1" flow="120.00" occupancy="1.44" speed="11.58" length="5.00" nVehEntered="1"/>
    <interval begin="1050.00" end="1080.00" id="D6_3_2" nVehContrib="0" flow="0.00" occupancy="0.00" speed="-1.00" length="-1.00" nVehEntered="0"/>
    <interval begin="1080.00" end="1110.00" id="D6_3_2" nVehContrib="0" flow="0.00" occupancy="0.00" speed="-1.00" length="-1.00" nVehEntered="0"/>
    <interval begin="1110.00" end="1140.00" id="D6_3_2" nVehContrib="1" flow="120.00" occupancy="1.37" speed="12.13" length="5.00" nVehEntered="1"/>
    <interval begin="1140.00" end="1170.00" id="D6_3_2" nVehContrib="1" flow="120.00" occupancy="1.35" speed="12.34" length="5.00" nVehEntered="1"/>
    <interval begin="1170.00" end="1200.00" id="D6_3_2" nVehContrib="1" flow="120.00" occupancy="1.51" speed="11.01" length="5.00" nVehEntered="1"/>
    <interval begin="1200.00" end="1230.00" id="D6_3_2" nVehContrib="1" flow="120.00" occupancy="1.34" speed="12.39" length="5.00" nVehEntered="1"/>
    <interval begin="1230.00" end="1260.00" id="D6_3_2" nVehContrib="1" flow="120.00" occupancy="1.37" speed="12.18" length="5.00" nVehEntered="1"/>
    <interval begin="1260.00" end="1290.00" id="D6_3_2" nVehContrib="1" flow="120.00" occupancy="1.46" speed="11.45" length="5.00" nVehEntered="1"/>
    <interval begin="1290.00" end="1320.00" id="D6_3_2" nVehContrib="1" flow="120.00" occupancy="1.33" speed="12.49" length="5.00" nVehEntered="1"/>
    <interval begin="1320.00" end="1350.00" id="D6_3_2" nVehContrib="1" flow="120.00" occupancy="1.55" speed="10.77" length="5.00" nVehEntered="1"/>
    <interval begin="1350.00" end="1380.00" id="D6_3_2" nVehContrib="0" flow="0.00" occupancy="0.00" speed="-1.00" length="-1.00" nVehEntered="0"/>
    <interval begin="1380.00" end="1410.00" id="D6_3_2" nVehContrib="1" flow="120.00" occupancy="1.28" speed="13.00" length="5.00" nVehEntered="1"/>
    <interval begin="1410.00" end="1440.00" id="D6_3_2" nVehContrib="1" flow="120.00" occupancy="1.47" speed="11.37" length="5.00" nVehEntered="1"/>
    <interval begin="1440.00" end="1470.00" id="D6_3_2" nVehContrib="2" flow="240.00" occupancy="2.64" speed="12.69" length="5.00" nVehEntered="2"/>
    <interval begin="1470.00" end="1500.00" id="D6_3_2" nVehContrib="1" flow="120.00" occupancy="1.55" speed="10.75" length="5.00" nVehEntered="1"/>
    <interval begin="1500.00" end="1530.00" id="D6_3_2" nVehContrib="1" flow="120.00" occupancy="1.48" speed="11.26" length="5.00" nVehEntered="1"/>
    <interval begin="1530.00" end="1560.00" id="D6_3_2" nVehContrib="1" flow="120.00" occupancy="1.23" speed="13.56" length="5.00" nVehEntered="1"/>
    <interval begin="1560.00" end="1590.00" id="D6_3_2" nVehContrib="1" flow="120.00" occupancy="1.29" speed="12.87" length="5.00" nVehEntered="1"/>
    <interval begin="1590.00" end="1620.00" id="D6_3_2" nVehContrib="1" flow="120.00" occupancy="1.44" speed="11.59" length="5.00" nVehEntered="1"/>
    <interval begin="1620.00" end="1650.00" id="D6_3_2" nVehContrib="1" flow="120.00" occupancy="1.43" speed="11.67" length="5.00" nVehEntered="1"/>
    <interval begin="1650.00" end="1680.00" id="D6_3_2" nVehContrib="0" flow="0.00" occupancy="1.33" speed="-1.00" length="-1.00" nVehEntered="1"/>
    <interval begin="1680.00" end="1710.00" id="D6_3_2" nVehContrib="2" flow="240.00" occupancy="1.73" speed="10.96" length="5.00" nVehEntered="1"/>
    <interval begin="1710.00" end="1740.00" id="D6_3_2" nVehContrib="0" flow="0.00" occupancy="0.00" speed="-1.00" length="-1.00" nVehEntered="0"/>
    <interval begin="1740.00" end="1770.00" id="D6_3_2" nVehContrib="1" flow="120.00" occupancy="1.43" speed="11.67" length="5.00" nVehEntered="1"/>
    <interval begin="1770.00" end="1800.00" id="D6_3_2" nVehContrib="1" flow="120.00" occupancy="1.36" speed="12.21" length="5.00" nVehEntered="1"/>
    <interval begin="1800.00" end="1807.00" id="D6_3_2" nVehContrib="1" flow="514.29" occupancy="6.22" speed="11.49" length="5.00" nVehEntered="1"/>
</detector>
