<?xml version="1.0" encoding="UTF-8"?>

<!-- generated on 12/24/19 22:24:29 by Eclipse SUMO GUI Version 1.0.1
<configuration xmlns:xsi="http://www.w3.org/2001/XMLSchema-instance" xsi:noNamespaceSchemaLocation="http://sumo.dlr.de/xsd/sumoConfiguration.xsd">

    <input>
        <net-file value="gnet.net.xml"/>
        <route-files value="grou.rou.xml"/>
        <additional-files value="gadd.additional.xml"/>
    </input>

    <output>
        <queue-output value="Queue.xml"/>
        <summary-output value="Summary.xml"/>
    </output>

    <time>
        <begin value="0"/>
        <end value="3600"/>
    </time>

    <processing>
        <time-to-teleport value="3600"/>
    </processing>

    <traci_server>
        <remote-port value="56661"/>
    </traci_server>

    <gui_only>
        <gui-settings-file value="gview.view.xml"/>
        <quit-on-end value="true"/>
        <start value="true"/>
    </gui_only>

</configuration>
-->

<detector xmlns:xsi="http://www.w3.org/2001/XMLSchema-instance" xsi:noNamespaceSchemaLocation="http://sumo.dlr.de/xsd/det_e1_file.xsd">
    <interval begin="0.00" end="30.00" id="D6_3_1" nVehContrib="7" flow="840.00" occupancy="18.92" speed="8.08" length="5.00" nVehEntered="8"/>
    <interval begin="30.00" end="60.00" id="D6_3_1" nVehContrib="8" flow="960.00" occupancy="18.06" speed="9.68" length="5.00" nVehEntered="9"/>
    <interval begin="60.00" end="90.00" id="D6_3_1" nVehContrib="7" flow="840.00" occupancy="10.89" speed="12.04" length="5.00" nVehEntered="8"/>
    <interval begin="90.00" end="120.00" id="D6_3_1" nVehContrib="9" flow="1080.00" occupancy="11.85" speed="12.22" length="5.00" nVehEntered="9"/>
    <interval begin="120.00" end="150.00" id="D6_3_1" nVehContrib="9" flow="1080.00" occupancy="14.98" speed="10.96" length="5.00" nVehEntered="8"/>
    <interval begin="150.00" end="180.00" id="D6_3_1" nVehContrib="9" flow="1080.00" occupancy="14.11" speed="11.92" length="5.00" nVehEntered="10"/>
    <interval begin="180.00" end="210.00" id="D6_3_1" nVehContrib="10" flow="1200.00" occupancy="12.61" speed="11.90" length="5.00" nVehEntered="9"/>
    <interval begin="210.00" end="240.00" id="D6_3_1" nVehContrib="9" flow="1080.00" occupancy="12.50" speed="12.03" length="5.00" nVehEntered="9"/>
    <interval begin="240.00" end="270.00" id="D6_3_1" nVehContrib="9" flow="1080.00" occupancy="16.23" speed="10.57" length="5.00" nVehEntered="9"/>
    <interval begin="270.00" end="300.00" id="D6_3_1" nVehContrib="9" flow="1080.00" occupancy="12.60" speed="12.54" length="5.00" nVehEntered="10"/>
    <interval begin="300.00" end="330.00" id="D6_3_1" nVehContrib="9" flow="1080.00" occupancy="11.52" speed="12.45" length="5.00" nVehEntered="9"/>
    <interval begin="330.00" end="360.00" id="D6_3_1" nVehContrib="10" flow="1200.00" occupancy="13.71" speed="12.17" length="5.00" nVehEntered="9"/>
    <interval begin="360.00" end="390.00" id="D6_3_1" nVehContrib="9" flow="1080.00" occupancy="12.43" speed="12.10" length="5.00" nVehEntered="9"/>
    <interval begin="390.00" end="420.00" id="D6_3_1" nVehContrib="9" flow="1080.00" occupancy="12.34" speed="12.19" length="5.00" nVehEntered="9"/>
    <interval begin="420.00" end="450.00" id="D6_3_1" nVehContrib="9" flow="1080.00" occupancy="12.41" speed="12.16" length="5.00" nVehEntered="9"/>
    <interval begin="450.00" end="480.00" id="D6_3_1" nVehContrib="9" flow="1080.00" occupancy="12.44" speed="12.09" length="5.00" nVehEntered="9"/>
    <interval begin="480.00" end="510.00" id="D6_3_1" nVehContrib="9" flow="1080.00" occupancy="11.81" speed="12.71" length="5.00" nVehEntered="9"/>
    <interval begin="510.00" end="540.00" id="D6_3_1" nVehContrib="9" flow="1080.00" occupancy="13.09" speed="12.03" length="5.00" nVehEntered="10"/>
    <interval begin="540.00" end="570.00" id="D6_3_1" nVehContrib="10" flow="1200.00" occupancy="13.82" speed="11.61" length="5.00" nVehEntered="9"/>
    <interval begin="570.00" end="600.00" id="D6_3_1" nVehContrib="8" flow="960.00" occupancy="10.78" speed="12.42" length="5.00" nVehEntered="8"/>
    <interval begin="600.00" end="630.00" id="D6_3_1" nVehContrib="9" flow="1080.00" occupancy="12.34" speed="12.18" length="5.00" nVehEntered="9"/>
    <interval begin="630.00" end="660.00" id="D6_3_1" nVehContrib="8" flow="960.00" occupancy="12.02" speed="11.11" length="5.00" nVehEntered="8"/>
    <interval begin="660.00" end="690.00" id="D6_3_1" nVehContrib="9" flow="1080.00" occupancy="12.75" speed="11.79" length="5.00" nVehEntered="9"/>
    <interval begin="690.00" end="720.00" id="D6_3_1" nVehContrib="10" flow="1200.00" occupancy="13.39" speed="12.47" length="5.00" nVehEntered="10"/>
    <interval begin="720.00" end="750.00" id="D6_3_1" nVehContrib="9" flow="1080.00" occupancy="12.25" speed="12.30" length="5.00" nVehEntered="9"/>
    <interval begin="750.00" end="780.00" id="D6_3_1" nVehContrib="8" flow="960.00" occupancy="11.45" speed="11.73" length="5.00" nVehEntered="8"/>
    <interval begin="780.00" end="810.00" id="D6_3_1" nVehContrib="9" flow="1080.00" occupancy="12.25" speed="12.29" length="5.00" nVehEntered="9"/>
    <interval begin="810.00" end="840.00" id="D6_3_1" nVehContrib="9" flow="1080.00" occupancy="12.43" speed="12.09" length="5.00" nVehEntered="9"/>
    <interval begin="840.00" end="870.00" id="D6_3_1" nVehContrib="9" flow="1080.00" occupancy="12.56" speed="11.96" length="5.00" nVehEntered="10"/>
    <interval begin="870.00" end="900.00" id="D6_3_1" nVehContrib="9" flow="1080.00" occupancy="15.25" speed="10.91" length="5.00" nVehEntered="9"/>
    <interval begin="900.00" end="930.00" id="D6_3_1" nVehContrib="8" flow="960.00" occupancy="11.60" speed="11.67" length="5.00" nVehEntered="8"/>
    <interval begin="930.00" end="960.00" id="D6_3_1" nVehContrib="9" flow="1080.00" occupancy="16.27" speed="10.75" length="5.00" nVehEntered="9"/>
    <interval begin="960.00" end="990.00" id="D6_3_1" nVehContrib="10" flow="1200.00" occupancy="18.22" speed="10.30" length="5.00" nVehEntered="10"/>
    <interval begin="990.00" end="1020.00" id="D6_3_1" nVehContrib="6" flow="720.00" occupancy="8.46" speed="11.82" length="5.00" nVehEntered="6"/>
    <interval begin="1020.00" end="1050.00" id="D6_3_1" nVehContrib="9" flow="1080.00" occupancy="15.64" speed="11.13" length="5.00" nVehEntered="9"/>
    <interval begin="1050.00" end="1080.00" id="D6_3_1" nVehContrib="10" flow="1200.00" occupancy="19.44" speed="10.15" length="5.00" nVehEntered="10"/>
    <interval begin="1080.00" end="1110.00" id="D6_3_1" nVehContrib="11" flow="1320.00" occupancy="16.06" speed="11.53" length="5.00" nVehEntered="11"/>
    <interval begin="1110.00" end="1140.00" id="D6_3_1" nVehContrib="8" flow="960.00" occupancy="11.31" speed="11.80" length="5.00" nVehEntered="8"/>
    <interval begin="1140.00" end="1170.00" id="D6_3_1" nVehContrib="7" flow="840.00" occupancy="12.73" speed="10.10" length="5.00" nVehEntered="7"/>
    <interval begin="1170.00" end="1200.00" id="D6_3_1" nVehContrib="9" flow="1080.00" occupancy="15.36" speed="11.12" length="5.00" nVehEntered="9"/>
    <interval begin="1200.00" end="1230.00" id="D6_3_1" nVehContrib="7" flow="840.00" occupancy="10.61" speed="11.08" length="5.00" nVehEntered="7"/>
    <interval begin="1230.00" end="1260.00" id="D6_3_1" nVehContrib="9" flow="1080.00" occupancy="12.41" speed="12.11" length="5.00" nVehEntered="9"/>
    <interval begin="1260.00" end="1290.00" id="D6_3_1" nVehContrib="8" flow="960.00" occupancy="11.14" speed="12.01" length="5.00" nVehEntered="8"/>
    <interval begin="1290.00" end="1320.00" id="D6_3_1" nVehContrib="9" flow="1080.00" occupancy="15.80" speed="10.88" length="5.00" nVehEntered="9"/>
    <interval begin="1320.00" end="1350.00" id="D6_3_1" nVehContrib="10" flow="1200.00" occupancy="14.50" speed="11.54" length="5.00" nVehEntered="10"/>
    <interval begin="1350.00" end="1380.00" id="D6_3_1" nVehContrib="10" flow="1200.00" occupancy="14.52" speed="11.57" length="5.00" nVehEntered="10"/>
    <interval begin="1380.00" end="1410.00" id="D6_3_1" nVehContrib="9" flow="1080.00" occupancy="19.12" speed="10.03" length="5.00" nVehEntered="9"/>
    <interval begin="1410.00" end="1440.00" id="D6_3_1" nVehContrib="9" flow="1080.00" occupancy="12.39" speed="12.14" length="5.00" nVehEntered="9"/>
    <interval begin="1440.00" end="1470.00" id="D6_3_1" nVehContrib="7" flow="840.00" occupancy="13.40" speed="10.36" length="5.00" nVehEntered="7"/>
    <interval begin="1470.00" end="1500.00" id="D6_3_1" nVehContrib="7" flow="840.00" occupancy="10.67" speed="11.80" length="5.00" nVehEntered="8"/>
    <interval begin="1500.00" end="1530.00" id="D6_3_1" nVehContrib="9" flow="1080.00" occupancy="11.62" speed="12.11" length="5.00" nVehEntered="8"/>
    <interval begin="1530.00" end="1560.00" id="D6_3_1" nVehContrib="9" flow="1080.00" occupancy="12.47" speed="12.10" length="5.00" nVehEntered="9"/>
    <interval begin="1560.00" end="1590.00" id="D6_3_1" nVehContrib="8" flow="960.00" occupancy="11.17" speed="11.98" length="5.00" nVehEntered="8"/>
    <interval begin="1590.00" end="1620.00" id="D6_3_1" nVehContrib="9" flow="1080.00" occupancy="12.27" speed="12.26" length="5.00" nVehEntered="9"/>
    <interval begin="1620.00" end="1650.00" id="D6_3_1" nVehContrib="9" flow="1080.00" occupancy="13.03" speed="11.91" length="5.00" nVehEntered="10"/>
    <interval begin="1650.00" end="1680.00" id="D6_3_1" nVehContrib="10" flow="1200.00" occupancy="14.61" speed="11.52" length="5.00" nVehEntered="9"/>
    <interval begin="1680.00" end="1710.00" id="D6_3_1" nVehContrib="9" flow="1080.00" occupancy="12.31" speed="12.22" length="5.00" nVehEntered="9"/>
    <interval begin="1710.00" end="1740.00" id="D6_3_1" nVehContrib="8" flow="960.00" occupancy="11.39" speed="11.81" length="5.00" nVehEntered="8"/>
    <interval begin="1740.00" end="1770.00" id="D6_3_1" nVehContrib="8" flow="960.00" occupancy="17.08" speed="9.96" length="5.00" nVehEntered="8"/>
    <interval begin="1770.00" end="1800.00" id="D6_3_1" nVehContrib="9" flow="1080.00" occupancy="12.30" speed="12.25" length="5.00" nVehEntered="9"/>
    <interval begin="1800.00" end="1807.00" id="D6_3_1" nVehContrib="1" flow="514.29" occupancy="5.61" speed="12.73" length="5.00" nVehEntered="1"/>
</detector>
