<?xml version="1.0" encoding="UTF-8"?>

<!-- generated on 12/24/19 22:24:29 by Eclipse SUMO GUI Version 1.0.1
<configuration xmlns:xsi="http://www.w3.org/2001/XMLSchema-instance" xsi:noNamespaceSchemaLocation="http://sumo.dlr.de/xsd/sumoConfiguration.xsd">

    <input>
        <net-file value="gnet.net.xml"/>
        <route-files value="grou.rou.xml"/>
        <additional-files value="gadd.additional.xml"/>
    </input>

    <output>
        <queue-output value="Queue.xml"/>
        <summary-output value="Summary.xml"/>
    </output>

    <time>
        <begin value="0"/>
        <end value="3600"/>
    </time>

    <processing>
        <time-to-teleport value="3600"/>
    </processing>

    <traci_server>
        <remote-port value="56661"/>
    </traci_server>

    <gui_only>
        <gui-settings-file value="gview.view.xml"/>
        <quit-on-end value="true"/>
        <start value="true"/>
    </gui_only>

</configuration>
-->

<detector xmlns:xsi="http://www.w3.org/2001/XMLSchema-instance" xsi:noNamespaceSchemaLocation="http://sumo.dlr.de/xsd/det_e1_file.xsd">
    <interval begin="0.00" end="30.00" id="D7_1_1" nVehContrib="0" flow="0.00" occupancy="0.00" speed="-1.00" length="-1.00" nVehEntered="0"/>
    <interval begin="30.00" end="60.00" id="D7_1_1" nVehContrib="5" flow="600.00" occupancy="3.79" speed="22.02" length="5.00" nVehEntered="5"/>
    <interval begin="60.00" end="90.00" id="D7_1_1" nVehContrib="0" flow="0.00" occupancy="0.00" speed="-1.00" length="-1.00" nVehEntered="0"/>
    <interval begin="90.00" end="120.00" id="D7_1_1" nVehContrib="6" flow="720.00" occupancy="5.33" speed="20.68" length="5.00" nVehEntered="7"/>
    <interval begin="120.00" end="150.00" id="D7_1_1" nVehContrib="10" flow="1200.00" occupancy="7.20" speed="21.71" length="5.00" nVehEntered="9"/>
    <interval begin="150.00" end="180.00" id="D7_1_1" nVehContrib="0" flow="0.00" occupancy="0.00" speed="-1.00" length="-1.00" nVehEntered="0"/>
    <interval begin="180.00" end="210.00" id="D7_1_1" nVehContrib="2" flow="240.00" occupancy="1.69" speed="19.78" length="5.00" nVehEntered="2"/>
    <interval begin="210.00" end="240.00" id="D7_1_1" nVehContrib="11" flow="1320.00" occupancy="8.51" speed="21.57" length="5.00" nVehEntered="11"/>
    <interval begin="240.00" end="270.00" id="D7_1_1" nVehContrib="2" flow="240.00" occupancy="1.47" speed="22.67" length="5.00" nVehEntered="2"/>
    <interval begin="270.00" end="300.00" id="D7_1_1" nVehContrib="0" flow="0.00" occupancy="0.00" speed="-1.00" length="-1.00" nVehEntered="0"/>
    <interval begin="300.00" end="330.00" id="D7_1_1" nVehContrib="11" flow="1320.00" occupancy="8.46" speed="21.73" length="5.00" nVehEntered="11"/>
    <interval begin="330.00" end="360.00" id="D7_1_1" nVehContrib="6" flow="720.00" occupancy="4.82" speed="20.78" length="5.00" nVehEntered="6"/>
    <interval begin="360.00" end="390.00" id="D7_1_1" nVehContrib="0" flow="0.00" occupancy="0.00" speed="-1.00" length="-1.00" nVehEntered="0"/>
    <interval begin="390.00" end="420.00" id="D7_1_1" nVehContrib="7" flow="840.00" occupancy="5.55" speed="21.07" length="5.00" nVehEntered="7"/>
    <interval begin="420.00" end="450.00" id="D7_1_1" nVehContrib="7" flow="840.00" occupancy="5.35" speed="21.82" length="5.00" nVehEntered="7"/>
    <interval begin="450.00" end="480.00" id="D7_1_1" nVehContrib="0" flow="0.00" occupancy="0.00" speed="-1.00" length="-1.00" nVehEntered="0"/>
    <interval begin="480.00" end="510.00" id="D7_1_1" nVehContrib="4" flow="480.00" occupancy="3.24" speed="20.63" length="5.00" nVehEntered="4"/>
    <interval begin="510.00" end="540.00" id="D7_1_1" nVehContrib="11" flow="1320.00" occupancy="8.36" speed="21.99" length="5.00" nVehEntered="11"/>
    <interval begin="540.00" end="570.00" id="D7_1_1" nVehContrib="1" flow="120.00" occupancy="0.73" speed="22.94" length="5.00" nVehEntered="1"/>
    <interval begin="570.00" end="600.00" id="D7_1_1" nVehContrib="0" flow="0.00" occupancy="0.00" speed="-1.00" length="-1.00" nVehEntered="0"/>
    <interval begin="600.00" end="630.00" id="D7_1_1" nVehContrib="13" flow="1560.00" occupancy="10.31" speed="21.09" length="5.00" nVehEntered="13"/>
    <interval begin="630.00" end="660.00" id="D7_1_1" nVehContrib="2" flow="240.00" occupancy="1.58" speed="21.15" length="5.00" nVehEntered="2"/>
    <interval begin="660.00" end="690.00" id="D7_1_1" nVehContrib="0" flow="0.00" occupancy="0.00" speed="-1.00" length="-1.00" nVehEntered="0"/>
    <interval begin="690.00" end="720.00" id="D7_1_1" nVehContrib="8" flow="960.00" occupancy="6.40" speed="20.89" length="5.00" nVehEntered="8"/>
    <interval begin="720.00" end="750.00" id="D7_1_1" nVehContrib="5" flow="600.00" occupancy="4.00" speed="20.88" length="5.00" nVehEntered="5"/>
    <interval begin="750.00" end="780.00" id="D7_1_1" nVehContrib="6" flow="720.00" occupancy="5.03" speed="19.88" length="5.00" nVehEntered="6"/>
    <interval begin="780.00" end="810.00" id="D7_1_1" nVehContrib="3" flow="360.00" occupancy="2.62" speed="19.11" length="5.00" nVehEntered="3"/>
    <interval begin="810.00" end="840.00" id="D7_1_1" nVehContrib="7" flow="840.00" occupancy="5.76" speed="20.33" length="5.00" nVehEntered="7"/>
    <interval begin="840.00" end="870.00" id="D7_1_1" nVehContrib="4" flow="480.00" occupancy="3.31" speed="20.27" length="5.00" nVehEntered="4"/>
    <interval begin="870.00" end="900.00" id="D7_1_1" nVehContrib="5" flow="600.00" occupancy="4.37" speed="19.11" length="5.00" nVehEntered="5"/>
    <interval begin="900.00" end="930.00" id="D7_1_1" nVehContrib="5" flow="600.00" occupancy="3.76" speed="22.25" length="5.00" nVehEntered="5"/>
    <interval begin="930.00" end="960.00" id="D7_1_1" nVehContrib="2" flow="240.00" occupancy="1.66" speed="20.16" length="5.00" nVehEntered="2"/>
    <interval begin="960.00" end="990.00" id="D7_1_1" nVehContrib="9" flow="1080.00" occupancy="7.30" speed="20.58" length="5.00" nVehEntered="9"/>
    <interval begin="990.00" end="1020.00" id="D7_1_1" nVehContrib="5" flow="600.00" occupancy="4.39" speed="19.08" length="5.00" nVehEntered="5"/>
    <interval begin="1020.00" end="1050.00" id="D7_1_1" nVehContrib="7" flow="840.00" occupancy="5.61" speed="20.83" length="5.00" nVehEntered="7"/>
    <interval begin="1050.00" end="1080.00" id="D7_1_1" nVehContrib="4" flow="480.00" occupancy="3.13" speed="21.28" length="5.00" nVehEntered="4"/>
    <interval begin="1080.00" end="1110.00" id="D7_1_1" nVehContrib="8" flow="960.00" occupancy="6.76" speed="19.77" length="5.00" nVehEntered="8"/>
    <interval begin="1110.00" end="1140.00" id="D7_1_1" nVehContrib="4" flow="480.00" occupancy="3.17" speed="21.06" length="5.00" nVehEntered="4"/>
    <interval begin="1140.00" end="1170.00" id="D7_1_1" nVehContrib="6" flow="720.00" occupancy="4.86" speed="20.66" length="5.00" nVehEntered="6"/>
    <interval begin="1170.00" end="1200.00" id="D7_1_1" nVehContrib="4" flow="480.00" occupancy="3.17" speed="21.10" length="5.00" nVehEntered="4"/>
    <interval begin="1200.00" end="1230.00" id="D7_1_1" nVehContrib="4" flow="480.00" occupancy="3.36" speed="19.89" length="5.00" nVehEntered="4"/>
    <interval begin="1230.00" end="1260.00" id="D7_1_1" nVehContrib="4" flow="480.00" occupancy="3.28" speed="20.35" length="5.00" nVehEntered="4"/>
    <interval begin="1260.00" end="1290.00" id="D7_1_1" nVehContrib="6" flow="720.00" occupancy="4.89" speed="20.49" length="5.00" nVehEntered="6"/>
    <interval begin="1290.00" end="1320.00" id="D7_1_1" nVehContrib="5" flow="600.00" occupancy="4.10" speed="20.38" length="5.00" nVehEntered="5"/>
    <interval begin="1320.00" end="1350.00" id="D7_1_1" nVehContrib="4" flow="480.00" occupancy="3.43" speed="19.47" length="5.00" nVehEntered="4"/>
    <interval begin="1350.00" end="1380.00" id="D7_1_1" nVehContrib="4" flow="480.00" occupancy="3.27" speed="20.48" length="5.00" nVehEntered="4"/>
    <interval begin="1380.00" end="1410.00" id="D7_1_1" nVehContrib="5" flow="600.00" occupancy="4.28" speed="19.50" length="5.00" nVehEntered="5"/>
    <interval begin="1410.00" end="1440.00" id="D7_1_1" nVehContrib="3" flow="360.00" occupancy="2.53" speed="19.74" length="5.00" nVehEntered="3"/>
    <interval begin="1440.00" end="1470.00" id="D7_1_1" nVehContrib="5" flow="600.00" occupancy="4.28" speed="19.51" length="5.00" nVehEntered="5"/>
    <interval begin="1470.00" end="1500.00" id="D7_1_1" nVehContrib="6" flow="720.00" occupancy="4.94" speed="20.27" length="5.00" nVehEntered="6"/>
    <interval begin="1500.00" end="1530.00" id="D7_1_1" nVehContrib="8" flow="960.00" occupancy="6.39" speed="20.87" length="5.00" nVehEntered="8"/>
    <interval begin="1530.00" end="1560.00" id="D7_1_1" nVehContrib="3" flow="360.00" occupancy="2.61" speed="19.16" length="5.00" nVehEntered="3"/>
    <interval begin="1560.00" end="1590.00" id="D7_1_1" nVehContrib="5" flow="600.00" occupancy="4.23" speed="19.72" length="5.00" nVehEntered="5"/>
    <interval begin="1590.00" end="1620.00" id="D7_1_1" nVehContrib="4" flow="480.00" occupancy="3.92" speed="19.81" length="5.00" nVehEntered="5"/>
    <interval begin="1620.00" end="1650.00" id="D7_1_1" nVehContrib="5" flow="600.00" occupancy="3.64" speed="19.93" length="5.00" nVehEntered="4"/>
    <interval begin="1650.00" end="1680.00" id="D7_1_1" nVehContrib="6" flow="720.00" occupancy="5.17" speed="19.37" length="5.00" nVehEntered="6"/>
    <interval begin="1680.00" end="1710.00" id="D7_1_1" nVehContrib="9" flow="1080.00" occupancy="7.20" speed="20.89" length="5.00" nVehEntered="9"/>
    <interval begin="1710.00" end="1740.00" id="D7_1_1" nVehContrib="6" flow="720.00" occupancy="5.04" speed="19.94" length="5.00" nVehEntered="6"/>
    <interval begin="1740.00" end="1770.00" id="D7_1_1" nVehContrib="4" flow="480.00" occupancy="3.72" speed="21.13" length="5.00" nVehEntered="5"/>
    <interval begin="1770.00" end="1800.00" id="D7_1_1" nVehContrib="4" flow="480.00" occupancy="2.96" speed="19.04" length="5.00" nVehEntered="3"/>
    <interval begin="1800.00" end="1807.00" id="D7_1_1" nVehContrib="0" flow="0.00" occupancy="0.00" speed="-1.00" length="-1.00" nVehEntered="0"/>
</detector>
