<?xml version="1.0" encoding="UTF-8"?>

<!-- generated on 12/24/19 22:24:29 by Eclipse SUMO GUI Version 1.0.1
<configuration xmlns:xsi="http://www.w3.org/2001/XMLSchema-instance" xsi:noNamespaceSchemaLocation="http://sumo.dlr.de/xsd/sumoConfiguration.xsd">

    <input>
        <net-file value="gnet.net.xml"/>
        <route-files value="grou.rou.xml"/>
        <additional-files value="gadd.additional.xml"/>
    </input>

    <output>
        <queue-output value="Queue.xml"/>
        <summary-output value="Summary.xml"/>
    </output>

    <time>
        <begin value="0"/>
        <end value="3600"/>
    </time>

    <processing>
        <time-to-teleport value="3600"/>
    </processing>

    <traci_server>
        <remote-port value="56661"/>
    </traci_server>

    <gui_only>
        <gui-settings-file value="gview.view.xml"/>
        <quit-on-end value="true"/>
        <start value="true"/>
    </gui_only>

</configuration>
-->

<detector xmlns:xsi="http://www.w3.org/2001/XMLSchema-instance" xsi:noNamespaceSchemaLocation="http://sumo.dlr.de/xsd/det_e1_file.xsd">
    <interval begin="0.00" end="30.00" id="D8_1_2" nVehContrib="0" flow="0.00" occupancy="0.00" speed="-1.00" length="-1.00" nVehEntered="0"/>
    <interval begin="30.00" end="60.00" id="D8_1_2" nVehContrib="2" flow="240.00" occupancy="6.58" speed="7.11" length="5.00" nVehEntered="2"/>
    <interval begin="60.00" end="90.00" id="D8_1_2" nVehContrib="0" flow="0.00" occupancy="0.00" speed="-1.00" length="-1.00" nVehEntered="0"/>
    <interval begin="90.00" end="120.00" id="D8_1_2" nVehContrib="0" flow="0.00" occupancy="0.00" speed="-1.00" length="-1.00" nVehEntered="0"/>
    <interval begin="120.00" end="150.00" id="D8_1_2" nVehContrib="1" flow="120.00" occupancy="4.45" speed="3.75" length="5.00" nVehEntered="1"/>
    <interval begin="150.00" end="180.00" id="D8_1_2" nVehContrib="2" flow="240.00" occupancy="4.54" speed="7.39" length="5.00" nVehEntered="2"/>
    <interval begin="180.00" end="210.00" id="D8_1_2" nVehContrib="0" flow="0.00" occupancy="0.00" speed="-1.00" length="-1.00" nVehEntered="0"/>
    <interval begin="210.00" end="240.00" id="D8_1_2" nVehContrib="0" flow="0.00" occupancy="0.00" speed="-1.00" length="-1.00" nVehEntered="0"/>
    <interval begin="240.00" end="270.00" id="D8_1_2" nVehContrib="3" flow="360.00" occupancy="9.64" speed="5.75" length="5.00" nVehEntered="3"/>
    <interval begin="270.00" end="300.00" id="D8_1_2" nVehContrib="0" flow="0.00" occupancy="0.00" speed="-1.00" length="-1.00" nVehEntered="0"/>
    <interval begin="300.00" end="330.00" id="D8_1_2" nVehContrib="0" flow="0.00" occupancy="0.00" speed="-1.00" length="-1.00" nVehEntered="0"/>
    <interval begin="330.00" end="360.00" id="D8_1_2" nVehContrib="3" flow="360.00" occupancy="10.35" speed="5.80" length="5.00" nVehEntered="3"/>
    <interval begin="360.00" end="390.00" id="D8_1_2" nVehContrib="0" flow="0.00" occupancy="0.00" speed="-1.00" length="-1.00" nVehEntered="0"/>
    <interval begin="390.00" end="420.00" id="D8_1_2" nVehContrib="0" flow="0.00" occupancy="0.00" speed="-1.00" length="-1.00" nVehEntered="0"/>
    <interval begin="420.00" end="450.00" id="D8_1_2" nVehContrib="2" flow="240.00" occupancy="7.16" speed="5.19" length="5.00" nVehEntered="3"/>
    <interval begin="450.00" end="480.00" id="D8_1_2" nVehContrib="1" flow="120.00" occupancy="1.67" speed="8.91" length="5.00" nVehEntered="0"/>
    <interval begin="480.00" end="510.00" id="D8_1_2" nVehContrib="0" flow="0.00" occupancy="0.00" speed="-1.00" length="-1.00" nVehEntered="0"/>
    <interval begin="510.00" end="540.00" id="D8_1_2" nVehContrib="0" flow="0.00" occupancy="0.00" speed="-1.00" length="-1.00" nVehEntered="0"/>
    <interval begin="540.00" end="570.00" id="D8_1_2" nVehContrib="3" flow="360.00" occupancy="9.54" speed="5.98" length="5.00" nVehEntered="3"/>
    <interval begin="570.00" end="600.00" id="D8_1_2" nVehContrib="0" flow="0.00" occupancy="0.00" speed="-1.00" length="-1.00" nVehEntered="0"/>
    <interval begin="600.00" end="630.00" id="D8_1_2" nVehContrib="0" flow="0.00" occupancy="0.00" speed="-1.00" length="-1.00" nVehEntered="0"/>
    <interval begin="630.00" end="660.00" id="D8_1_2" nVehContrib="3" flow="360.00" occupancy="10.11" speed="5.64" length="5.00" nVehEntered="3"/>
    <interval begin="660.00" end="690.00" id="D8_1_2" nVehContrib="0" flow="0.00" occupancy="0.00" speed="-1.00" length="-1.00" nVehEntered="0"/>
    <interval begin="690.00" end="720.00" id="D8_1_2" nVehContrib="0" flow="0.00" occupancy="0.00" speed="-1.00" length="-1.00" nVehEntered="0"/>
    <interval begin="720.00" end="750.00" id="D8_1_2" nVehContrib="3" flow="360.00" occupancy="13.76" speed="4.01" length="5.00" nVehEntered="3"/>
    <interval begin="750.00" end="780.00" id="D8_1_2" nVehContrib="1" flow="120.00" occupancy="4.57" speed="3.65" length="5.00" nVehEntered="1"/>
    <interval begin="780.00" end="810.00" id="D8_1_2" nVehContrib="0" flow="0.00" occupancy="0.00" speed="-1.00" length="-1.00" nVehEntered="0"/>
    <interval begin="810.00" end="840.00" id="D8_1_2" nVehContrib="2" flow="240.00" occupancy="7.83" speed="4.79" length="5.00" nVehEntered="2"/>
    <interval begin="840.00" end="870.00" id="D8_1_2" nVehContrib="1" flow="120.00" occupancy="3.46" speed="4.81" length="5.00" nVehEntered="1"/>
    <interval begin="870.00" end="900.00" id="D8_1_2" nVehContrib="0" flow="0.00" occupancy="0.00" speed="-1.00" length="-1.00" nVehEntered="0"/>
    <interval begin="900.00" end="930.00" id="D8_1_2" nVehContrib="1" flow="120.00" occupancy="4.85" speed="3.44" length="5.00" nVehEntered="1"/>
    <interval begin="930.00" end="960.00" id="D8_1_2" nVehContrib="2" flow="240.00" occupancy="7.14" speed="5.20" length="5.00" nVehEntered="2"/>
    <interval begin="960.00" end="990.00" id="D8_1_2" nVehContrib="0" flow="0.00" occupancy="0.00" speed="-1.00" length="-1.00" nVehEntered="0"/>
    <interval begin="990.00" end="1020.00" id="D8_1_2" nVehContrib="1" flow="120.00" occupancy="4.47" speed="3.73" length="5.00" nVehEntered="1"/>
    <interval begin="1020.00" end="1050.00" id="D8_1_2" nVehContrib="2" flow="240.00" occupancy="4.55" speed="7.43" length="5.00" nVehEntered="2"/>
    <interval begin="1050.00" end="1080.00" id="D8_1_2" nVehContrib="0" flow="0.00" occupancy="0.00" speed="-1.00" length="-1.00" nVehEntered="0"/>
    <interval begin="1080.00" end="1110.00" id="D8_1_2" nVehContrib="1" flow="120.00" occupancy="4.40" speed="3.79" length="5.00" nVehEntered="1"/>
    <interval begin="1110.00" end="1140.00" id="D8_1_2" nVehContrib="1" flow="120.00" occupancy="5.09" speed="3.28" length="5.00" nVehEntered="1"/>
    <interval begin="1140.00" end="1170.00" id="D8_1_2" nVehContrib="1" flow="120.00" occupancy="5.25" speed="3.18" length="5.00" nVehEntered="1"/>
    <interval begin="1170.00" end="1200.00" id="D8_1_2" nVehContrib="1" flow="120.00" occupancy="2.54" speed="6.57" length="5.00" nVehEntered="1"/>
    <interval begin="1200.00" end="1230.00" id="D8_1_2" nVehContrib="1" flow="120.00" occupancy="10.91" speed="1.53" length="5.00" nVehEntered="1"/>
    <interval begin="1230.00" end="1260.00" id="D8_1_2" nVehContrib="1" flow="120.00" occupancy="2.31" speed="7.22" length="5.00" nVehEntered="1"/>
    <interval begin="1260.00" end="1290.00" id="D8_1_2" nVehContrib="0" flow="0.00" occupancy="0.00" speed="-1.00" length="-1.00" nVehEntered="0"/>
    <interval begin="1290.00" end="1320.00" id="D8_1_2" nVehContrib="0" flow="0.00" occupancy="1.81" speed="-1.00" length="-1.00" nVehEntered="1"/>
    <interval begin="1320.00" end="1350.00" id="D8_1_2" nVehContrib="3" flow="360.00" occupancy="18.14" speed="3.66" length="5.00" nVehEntered="2"/>
    <interval begin="1350.00" end="1380.00" id="D8_1_2" nVehContrib="1" flow="120.00" occupancy="2.02" speed="8.24" length="5.00" nVehEntered="1"/>
    <interval begin="1380.00" end="1410.00" id="D8_1_2" nVehContrib="0" flow="0.00" occupancy="0.00" speed="-1.00" length="-1.00" nVehEntered="0"/>
    <interval begin="1410.00" end="1440.00" id="D8_1_2" nVehContrib="1" flow="120.00" occupancy="4.54" speed="3.67" length="5.00" nVehEntered="1"/>
    <interval begin="1440.00" end="1470.00" id="D8_1_2" nVehContrib="1" flow="120.00" occupancy="5.12" speed="3.26" length="5.00" nVehEntered="1"/>
    <interval begin="1470.00" end="1500.00" id="D8_1_2" nVehContrib="0" flow="0.00" occupancy="0.00" speed="-1.00" length="-1.00" nVehEntered="0"/>
    <interval begin="1500.00" end="1530.00" id="D8_1_2" nVehContrib="2" flow="240.00" occupancy="7.71" speed="4.66" length="5.00" nVehEntered="2"/>
    <interval begin="1530.00" end="1560.00" id="D8_1_2" nVehContrib="1" flow="120.00" occupancy="2.39" speed="6.98" length="5.00" nVehEntered="1"/>
    <interval begin="1560.00" end="1590.00" id="D8_1_2" nVehContrib="1" flow="120.00" occupancy="6.80" speed="2.45" length="5.00" nVehEntered="1"/>
    <interval begin="1590.00" end="1620.00" id="D8_1_2" nVehContrib="1" flow="120.00" occupancy="2.03" speed="8.21" length="5.00" nVehEntered="1"/>
    <interval begin="1620.00" end="1650.00" id="D8_1_2" nVehContrib="0" flow="0.00" occupancy="0.00" speed="-1.00" length="-1.00" nVehEntered="0"/>
    <interval begin="1650.00" end="1680.00" id="D8_1_2" nVehContrib="2" flow="240.00" occupancy="9.75" speed="3.42" length="5.00" nVehEntered="2"/>
    <interval begin="1680.00" end="1710.00" id="D8_1_2" nVehContrib="0" flow="0.00" occupancy="0.00" speed="-1.00" length="-1.00" nVehEntered="0"/>
    <interval begin="1710.00" end="1740.00" id="D8_1_2" nVehContrib="0" flow="0.00" occupancy="1.86" speed="-1.00" length="-1.00" nVehEntered="1"/>
    <interval begin="1740.00" end="1770.00" id="D8_1_2" nVehContrib="2" flow="240.00" occupancy="9.26" speed="3.02" length="5.00" nVehEntered="1"/>
    <interval begin="1770.00" end="1800.00" id="D8_1_2" nVehContrib="1" flow="120.00" occupancy="5.78" speed="2.88" length="5.00" nVehEntered="1"/>
    <interval begin="1800.00" end="1807.00" id="D8_1_2" nVehContrib="0" flow="0.00" occupancy="0.00" speed="-1.00" length="-1.00" nVehEntered="0"/>
</detector>
