<?xml version="1.0" encoding="UTF-8"?>

<!-- generated on 12/24/19 22:24:29 by Eclipse SUMO GUI Version 1.0.1
<configuration xmlns:xsi="http://www.w3.org/2001/XMLSchema-instance" xsi:noNamespaceSchemaLocation="http://sumo.dlr.de/xsd/sumoConfiguration.xsd">

    <input>
        <net-file value="gnet.net.xml"/>
        <route-files value="grou.rou.xml"/>
        <additional-files value="gadd.additional.xml"/>
    </input>

    <output>
        <queue-output value="Queue.xml"/>
        <summary-output value="Summary.xml"/>
    </output>

    <time>
        <begin value="0"/>
        <end value="3600"/>
    </time>

    <processing>
        <time-to-teleport value="3600"/>
    </processing>

    <traci_server>
        <remote-port value="56661"/>
    </traci_server>

    <gui_only>
        <gui-settings-file value="gview.view.xml"/>
        <quit-on-end value="true"/>
        <start value="true"/>
    </gui_only>

</configuration>
-->

<detector xmlns:xsi="http://www.w3.org/2001/XMLSchema-instance" xsi:noNamespaceSchemaLocation="http://sumo.dlr.de/xsd/det_e1_file.xsd">
    <interval begin="0.00" end="30.00" id="D8_2_0" nVehContrib="4" flow="480.00" occupancy="2.19" speed="30.57" length="5.00" nVehEntered="4"/>
    <interval begin="30.00" end="60.00" id="D8_2_0" nVehContrib="9" flow="1080.00" occupancy="5.51" speed="27.64" length="5.00" nVehEntered="9"/>
    <interval begin="60.00" end="90.00" id="D8_2_0" nVehContrib="4" flow="480.00" occupancy="4.05" speed="16.71" length="5.00" nVehEntered="4"/>
    <interval begin="90.00" end="120.00" id="D8_2_0" nVehContrib="3" flow="360.00" occupancy="4.02" speed="13.05" length="5.00" nVehEntered="3"/>
    <interval begin="120.00" end="150.00" id="D8_2_0" nVehContrib="8" flow="960.00" occupancy="4.86" speed="27.99" length="5.00" nVehEntered="8"/>
    <interval begin="150.00" end="180.00" id="D8_2_0" nVehContrib="5" flow="600.00" occupancy="3.90" speed="21.50" length="5.00" nVehEntered="5"/>
    <interval begin="180.00" end="210.00" id="D8_2_0" nVehContrib="3" flow="360.00" occupancy="3.47" speed="14.70" length="5.00" nVehEntered="3"/>
    <interval begin="210.00" end="240.00" id="D8_2_0" nVehContrib="8" flow="960.00" occupancy="5.16" speed="27.04" length="5.00" nVehEntered="9"/>
    <interval begin="240.00" end="270.00" id="D8_2_0" nVehContrib="6" flow="720.00" occupancy="4.22" speed="23.91" length="5.00" nVehEntered="5"/>
    <interval begin="270.00" end="300.00" id="D8_2_0" nVehContrib="4" flow="480.00" occupancy="4.75" speed="16.05" length="5.00" nVehEntered="5"/>
    <interval begin="300.00" end="330.00" id="D8_2_0" nVehContrib="4" flow="480.00" occupancy="3.40" speed="18.26" length="5.00" nVehEntered="3"/>
    <interval begin="330.00" end="360.00" id="D8_2_0" nVehContrib="6" flow="720.00" occupancy="4.67" speed="21.56" length="5.00" nVehEntered="6"/>
    <interval begin="360.00" end="390.00" id="D8_2_0" nVehContrib="3" flow="360.00" occupancy="3.00" speed="16.81" length="5.00" nVehEntered="3"/>
    <interval begin="390.00" end="420.00" id="D8_2_0" nVehContrib="3" flow="360.00" occupancy="4.54" speed="11.57" length="5.00" nVehEntered="4"/>
    <interval begin="420.00" end="450.00" id="D8_2_0" nVehContrib="9" flow="1080.00" occupancy="6.31" speed="23.80" length="5.00" nVehEntered="8"/>
    <interval begin="450.00" end="480.00" id="D8_2_0" nVehContrib="4" flow="480.00" occupancy="3.57" speed="18.91" length="5.00" nVehEntered="4"/>
    <interval begin="480.00" end="510.00" id="D8_2_0" nVehContrib="3" flow="360.00" occupancy="4.62" speed="11.14" length="5.00" nVehEntered="3"/>
    <interval begin="510.00" end="540.00" id="D8_2_0" nVehContrib="4" flow="480.00" occupancy="3.57" speed="18.81" length="5.00" nVehEntered="4"/>
    <interval begin="540.00" end="570.00" id="D8_2_0" nVehContrib="5" flow="600.00" occupancy="4.28" speed="19.65" length="5.00" nVehEntered="5"/>
    <interval begin="570.00" end="600.00" id="D8_2_0" nVehContrib="3" flow="360.00" occupancy="3.70" speed="13.88" length="5.00" nVehEntered="3"/>
    <interval begin="600.00" end="630.00" id="D8_2_0" nVehContrib="5" flow="600.00" occupancy="9.33" speed="14.86" length="5.00" nVehEntered="5"/>
    <interval begin="630.00" end="660.00" id="D8_2_0" nVehContrib="8" flow="960.00" occupancy="5.42" speed="25.33" length="5.00" nVehEntered="8"/>
    <interval begin="660.00" end="690.00" id="D8_2_0" nVehContrib="5" flow="600.00" occupancy="5.50" speed="15.66" length="5.00" nVehEntered="5"/>
    <interval begin="690.00" end="720.00" id="D8_2_0" nVehContrib="3" flow="360.00" occupancy="2.86" speed="18.07" length="5.00" nVehEntered="3"/>
    <interval begin="720.00" end="750.00" id="D8_2_0" nVehContrib="5" flow="600.00" occupancy="3.81" speed="21.94" length="5.00" nVehEntered="5"/>
    <interval begin="750.00" end="780.00" id="D8_2_0" nVehContrib="5" flow="600.00" occupancy="3.79" speed="22.09" length="5.00" nVehEntered="5"/>
    <interval begin="780.00" end="810.00" id="D8_2_0" nVehContrib="3" flow="360.00" occupancy="2.73" speed="18.47" length="5.00" nVehEntered="3"/>
    <interval begin="810.00" end="840.00" id="D8_2_0" nVehContrib="4" flow="480.00" occupancy="3.49" speed="19.42" length="5.00" nVehEntered="4"/>
    <interval begin="840.00" end="870.00" id="D8_2_0" nVehContrib="5" flow="600.00" occupancy="3.90" speed="21.47" length="5.00" nVehEntered="5"/>
    <interval begin="870.00" end="900.00" id="D8_2_0" nVehContrib="6" flow="720.00" occupancy="3.93" speed="26.09" length="5.00" nVehEntered="6"/>
    <interval begin="900.00" end="930.00" id="D8_2_0" nVehContrib="8" flow="960.00" occupancy="5.24" speed="25.80" length="5.00" nVehEntered="8"/>
    <interval begin="930.00" end="960.00" id="D8_2_0" nVehContrib="6" flow="720.00" occupancy="5.15" speed="19.49" length="5.00" nVehEntered="6"/>
    <interval begin="960.00" end="990.00" id="D8_2_0" nVehContrib="3" flow="360.00" occupancy="2.85" speed="17.88" length="5.00" nVehEntered="3"/>
    <interval begin="990.00" end="1020.00" id="D8_2_0" nVehContrib="3" flow="360.00" occupancy="3.10" speed="16.45" length="5.00" nVehEntered="3"/>
    <interval begin="1020.00" end="1050.00" id="D8_2_0" nVehContrib="4" flow="480.00" occupancy="2.94" speed="23.22" length="5.00" nVehEntered="4"/>
    <interval begin="1050.00" end="1080.00" id="D8_2_0" nVehContrib="8" flow="960.00" occupancy="5.40" speed="25.07" length="5.00" nVehEntered="8"/>
    <interval begin="1080.00" end="1110.00" id="D8_2_0" nVehContrib="6" flow="720.00" occupancy="5.05" speed="19.88" length="5.00" nVehEntered="6"/>
    <interval begin="1110.00" end="1140.00" id="D8_2_0" nVehContrib="4" flow="480.00" occupancy="3.31" speed="20.21" length="5.00" nVehEntered="4"/>
    <interval begin="1140.00" end="1170.00" id="D8_2_0" nVehContrib="7" flow="840.00" occupancy="5.06" speed="23.07" length="5.00" nVehEntered="7"/>
    <interval begin="1170.00" end="1200.00" id="D8_2_0" nVehContrib="6" flow="720.00" occupancy="4.02" speed="25.16" length="5.00" nVehEntered="6"/>
    <interval begin="1200.00" end="1230.00" id="D8_2_0" nVehContrib="6" flow="720.00" occupancy="4.53" speed="22.14" length="5.00" nVehEntered="6"/>
    <interval begin="1230.00" end="1260.00" id="D8_2_0" nVehContrib="3" flow="360.00" occupancy="2.60" speed="19.37" length="5.00" nVehEntered="3"/>
    <interval begin="1260.00" end="1290.00" id="D8_2_0" nVehContrib="4" flow="480.00" occupancy="3.70" speed="18.11" length="5.00" nVehEntered="4"/>
    <interval begin="1290.00" end="1320.00" id="D8_2_0" nVehContrib="5" flow="600.00" occupancy="3.92" speed="21.31" length="5.00" nVehEntered="5"/>
    <interval begin="1320.00" end="1350.00" id="D8_2_0" nVehContrib="5" flow="600.00" occupancy="3.85" speed="21.70" length="5.00" nVehEntered="5"/>
    <interval begin="1350.00" end="1380.00" id="D8_2_0" nVehContrib="6" flow="720.00" occupancy="4.59" speed="21.88" length="5.00" nVehEntered="6"/>
    <interval begin="1380.00" end="1410.00" id="D8_2_0" nVehContrib="4" flow="480.00" occupancy="3.55" speed="18.86" length="5.00" nVehEntered="4"/>
    <interval begin="1410.00" end="1440.00" id="D8_2_0" nVehContrib="3" flow="360.00" occupancy="2.87" speed="17.43" length="5.00" nVehEntered="3"/>
    <interval begin="1440.00" end="1470.00" id="D8_2_0" nVehContrib="5" flow="600.00" occupancy="4.75" speed="17.72" length="5.00" nVehEntered="5"/>
    <interval begin="1470.00" end="1500.00" id="D8_2_0" nVehContrib="3" flow="360.00" occupancy="2.62" speed="19.12" length="5.00" nVehEntered="3"/>
    <interval begin="1500.00" end="1530.00" id="D8_2_0" nVehContrib="5" flow="600.00" occupancy="3.85" speed="21.68" length="5.00" nVehEntered="5"/>
    <interval begin="1530.00" end="1560.00" id="D8_2_0" nVehContrib="4" flow="480.00" occupancy="3.39" speed="20.09" length="5.00" nVehEntered="4"/>
    <interval begin="1560.00" end="1590.00" id="D8_2_0" nVehContrib="4" flow="480.00" occupancy="4.87" speed="13.87" length="5.00" nVehEntered="4"/>
    <interval begin="1590.00" end="1620.00" id="D8_2_0" nVehContrib="3" flow="360.00" occupancy="7.57" speed="6.78" length="5.00" nVehEntered="3"/>
    <interval begin="1620.00" end="1650.00" id="D8_2_0" nVehContrib="4" flow="480.00" occupancy="10.91" speed="6.65" length="5.00" nVehEntered="4"/>
    <interval begin="1650.00" end="1680.00" id="D8_2_0" nVehContrib="5" flow="600.00" occupancy="10.42" speed="10.55" length="5.00" nVehEntered="5"/>
    <interval begin="1680.00" end="1710.00" id="D8_2_0" nVehContrib="3" flow="360.00" occupancy="3.76" speed="13.59" length="5.00" nVehEntered="3"/>
    <interval begin="1710.00" end="1740.00" id="D8_2_0" nVehContrib="6" flow="720.00" occupancy="4.64" speed="21.65" length="5.00" nVehEntered="6"/>
    <interval begin="1740.00" end="1770.00" id="D8_2_0" nVehContrib="3" flow="360.00" occupancy="2.31" speed="21.69" length="5.00" nVehEntered="3"/>
    <interval begin="1770.00" end="1800.00" id="D8_2_0" nVehContrib="5" flow="600.00" occupancy="4.01" speed="20.81" length="5.00" nVehEntered="5"/>
    <interval begin="1800.00" end="1807.00" id="D8_2_0" nVehContrib="2" flow="1028.57" occupancy="7.77" speed="18.38" length="5.00" nVehEntered="2"/>
</detector>
