<?xml version="1.0" encoding="UTF-8"?>

<!-- generated on 12/24/19 22:24:29 by Eclipse SUMO GUI Version 1.0.1
<configuration xmlns:xsi="http://www.w3.org/2001/XMLSchema-instance" xsi:noNamespaceSchemaLocation="http://sumo.dlr.de/xsd/sumoConfiguration.xsd">

    <input>
        <net-file value="gnet.net.xml"/>
        <route-files value="grou.rou.xml"/>
        <additional-files value="gadd.additional.xml"/>
    </input>

    <output>
        <queue-output value="Queue.xml"/>
        <summary-output value="Summary.xml"/>
    </output>

    <time>
        <begin value="0"/>
        <end value="3600"/>
    </time>

    <processing>
        <time-to-teleport value="3600"/>
    </processing>

    <traci_server>
        <remote-port value="56661"/>
    </traci_server>

    <gui_only>
        <gui-settings-file value="gview.view.xml"/>
        <quit-on-end value="true"/>
        <start value="true"/>
    </gui_only>

</configuration>
-->

<detector xmlns:xsi="http://www.w3.org/2001/XMLSchema-instance" xsi:noNamespaceSchemaLocation="http://sumo.dlr.de/xsd/det_e1_file.xsd">
    <interval begin="0.00" end="30.00" id="D8_2_1" nVehContrib="0" flow="0.00" occupancy="0.00" speed="-1.00" length="-1.00" nVehEntered="0"/>
    <interval begin="30.00" end="60.00" id="D8_2_1" nVehContrib="0" flow="0.00" occupancy="0.00" speed="-1.00" length="-1.00" nVehEntered="0"/>
    <interval begin="60.00" end="90.00" id="D8_2_1" nVehContrib="5" flow="600.00" occupancy="4.15" speed="20.28" length="5.00" nVehEntered="5"/>
    <interval begin="90.00" end="120.00" id="D8_2_1" nVehContrib="6" flow="720.00" occupancy="11.93" speed="10.07" length="5.00" nVehEntered="6"/>
    <interval begin="120.00" end="150.00" id="D8_2_1" nVehContrib="1" flow="120.00" occupancy="0.77" speed="21.69" length="5.00" nVehEntered="1"/>
    <interval begin="150.00" end="180.00" id="D8_2_1" nVehContrib="4" flow="480.00" occupancy="3.24" speed="20.85" length="5.00" nVehEntered="4"/>
    <interval begin="180.00" end="210.00" id="D8_2_1" nVehContrib="6" flow="720.00" occupancy="10.11" speed="11.43" length="5.00" nVehEntered="6"/>
    <interval begin="210.00" end="240.00" id="D8_2_1" nVehContrib="1" flow="120.00" occupancy="0.91" speed="18.40" length="5.00" nVehEntered="1"/>
    <interval begin="240.00" end="270.00" id="D8_2_1" nVehContrib="3" flow="360.00" occupancy="2.27" speed="22.06" length="5.00" nVehEntered="3"/>
    <interval begin="270.00" end="300.00" id="D8_2_1" nVehContrib="4" flow="480.00" occupancy="5.42" speed="12.94" length="5.00" nVehEntered="4"/>
    <interval begin="300.00" end="330.00" id="D8_2_1" nVehContrib="6" flow="720.00" occupancy="14.01" speed="12.84" length="5.00" nVehEntered="6"/>
    <interval begin="330.00" end="360.00" id="D8_2_1" nVehContrib="3" flow="360.00" occupancy="2.30" speed="21.95" length="5.00" nVehEntered="3"/>
    <interval begin="360.00" end="390.00" id="D8_2_1" nVehContrib="5" flow="600.00" occupancy="5.16" speed="17.00" length="5.00" nVehEntered="5"/>
    <interval begin="390.00" end="420.00" id="D8_2_1" nVehContrib="6" flow="720.00" occupancy="15.68" speed="8.55" length="5.00" nVehEntered="6"/>
    <interval begin="420.00" end="450.00" id="D8_2_1" nVehContrib="1" flow="120.00" occupancy="0.73" speed="22.74" length="5.00" nVehEntered="1"/>
    <interval begin="450.00" end="480.00" id="D8_2_1" nVehContrib="5" flow="600.00" occupancy="4.27" speed="20.02" length="5.00" nVehEntered="5"/>
    <interval begin="480.00" end="510.00" id="D8_2_1" nVehContrib="5" flow="600.00" occupancy="9.89" speed="9.60" length="5.00" nVehEntered="5"/>
    <interval begin="510.00" end="540.00" id="D8_2_1" nVehContrib="6" flow="720.00" occupancy="5.16" speed="20.12" length="5.00" nVehEntered="6"/>
    <interval begin="540.00" end="570.00" id="D8_2_1" nVehContrib="4" flow="480.00" occupancy="3.41" speed="19.71" length="5.00" nVehEntered="4"/>
    <interval begin="570.00" end="600.00" id="D8_2_1" nVehContrib="5" flow="600.00" occupancy="12.33" speed="8.77" length="5.00" nVehEntered="5"/>
    <interval begin="600.00" end="630.00" id="D8_2_1" nVehContrib="5" flow="600.00" occupancy="8.67" speed="11.48" length="5.00" nVehEntered="6"/>
    <interval begin="630.00" end="660.00" id="D8_2_1" nVehContrib="1" flow="120.00" occupancy="0.75" speed="22.22" length="5.00" nVehEntered="1"/>
    <interval begin="660.00" end="690.00" id="D8_2_1" nVehContrib="4" flow="480.00" occupancy="3.80" speed="17.61" length="5.00" nVehEntered="4"/>
    <interval begin="690.00" end="720.00" id="D8_2_1" nVehContrib="7" flow="840.00" occupancy="16.10" speed="10.48" length="5.00" nVehEntered="7"/>
    <interval begin="720.00" end="750.00" id="D8_2_1" nVehContrib="4" flow="480.00" occupancy="2.89" speed="23.27" length="5.00" nVehEntered="4"/>
    <interval begin="750.00" end="780.00" id="D8_2_1" nVehContrib="4" flow="480.00" occupancy="2.64" speed="25.31" length="5.00" nVehEntered="4"/>
    <interval begin="780.00" end="810.00" id="D8_2_1" nVehContrib="6" flow="720.00" occupancy="5.57" speed="18.16" length="5.00" nVehEntered="6"/>
    <interval begin="810.00" end="840.00" id="D8_2_1" nVehContrib="5" flow="600.00" occupancy="4.56" speed="18.47" length="5.00" nVehEntered="5"/>
    <interval begin="840.00" end="870.00" id="D8_2_1" nVehContrib="4" flow="480.00" occupancy="2.73" speed="24.44" length="5.00" nVehEntered="4"/>
    <interval begin="870.00" end="900.00" id="D8_2_1" nVehContrib="3" flow="360.00" occupancy="2.15" speed="23.36" length="5.00" nVehEntered="3"/>
    <interval begin="900.00" end="930.00" id="D8_2_1" nVehContrib="0" flow="0.00" occupancy="0.00" speed="-1.00" length="-1.00" nVehEntered="0"/>
    <interval begin="930.00" end="960.00" id="D8_2_1" nVehContrib="4" flow="480.00" occupancy="3.06" speed="21.92" length="5.00" nVehEntered="4"/>
    <interval begin="960.00" end="990.00" id="D8_2_1" nVehContrib="5" flow="600.00" occupancy="4.48" speed="18.84" length="5.00" nVehEntered="5"/>
    <interval begin="990.00" end="1020.00" id="D8_2_1" nVehContrib="7" flow="840.00" occupancy="8.79" speed="15.03" length="5.00" nVehEntered="7"/>
    <interval begin="1020.00" end="1050.00" id="D8_2_1" nVehContrib="4" flow="480.00" occupancy="3.20" speed="21.09" length="5.00" nVehEntered="4"/>
    <interval begin="1050.00" end="1080.00" id="D8_2_1" nVehContrib="1" flow="120.00" occupancy="0.69" speed="28.47" length="5.00" nVehEntered="2"/>
    <interval begin="1080.00" end="1110.00" id="D8_2_1" nVehContrib="4" flow="480.00" occupancy="2.87" speed="22.39" length="5.00" nVehEntered="3"/>
    <interval begin="1110.00" end="1140.00" id="D8_2_1" nVehContrib="5" flow="600.00" occupancy="3.90" speed="21.41" length="5.00" nVehEntered="5"/>
    <interval begin="1140.00" end="1170.00" id="D8_2_1" nVehContrib="2" flow="240.00" occupancy="1.67" speed="24.84" length="5.00" nVehEntered="3"/>
    <interval begin="1170.00" end="1200.00" id="D8_2_1" nVehContrib="3" flow="360.00" occupancy="1.72" speed="24.50" length="5.00" nVehEntered="2"/>
    <interval begin="1200.00" end="1230.00" id="D8_2_1" nVehContrib="3" flow="360.00" occupancy="2.15" speed="23.30" length="5.00" nVehEntered="3"/>
    <interval begin="1230.00" end="1260.00" id="D8_2_1" nVehContrib="6" flow="720.00" occupancy="4.71" speed="21.43" length="5.00" nVehEntered="6"/>
    <interval begin="1260.00" end="1290.00" id="D8_2_1" nVehContrib="5" flow="600.00" occupancy="4.43" speed="19.01" length="5.00" nVehEntered="5"/>
    <interval begin="1290.00" end="1320.00" id="D8_2_1" nVehContrib="4" flow="480.00" occupancy="2.91" speed="22.93" length="5.00" nVehEntered="4"/>
    <interval begin="1320.00" end="1350.00" id="D8_2_1" nVehContrib="4" flow="480.00" occupancy="2.82" speed="23.68" length="5.00" nVehEntered="4"/>
    <interval begin="1350.00" end="1380.00" id="D8_2_1" nVehContrib="3" flow="360.00" occupancy="2.10" speed="23.90" length="5.00" nVehEntered="3"/>
    <interval begin="1380.00" end="1410.00" id="D8_2_1" nVehContrib="5" flow="600.00" occupancy="4.11" speed="20.34" length="5.00" nVehEntered="5"/>
    <interval begin="1410.00" end="1440.00" id="D8_2_1" nVehContrib="6" flow="720.00" occupancy="5.33" speed="18.84" length="5.00" nVehEntered="6"/>
    <interval begin="1440.00" end="1470.00" id="D8_2_1" nVehContrib="4" flow="480.00" occupancy="3.87" speed="17.66" length="5.00" nVehEntered="4"/>
    <interval begin="1470.00" end="1500.00" id="D8_2_1" nVehContrib="6" flow="720.00" occupancy="4.71" speed="21.33" length="5.00" nVehEntered="6"/>
    <interval begin="1500.00" end="1530.00" id="D8_2_1" nVehContrib="4" flow="480.00" occupancy="2.94" speed="22.76" length="5.00" nVehEntered="4"/>
    <interval begin="1530.00" end="1560.00" id="D8_2_1" nVehContrib="5" flow="600.00" occupancy="4.01" speed="21.16" length="5.00" nVehEntered="5"/>
    <interval begin="1560.00" end="1590.00" id="D8_2_1" nVehContrib="5" flow="600.00" occupancy="8.21" speed="11.46" length="5.00" nVehEntered="5"/>
    <interval begin="1590.00" end="1620.00" id="D8_2_1" nVehContrib="5" flow="600.00" occupancy="28.69" speed="3.79" length="5.00" nVehEntered="5"/>
    <interval begin="1620.00" end="1650.00" id="D8_2_1" nVehContrib="5" flow="600.00" occupancy="46.68" speed="2.22" length="5.00" nVehEntered="5"/>
    <interval begin="1650.00" end="1680.00" id="D8_2_1" nVehContrib="5" flow="600.00" occupancy="21.69" speed="5.34" length="5.00" nVehEntered="5"/>
    <interval begin="1680.00" end="1710.00" id="D8_2_1" nVehContrib="6" flow="720.00" occupancy="9.48" speed="11.91" length="5.00" nVehEntered="6"/>
    <interval begin="1710.00" end="1740.00" id="D8_2_1" nVehContrib="4" flow="480.00" occupancy="3.09" speed="21.61" length="5.00" nVehEntered="4"/>
    <interval begin="1740.00" end="1770.00" id="D8_2_1" nVehContrib="6" flow="720.00" occupancy="4.59" speed="21.85" length="5.00" nVehEntered="6"/>
    <interval begin="1770.00" end="1800.00" id="D8_2_1" nVehContrib="4" flow="480.00" occupancy="3.06" speed="21.83" length="5.00" nVehEntered="4"/>
    <interval begin="1800.00" end="1807.00" id="D8_2_1" nVehContrib="0" flow="0.00" occupancy="1.17" speed="-1.00" length="-1.00" nVehEntered="1"/>
</detector>
