<?xml version="1.0" encoding="UTF-8"?>

<!-- generated on 12/24/19 22:24:29 by Eclipse SUMO GUI Version 1.0.1
<configuration xmlns:xsi="http://www.w3.org/2001/XMLSchema-instance" xsi:noNamespaceSchemaLocation="http://sumo.dlr.de/xsd/sumoConfiguration.xsd">

    <input>
        <net-file value="gnet.net.xml"/>
        <route-files value="grou.rou.xml"/>
        <additional-files value="gadd.additional.xml"/>
    </input>

    <output>
        <queue-output value="Queue.xml"/>
        <summary-output value="Summary.xml"/>
    </output>

    <time>
        <begin value="0"/>
        <end value="3600"/>
    </time>

    <processing>
        <time-to-teleport value="3600"/>
    </processing>

    <traci_server>
        <remote-port value="56661"/>
    </traci_server>

    <gui_only>
        <gui-settings-file value="gview.view.xml"/>
        <quit-on-end value="true"/>
        <start value="true"/>
    </gui_only>

</configuration>
-->

<detector xmlns:xsi="http://www.w3.org/2001/XMLSchema-instance" xsi:noNamespaceSchemaLocation="http://sumo.dlr.de/xsd/det_e1_file.xsd">
    <interval begin="0.00" end="30.00" id="D8_3_0" nVehContrib="5" flow="600.00" occupancy="3.27" speed="25.50" length="5.00" nVehEntered="5"/>
    <interval begin="30.00" end="60.00" id="D8_3_0" nVehContrib="8" flow="960.00" occupancy="5.38" speed="24.82" length="5.00" nVehEntered="8"/>
    <interval begin="60.00" end="90.00" id="D8_3_0" nVehContrib="4" flow="480.00" occupancy="2.54" speed="26.26" length="5.00" nVehEntered="4"/>
    <interval begin="90.00" end="120.00" id="D8_3_0" nVehContrib="3" flow="360.00" occupancy="2.01" speed="24.89" length="5.00" nVehEntered="3"/>
    <interval begin="120.00" end="150.00" id="D8_3_0" nVehContrib="9" flow="1080.00" occupancy="5.96" speed="25.20" length="5.00" nVehEntered="9"/>
    <interval begin="150.00" end="180.00" id="D8_3_0" nVehContrib="4" flow="480.00" occupancy="2.69" speed="24.83" length="5.00" nVehEntered="4"/>
    <interval begin="180.00" end="210.00" id="D8_3_0" nVehContrib="3" flow="360.00" occupancy="2.03" speed="24.63" length="5.00" nVehEntered="3"/>
    <interval begin="210.00" end="240.00" id="D8_3_0" nVehContrib="9" flow="1080.00" occupancy="5.99" speed="25.03" length="5.00" nVehEntered="9"/>
    <interval begin="240.00" end="270.00" id="D8_3_0" nVehContrib="6" flow="720.00" occupancy="4.08" speed="24.52" length="5.00" nVehEntered="6"/>
    <interval begin="270.00" end="300.00" id="D8_3_0" nVehContrib="4" flow="480.00" occupancy="2.70" speed="24.70" length="5.00" nVehEntered="4"/>
    <interval begin="300.00" end="330.00" id="D8_3_0" nVehContrib="4" flow="480.00" occupancy="2.71" speed="24.66" length="5.00" nVehEntered="4"/>
    <interval begin="330.00" end="360.00" id="D8_3_0" nVehContrib="5" flow="600.00" occupancy="3.24" speed="25.75" length="5.00" nVehEntered="5"/>
    <interval begin="360.00" end="390.00" id="D8_3_0" nVehContrib="3" flow="360.00" occupancy="2.05" speed="24.40" length="5.00" nVehEntered="3"/>
    <interval begin="390.00" end="420.00" id="D8_3_0" nVehContrib="5" flow="600.00" occupancy="3.46" speed="24.15" length="5.00" nVehEntered="5"/>
    <interval begin="420.00" end="450.00" id="D8_3_0" nVehContrib="7" flow="840.00" occupancy="4.59" speed="25.45" length="5.00" nVehEntered="7"/>
    <interval begin="450.00" end="480.00" id="D8_3_0" nVehContrib="4" flow="480.00" occupancy="2.63" speed="25.44" length="5.00" nVehEntered="4"/>
    <interval begin="480.00" end="510.00" id="D8_3_0" nVehContrib="4" flow="480.00" occupancy="2.75" speed="24.38" length="5.00" nVehEntered="4"/>
    <interval begin="510.00" end="540.00" id="D8_3_0" nVehContrib="4" flow="480.00" occupancy="2.58" speed="25.89" length="5.00" nVehEntered="4"/>
    <interval begin="540.00" end="570.00" id="D8_3_0" nVehContrib="5" flow="600.00" occupancy="3.29" speed="25.37" length="5.00" nVehEntered="5"/>
    <interval begin="570.00" end="600.00" id="D8_3_0" nVehContrib="2" flow="240.00" occupancy="1.34" speed="24.96" length="5.00" nVehEntered="2"/>
    <interval begin="600.00" end="630.00" id="D8_3_0" nVehContrib="5" flow="600.00" occupancy="3.64" speed="23.18" length="5.00" nVehEntered="5"/>
    <interval begin="630.00" end="660.00" id="D8_3_0" nVehContrib="7" flow="840.00" occupancy="4.63" speed="25.23" length="5.00" nVehEntered="7"/>
    <interval begin="660.00" end="690.00" id="D8_3_0" nVehContrib="5" flow="600.00" occupancy="3.25" speed="25.66" length="5.00" nVehEntered="5"/>
    <interval begin="690.00" end="720.00" id="D8_3_0" nVehContrib="3" flow="360.00" occupancy="2.17" speed="23.12" length="5.00" nVehEntered="3"/>
    <interval begin="720.00" end="750.00" id="D8_3_0" nVehContrib="6" flow="720.00" occupancy="4.00" speed="25.03" length="5.00" nVehEntered="6"/>
    <interval begin="750.00" end="780.00" id="D8_3_0" nVehContrib="5" flow="600.00" occupancy="3.22" speed="25.87" length="5.00" nVehEntered="5"/>
    <interval begin="780.00" end="810.00" id="D8_3_0" nVehContrib="3" flow="360.00" occupancy="1.99" speed="25.22" length="5.00" nVehEntered="3"/>
    <interval begin="810.00" end="840.00" id="D8_3_0" nVehContrib="3" flow="360.00" occupancy="1.98" speed="25.22" length="5.00" nVehEntered="3"/>
    <interval begin="840.00" end="870.00" id="D8_3_0" nVehContrib="6" flow="720.00" occupancy="3.92" speed="25.51" length="5.00" nVehEntered="6"/>
    <interval begin="870.00" end="900.00" id="D8_3_0" nVehContrib="6" flow="720.00" occupancy="4.01" speed="24.92" length="5.00" nVehEntered="6"/>
    <interval begin="900.00" end="930.00" id="D8_3_0" nVehContrib="8" flow="960.00" occupancy="5.47" speed="24.37" length="5.00" nVehEntered="8"/>
    <interval begin="930.00" end="960.00" id="D8_3_0" nVehContrib="5" flow="600.00" occupancy="3.30" speed="25.28" length="5.00" nVehEntered="5"/>
    <interval begin="960.00" end="990.00" id="D8_3_0" nVehContrib="3" flow="360.00" occupancy="1.97" speed="25.36" length="5.00" nVehEntered="3"/>
    <interval begin="990.00" end="1020.00" id="D8_3_0" nVehContrib="3" flow="360.00" occupancy="1.97" speed="25.37" length="5.00" nVehEntered="3"/>
    <interval begin="1020.00" end="1050.00" id="D8_3_0" nVehContrib="5" flow="600.00" occupancy="3.40" speed="24.55" length="5.00" nVehEntered="5"/>
    <interval begin="1050.00" end="1080.00" id="D8_3_0" nVehContrib="7" flow="840.00" occupancy="4.56" speed="25.60" length="5.00" nVehEntered="7"/>
    <interval begin="1080.00" end="1110.00" id="D8_3_0" nVehContrib="6" flow="720.00" occupancy="3.96" speed="25.27" length="5.00" nVehEntered="6"/>
    <interval begin="1110.00" end="1140.00" id="D8_3_0" nVehContrib="4" flow="480.00" occupancy="2.58" speed="25.83" length="5.00" nVehEntered="4"/>
    <interval begin="1140.00" end="1170.00" id="D8_3_0" nVehContrib="7" flow="840.00" occupancy="4.69" speed="24.88" length="5.00" nVehEntered="7"/>
    <interval begin="1170.00" end="1200.00" id="D8_3_0" nVehContrib="7" flow="840.00" occupancy="4.68" speed="24.92" length="5.00" nVehEntered="7"/>
    <interval begin="1200.00" end="1230.00" id="D8_3_0" nVehContrib="5" flow="600.00" occupancy="3.37" speed="24.72" length="5.00" nVehEntered="5"/>
    <interval begin="1230.00" end="1260.00" id="D8_3_0" nVehContrib="4" flow="480.00" occupancy="2.70" speed="24.75" length="5.00" nVehEntered="4"/>
    <interval begin="1260.00" end="1290.00" id="D8_3_0" nVehContrib="3" flow="360.00" occupancy="1.98" speed="25.22" length="5.00" nVehEntered="3"/>
    <interval begin="1290.00" end="1320.00" id="D8_3_0" nVehContrib="6" flow="720.00" occupancy="4.01" speed="24.95" length="5.00" nVehEntered="6"/>
    <interval begin="1320.00" end="1350.00" id="D8_3_0" nVehContrib="4" flow="480.00" occupancy="2.64" speed="25.29" length="5.00" nVehEntered="4"/>
    <interval begin="1350.00" end="1380.00" id="D8_3_0" nVehContrib="6" flow="720.00" occupancy="3.94" speed="25.38" length="5.00" nVehEntered="6"/>
    <interval begin="1380.00" end="1410.00" id="D8_3_0" nVehContrib="4" flow="480.00" occupancy="2.69" speed="24.78" length="5.00" nVehEntered="4"/>
    <interval begin="1410.00" end="1440.00" id="D8_3_0" nVehContrib="4" flow="480.00" occupancy="2.54" speed="26.28" length="5.00" nVehEntered="4"/>
    <interval begin="1440.00" end="1470.00" id="D8_3_0" nVehContrib="4" flow="480.00" occupancy="2.68" speed="24.90" length="5.00" nVehEntered="4"/>
    <interval begin="1470.00" end="1500.00" id="D8_3_0" nVehContrib="4" flow="480.00" occupancy="2.68" speed="24.89" length="5.00" nVehEntered="4"/>
    <interval begin="1500.00" end="1530.00" id="D8_3_0" nVehContrib="5" flow="600.00" occupancy="3.33" speed="25.08" length="5.00" nVehEntered="5"/>
    <interval begin="1530.00" end="1560.00" id="D8_3_0" nVehContrib="3" flow="360.00" occupancy="1.98" speed="25.27" length="5.00" nVehEntered="3"/>
    <interval begin="1560.00" end="1590.00" id="D8_3_0" nVehContrib="4" flow="480.00" occupancy="2.68" speed="24.92" length="5.00" nVehEntered="4"/>
    <interval begin="1590.00" end="1620.00" id="D8_3_0" nVehContrib="4" flow="480.00" occupancy="3.04" speed="21.96" length="5.00" nVehEntered="4"/>
    <interval begin="1620.00" end="1650.00" id="D8_3_0" nVehContrib="3" flow="360.00" occupancy="2.45" speed="20.43" length="5.00" nVehEntered="3"/>
    <interval begin="1650.00" end="1680.00" id="D8_3_0" nVehContrib="3" flow="360.00" occupancy="2.25" speed="22.21" length="5.00" nVehEntered="3"/>
    <interval begin="1680.00" end="1710.00" id="D8_3_0" nVehContrib="3" flow="360.00" occupancy="2.04" speed="24.57" length="5.00" nVehEntered="3"/>
    <interval begin="1710.00" end="1740.00" id="D8_3_0" nVehContrib="6" flow="720.00" occupancy="4.11" speed="24.36" length="5.00" nVehEntered="6"/>
    <interval begin="1740.00" end="1770.00" id="D8_3_0" nVehContrib="4" flow="480.00" occupancy="2.65" speed="25.20" length="5.00" nVehEntered="4"/>
    <interval begin="1770.00" end="1800.00" id="D8_3_0" nVehContrib="5" flow="600.00" occupancy="3.27" speed="25.52" length="5.00" nVehEntered="5"/>
    <interval begin="1800.00" end="1807.00" id="D8_3_0" nVehContrib="1" flow="514.29" occupancy="3.26" speed="24.33" length="5.00" nVehEntered="2"/>
</detector>
