<?xml version="1.0" encoding="UTF-8"?>

<!-- generated on 12/24/19 22:24:29 by Eclipse SUMO GUI Version 1.0.1
<configuration xmlns:xsi="http://www.w3.org/2001/XMLSchema-instance" xsi:noNamespaceSchemaLocation="http://sumo.dlr.de/xsd/sumoConfiguration.xsd">

    <input>
        <net-file value="gnet.net.xml"/>
        <route-files value="grou.rou.xml"/>
        <additional-files value="gadd.additional.xml"/>
    </input>

    <output>
        <queue-output value="Queue.xml"/>
        <summary-output value="Summary.xml"/>
    </output>

    <time>
        <begin value="0"/>
        <end value="3600"/>
    </time>

    <processing>
        <time-to-teleport value="3600"/>
    </processing>

    <traci_server>
        <remote-port value="56661"/>
    </traci_server>

    <gui_only>
        <gui-settings-file value="gview.view.xml"/>
        <quit-on-end value="true"/>
        <start value="true"/>
    </gui_only>

</configuration>
-->

<detector xmlns:xsi="http://www.w3.org/2001/XMLSchema-instance" xsi:noNamespaceSchemaLocation="http://sumo.dlr.de/xsd/det_e1_file.xsd">
    <interval begin="0.00" end="30.00" id="D8_3_1" nVehContrib="0" flow="0.00" occupancy="0.00" speed="-1.00" length="-1.00" nVehEntered="0"/>
    <interval begin="30.00" end="60.00" id="D8_3_1" nVehContrib="1" flow="120.00" occupancy="0.67" speed="24.83" length="5.00" nVehEntered="1"/>
    <interval begin="60.00" end="90.00" id="D8_3_1" nVehContrib="5" flow="600.00" occupancy="3.30" speed="25.25" length="5.00" nVehEntered="5"/>
    <interval begin="90.00" end="120.00" id="D8_3_1" nVehContrib="6" flow="720.00" occupancy="4.10" speed="24.44" length="5.00" nVehEntered="6"/>
    <interval begin="120.00" end="150.00" id="D8_3_1" nVehContrib="0" flow="0.00" occupancy="0.00" speed="-1.00" length="-1.00" nVehEntered="0"/>
    <interval begin="150.00" end="180.00" id="D8_3_1" nVehContrib="4" flow="480.00" occupancy="2.71" speed="24.62" length="5.00" nVehEntered="4"/>
    <interval begin="180.00" end="210.00" id="D8_3_1" nVehContrib="6" flow="720.00" occupancy="3.99" speed="25.12" length="5.00" nVehEntered="6"/>
    <interval begin="210.00" end="240.00" id="D8_3_1" nVehContrib="1" flow="120.00" occupancy="0.65" speed="25.61" length="5.00" nVehEntered="1"/>
    <interval begin="240.00" end="270.00" id="D8_3_1" nVehContrib="3" flow="360.00" occupancy="2.11" speed="23.74" length="5.00" nVehEntered="3"/>
    <interval begin="270.00" end="300.00" id="D8_3_1" nVehContrib="5" flow="600.00" occupancy="3.36" speed="24.80" length="5.00" nVehEntered="5"/>
    <interval begin="300.00" end="330.00" id="D8_3_1" nVehContrib="5" flow="600.00" occupancy="3.42" speed="24.35" length="5.00" nVehEntered="5"/>
    <interval begin="330.00" end="360.00" id="D8_3_1" nVehContrib="4" flow="480.00" occupancy="2.64" speed="25.25" length="5.00" nVehEntered="4"/>
    <interval begin="360.00" end="390.00" id="D8_3_1" nVehContrib="5" flow="600.00" occupancy="4.12" speed="24.23" length="5.00" nVehEntered="6"/>
    <interval begin="390.00" end="420.00" id="D8_3_1" nVehContrib="5" flow="600.00" occupancy="2.88" speed="23.47" length="5.00" nVehEntered="4"/>
    <interval begin="420.00" end="450.00" id="D8_3_1" nVehContrib="2" flow="240.00" occupancy="1.26" speed="26.49" length="5.00" nVehEntered="2"/>
    <interval begin="450.00" end="480.00" id="D8_3_1" nVehContrib="5" flow="600.00" occupancy="3.40" speed="24.58" length="5.00" nVehEntered="5"/>
    <interval begin="480.00" end="510.00" id="D8_3_1" nVehContrib="5" flow="600.00" occupancy="3.45" speed="24.18" length="5.00" nVehEntered="5"/>
    <interval begin="510.00" end="540.00" id="D8_3_1" nVehContrib="5" flow="600.00" occupancy="3.39" speed="24.57" length="5.00" nVehEntered="5"/>
    <interval begin="540.00" end="570.00" id="D8_3_1" nVehContrib="4" flow="480.00" occupancy="2.66" speed="25.11" length="5.00" nVehEntered="4"/>
    <interval begin="570.00" end="600.00" id="D8_3_1" nVehContrib="7" flow="840.00" occupancy="4.89" speed="23.92" length="5.00" nVehEntered="7"/>
    <interval begin="600.00" end="630.00" id="D8_3_1" nVehContrib="4" flow="480.00" occupancy="3.22" speed="20.89" length="5.00" nVehEntered="4"/>
    <interval begin="630.00" end="660.00" id="D8_3_1" nVehContrib="2" flow="240.00" occupancy="1.27" speed="26.30" length="5.00" nVehEntered="2"/>
    <interval begin="660.00" end="690.00" id="D8_3_1" nVehContrib="4" flow="480.00" occupancy="2.64" speed="25.29" length="5.00" nVehEntered="4"/>
    <interval begin="690.00" end="720.00" id="D8_3_1" nVehContrib="7" flow="840.00" occupancy="4.89" speed="23.95" length="5.00" nVehEntered="7"/>
    <interval begin="720.00" end="750.00" id="D8_3_1" nVehContrib="3" flow="360.00" occupancy="2.05" speed="24.41" length="5.00" nVehEntered="3"/>
    <interval begin="750.00" end="780.00" id="D8_3_1" nVehContrib="4" flow="480.00" occupancy="2.73" speed="24.43" length="5.00" nVehEntered="4"/>
    <interval begin="780.00" end="810.00" id="D8_3_1" nVehContrib="6" flow="720.00" occupancy="3.98" speed="25.12" length="5.00" nVehEntered="6"/>
    <interval begin="810.00" end="840.00" id="D8_3_1" nVehContrib="5" flow="600.00" occupancy="3.96" speed="25.53" length="5.00" nVehEntered="6"/>
    <interval begin="840.00" end="870.00" id="D8_3_1" nVehContrib="4" flow="480.00" occupancy="2.06" speed="24.20" length="5.00" nVehEntered="3"/>
    <interval begin="870.00" end="900.00" id="D8_3_1" nVehContrib="3" flow="360.00" occupancy="2.01" speed="24.92" length="5.00" nVehEntered="3"/>
    <interval begin="900.00" end="930.00" id="D8_3_1" nVehContrib="1" flow="120.00" occupancy="0.69" speed="24.07" length="5.00" nVehEntered="1"/>
    <interval begin="930.00" end="960.00" id="D8_3_1" nVehContrib="4" flow="480.00" occupancy="2.71" speed="24.63" length="5.00" nVehEntered="4"/>
    <interval begin="960.00" end="990.00" id="D8_3_1" nVehContrib="5" flow="600.00" occupancy="3.39" speed="24.57" length="5.00" nVehEntered="5"/>
    <interval begin="990.00" end="1020.00" id="D8_3_1" nVehContrib="6" flow="720.00" occupancy="4.02" speed="24.93" length="5.00" nVehEntered="6"/>
    <interval begin="1020.00" end="1050.00" id="D8_3_1" nVehContrib="4" flow="480.00" occupancy="2.75" speed="24.30" length="5.00" nVehEntered="4"/>
    <interval begin="1050.00" end="1080.00" id="D8_3_1" nVehContrib="2" flow="240.00" occupancy="1.33" speed="25.02" length="5.00" nVehEntered="2"/>
    <interval begin="1080.00" end="1110.00" id="D8_3_1" nVehContrib="3" flow="360.00" occupancy="2.04" speed="24.49" length="5.00" nVehEntered="3"/>
    <interval begin="1110.00" end="1140.00" id="D8_3_1" nVehContrib="5" flow="600.00" occupancy="3.28" speed="25.45" length="5.00" nVehEntered="5"/>
    <interval begin="1140.00" end="1170.00" id="D8_3_1" nVehContrib="3" flow="360.00" occupancy="1.98" speed="25.27" length="5.00" nVehEntered="3"/>
    <interval begin="1170.00" end="1200.00" id="D8_3_1" nVehContrib="2" flow="240.00" occupancy="1.31" speed="25.36" length="5.00" nVehEntered="2"/>
    <interval begin="1200.00" end="1230.00" id="D8_3_1" nVehContrib="4" flow="480.00" occupancy="2.75" speed="24.26" length="5.00" nVehEntered="4"/>
    <interval begin="1230.00" end="1260.00" id="D8_3_1" nVehContrib="5" flow="600.00" occupancy="3.29" speed="25.34" length="5.00" nVehEntered="5"/>
    <interval begin="1260.00" end="1290.00" id="D8_3_1" nVehContrib="6" flow="720.00" occupancy="3.98" speed="25.18" length="5.00" nVehEntered="6"/>
    <interval begin="1290.00" end="1320.00" id="D8_3_1" nVehContrib="3" flow="360.00" occupancy="1.98" speed="25.28" length="5.00" nVehEntered="3"/>
    <interval begin="1320.00" end="1350.00" id="D8_3_1" nVehContrib="5" flow="600.00" occupancy="3.37" speed="24.77" length="5.00" nVehEntered="5"/>
    <interval begin="1350.00" end="1380.00" id="D8_3_1" nVehContrib="3" flow="360.00" occupancy="1.97" speed="25.35" length="5.00" nVehEntered="3"/>
    <interval begin="1380.00" end="1410.00" id="D8_3_1" nVehContrib="5" flow="600.00" occupancy="3.39" speed="24.57" length="5.00" nVehEntered="5"/>
    <interval begin="1410.00" end="1440.00" id="D8_3_1" nVehContrib="5" flow="600.00" occupancy="3.27" speed="25.48" length="5.00" nVehEntered="5"/>
    <interval begin="1440.00" end="1470.00" id="D8_3_1" nVehContrib="4" flow="480.00" occupancy="2.72" speed="24.51" length="5.00" nVehEntered="4"/>
    <interval begin="1470.00" end="1500.00" id="D8_3_1" nVehContrib="6" flow="720.00" occupancy="4.01" speed="24.97" length="5.00" nVehEntered="6"/>
    <interval begin="1500.00" end="1530.00" id="D8_3_1" nVehContrib="4" flow="480.00" occupancy="2.62" speed="25.48" length="5.00" nVehEntered="4"/>
    <interval begin="1530.00" end="1560.00" id="D8_3_1" nVehContrib="6" flow="720.00" occupancy="4.17" speed="23.99" length="5.00" nVehEntered="6"/>
    <interval begin="1560.00" end="1590.00" id="D8_3_1" nVehContrib="5" flow="600.00" occupancy="3.29" speed="25.34" length="5.00" nVehEntered="5"/>
    <interval begin="1590.00" end="1620.00" id="D8_3_1" nVehContrib="5" flow="600.00" occupancy="3.56" speed="23.40" length="5.00" nVehEntered="5"/>
    <interval begin="1620.00" end="1650.00" id="D8_3_1" nVehContrib="7" flow="840.00" occupancy="5.34" speed="21.87" length="5.00" nVehEntered="7"/>
    <interval begin="1650.00" end="1680.00" id="D8_3_1" nVehContrib="6" flow="720.00" occupancy="4.32" speed="23.16" length="5.00" nVehEntered="6"/>
    <interval begin="1680.00" end="1710.00" id="D8_3_1" nVehContrib="5" flow="600.00" occupancy="3.37" speed="24.78" length="5.00" nVehEntered="5"/>
    <interval begin="1710.00" end="1740.00" id="D8_3_1" nVehContrib="4" flow="480.00" occupancy="2.62" speed="25.43" length="5.00" nVehEntered="4"/>
    <interval begin="1740.00" end="1770.00" id="D8_3_1" nVehContrib="5" flow="600.00" occupancy="3.23" speed="25.83" length="5.00" nVehEntered="5"/>
    <interval begin="1770.00" end="1800.00" id="D8_3_1" nVehContrib="4" flow="480.00" occupancy="2.69" speed="24.81" length="5.00" nVehEntered="4"/>
    <interval begin="1800.00" end="1807.00" id="D8_3_1" nVehContrib="1" flow="514.29" occupancy="2.78" speed="25.70" length="5.00" nVehEntered="1"/>
</detector>
